COD_PROVINCIA|COD_MUNICIPIO|IND_SEXO|NUM_PERMISO|NUM_LICENCIA|NUM_LICENCIA_PERMISO
01|01001|V|1116|0|1116
01|01001|M|919|0|919
01|01002|M|2671|0|2671
01|01002|V|3676|1|3677
01|01003|V|557|0|557
01|01003|M|417|0|417
01|01004|V|669|0|669
01|01004|M|523|0|523
01|01006|M|68|0|68
01|01006|V|90|0|90
01|01008|V|446|1|446
01|01008|M|337|0|337
01|01009|V|601|0|601
01|01009|M|459|0|459
01|01010|V|1109|0|1109
01|01010|M|860|0|860
01|01011|V|120|0|120
01|01011|M|63|0|63
01|01013|M|262|0|262
01|01013|V|371|0|371
01|01014|V|197|0|197
01|01014|M|130|0|130
01|01016|V|219|0|219
01|01016|M|122|0|122
01|01017|V|395|0|395
01|01017|M|243|0|243
01|01018|M|586|0|586
01|01018|V|728|0|728
01|01019|M|42|0|42
01|01019|V|62|0|62
01|01020|V|166|0|166
01|01020|M|108|0|108
01|01021|M|224|0|224
01|01021|V|260|0|260
01|01022|V|352|0|352
01|01022|M|231|0|231
01|01023|M|101|0|101
01|01023|V|118|0|118
01|01027|M|181|0|181
01|01027|V|238|0|238
01|01028|M|368|0|368
01|01028|V|543|0|543
01|01030|M|38|0|38
01|01030|V|76|0|76
01|01031|M|377|0|377
01|01031|V|568|0|568
01|01032|M|147|0|147
01|01032|V|243|1|243
01|01033|V|352|0|352
01|01033|M|225|0|225
01|01034|V|71|0|71
01|01034|M|45|0|45
01|01036|M|4406|0|4406
01|01036|V|6093|0|6093
01|01037|V|311|0|311
01|01037|M|200|0|200
01|01039|V|93|0|93
01|01039|M|61|0|61
01|01041|V|78|0|78
01|01041|M|48|0|48
01|01042|M|336|0|336
01|01042|V|455|0|455
01|01043|M|857|0|857
01|01043|V|1228|0|1228
01|01044|V|125|0|125
01|01044|M|66|0|66
01|01046|V|345|1|345
01|01046|M|240|0|240
01|01047|V|524|0|524
01|01047|M|351|0|351
01|01049|M|27|0|27
01|01049|V|51|0|51
01|01051|M|1277|0|1277
01|01051|V|1766|3|1769
01|01052|M|72|0|72
01|01052|V|104|0|104
01|01053|M|220|0|220
01|01053|V|333|0|333
01|01054|V|537|0|537
01|01054|M|397|0|397
01|01055|M|251|0|251
01|01055|V|390|0|390
01|01056|M|48|0|48
01|01056|V|78|0|78
01|01057|V|116|0|116
01|01057|M|74|0|74
01|01058|V|785|0|785
01|01058|M|550|0|550
01|01059|V|83546|12|83557
01|01059|M|62154|0|62154
01|01060|V|88|0|88
01|01060|M|56|0|56
01|01061|M|67|0|67
01|01061|V|82|0|82
01|01062|M|122|0|122
01|01062|V|186|0|186
01|01063|V|914|0|914
01|01063|M|709|0|709
01|01901|V|1355|0|1355
01|01901|M|997|0|997
01|01902|M|219|0|219
01|01902|V|369|0|369
02|02000|M|1|0|1
02|02000|V|2|0|2
02|02001|V|268|3|268
02|02001|M|176|0|176
02|02002|M|96|0|96
02|02002|V|219|1|219
02|02003|V|60145|7|60145
02|02003|M|47163|0|47163
02|02004|M|185|0|185
02|02004|V|272|0|272
02|02005|M|154|0|154
02|02005|V|263|1|263
02|02006|M|119|0|119
02|02006|V|224|1|224
02|02007|M|247|0|247
02|02007|V|442|4|442
02|02008|M|287|0|287
02|02008|V|489|1|489
02|02009|M|6314|0|6314
02|02009|V|9241|1|9241
02|02010|M|561|0|561
02|02010|V|858|0|858
02|02011|M|69|0|69
02|02011|V|204|1|204
02|02012|M|582|0|582
02|02012|V|859|1|859
02|02013|M|26|0|26
02|02013|V|45|0|45
02|02014|M|85|0|85
02|02014|V|145|0|145
02|02015|M|427|0|427
02|02015|V|710|0|710
02|02016|M|92|0|92
02|02016|V|231|0|231
02|02017|V|262|0|262
02|02017|M|98|0|98
02|02018|M|207|0|207
02|02018|V|412|2|414
02|02019|M|707|0|707
02|02019|V|1073|6|1074
02|02020|M|89|0|89
02|02020|V|171|2|171
02|02021|V|547|1|547
02|02021|M|312|0|312
02|02022|M|40|0|40
02|02022|V|91|1|91
02|02023|M|131|0|131
02|02023|V|249|3|249
02|02024|M|1236|0|1236
02|02024|V|1721|6|1721
02|02025|M|2683|0|2683
02|02025|V|3754|1|3754
02|02026|M|270|0|270
02|02026|V|410|0|410
02|02027|M|58|0|58
02|02027|V|112|0|112
02|02028|M|34|0|34
02|02028|V|70|1|70
02|02029|V|1747|0|1747
02|02029|M|1177|0|1177
02|02030|V|1352|1|1352
02|02030|M|1059|0|1059
02|02031|V|218|0|218
02|02031|M|149|0|149
02|02032|M|52|0|52
02|02032|V|123|0|123
02|02033|V|934|1|934
02|02033|M|646|0|646
02|02034|M|457|0|457
02|02034|V|706|4|706
02|02035|V|935|0|935
02|02035|M|614|0|614
02|02036|V|34|0|34
02|02036|M|14|0|14
02|02037|M|7943|0|7943
02|02037|V|11232|3|11232
02|02038|V|124|1|124
02|02038|M|67|0|67
02|02039|M|267|0|267
02|02039|V|422|4|422
02|02040|V|210|0|210
02|02040|M|117|0|117
02|02041|M|57|0|57
02|02041|V|157|1|157
02|02042|M|215|0|215
02|02042|V|334|0|334
02|02043|M|316|0|316
02|02043|V|572|1|572
02|02044|M|213|0|213
02|02044|V|429|0|429
02|02045|M|1239|0|1239
02|02045|V|1777|0|1777
02|02046|M|334|0|334
02|02046|V|556|1|556
02|02047|V|31|0|31
02|02047|M|6|0|6
02|02048|M|359|0|359
02|02048|V|561|0|561
02|02049|M|164|0|164
02|02049|V|296|1|296
02|02050|V|22|0|22
02|02050|M|7|0|7
02|02051|M|458|0|458
02|02051|V|786|0|786
02|02052|M|142|0|142
02|02052|V|240|0|240
02|02053|M|939|0|939
02|02053|V|1392|1|1392
02|02054|M|114|0|114
02|02054|V|199|1|199
02|02055|V|475|0|475
02|02055|M|265|0|265
02|02056|V|726|0|726
02|02056|M|519|0|519
02|02057|M|633|0|633
02|02057|V|955|3|955
02|02058|V|117|0|117
02|02058|M|55|0|55
02|02059|M|46|0|46
02|02059|V|101|0|101
02|02060|M|205|0|205
02|02060|V|462|2|462
02|02061|M|142|0|142
02|02061|V|269|1|269
02|02062|V|177|0|177
02|02062|M|78|0|78
02|02063|M|346|0|346
02|02063|V|597|2|597
02|02064|M|81|0|81
02|02064|V|137|0|137
02|02065|V|137|0|137
02|02065|M|88|0|88
02|02066|V|103|3|103
02|02066|M|50|0|50
02|02067|V|529|0|529
02|02067|M|372|0|372
02|02068|V|147|0|147
02|02068|M|83|0|83
02|02069|M|4131|0|4131
02|02069|V|5928|3|5928
02|02070|M|92|0|92
02|02070|V|161|1|161
02|02071|M|241|0|241
02|02071|V|444|1|444
02|02072|M|411|0|411
02|02072|V|648|0|648
02|02073|M|1716|0|1716
02|02073|V|2341|5|2341
02|02074|M|2084|0|2084
02|02074|V|3128|0|3128
02|02075|V|746|1|746
02|02075|M|437|0|437
02|02076|V|127|0|127
02|02076|M|56|0|56
02|02077|M|11|0|11
02|02077|V|10|0|10
02|02078|M|289|0|289
02|02078|V|436|2|436
02|02079|V|1527|2|1527
02|02079|M|1064|0|1064
02|02080|M|110|0|110
02|02080|V|211|0|211
02|02081|M|7006|0|7006
02|02081|V|9133|5|9133
02|02082|M|24|0|24
02|02082|V|49|0|49
02|02083|M|35|0|35
02|02083|V|72|0|72
02|02084|V|128|2|128
02|02084|M|80|0|80
02|02085|V|122|0|122
02|02085|M|67|0|67
02|02086|M|501|0|501
02|02086|V|890|1|890
02|02901|V|950|1|950
02|02901|M|642|0|642
03|03000|V|1|0|1
03|03000|M|1|0|1
03|03001|V|367|0|367
03|03001|M|277|0|277
03|03002|V|1835|0|1835
03|03002|M|1378|0|1378
03|03003|V|229|0|229
03|03003|M|159|0|159
03|03004|M|289|0|289
03|03004|V|373|0|373
03|03005|M|3451|0|3451
03|03005|V|4639|0|4639
03|03006|V|495|0|495
03|03006|M|385|0|385
03|03007|M|70|0|70
03|03007|V|83|0|83
03|03008|M|47|0|47
03|03008|V|74|1|74
03|03009|M|16055|0|16055
03|03009|V|20845|0|20845
03|03010|M|127|0|127
03|03010|V|160|0|160
03|03011|M|4998|0|4998
03|03011|V|5787|0|5787
03|03012|V|1286|0|1286
03|03012|M|1060|0|1060
03|03013|V|510|1|510
03|03013|M|391|0|391
03|03014|M|86017|0|86017
03|03014|V|111208|1|111209
03|03015|M|5851|0|5851
03|03015|V|7888|0|7888
03|03016|V|33|0|33
03|03016|M|23|0|23
03|03017|M|165|0|165
03|03017|V|184|0|184
03|03018|V|7578|0|7578
03|03018|M|6223|0|6223
03|03019|V|7750|0|7750
03|03019|M|5666|0|5666
03|03020|M|36|0|36
03|03020|V|46|0|46
03|03021|M|2126|0|2126
03|03021|V|2870|0|2870
03|03022|M|42|0|42
03|03022|V|59|0|59
03|03023|M|467|0|467
03|03023|V|646|0|646
03|03024|V|1992|0|1992
03|03024|M|1528|0|1528
03|03025|V|694|0|694
03|03025|M|547|0|547
03|03026|M|681|0|681
03|03026|V|834|0|834
03|03027|M|59|0|59
03|03027|V|79|0|79
03|03028|M|297|0|297
03|03028|V|466|0|466
03|03029|V|191|0|191
03|03029|M|151|0|151
03|03030|M|379|0|379
03|03030|V|442|0|442
03|03031|M|15265|0|15265
03|03031|V|21321|0|21321
03|03032|V|40|0|40
03|03032|M|27|0|27
03|03033|V|49|0|49
03|03033|M|46|0|46
03|03034|V|1200|0|1200
03|03034|M|1049|0|1049
03|03035|V|280|0|280
03|03035|M|180|0|180
03|03036|V|27|0|27
03|03036|M|19|0|19
03|03037|V|162|0|162
03|03037|M|156|0|156
03|03038|V|187|0|187
03|03038|M|132|0|132
03|03039|V|33|0|33
03|03039|M|20|0|20
03|03040|V|165|0|165
03|03040|M|130|0|130
03|03041|M|3507|0|3507
03|03041|V|4018|0|4018
03|03042|M|1189|0|1189
03|03042|V|1402|0|1402
03|03043|M|1051|0|1051
03|03043|V|1323|0|1323
03|03044|M|1963|0|1963
03|03044|V|2562|0|2562
03|03045|V|118|0|118
03|03045|M|84|0|84
03|03046|V|1148|0|1148
03|03046|M|939|0|939
03|03047|M|5665|0|5665
03|03047|V|7138|0|7138
03|03048|M|2074|0|2074
03|03048|V|2672|0|2672
03|03049|V|7055|0|7055
03|03049|M|4563|0|4563
03|03050|M|8263|0|8263
03|03050|V|10200|0|10200
03|03051|M|111|0|111
03|03051|V|157|0|157
03|03052|V|474|0|474
03|03052|M|375|0|375
03|03053|M|3241|0|3241
03|03053|V|4186|0|4186
03|03054|M|87|0|87
03|03054|V|146|0|146
03|03055|M|2625|0|2625
03|03055|V|3232|0|3232
03|03056|V|4191|0|4191
03|03056|M|3201|0|3201
03|03057|V|91|0|91
03|03057|M|57|0|57
03|03058|V|2839|0|2839
03|03058|M|2124|0|2124
03|03059|M|7689|0|7689
03|03059|V|10759|0|10759
03|03060|V|53|0|53
03|03060|M|23|0|23
03|03061|V|714|0|714
03|03061|M|588|0|588
03|03062|V|183|0|183
03|03062|M|165|0|165
03|03063|V|15137|0|15137
03|03063|M|12700|0|12700
03|03064|V|2896|0|2896
03|03064|M|2185|0|2185
03|03065|V|82303|0|82303
03|03065|M|63156|0|63156
03|03066|M|13687|0|13687
03|03066|V|18552|0|18552
03|03067|V|25|0|25
03|03067|M|18|0|18
03|03068|V|17|0|17
03|03068|M|10|0|10
03|03069|V|2364|0|2364
03|03069|M|1950|0|1950
03|03070|M|1139|0|1139
03|03070|V|1504|0|1504
03|03071|V|2424|0|2424
03|03071|M|1735|0|1735
03|03072|V|186|0|186
03|03072|M|122|0|122
03|03073|V|94|0|94
03|03073|M|69|0|69
03|03074|M|681|0|681
03|03074|V|941|0|941
03|03075|V|82|0|82
03|03075|M|74|0|74
03|03076|M|4247|0|4247
03|03076|V|5501|0|5501
03|03077|V|995|0|995
03|03077|M|748|0|748
03|03078|M|343|0|343
03|03078|V|467|0|467
03|03079|V|9082|0|9082
03|03079|M|6799|0|6799
03|03080|V|797|0|797
03|03080|M|636|0|636
03|03081|M|829|0|829
03|03081|V|1058|0|1058
03|03082|V|9313|0|9313
03|03082|M|8041|0|8041
03|03083|V|2536|0|2536
03|03083|M|1984|0|1984
03|03084|V|232|0|232
03|03084|M|147|0|147
03|03085|V|292|0|292
03|03085|M|255|0|255
03|03086|V|61|0|61
03|03086|M|33|0|33
03|03088|M|2209|0|2209
03|03088|V|3333|0|3333
03|03089|M|3417|0|3417
03|03089|V|4613|0|4613
03|03090|V|9703|0|9703
03|03090|M|8200|0|8200
03|03091|M|147|0|147
03|03091|V|176|0|176
03|03092|M|2818|0|2818
03|03092|V|3474|0|3474
03|03093|V|10090|0|10090
03|03093|M|7212|0|7212
03|03094|M|5181|0|5181
03|03094|V|5987|0|5987
03|03095|V|2708|0|2708
03|03095|M|2214|0|2214
03|03096|M|2249|0|2249
03|03096|V|3032|0|3032
03|03097|V|798|0|798
03|03097|M|697|0|697
03|03098|M|268|0|268
03|03098|V|313|0|313
03|03099|V|28128|0|28128
03|03099|M|22678|0|22678
03|03100|V|357|0|357
03|03100|M|265|0|265
03|03101|V|3201|0|3201
03|03101|M|2539|0|2539
03|03102|M|3143|0|3143
03|03102|V|4031|0|4031
03|03103|M|62|0|62
03|03103|V|100|0|100
03|03104|V|12823|0|12823
03|03104|M|10281|0|10281
03|03105|V|3131|0|3131
03|03105|M|2453|0|2453
03|03106|M|150|0|150
03|03106|V|274|0|274
03|03107|M|1565|0|1565
03|03107|V|1772|0|1772
03|03109|V|1743|0|1743
03|03109|M|1375|0|1375
03|03110|M|177|0|177
03|03110|V|232|0|232
03|03111|V|2973|0|2973
03|03111|M|2297|0|2297
03|03112|M|267|0|267
03|03112|V|394|1|394
03|03113|V|5302|0|5302
03|03113|M|4352|0|4352
03|03114|V|1027|0|1027
03|03114|M|724|0|724
03|03115|V|160|0|160
03|03115|M|110|0|110
03|03116|V|635|0|635
03|03116|M|429|0|429
03|03117|V|253|0|253
03|03117|M|210|0|210
03|03118|V|2936|0|2936
03|03118|M|2388|0|2388
03|03119|M|7552|0|7552
03|03119|V|8486|0|8486
03|03120|M|1813|0|1813
03|03120|V|2337|0|2337
03|03121|V|11785|0|11785
03|03121|M|8707|0|8707
03|03122|V|20142|0|20142
03|03122|M|16182|0|16182
03|03123|M|2632|0|2632
03|03123|V|3599|0|3599
03|03124|M|137|0|137
03|03124|V|217|0|217
03|03125|M|165|0|165
03|03125|V|195|0|195
03|03127|M|127|0|127
03|03127|V|211|0|211
03|03128|M|3113|0|3113
03|03128|V|3750|0|3750
03|03129|M|497|0|497
03|03129|V|647|0|647
03|03130|M|5|0|5
03|03130|V|9|0|9
03|03131|M|109|0|109
03|03131|V|141|0|141
03|03132|V|257|0|257
03|03132|M|171|0|171
03|03133|M|19709|0|19709
03|03133|V|26078|0|26078
03|03134|V|51|0|51
03|03134|M|26|0|26
03|03135|V|77|0|77
03|03135|M|49|0|49
03|03136|V|224|0|224
03|03136|M|155|0|155
03|03137|M|196|0|196
03|03137|V|287|0|287
03|03138|M|1465|0|1465
03|03138|V|1856|0|1856
03|03139|V|11921|0|11921
03|03139|M|8924|0|8924
03|03140|V|11850|0|11850
03|03140|M|8716|0|8716
03|03901|V|806|1|806
03|03901|M|764|0|764
03|03902|M|6108|0|6108
03|03902|V|7563|1|7563
03|03903|V|1779|0|1779
03|03903|M|1504|0|1504
03|03904|V|842|0|842
03|03904|M|650|0|650
04|04000|V|1|0|1
04|04001|V|439|0|439
04|04001|M|269|0|269
04|04002|M|245|0|245
04|04002|V|397|0|397
04|04003|V|8746|0|8746
04|04003|M|6271|0|6271
04|04004|V|236|0|236
04|04004|M|142|0|142
04|04005|M|98|0|98
04|04005|V|174|0|174
04|04006|M|3283|0|3283
04|04006|V|4568|0|4568
04|04007|M|195|0|195
04|04007|V|289|0|289
04|04008|V|178|0|178
04|04008|M|114|0|114
04|04009|V|32|0|32
04|04009|M|19|0|19
04|04010|M|150|0|150
04|04010|V|262|0|262
04|04011|M|877|0|877
04|04011|V|1317|0|1317
04|04012|V|77|0|77
04|04012|M|49|0|49
04|04013|V|67997|0|67997
04|04013|M|51667|0|51667
04|04014|M|34|0|34
04|04014|V|66|0|66
04|04015|M|11|0|11
04|04015|V|29|0|29
04|04016|V|1532|0|1532
04|04016|M|906|0|906
04|04017|M|1051|0|1051
04|04017|V|1451|0|1451
04|04018|V|125|0|125
04|04018|M|77|0|77
04|04019|M|40|0|40
04|04019|V|80|0|80
04|04020|M|48|0|48
04|04020|V|73|0|73
04|04021|M|46|0|46
04|04021|V|59|0|59
04|04022|V|317|0|317
04|04022|M|257|0|257
04|04023|V|31|0|31
04|04023|M|17|0|17
04|04024|M|1288|0|1288
04|04024|V|1683|0|1683
04|04026|V|8|0|8
04|04026|M|2|0|2
04|04027|M|30|0|30
04|04027|V|64|0|64
04|04028|M|38|0|38
04|04028|V|88|0|88
04|04029|M|3112|0|3112
04|04029|V|4657|0|4657
04|04030|V|435|0|435
04|04030|M|196|0|196
04|04031|M|777|0|777
04|04031|V|1246|0|1246
04|04032|V|2796|0|2796
04|04032|M|2065|0|2065
04|04033|V|17|0|17
04|04033|M|7|0|7
04|04034|V|54|0|54
04|04034|M|26|0|26
04|04035|V|5542|0|5542
04|04035|M|3691|0|3691
04|04036|V|93|0|93
04|04036|M|60|0|60
04|04037|V|575|0|575
04|04037|M|364|0|364
04|04038|V|1738|0|1738
04|04038|M|1028|0|1028
04|04041|M|92|0|92
04|04041|V|161|0|161
04|04043|V|234|0|234
04|04043|M|122|0|122
04|04044|V|826|0|826
04|04044|M|539|0|539
04|04045|M|435|0|435
04|04045|V|709|2|709
04|04046|V|382|0|382
04|04046|M|229|0|229
04|04047|M|649|0|649
04|04047|V|1059|0|1059
04|04048|V|1102|0|1102
04|04048|M|825|0|825
04|04049|V|3545|0|3545
04|04049|M|2232|0|2232
04|04050|M|177|0|177
04|04050|V|367|0|367
04|04051|V|189|0|189
04|04051|M|116|0|116
04|04052|V|6731|1|6731
04|04052|M|5667|0|5667
04|04053|M|5563|0|5563
04|04053|V|7262|0|7262
04|04054|V|162|0|162
04|04054|M|82|0|82
04|04055|V|157|0|157
04|04055|M|90|0|90
04|04056|V|62|0|62
04|04056|M|49|0|49
04|04057|M|358|0|358
04|04057|V|562|0|562
04|04058|V|143|0|143
04|04058|M|74|0|74
04|04059|M|289|0|289
04|04059|V|453|0|453
04|04060|V|181|0|181
04|04060|M|112|0|112
04|04061|V|296|0|296
04|04061|M|222|0|222
04|04062|V|1952|0|1952
04|04062|M|1383|0|1383
04|04063|V|494|0|494
04|04063|M|344|0|344
04|04064|M|2123|0|2123
04|04064|V|2528|0|2528
04|04065|M|78|0|78
04|04065|V|109|0|109
04|04066|M|6412|0|6412
04|04066|V|12432|1|12432
04|04067|V|193|0|193
04|04067|M|97|0|97
04|04068|M|11|0|11
04|04068|V|30|0|30
04|04069|V|2405|0|2405
04|04069|M|1739|0|1739
04|04070|V|810|0|810
04|04070|M|572|0|572
04|04071|V|134|2|134
04|04071|M|71|0|71
04|04072|M|174|0|174
04|04072|V|238|0|238
04|04073|M|56|0|56
04|04073|V|116|0|116
04|04074|M|1072|0|1072
04|04074|V|1462|0|1462
04|04075|V|4415|0|4415
04|04075|M|2890|0|2890
04|04076|M|343|0|343
04|04076|V|528|0|528
04|04077|V|82|0|82
04|04077|M|30|0|30
04|04078|M|360|0|360
04|04078|V|549|0|549
04|04079|M|25902|0|25902
04|04079|V|33606|1|33606
04|04080|V|62|0|62
04|04080|M|29|0|29
04|04081|V|152|0|152
04|04081|M|84|0|84
04|04082|M|32|0|32
04|04082|V|70|0|70
04|04083|M|469|0|469
04|04083|V|811|0|811
04|04084|V|148|0|148
04|04084|M|81|0|81
04|04085|M|94|0|94
04|04085|V|144|0|144
04|04086|M|548|0|548
04|04086|V|917|0|917
04|04087|V|78|0|78
04|04087|M|50|0|50
04|04088|M|841|0|841
04|04088|V|1340|0|1340
04|04089|V|335|0|335
04|04089|M|243|0|243
04|04090|M|48|0|48
04|04090|V|88|0|88
04|04091|V|116|0|116
04|04091|M|59|0|59
04|04092|V|1288|0|1288
04|04092|M|970|0|970
04|04093|V|1570|0|1570
04|04093|M|1079|0|1079
04|04094|V|56|0|56
04|04094|M|21|0|21
04|04095|M|193|0|193
04|04095|V|294|0|294
04|04096|V|112|0|112
04|04096|M|73|0|73
04|04097|M|14|0|14
04|04097|V|55|0|55
04|04098|M|459|0|459
04|04098|V|708|1|708
04|04099|V|2426|0|2426
04|04099|M|1786|0|1786
04|04100|M|4410|0|4410
04|04100|V|6694|0|6694
04|04101|M|1489|0|1489
04|04101|V|2063|0|2063
04|04102|M|6357|0|6357
04|04102|V|9205|0|9205
04|04103|M|1064|0|1064
04|04103|V|1550|0|1550
04|04901|V|135|0|135
04|04901|M|70|0|70
04|04902|M|20847|0|20847
04|04902|V|31001|0|31001
04|04903|M|1943|0|1943
04|04903|V|3173|0|3173
04|04904|M|559|0|559
04|04904|V|914|0|914
05|05000|V|3|0|3
05|05000|M|1|0|1
05|05001|V|85|0|85
05|05001|M|63|0|63
05|05002|M|622|0|622
05|05002|V|984|0|984
05|05005|M|38|0|38
05|05005|V|75|0|75
05|05007|M|20|0|20
05|05007|V|37|0|37
05|05008|M|43|0|43
05|05008|V|80|0|80
05|05010|M|35|0|35
05|05010|V|57|0|57
05|05012|V|51|0|51
05|05012|M|31|0|31
05|05013|M|212|0|212
05|05013|V|316|0|316
05|05014|V|2460|0|2460
05|05014|M|1787|0|1787
05|05015|V|18|0|18
05|05015|M|12|0|12
05|05016|M|2242|0|2242
05|05016|V|2996|1|2997
05|05017|M|14|0|14
05|05017|V|31|0|31
05|05018|V|4|0|4
05|05018|M|5|0|5
05|05019|V|21155|0|21155
05|05019|M|17500|0|17500
05|05021|V|856|0|856
05|05021|M|628|0|628
05|05022|V|717|0|717
05|05022|M|479|0|479
05|05023|M|38|0|38
05|05023|V|71|0|71
05|05024|V|65|0|65
05|05024|M|28|0|28
05|05025|V|29|0|29
05|05025|M|14|0|14
05|05026|V|62|0|62
05|05026|M|43|0|43
05|05027|V|122|0|122
05|05027|M|68|0|68
05|05029|V|41|0|41
05|05029|M|15|0|15
05|05030|M|10|0|10
05|05030|V|20|0|20
05|05033|M|31|0|31
05|05033|V|59|1|60
05|05034|V|5|0|5
05|05034|M|2|0|2
05|05035|V|38|0|38
05|05035|M|25|0|25
05|05036|V|42|0|42
05|05036|M|24|0|24
05|05037|V|76|0|76
05|05037|M|25|0|25
05|05038|V|50|0|50
05|05038|M|15|0|15
05|05039|V|20|0|20
05|05039|M|3|0|3
05|05040|M|3|0|3
05|05040|V|25|0|25
05|05041|M|255|0|255
05|05041|V|429|0|429
05|05042|V|54|0|54
05|05042|M|25|0|25
05|05043|M|13|0|13
05|05043|V|27|0|27
05|05044|V|100|1|100
05|05044|M|42|0|42
05|05045|M|18|0|18
05|05045|V|35|0|35
05|05046|M|12|0|12
05|05046|V|15|0|15
05|05047|M|1263|0|1263
05|05047|V|1861|0|1861
05|05048|V|52|0|52
05|05048|M|20|0|20
05|05049|M|102|0|102
05|05049|V|180|0|180
05|05051|M|30|0|30
05|05051|V|65|0|65
05|05052|V|29|0|29
05|05052|M|11|0|11
05|05053|V|29|0|29
05|05053|M|6|0|6
05|05054|V|525|0|525
05|05054|M|317|0|317
05|05055|M|126|0|126
05|05055|V|244|0|244
05|05056|M|12|0|12
05|05056|V|33|0|33
05|05057|M|698|0|698
05|05057|V|1136|0|1136
05|05058|M|9|0|9
05|05058|V|20|0|20
05|05059|V|36|0|36
05|05059|M|12|0|12
05|05060|V|50|0|50
05|05060|M|26|0|26
05|05061|M|104|0|104
05|05061|V|138|0|138
05|05062|M|40|0|40
05|05062|V|81|0|81
05|05063|V|7|0|7
05|05063|M|4|0|4
05|05064|M|16|0|16
05|05064|V|50|0|50
05|05065|M|119|0|119
05|05065|V|200|0|200
05|05066|M|119|0|119
05|05066|V|205|0|205
05|05067|M|16|0|16
05|05067|V|28|0|28
05|05069|M|22|0|22
05|05069|V|31|0|31
05|05070|M|4|0|4
05|05070|V|15|0|15
05|05072|M|20|0|20
05|05072|V|39|0|39
05|05073|M|66|0|66
05|05073|V|127|0|127
05|05074|M|179|0|179
05|05074|V|296|1|296
05|05075|M|15|0|15
05|05075|V|17|0|17
05|05076|M|168|0|168
05|05076|V|220|0|220
05|05077|M|35|0|35
05|05077|V|68|0|68
05|05078|V|55|0|55
05|05078|M|22|0|22
05|05079|V|15|0|15
05|05079|M|6|0|6
05|05080|V|23|0|23
05|05080|M|15|0|15
05|05081|M|2|0|2
05|05081|V|10|0|10
05|05082|M|113|0|113
05|05082|V|217|1|217
05|05083|V|54|0|54
05|05083|M|32|0|32
05|05084|M|4|0|4
05|05084|V|17|0|17
05|05085|V|10|0|10
05|05085|M|7|0|7
05|05086|V|28|0|28
05|05086|M|7|0|7
05|05087|V|50|0|50
05|05087|M|20|0|20
05|05088|V|14|0|14
05|05088|M|6|0|6
05|05089|V|184|0|184
05|05089|M|96|0|96
05|05090|M|17|0|17
05|05090|V|27|0|27
05|05092|V|66|0|66
05|05092|M|36|0|36
05|05093|V|217|0|217
05|05093|M|118|0|118
05|05094|M|31|0|31
05|05094|V|58|0|58
05|05095|V|94|0|94
05|05095|M|49|0|49
05|05096|V|21|0|21
05|05096|M|9|0|9
05|05097|V|191|0|191
05|05097|M|104|0|104
05|05099|V|210|0|210
05|05099|M|97|0|97
05|05100|V|103|0|103
05|05100|M|56|0|56
05|05101|M|26|0|26
05|05101|V|89|0|89
05|05102|M|487|0|487
05|05102|V|769|0|769
05|05103|M|14|0|14
05|05103|V|15|0|15
05|05104|M|13|0|13
05|05104|V|8|0|8
05|05105|M|87|0|87
05|05105|V|143|0|143
05|05106|M|4|0|4
05|05106|V|4|0|4
05|05107|V|21|0|21
05|05107|M|7|0|7
05|05108|V|14|0|14
05|05108|M|4|0|4
05|05109|M|137|0|137
05|05109|V|190|1|191
05|05110|V|314|0|314
05|05110|M|193|0|193
05|05112|V|34|0|34
05|05112|M|20|0|20
05|05113|M|11|0|11
05|05113|V|20|0|20
05|05114|M|323|0|323
05|05114|V|613|0|613
05|05115|M|168|0|168
05|05115|V|277|1|277
05|05116|V|30|1|30
05|05116|M|18|0|18
05|05117|V|79|0|79
05|05117|M|42|0|42
05|05118|V|28|0|28
05|05118|M|19|0|19
05|05119|V|6|0|6
05|05119|M|1|0|1
05|05120|V|10|0|10
05|05120|M|4|0|4
05|05121|M|96|0|96
05|05121|V|114|0|114
05|05122|M|17|0|17
05|05122|V|50|0|50
05|05123|M|25|0|25
05|05123|V|44|0|44
05|05124|V|35|0|35
05|05124|M|16|0|16
05|05125|V|17|0|17
05|05125|M|10|0|10
05|05126|M|5|0|5
05|05126|V|24|0|24
05|05127|M|125|0|125
05|05127|V|270|0|270
05|05128|V|169|0|169
05|05128|M|94|0|94
05|05129|M|8|0|8
05|05129|V|31|0|31
05|05130|V|34|0|34
05|05130|M|20|0|20
05|05131|M|17|0|17
05|05131|V|27|0|27
05|05132|V|322|0|322
05|05132|M|185|0|185
05|05133|V|19|0|19
05|05133|M|11|0|11
05|05134|V|19|0|19
05|05134|M|11|0|11
05|05135|V|187|0|187
05|05135|M|134|0|134
05|05136|V|30|0|30
05|05136|M|18|0|18
05|05138|V|116|1|116
05|05138|M|78|0|78
05|05139|V|37|0|37
05|05139|M|15|0|15
05|05140|V|52|2|54
05|05140|M|27|0|27
05|05141|V|38|0|38
05|05141|M|21|0|21
05|05142|M|16|0|16
05|05142|V|44|0|44
05|05143|V|20|0|20
05|05143|M|9|0|9
05|05144|V|16|0|16
05|05144|M|12|0|12
05|05145|V|11|0|11
05|05145|M|6|0|6
05|05147|M|35|0|35
05|05147|V|78|0|78
05|05148|M|3|0|3
05|05148|V|7|0|7
05|05149|V|50|0|50
05|05149|M|24|0|24
05|05151|M|8|0|8
05|05151|V|29|0|29
05|05152|V|288|0|288
05|05152|M|167|1|168
05|05153|M|12|0|12
05|05153|V|41|1|41
05|05154|M|3|0|3
05|05154|V|14|0|14
05|05155|V|24|0|24
05|05155|M|10|0|10
05|05156|V|123|0|123
05|05156|M|85|0|85
05|05157|M|22|0|22
05|05157|V|52|0|52
05|05158|M|70|0|70
05|05158|V|175|0|175
05|05159|V|63|0|63
05|05159|M|28|0|28
05|05160|M|51|0|51
05|05160|V|102|0|102
05|05161|M|157|0|157
05|05161|V|270|0|270
05|05162|V|18|0|18
05|05162|M|9|0|9
05|05163|M|457|0|457
05|05163|V|719|0|719
05|05164|M|1|0|1
05|05164|V|6|0|6
05|05165|M|122|0|122
05|05165|V|152|0|152
05|05166|M|30|0|30
05|05166|V|58|0|58
05|05167|V|67|0|67
05|05167|M|46|0|46
05|05168|M|1254|0|1254
05|05168|V|1886|0|1886
05|05169|V|70|0|70
05|05169|M|37|0|37
05|05170|M|12|0|12
05|05170|V|16|0|16
05|05171|V|22|0|22
05|05171|M|8|0|8
05|05172|V|76|0|76
05|05172|M|25|0|25
05|05173|M|15|0|15
05|05173|V|25|0|25
05|05174|V|24|0|24
05|05174|M|9|0|9
05|05175|V|52|0|52
05|05175|M|11|0|11
05|05176|V|103|0|103
05|05176|M|63|0|63
05|05177|V|60|0|60
05|05177|M|32|0|32
05|05178|M|91|0|91
05|05178|V|159|0|159
05|05179|V|84|0|84
05|05179|M|55|0|55
05|05180|M|7|0|7
05|05180|V|29|0|29
05|05181|V|17|0|17
05|05181|M|5|0|5
05|05182|V|291|0|291
05|05182|M|141|0|141
05|05183|M|24|0|24
05|05183|V|48|0|48
05|05184|M|45|0|45
05|05184|V|99|0|99
05|05185|V|40|1|40
05|05185|M|20|0|20
05|05186|M|494|0|494
05|05186|V|664|0|664
05|05187|V|809|0|809
05|05187|M|545|0|545
05|05188|V|8|0|8
05|05189|V|203|1|203
05|05189|M|125|0|125
05|05190|V|28|0|28
05|05190|M|10|0|10
05|05191|V|32|0|32
05|05191|M|17|0|17
05|05192|V|32|0|32
05|05192|M|18|0|18
05|05193|V|60|0|60
05|05193|M|21|0|21
05|05194|M|28|0|28
05|05194|V|64|0|64
05|05195|V|55|0|55
05|05195|M|18|0|18
05|05196|M|15|0|15
05|05196|V|19|0|19
05|05197|V|40|0|40
05|05197|M|18|0|18
05|05198|V|36|0|36
05|05198|M|17|0|17
05|05199|V|11|0|11
05|05199|M|4|0|4
05|05200|M|4|0|4
05|05200|V|8|0|8
05|05201|V|201|0|201
05|05201|M|117|0|117
05|05204|V|258|1|259
05|05204|M|166|0|166
05|05205|M|25|0|25
05|05205|V|27|0|27
05|05206|M|5|0|5
05|05206|V|13|0|13
05|05207|M|128|0|128
05|05207|V|266|0|266
05|05208|V|14|0|14
05|05208|M|3|0|3
05|05209|M|8|0|8
05|05209|V|25|1|25
05|05210|M|10|0|10
05|05210|V|26|0|26
05|05211|M|105|0|105
05|05211|V|177|0|177
05|05212|M|24|0|24
05|05212|V|72|0|72
05|05213|V|29|0|29
05|05213|M|12|0|12
05|05214|M|6|0|6
05|05214|V|14|0|14
05|05215|M|33|0|33
05|05215|V|49|0|49
05|05216|V|92|0|92
05|05216|M|46|0|46
05|05217|V|24|0|24
05|05217|M|15|0|15
05|05218|M|22|0|22
05|05218|V|47|0|47
05|05219|V|16|0|16
05|05219|M|9|0|9
05|05220|V|176|0|176
05|05220|M|128|0|128
05|05221|M|56|0|56
05|05221|V|124|0|124
05|05222|M|28|0|28
05|05222|V|54|0|54
05|05224|V|40|1|41
05|05224|M|21|0|21
05|05225|M|81|0|81
05|05225|V|140|0|140
05|05226|V|26|0|26
05|05226|M|8|0|8
05|05227|M|126|0|126
05|05227|V|184|0|184
05|05228|V|66|0|66
05|05228|M|22|0|22
05|05229|V|23|0|23
05|05229|M|11|0|11
05|05230|V|39|0|39
05|05230|M|10|0|10
05|05231|V|69|0|69
05|05231|M|50|0|50
05|05232|V|58|0|58
05|05232|M|36|0|36
05|05233|V|72|0|72
05|05233|M|33|0|33
05|05234|V|19|0|19
05|05234|M|9|0|9
05|05235|M|25|0|25
05|05235|V|44|0|44
05|05236|M|20|0|20
05|05236|V|28|0|28
05|05237|V|66|0|66
05|05237|M|33|0|33
05|05238|M|145|0|145
05|05238|V|254|1|254
05|05239|M|40|0|40
05|05239|V|85|0|85
05|05240|M|1094|0|1094
05|05240|V|1680|0|1680
05|05241|M|906|0|906
05|05241|V|1508|0|1508
05|05242|M|157|0|157
05|05242|V|245|0|245
05|05243|V|33|0|33
05|05243|M|16|0|16
05|05244|M|4|0|4
05|05244|V|12|0|12
05|05245|M|139|0|139
05|05245|V|180|0|180
05|05246|V|11|0|11
05|05246|M|7|0|7
05|05247|M|35|0|35
05|05247|V|78|0|78
05|05249|M|28|0|28
05|05249|V|45|0|45
05|05251|M|4|0|4
05|05251|V|17|0|17
05|05252|V|26|0|26
05|05252|M|6|0|6
05|05253|M|19|0|19
05|05253|V|33|0|33
05|05254|V|82|0|82
05|05254|M|51|0|51
05|05256|M|20|0|20
05|05256|V|45|0|45
05|05257|M|29|0|29
05|05257|V|45|0|45
05|05258|M|17|0|17
05|05258|V|43|0|43
05|05259|M|20|0|20
05|05259|V|40|0|40
05|05260|M|20|0|20
05|05260|V|36|0|36
05|05261|M|3|0|3
05|05261|V|13|0|13
05|05262|V|138|0|138
05|05262|M|68|0|68
05|05263|V|56|0|56
05|05263|M|24|0|24
05|05264|M|14|0|14
05|05264|V|14|0|14
05|05265|V|38|0|38
05|05265|M|11|0|11
05|05266|M|18|0|18
05|05266|V|36|0|36
05|05267|M|20|0|20
05|05267|V|27|0|27
05|05901|M|49|0|49
05|05901|V|72|0|72
05|05902|M|57|0|57
05|05902|V|128|0|128
05|05903|M|14|0|14
05|05903|V|46|0|46
05|05904|V|29|0|29
05|05904|M|13|0|13
05|05905|M|14|0|14
05|05905|V|28|0|28
06|06000|V|5|0|5
06|06001|M|188|0|188
06|06001|V|352|2|352
06|06002|M|1481|0|1481
06|06002|V|2069|2|2069
06|06003|M|201|0|201
06|06003|V|352|0|352
06|06004|V|730|2|731
06|06004|M|439|0|439
06|06005|M|468|0|468
06|06005|V|793|0|793
06|06006|V|1902|1|1903
06|06006|M|1152|0|1152
06|06007|M|328|0|328
06|06007|V|593|1|593
06|06008|V|260|1|260
06|06008|M|169|0|169
06|06009|M|53|0|53
06|06009|V|79|0|79
06|06010|M|298|0|298
06|06010|V|480|0|480
06|06011|V|12083|4|12084
06|06011|M|8798|0|8798
06|06012|V|1470|3|1471
06|06012|M|961|0|961
06|06013|M|71|0|71
06|06013|V|106|0|106
06|06014|V|2902|5|2902
06|06014|M|1874|0|1874
06|06015|M|41731|0|41731
06|06015|V|53771|6|53771
06|06016|V|1387|1|1387
06|06016|M|836|0|836
06|06017|M|47|0|47
06|06017|V|92|0|92
06|06018|V|292|0|292
06|06018|M|170|0|170
06|06019|V|896|5|896
06|06019|M|546|0|546
06|06020|M|527|0|527
06|06020|V|797|3|797
06|06021|V|386|0|386
06|06021|M|213|0|213
06|06022|M|716|0|716
06|06022|V|1153|0|1153
06|06023|V|1685|2|1685
06|06023|M|1066|0|1066
06|06024|M|252|0|252
06|06024|V|451|0|451
06|06025|M|1817|0|1817
06|06025|V|2430|0|2430
06|06026|M|234|0|234
06|06026|V|348|0|348
06|06027|M|180|0|180
06|06027|V|262|3|262
06|06028|V|1912|1|1912
06|06028|M|1155|0|1155
06|06029|V|511|1|511
06|06029|M|306|0|306
06|06030|M|34|0|34
06|06030|V|54|0|54
06|06031|V|222|0|222
06|06031|M|136|0|136
06|06032|V|30|0|30
06|06032|M|13|0|13
06|06033|V|588|3|588
06|06033|M|302|0|302
06|06034|V|71|0|71
06|06034|M|46|0|46
06|06035|V|316|1|316
06|06035|M|164|0|164
06|06036|M|1450|0|1450
06|06036|V|2159|0|2159
06|06037|M|442|0|442
06|06037|V|764|0|764
06|06038|M|170|0|170
06|06038|V|355|0|355
06|06039|M|538|0|538
06|06039|V|827|0|827
06|06040|M|275|0|275
06|06040|V|461|5|461
06|06041|M|127|0|127
06|06041|V|228|0|228
06|06042|M|271|0|271
06|06042|V|432|3|432
06|06043|M|214|0|214
06|06043|V|304|2|304
06|06044|V|14471|0|14471
06|06044|M|10453|1|10453
06|06045|M|128|0|128
06|06045|V|212|0|212
06|06046|V|603|1|603
06|06046|M|418|0|418
06|06047|M|228|0|228
06|06047|V|338|1|338
06|06048|M|191|0|191
06|06048|V|327|0|327
06|06049|V|389|1|389
06|06049|M|243|0|243
06|06050|V|1744|2|1744
06|06050|M|1191|0|1191
06|06051|V|633|0|633
06|06051|M|392|0|392
06|06052|M|1200|0|1200
06|06052|V|1763|1|1764
06|06053|M|137|0|137
06|06053|V|256|0|256
06|06054|M|1807|0|1807
06|06054|V|2709|0|2709
06|06055|M|532|0|532
06|06055|V|792|1|792
06|06056|M|89|0|89
06|06056|V|199|0|199
06|06057|M|93|0|93
06|06057|V|183|0|183
06|06058|V|1000|0|1000
06|06058|M|630|0|630
06|06059|V|761|2|761
06|06059|M|435|0|435
06|06060|M|1574|0|1574
06|06060|V|2867|11|2868
06|06061|M|282|0|282
06|06061|V|514|0|514
06|06062|M|97|0|97
06|06062|V|208|0|208
06|06063|V|1324|0|1324
06|06063|M|745|0|745
06|06064|M|207|0|207
06|06064|V|351|3|352
06|06065|M|74|0|74
06|06065|V|129|1|129
06|06066|M|385|0|385
06|06066|V|655|1|655
06|06067|V|827|3|827
06|06067|M|479|0|479
06|06068|M|123|0|123
06|06068|V|187|2|187
06|06069|V|1329|4|1329
06|06069|M|901|0|901
06|06070|V|3524|1|3524
06|06070|M|2562|0|2562
06|06071|V|113|0|113
06|06071|M|56|0|56
06|06072|V|1084|3|1084
06|06072|M|625|0|625
06|06073|V|319|1|319
06|06073|M|204|0|204
06|06074|M|1460|1|1460
06|06074|V|2061|1|2061
06|06075|M|92|0|92
06|06075|V|200|0|200
06|06076|M|218|0|218
06|06076|V|361|1|362
06|06077|V|152|0|152
06|06077|M|64|0|64
06|06078|V|210|1|210
06|06078|M|122|0|122
06|06079|V|319|0|319
06|06079|M|177|0|177
06|06080|V|933|2|933
06|06080|M|636|0|636
06|06081|M|276|0|276
06|06081|V|471|1|471
06|06082|M|120|0|120
06|06082|V|193|0|193
06|06083|M|16342|0|16342
06|06083|V|20683|0|20683
06|06084|V|511|0|511
06|06084|M|307|0|307
06|06085|M|1058|0|1058
06|06085|V|1596|0|1596
06|06086|M|322|0|322
06|06086|V|484|1|484
06|06087|M|527|0|527
06|06087|V|806|1|806
06|06088|V|5857|0|5857
06|06088|M|4029|0|4029
06|06089|M|189|0|189
06|06089|V|262|0|262
06|06090|M|246|0|246
06|06090|V|371|0|371
06|06091|M|1073|0|1073
06|06091|V|1714|5|1714
06|06092|V|242|0|242
06|06092|M|154|0|154
06|06093|M|1217|0|1217
06|06093|V|1832|2|1832
06|06094|V|707|9|708
06|06094|M|316|0|316
06|06095|M|2948|0|2948
06|06095|V|4390|1|4390
06|06096|V|94|0|94
06|06096|M|45|0|45
06|06097|V|1116|2|1116
06|06097|M|659|0|659
06|06098|M|150|0|150
06|06098|V|265|2|266
06|06099|V|512|0|512
06|06099|M|280|0|280
06|06100|M|162|0|162
06|06100|V|306|1|306
06|06101|V|184|0|184
06|06101|M|101|0|101
06|06102|V|419|1|419
06|06102|M|242|0|242
06|06103|M|1608|0|1608
06|06103|V|2346|0|2346
06|06104|V|279|0|279
06|06104|M|171|0|171
06|06105|V|239|0|239
06|06105|M|144|0|144
06|06106|M|127|0|127
06|06106|V|197|1|197
06|06107|M|372|0|372
06|06107|V|706|0|706
06|06108|V|1026|4|1026
06|06108|M|709|0|709
06|06109|M|1116|0|1116
06|06109|V|1726|0|1726
06|06110|V|48|0|48
06|06110|M|38|0|38
06|06111|V|240|0|240
06|06111|M|152|0|152
06|06112|V|182|0|182
06|06112|M|86|0|86
06|06113|M|845|0|845
06|06113|V|1283|5|1284
06|06114|M|24|0|24
06|06114|V|39|0|39
06|06115|V|575|0|575
06|06115|M|310|0|310
06|06116|V|582|0|582
06|06116|M|356|0|356
06|06117|M|426|0|426
06|06117|V|594|1|594
06|06118|M|21|0|21
06|06118|V|61|0|61
06|06119|V|334|0|334
06|06119|M|233|0|233
06|06120|M|1064|0|1064
06|06120|V|1712|1|1713
06|06121|V|1560|3|1560
06|06121|M|1013|0|1013
06|06122|M|2292|0|2292
06|06122|V|3241|1|3241
06|06123|M|1244|0|1244
06|06123|V|1980|1|1980
06|06124|M|375|0|375
06|06124|V|694|1|694
06|06125|V|695|0|695
06|06125|M|371|0|371
06|06126|M|624|0|624
06|06126|V|1032|1|1032
06|06127|M|806|0|806
06|06127|V|1305|8|1305
06|06128|V|2218|4|2221
06|06128|M|1423|0|1423
06|06129|M|154|0|154
06|06129|V|252|0|252
06|06130|M|41|0|41
06|06130|V|76|0|76
06|06131|V|506|0|506
06|06131|M|298|0|298
06|06132|V|380|0|380
06|06132|M|259|0|259
06|06133|V|894|2|895
06|06133|M|551|0|551
06|06134|M|163|0|163
06|06134|V|251|2|252
06|06135|V|571|1|572
06|06135|M|413|0|413
06|06136|M|460|0|460
06|06136|V|677|3|678
06|06137|M|258|0|258
06|06137|V|419|0|419
06|06138|M|282|0|282
06|06138|V|490|0|490
06|06139|M|125|0|125
06|06139|V|224|1|224
06|06140|M|140|0|140
06|06140|V|243|0|243
06|06141|M|490|0|490
06|06141|V|779|7|779
06|06142|M|56|0|56
06|06142|V|113|0|113
06|06143|M|996|0|996
06|06143|V|1624|0|1624
06|06144|V|204|0|204
06|06144|M|134|0|134
06|06145|M|225|0|225
06|06145|V|419|0|419
06|06146|M|226|0|226
06|06146|V|399|0|399
06|06147|V|129|0|129
06|06147|M|64|0|64
06|06148|M|284|0|284
06|06148|V|424|0|424
06|06149|V|4780|12|4780
06|06149|M|3459|0|3459
06|06150|V|323|2|323
06|06150|M|210|0|210
06|06151|V|485|0|485
06|06151|M|289|0|289
06|06152|M|403|0|403
06|06152|V|611|3|611
06|06153|M|6728|0|6728
06|06153|V|9474|12|9480
06|06154|M|626|0|626
06|06154|V|1104|1|1104
06|06155|V|898|0|898
06|06155|M|446|0|446
06|06156|M|315|0|315
06|06156|V|569|1|569
06|06157|M|68|0|68
06|06157|V|134|0|134
06|06158|M|4604|0|4604
06|06158|V|5864|1|5865
06|06159|V|1059|2|1059
06|06159|M|702|0|702
06|06160|M|826|0|826
06|06160|V|1390|4|1390
06|06161|M|66|0|66
06|06161|V|111|0|111
06|06162|M|925|0|925
06|06162|V|1354|0|1354
06|06901|M|667|0|667
06|06901|V|997|0|997
06|06902|V|768|0|768
06|06902|M|538|0|538
07|07000|M|12|0|12
07|07000|V|19|0|19
07|07001|M|1816|0|1816
07|07001|V|1711|0|1711
07|07002|M|2921|0|2921
07|07002|V|3431|1|3431
07|07003|V|5784|0|5784
07|07003|M|5714|0|5714
07|07004|M|2017|0|2017
07|07004|V|1827|0|1827
07|07005|V|3659|0|3659
07|07005|M|3697|0|3697
07|07006|M|2833|1|2833
07|07006|V|2729|0|2729
07|07007|M|120|0|120
07|07007|V|157|0|157
07|07008|V|2742|0|2742
07|07008|M|2857|0|2857
07|07009|M|351|0|351
07|07009|V|342|0|342
07|07010|M|2565|0|2565
07|07010|V|2313|0|2313
07|07011|V|15124|0|15124
07|07011|M|15209|0|15209
07|07012|M|912|0|912
07|07012|V|865|0|865
07|07013|V|3856|1|3856
07|07013|M|4003|0|4003
07|07014|M|3607|0|3607
07|07014|V|3735|0|3735
07|07015|V|10076|0|10076
07|07015|M|8960|0|8960
07|07016|V|1311|0|1311
07|07016|M|1432|0|1432
07|07017|M|462|0|462
07|07017|V|432|0|432
07|07018|V|162|0|162
07|07018|M|172|0|172
07|07019|V|31|0|31
07|07019|M|22|0|22
07|07020|M|1750|0|1750
07|07020|V|1581|0|1581
07|07021|M|80|0|80
07|07021|V|100|0|100
07|07022|V|6090|0|6090
07|07022|M|5887|0|5887
07|07023|V|1698|0|1698
07|07023|M|1439|0|1439
07|07024|M|2716|0|2716
07|07024|V|3058|0|3058
07|07025|M|176|0|176
07|07025|V|182|0|182
07|07026|M|15254|0|15254
07|07026|V|18918|0|18918
07|07027|V|10490|1|10491
07|07027|M|9896|0|9896
07|07028|V|434|0|434
07|07028|M|453|0|453
07|07029|M|2027|0|2027
07|07029|V|1999|1|1999
07|07030|M|788|0|788
07|07030|V|750|0|750
07|07031|M|11776|0|11776
07|07031|V|11776|0|11776
07|07032|M|8510|0|8510
07|07032|V|9967|0|9967
07|07033|V|14412|1|14412
07|07033|M|14133|0|14133
07|07034|M|521|0|521
07|07034|V|475|0|475
07|07035|M|753|0|753
07|07035|V|766|0|766
07|07036|V|12711|0|12711
07|07036|M|14042|0|14042
07|07037|M|1284|0|1284
07|07037|V|1590|1|1590
07|07038|V|940|0|940
07|07038|M|1007|0|1007
07|07039|M|2433|0|2433
07|07039|V|2459|1|2459
07|07040|V|123236|1|123236
07|07040|M|121219|2|121220
07|07041|V|968|1|968
07|07041|M|1014|0|1014
07|07042|M|5046|0|5046
07|07042|V|5150|1|5150
07|07043|M|1816|0|1816
07|07043|V|1785|1|1785
07|07044|V|4664|1|4664
07|07044|M|4571|0|4571
07|07045|V|611|0|611
07|07045|M|610|0|610
07|07046|M|6900|0|6900
07|07046|V|8928|0|8928
07|07047|M|990|0|990
07|07047|V|979|3|979
07|07048|V|8268|0|8268
07|07048|M|7266|0|7266
07|07049|V|742|0|742
07|07049|M|704|0|704
07|07050|M|1508|0|1508
07|07050|V|1796|0|1796
07|07051|M|2713|0|2713
07|07051|V|2485|1|2486
07|07052|M|2022|0|2022
07|07052|V|2216|0|2216
07|07053|M|624|0|624
07|07053|V|591|0|591
07|07054|V|11979|1|11979
07|07054|M|10259|0|10259
07|07055|V|3744|2|3744
07|07055|M|3639|0|3639
07|07056|M|2662|0|2662
07|07056|V|2410|0|2410
07|07057|V|3648|0|3648
07|07057|M|3712|0|3712
07|07058|M|1315|0|1315
07|07058|V|1183|0|1183
07|07059|M|1439|0|1439
07|07059|V|1472|0|1472
07|07060|V|1323|1|1323
07|07060|M|1345|0|1345
07|07061|M|4247|0|4247
07|07061|V|4107|0|4107
07|07062|M|3872|0|3872
07|07062|V|3635|0|3635
07|07063|V|590|0|590
07|07063|M|592|0|592
07|07064|V|2739|1|2739
07|07064|M|2439|0|2439
07|07065|M|1202|0|1202
07|07065|V|1143|0|1143
07|07901|M|278|0|278
07|07901|V|294|0|294
07|07902|V|471|0|471
07|07902|M|395|0|395
08|08000|V|57|0|57
08|08000|M|17|0|17
08|08001|M|3790|0|3790
08|08001|V|4842|0|4842
08|08002|V|105|0|105
08|08002|M|81|0|81
08|08003|V|3410|1|3411
08|08003|M|3283|0|3283
08|08004|M|83|0|83
08|08004|V|105|0|105
08|08005|V|3425|0|3425
08|08005|M|3219|0|3219
08|08006|V|5204|0|5204
08|08006|M|4214|0|4214
08|08007|V|3238|0|3238
08|08007|M|2685|0|2685
08|08008|V|64|0|64
08|08008|M|49|0|49
08|08009|V|4425|0|4425
08|08009|M|3972|0|3972
08|08010|M|1714|0|1714
08|08010|V|2117|0|2117
08|08011|V|834|0|834
08|08011|M|741|0|741
08|08012|M|663|0|663
08|08012|V|796|0|796
08|08013|M|555|0|555
08|08013|V|688|0|688
08|08014|V|913|0|913
08|08014|M|809|0|809
08|08015|V|67238|0|67238
08|08015|M|42994|0|42994
08|08016|M|537|0|537
08|08016|V|692|0|692
08|08017|M|1154|0|1154
08|08017|V|1378|0|1378
08|08018|M|906|0|906
08|08018|V|1215|0|1215
08|08019|M|342325|0|342325
08|08019|V|459628|3|459629
08|08020|M|2291|0|2291
08|08020|V|2690|0|2690
08|08021|M|6|0|6
08|08021|V|19|0|19
08|08022|M|4584|0|4584
08|08022|V|5666|0|5666
08|08023|V|3717|0|3717
08|08023|M|3217|0|3217
08|08024|V|163|0|163
08|08024|M|99|0|99
08|08025|V|840|0|840
08|08025|M|664|0|664
08|08026|V|105|0|105
08|08026|M|72|0|72
08|08027|V|399|0|399
08|08027|M|351|0|351
08|08028|V|611|0|611
08|08028|M|440|0|440
08|08029|M|1683|0|1683
08|08029|V|1774|0|1774
08|08030|V|2758|0|2758
08|08030|M|2579|0|2579
08|08031|V|1250|0|1250
08|08031|M|892|0|892
08|08032|V|1024|0|1024
08|08032|M|869|0|869
08|08033|V|6273|0|6273
08|08033|M|5305|0|5305
08|08034|V|431|0|431
08|08034|M|361|0|361
08|08035|M|4237|0|4237
08|08035|V|5805|0|5805
08|08036|V|72|0|72
08|08036|M|55|0|55
08|08037|M|844|0|844
08|08037|V|953|0|953
08|08038|M|606|0|606
08|08038|V|736|0|736
08|08039|V|192|0|192
08|08039|M|175|0|175
08|08040|M|3895|0|3895
08|08040|V|4891|0|4891
08|08041|V|5478|0|5478
08|08041|M|3664|0|3664
08|08042|M|1054|0|1054
08|08042|V|1204|0|1204
08|08043|M|1547|0|1547
08|08043|V|1965|0|1965
08|08044|V|1829|0|1829
08|08044|M|1381|0|1381
08|08045|M|21|0|21
08|08045|V|25|0|25
08|08046|M|5679|0|5679
08|08046|V|6171|1|6172
08|08047|M|1214|0|1214
08|08047|V|1588|1|1589
08|08048|M|231|0|231
08|08048|V|303|0|303
08|08049|V|570|0|570
08|08049|M|507|0|507
08|08050|M|36|0|36
08|08050|V|34|0|34
08|08051|V|8555|0|8555
08|08051|M|7950|0|7950
08|08052|V|46|0|46
08|08052|M|34|0|34
08|08053|V|1363|0|1363
08|08053|M|1086|0|1086
08|08054|V|4426|0|4426
08|08054|M|3725|0|3725
08|08055|V|266|0|266
08|08055|M|222|0|222
08|08056|M|16850|0|16850
08|08056|V|21022|0|21022
08|08057|V|25|0|25
08|08057|M|20|0|20
08|08058|M|743|0|743
08|08058|V|915|0|915
08|08059|V|178|0|178
08|08059|M|149|0|149
08|08060|M|43|0|43
08|08060|V|65|0|65
08|08061|M|670|0|670
08|08061|V|807|0|807
08|08062|M|454|0|454
08|08062|V|539|1|539
08|08063|V|241|0|241
08|08063|M|225|0|225
08|08064|V|909|0|909
08|08064|M|724|0|724
08|08065|M|566|0|566
08|08065|V|663|1|664
08|08066|V|713|0|713
08|08066|M|638|0|638
08|08067|M|2347|0|2347
08|08067|V|2687|0|2687
08|08068|M|2889|0|2889
08|08068|V|3420|0|3420
08|08069|V|1748|0|1748
08|08069|M|1588|0|1588
08|08070|V|141|0|141
08|08070|M|122|0|122
08|08071|V|112|0|112
08|08071|M|86|0|86
08|08072|M|4545|0|4545
08|08072|V|5425|0|5425
08|08073|V|27121|0|27121
08|08073|M|16956|0|16956
08|08074|V|5782|0|5782
08|08074|M|4586|0|4586
08|08075|M|1738|0|1738
08|08075|V|1959|0|1959
08|08076|V|7922|0|7922
08|08076|M|6161|0|6161
08|08077|M|10069|0|10069
08|08077|V|14014|0|14014
08|08078|M|85|0|85
08|08078|V|87|0|87
08|08079|V|147|0|147
08|08079|M|128|0|128
08|08080|V|8|0|8
08|08080|M|14|0|14
08|08081|M|145|0|145
08|08081|V|165|0|165
08|08082|V|641|0|641
08|08082|M|511|0|511
08|08083|V|899|0|899
08|08083|M|810|0|810
08|08084|V|562|0|562
08|08084|M|496|0|496
08|08085|V|526|0|526
08|08085|M|438|0|438
08|08086|V|6707|0|6707
08|08086|M|5539|0|5539
08|08087|V|66|0|66
08|08087|M|47|0|47
08|08088|M|5213|0|5213
08|08088|V|5698|0|5698
08|08089|V|15420|0|15420
08|08089|M|11422|0|11422
08|08090|M|59|0|59
08|08090|V|67|0|67
08|08091|V|2720|0|2720
08|08091|M|2157|0|2157
08|08092|M|1426|0|1426
08|08092|V|1741|0|1741
08|08093|V|14|0|14
08|08093|M|7|0|7
08|08094|V|803|0|803
08|08094|M|712|0|712
08|08095|V|34|0|34
08|08095|M|16|0|16
08|08096|M|15745|0|15745
08|08096|V|20315|0|20315
08|08097|M|526|0|526
08|08097|V|594|0|594
08|08098|V|1207|0|1207
08|08098|M|1070|0|1070
08|08099|V|316|0|316
08|08099|M|232|0|232
08|08100|M|934|0|934
08|08100|V|1061|1|1061
08|08101|V|72606|0|72606
08|08101|M|39792|0|39792
08|08102|V|13844|0|13844
08|08102|M|11299|0|11299
08|08103|V|327|0|327
08|08103|M|285|0|285
08|08104|V|324|0|324
08|08104|M|247|0|247
08|08105|M|2726|0|2726
08|08105|V|4105|0|4105
08|08106|V|3602|0|3602
08|08106|M|3112|0|3112
08|08107|V|6191|2|6192
08|08107|M|5441|0|5441
08|08108|V|2658|0|2658
08|08108|M|2285|0|2285
08|08109|V|88|0|88
08|08109|M|93|0|93
08|08110|V|6449|0|6449
08|08110|M|4972|0|4972
08|08111|M|85|0|85
08|08111|V|98|0|98
08|08112|M|5323|0|5323
08|08112|V|7237|1|7238
08|08113|V|25262|1|25262
08|08113|M|19194|0|19194
08|08114|V|9408|0|9408
08|08114|M|6465|0|6465
08|08115|V|1844|0|1844
08|08115|M|1465|0|1465
08|08116|V|278|0|278
08|08116|M|243|0|243
08|08117|M|1103|0|1103
08|08117|V|1243|0|1243
08|08118|V|8046|0|8046
08|08118|M|7358|0|7358
08|08119|V|3490|0|3490
08|08119|M|2627|0|2627
08|08120|M|3341|0|3341
08|08120|V|3387|0|3387
08|08121|M|30574|0|30574
08|08121|V|40867|0|40867
08|08122|M|687|0|687
08|08122|V|877|0|877
08|08123|V|8770|0|8770
08|08123|M|7126|0|7126
08|08124|M|12544|0|12544
08|08124|V|17016|0|17016
08|08125|V|11888|0|11888
08|08125|M|8490|0|8490
08|08126|M|3607|0|3607
08|08126|V|4074|0|4074
08|08127|V|1054|0|1054
08|08127|M|757|0|757
08|08128|M|210|0|210
08|08128|V|277|0|277
08|08129|V|254|0|254
08|08129|M|213|0|213
08|08130|V|46|0|46
08|08130|M|40|0|40
08|08131|V|364|0|364
08|08131|M|272|0|272
08|08132|V|163|0|163
08|08132|M|126|0|126
08|08133|V|44|0|44
08|08133|M|24|0|24
08|08134|M|301|0|301
08|08134|V|363|0|363
08|08135|V|3076|0|3076
08|08135|M|2334|0|2334
08|08136|V|5810|0|5810
08|08136|M|4427|0|4427
08|08137|V|130|0|130
08|08137|M|115|0|115
08|08138|M|1842|0|1842
08|08138|V|2177|0|2177
08|08139|V|75|0|75
08|08139|M|59|0|59
08|08140|M|1849|0|1849
08|08140|V|2222|0|2222
08|08141|V|2203|1|2204
08|08141|M|1777|0|1777
08|08142|V|58|0|58
08|08142|M|45|0|45
08|08143|M|1134|0|1134
08|08143|V|1401|0|1401
08|08144|M|285|0|285
08|08144|V|334|0|334
08|08145|V|1471|0|1471
08|08145|M|1260|0|1260
08|08146|M|611|0|611
08|08146|V|765|0|765
08|08147|M|6180|0|6180
08|08147|V|8013|0|8013
08|08148|M|1213|0|1213
08|08148|V|1477|1|1478
08|08149|V|430|0|430
08|08149|M|365|0|365
08|08150|V|106|0|106
08|08150|M|108|0|108
08|08151|V|214|0|214
08|08151|M|176|0|176
08|08152|V|60|0|60
08|08152|M|54|0|54
08|08153|M|240|0|240
08|08153|V|286|0|286
08|08154|M|312|0|312
08|08154|V|346|0|346
08|08155|V|3537|0|3537
08|08155|M|3108|0|3108
08|08156|V|5529|0|5529
08|08156|M|4957|0|4957
08|08157|V|4035|0|4035
08|08157|M|3242|0|3242
08|08158|M|1252|0|1252
08|08158|V|1535|0|1535
08|08159|V|6691|1|6691
08|08159|M|5592|0|5592
08|08160|M|139|0|139
08|08160|V|148|0|148
08|08161|M|4584|0|4584
08|08161|V|6119|0|6119
08|08162|V|1087|0|1087
08|08162|M|861|0|861
08|08163|M|7023|0|7023
08|08163|V|9706|1|9707
08|08164|M|412|0|412
08|08164|V|487|1|487
08|08165|V|844|0|844
08|08165|M|681|0|681
08|08166|M|246|0|246
08|08166|V|353|0|353
08|08167|V|2804|0|2804
08|08167|M|2447|0|2447
08|08168|M|120|0|120
08|08168|V|176|0|176
08|08169|M|13676|0|13676
08|08169|V|21026|0|21026
08|08170|V|199|0|199
08|08170|M|129|0|129
08|08171|V|963|0|963
08|08171|M|841|0|841
08|08172|V|9180|0|9180
08|08172|M|7098|0|7098
08|08174|M|181|0|181
08|08174|V|210|0|210
08|08175|M|1204|0|1204
08|08175|V|1457|0|1457
08|08176|V|76|1|77
08|08176|M|61|0|61
08|08177|M|13|0|13
08|08177|V|14|0|14
08|08178|M|175|0|175
08|08178|V|216|0|216
08|08179|V|309|0|309
08|08179|M|237|0|237
08|08180|M|9369|0|9369
08|08180|V|12259|0|12259
08|08181|M|3535|0|3535
08|08181|V|3905|0|3905
08|08182|V|1373|0|1373
08|08182|M|1101|0|1101
08|08183|M|2031|0|2031
08|08183|V|2396|1|2397
08|08184|V|24967|0|24967
08|08184|M|19633|0|19633
08|08185|M|64|0|64
08|08185|V|92|0|92
08|08187|V|69487|0|69487
08|08187|M|55560|0|55560
08|08188|M|47|0|47
08|08188|V|57|1|58
08|08189|M|48|0|48
08|08189|V|50|0|50
08|08190|V|107|0|107
08|08190|M|71|0|71
08|08191|M|1829|0|1829
08|08191|V|2299|0|2299
08|08192|V|2821|0|2821
08|08192|M|2457|0|2457
08|08193|M|432|0|432
08|08193|V|510|0|510
08|08194|V|10698|0|10698
08|08194|M|6365|0|6365
08|08195|M|27|0|27
08|08195|V|29|0|29
08|08196|M|6584|0|6584
08|08196|V|8907|0|8907
08|08197|M|3651|0|3651
08|08197|V|3964|0|3964
08|08198|M|2110|0|2110
08|08198|V|2268|0|2268
08|08199|M|261|0|261
08|08199|V|315|0|315
08|08200|M|18466|0|18466
08|08200|V|26368|0|26368
08|08201|M|127|0|127
08|08201|V|166|0|166
08|08202|V|5994|0|5994
08|08202|M|4715|0|4715
08|08203|V|1278|0|1278
08|08203|M|1033|0|1033
08|08204|V|1482|0|1482
08|08204|M|1214|0|1214
08|08205|V|30179|0|30179
08|08205|M|28821|0|28821
08|08206|V|382|0|382
08|08206|M|325|0|325
08|08207|V|993|0|993
08|08207|M|981|0|981
08|08208|M|2423|0|2423
08|08208|V|2956|0|2956
08|08209|V|3345|0|3345
08|08209|M|2855|0|2855
08|08210|V|2261|0|2261
08|08210|M|1889|0|1889
08|08211|V|14535|0|14535
08|08211|M|10758|0|10758
08|08212|V|233|0|233
08|08212|M|196|0|196
08|08213|V|3189|0|3189
08|08213|M|2792|0|2792
08|08214|M|2816|0|2816
08|08214|V|3234|0|3234
08|08215|V|1290|1|1291
08|08215|M|1131|0|1131
08|08216|M|4|0|4
08|08216|V|8|0|8
08|08217|V|11346|0|11346
08|08217|M|8644|0|8644
08|08218|V|3910|0|3910
08|08218|M|3078|0|3078
08|08219|M|6207|0|6207
08|08219|V|6966|0|6966
08|08220|V|1213|0|1213
08|08220|M|1098|0|1098
08|08221|M|5628|0|5628
08|08221|V|6316|0|6316
08|08222|V|925|0|925
08|08222|M|786|0|786
08|08223|M|687|0|687
08|08223|V|830|0|830
08|08224|M|320|0|320
08|08224|V|431|0|431
08|08225|M|45|0|45
08|08225|V|43|0|43
08|08226|V|455|0|455
08|08226|M|382|0|382
08|08227|V|1247|0|1247
08|08227|M|1095|0|1095
08|08228|M|120|0|120
08|08228|V|130|3|133
08|08229|V|232|0|232
08|08229|M|169|0|169
08|08230|M|3226|0|3226
08|08230|V|3753|0|3753
08|08231|V|10611|1|10611
08|08231|M|8518|0|8518
08|08232|V|898|0|898
08|08232|M|698|0|698
08|08233|M|777|0|777
08|08233|V|911|0|911
08|08234|M|1573|0|1573
08|08234|V|1725|0|1725
08|08235|V|1864|0|1864
08|08235|M|1502|0|1502
08|08236|V|873|0|873
08|08236|M|640|0|640
08|08237|M|623|0|623
08|08237|V|735|0|735
08|08238|V|6959|0|6959
08|08238|M|6726|0|6726
08|08239|V|242|0|242
08|08239|M|190|0|190
08|08240|M|3739|0|3739
08|08240|V|4561|1|4561
08|08241|M|22|0|22
08|08241|V|24|0|24
08|08242|M|82|0|82
08|08242|V|95|0|95
08|08243|M|63|0|63
08|08243|V|76|0|76
08|08244|V|2886|0|2886
08|08244|M|2482|0|2482
08|08245|V|32864|0|32864
08|08245|M|17854|0|17854
08|08246|V|864|0|864
08|08246|M|755|0|755
08|08247|M|466|0|466
08|08247|V|497|0|497
08|08248|M|2483|0|2483
08|08248|V|2795|0|2795
08|08249|V|130|0|130
08|08249|M|136|0|136
08|08250|V|3626|0|3626
08|08250|M|2694|0|2694
08|08251|M|2159|0|2159
08|08251|V|2684|0|2684
08|08252|M|8860|0|8860
08|08252|V|10861|0|10861
08|08253|M|48|0|48
08|08253|V|66|0|66
08|08254|V|820|0|820
08|08254|M|736|0|736
08|08255|M|49|0|49
08|08255|V|62|1|63
08|08256|M|281|0|281
08|08256|V|306|0|306
08|08257|V|50|0|50
08|08257|M|29|0|29
08|08258|V|396|0|396
08|08258|M|294|0|294
08|08259|V|3409|0|3409
08|08259|M|3048|0|3048
08|08260|V|8942|0|8942
08|08260|M|7102|0|7102
08|08261|M|1075|0|1075
08|08261|V|1237|0|1237
08|08262|M|2444|0|2444
08|08262|V|3250|0|3250
08|08263|V|9520|0|9520
08|08263|M|7119|0|7119
08|08264|V|2260|0|2260
08|08264|M|2028|0|2028
08|08265|M|721|0|721
08|08265|V|761|0|761
08|08266|V|18869|0|18869
08|08266|M|15745|0|15745
08|08267|M|2816|0|2816
08|08267|V|3272|0|3272
08|08268|M|314|0|314
08|08268|V|419|0|419
08|08269|V|1378|0|1378
08|08269|M|1192|0|1192
08|08270|M|7559|0|7559
08|08270|V|9353|0|9353
08|08271|M|27|0|27
08|08271|V|23|0|23
08|08272|M|65|0|65
08|08272|V|78|0|78
08|08273|V|1257|0|1257
08|08273|M|1034|0|1034
08|08274|M|1600|0|1600
08|08274|V|2053|0|2053
08|08275|M|119|0|119
08|08275|V|120|0|120
08|08276|V|115|0|115
08|08276|M|94|0|94
08|08277|V|58|0|58
08|08277|M|36|0|36
08|08278|M|2151|0|2151
08|08278|V|2454|0|2454
08|08279|M|60534|0|60534
08|08279|V|74756|1|74757
08|08280|M|35|0|35
08|08280|V|38|0|38
08|08281|V|2339|0|2339
08|08281|M|2160|0|2160
08|08282|M|2909|0|2909
08|08282|V|3166|0|3166
08|08283|V|3024|1|3025
08|08283|M|2578|0|2578
08|08284|M|4900|0|4900
08|08284|V|6155|1|6156
08|08285|V|5241|1|5242
08|08285|M|4267|0|4267
08|08286|M|1197|0|1197
08|08286|V|1527|0|1527
08|08287|M|458|0|458
08|08287|V|589|0|589
08|08288|V|905|1|906
08|08288|M|635|0|635
08|08289|V|2164|0|2164
08|08289|M|1942|0|1942
08|08290|V|761|0|761
08|08290|M|667|0|667
08|08291|V|2555|0|2555
08|08291|M|2327|0|2327
08|08292|V|511|0|511
08|08292|M|390|0|390
08|08293|V|95|0|95
08|08293|M|63|0|63
08|08294|M|948|0|948
08|08294|V|1087|0|1087
08|08295|M|4607|0|4607
08|08295|V|5654|0|5654
08|08296|M|851|0|851
08|08296|V|989|0|989
08|08297|M|42|0|42
08|08297|V|52|0|52
08|08298|M|11741|0|11741
08|08298|V|15265|0|15265
08|08299|M|111|0|111
08|08299|V|157|0|157
08|08300|V|2737|0|2737
08|08300|M|2539|0|2539
08|08301|M|16099|0|16099
08|08301|V|22522|1|22522
08|08302|M|3479|0|3479
08|08302|V|4471|0|4471
08|08303|V|107|0|107
08|08303|M|99|0|99
08|08304|V|435|0|435
08|08304|M|382|0|382
08|08305|V|13921|0|13921
08|08305|M|10989|0|10989
08|08306|M|195|0|195
08|08306|V|257|0|257
08|08307|M|17902|0|17902
08|08307|V|22754|0|22754
08|08308|V|58|0|58
08|08308|M|46|0|46
08|08901|M|90|0|90
08|08901|V|103|0|103
08|08902|M|1772|0|1772
08|08902|V|2009|0|2009
08|08903|V|87|0|87
08|08903|M|59|0|59
08|08904|M|2861|0|2861
08|08904|V|4009|0|4009
08|08905|M|898|0|898
08|08905|V|996|0|996
09|09001|M|23|0|23
09|09001|V|36|0|36
09|09003|V|64|1|65
09|09003|M|51|0|51
09|09006|V|18|0|18
09|09006|M|7|0|7
09|09007|V|14|0|14
09|09007|M|9|0|9
09|09009|M|61|0|61
09|09009|V|84|1|84
09|09010|V|19|0|19
09|09010|M|3|0|3
09|09011|M|12|0|12
09|09011|V|32|0|32
09|09012|V|51|0|51
09|09012|M|26|0|26
09|09013|V|23|0|23
09|09013|M|10|0|10
09|09014|M|32|0|32
09|09014|V|65|0|65
09|09016|M|28|0|28
09|09016|V|46|0|46
09|09017|M|19|0|19
09|09017|V|60|0|60
09|09018|V|12374|3|12376
09|09018|M|8731|0|8731
09|09019|V|66|0|66
09|09019|M|20|0|20
09|09020|V|114|0|114
09|09020|M|66|0|66
09|09021|V|17|0|17
09|09021|M|8|0|8
09|09022|M|9|0|9
09|09022|V|25|0|25
09|09023|M|515|0|515
09|09023|V|599|0|599
09|09024|M|39|0|39
09|09024|V|67|0|67
09|09025|V|52|0|52
09|09025|M|28|0|28
09|09026|M|60|0|60
09|09026|V|120|0|120
09|09027|V|14|0|14
09|09027|M|10|0|10
09|09029|M|39|0|39
09|09029|V|61|0|61
09|09030|V|31|0|31
09|09030|M|19|0|19
09|09032|V|40|0|40
09|09032|M|15|0|15
09|09033|V|32|0|32
09|09033|M|21|0|21
09|09034|V|95|0|95
09|09034|M|53|0|53
09|09035|V|111|0|111
09|09035|M|53|0|53
09|09036|M|6|0|6
09|09036|V|14|0|14
09|09037|V|31|0|31
09|09037|M|8|0|8
09|09038|V|46|0|46
09|09038|M|24|0|24
09|09039|M|6|0|6
09|09039|V|23|0|23
09|09041|V|9|0|9
09|09041|M|5|0|5
09|09043|M|31|0|31
09|09043|V|60|0|60
09|09044|V|20|0|20
09|09044|M|11|0|11
09|09045|V|116|0|116
09|09045|M|49|0|49
09|09046|V|8|0|8
09|09046|M|3|0|3
09|09047|M|12|0|12
09|09047|V|23|0|23
09|09048|V|647|0|647
09|09048|M|381|0|381
09|09050|M|18|0|18
09|09050|V|24|0|24
09|09051|V|73|0|73
09|09051|M|40|0|40
09|09052|M|1|0|1
09|09052|V|11|0|11
09|09054|M|14|0|14
09|09054|V|38|0|38
09|09055|M|7|0|7
09|09055|V|23|0|23
09|09056|V|2472|0|2472
09|09056|M|1527|0|1527
09|09057|M|41|0|41
09|09057|V|74|0|74
09|09058|V|224|0|224
09|09058|M|167|0|167
09|09059|V|61284|4|61288
09|09059|M|46150|0|46150
09|09060|M|17|0|17
09|09060|V|48|0|48
09|09061|V|64|0|64
09|09061|M|26|0|26
09|09062|V|9|0|9
09|09062|M|3|0|3
09|09063|M|69|0|69
09|09063|V|113|0|113
09|09064|V|106|0|106
09|09064|M|59|0|59
09|09065|V|54|1|54
09|09065|M|29|0|29
09|09066|M|7|0|7
09|09066|V|21|0|21
09|09067|M|78|0|78
09|09067|V|137|0|137
09|09068|V|13|0|13
09|09068|M|2|0|2
09|09070|V|18|0|18
09|09070|M|7|0|7
09|09071|V|10|0|10
09|09071|M|7|0|7
09|09072|V|191|0|191
09|09072|M|153|0|153
09|09073|M|421|0|421
09|09073|V|555|0|555
09|09074|M|325|0|325
09|09074|V|436|0|436
09|09075|V|30|0|30
09|09075|M|24|0|24
09|09076|M|1|0|1
09|09076|V|14|0|14
09|09077|M|5|0|5
09|09077|V|14|0|14
09|09078|M|2|0|2
09|09078|V|9|0|9
09|09079|V|19|0|19
09|09079|M|4|0|4
09|09082|V|21|0|21
09|09082|M|9|0|9
09|09083|V|9|0|9
09|09083|M|2|0|2
09|09084|V|72|0|72
09|09084|M|21|0|21
09|09085|V|251|0|251
09|09085|M|155|0|155
09|09086|M|244|0|244
09|09086|V|294|0|294
09|09088|V|23|0|23
09|09088|M|5|0|5
09|09090|V|20|0|20
09|09090|M|11|0|11
09|09091|M|148|0|148
09|09091|V|280|1|280
09|09093|V|61|1|62
09|09093|M|42|0|42
09|09094|V|24|0|24
09|09094|M|10|0|10
09|09095|M|17|0|17
09|09095|V|35|0|35
09|09098|V|203|0|203
09|09098|M|97|0|97
09|09100|M|2|0|2
09|09100|V|15|0|15
09|09101|M|8|0|8
09|09101|V|32|0|32
09|09102|M|2|0|2
09|09102|V|13|0|13
09|09103|M|26|0|26
09|09103|V|79|0|79
09|09104|M|7|0|7
09|09104|V|16|0|16
09|09105|M|16|0|16
09|09105|V|37|0|37
09|09108|V|235|1|235
09|09108|M|158|0|158
09|09109|V|656|0|656
09|09109|M|445|0|445
09|09110|M|4|0|4
09|09110|V|23|0|23
09|09112|M|14|0|14
09|09112|V|37|0|37
09|09113|M|100|0|100
09|09113|V|197|0|197
09|09114|M|16|0|16
09|09114|V|30|0|30
09|09115|M|19|0|19
09|09115|V|34|0|34
09|09117|V|44|0|44
09|09117|M|21|0|21
09|09119|M|5|0|5
09|09119|V|12|0|12
09|09120|V|14|0|14
09|09120|M|2|0|2
09|09122|V|29|0|29
09|09122|M|5|0|5
09|09123|M|7|0|7
09|09123|V|15|0|15
09|09124|M|406|0|406
09|09124|V|614|6|614
09|09125|V|223|0|223
09|09125|M|78|0|78
09|09127|V|18|0|18
09|09127|M|9|0|9
09|09128|M|22|0|22
09|09128|V|37|0|37
09|09129|V|29|0|29
09|09129|M|13|0|13
09|09130|V|29|0|29
09|09130|M|10|0|10
09|09131|V|239|0|239
09|09131|M|182|0|182
09|09132|V|80|1|80
09|09132|M|31|0|31
09|09133|V|16|0|16
09|09133|M|11|0|11
09|09134|V|103|0|103
09|09134|M|64|0|64
09|09135|V|22|0|22
09|09135|M|11|0|11
09|09136|V|85|0|85
09|09136|M|41|0|41
09|09137|M|53|0|53
09|09137|V|84|0|84
09|09138|M|14|0|14
09|09138|V|35|0|35
09|09139|V|45|0|45
09|09139|M|11|0|11
09|09140|M|26|0|26
09|09140|V|50|0|50
09|09141|M|243|0|243
09|09141|V|319|0|319
09|09143|V|14|0|14
09|09143|M|5|0|5
09|09144|V|18|0|18
09|09144|M|3|0|3
09|09148|M|20|0|20
09|09148|V|37|0|37
09|09149|V|24|0|24
09|09149|M|6|0|6
09|09151|M|128|0|128
09|09151|V|215|1|215
09|09152|M|75|0|75
09|09152|V|133|0|133
09|09154|V|60|0|60
09|09154|M|28|0|28
09|09155|M|2|0|2
09|09155|V|5|0|5
09|09159|M|9|0|9
09|09159|V|25|0|25
09|09160|V|37|0|37
09|09160|M|11|0|11
09|09162|V|63|0|63
09|09162|M|34|0|34
09|09163|M|116|0|116
09|09163|V|228|0|228
09|09164|V|66|0|66
09|09164|M|26|0|26
09|09166|V|31|0|31
09|09166|M|16|0|16
09|09167|V|21|0|21
09|09167|M|8|0|8
09|09168|V|122|0|122
09|09168|M|57|0|57
09|09169|V|36|0|36
09|09169|M|12|0|12
09|09170|V|74|0|74
09|09170|M|44|0|44
09|09172|V|42|0|42
09|09172|M|23|0|23
09|09173|M|16|0|16
09|09173|V|38|0|38
09|09174|V|338|1|338
09|09174|M|191|0|191
09|09175|V|57|0|57
09|09175|M|14|0|14
09|09176|M|14|0|14
09|09176|V|28|0|28
09|09177|M|388|0|388
09|09177|V|528|1|528
09|09178|V|12|0|12
09|09178|M|3|0|3
09|09179|M|9|0|9
09|09179|V|17|0|17
09|09180|V|49|0|49
09|09180|M|14|0|14
09|09181|V|98|0|98
09|09181|M|63|0|63
09|09182|V|20|0|20
09|09182|M|10|0|10
09|09183|V|7|0|7
09|09183|M|2|0|2
09|09184|M|1|0|1
09|09184|V|5|0|5
09|09189|M|24|0|24
09|09189|V|46|0|46
09|09190|V|40|0|40
09|09190|M|25|0|25
09|09191|V|9|0|9
09|09191|M|1|0|1
09|09192|M|11|0|11
09|09192|V|20|0|20
09|09194|V|999|0|999
09|09194|M|635|0|635
09|09195|M|3|0|3
09|09195|V|14|0|14
09|09196|V|41|0|41
09|09196|M|17|0|17
09|09197|M|29|0|29
09|09197|V|61|0|61
09|09198|M|9|0|9
09|09198|V|38|0|38
09|09199|M|26|0|26
09|09199|V|41|0|41
09|09200|V|8|0|8
09|09200|M|3|0|3
09|09201|M|3|0|3
09|09201|V|11|0|11
09|09202|M|3|0|3
09|09202|V|11|0|11
09|09206|V|22|0|22
09|09206|M|8|0|8
09|09208|V|64|0|64
09|09208|M|30|0|30
09|09209|M|1525|0|1525
09|09209|V|2270|0|2270
09|09211|V|606|2|606
09|09211|M|321|0|321
09|09213|M|50|0|50
09|09213|V|113|0|113
09|09214|M|156|0|156
09|09214|V|301|0|301
09|09215|V|148|0|148
09|09215|M|93|0|93
09|09216|V|160|0|160
09|09216|M|98|0|98
09|09217|V|146|0|146
09|09217|M|65|0|65
09|09218|V|139|0|139
09|09218|M|97|0|97
09|09219|V|12720|3|12723
09|09219|M|8346|0|8346
09|09220|M|7|0|7
09|09220|V|30|0|30
09|09221|M|201|0|201
09|09221|V|267|0|267
09|09223|M|5|0|5
09|09223|V|13|0|13
09|09224|V|73|0|73
09|09224|M|35|0|35
09|09225|M|4|0|4
09|09225|V|32|0|32
09|09226|V|9|0|9
09|09226|M|3|0|3
09|09227|V|53|0|53
09|09227|M|32|0|32
09|09228|M|41|0|41
09|09228|V|67|0|67
09|09229|V|84|0|84
09|09229|M|39|0|39
09|09230|M|3|0|3
09|09230|V|8|0|8
09|09231|M|3|0|3
09|09231|V|23|0|23
09|09232|V|30|0|30
09|09232|M|11|0|11
09|09235|M|27|0|27
09|09235|V|75|0|75
09|09236|V|13|0|13
09|09236|M|2|0|2
09|09238|M|130|0|130
09|09238|V|282|0|282
09|09239|V|16|1|16
09|09239|M|11|0|11
09|09241|V|118|0|118
09|09241|M|81|0|81
09|09242|V|36|0|36
09|09242|M|8|0|8
09|09243|V|29|0|29
09|09243|M|12|0|12
09|09244|V|17|0|17
09|09244|M|6|0|6
09|09246|V|255|0|255
09|09246|M|138|0|138
09|09247|M|3|0|3
09|09247|V|9|0|9
09|09248|M|3|0|3
09|09248|V|14|0|14
09|09249|V|24|0|24
09|09249|M|10|0|10
09|09250|M|61|0|61
09|09250|V|102|0|102
09|09251|V|171|0|171
09|09251|M|93|0|93
09|09253|V|40|0|40
09|09253|M|22|0|22
09|09255|V|18|0|18
09|09255|M|5|0|5
09|09256|V|176|0|176
09|09256|M|99|0|99
09|09257|M|18|0|18
09|09257|V|41|0|41
09|09258|M|26|0|26
09|09258|V|64|0|64
09|09259|V|85|0|85
09|09259|M|26|0|26
09|09261|V|153|4|153
09|09261|M|88|0|88
09|09262|V|60|0|60
09|09262|M|27|0|27
09|09265|V|15|0|15
09|09265|M|3|0|3
09|09266|M|17|0|17
09|09266|V|29|0|29
09|09267|M|7|0|7
09|09267|V|35|0|35
09|09268|M|13|0|13
09|09268|V|33|0|33
09|09269|V|11|0|11
09|09269|M|4|0|4
09|09270|M|17|0|17
09|09270|V|39|0|39
09|09272|V|76|0|76
09|09272|M|50|0|50
09|09273|V|26|0|26
09|09273|M|8|0|8
09|09274|M|222|0|222
09|09274|V|361|1|361
09|09275|M|25|0|25
09|09275|V|71|0|71
09|09276|M|169|0|169
09|09276|V|239|0|239
09|09277|M|22|0|22
09|09277|V|47|0|47
09|09279|M|36|0|36
09|09279|V|73|0|73
09|09280|V|8|0|8
09|09280|M|2|0|2
09|09281|V|59|0|59
09|09281|M|39|0|39
09|09283|V|15|0|15
09|09283|M|5|0|5
09|09287|V|116|0|116
09|09287|M|93|0|93
09|09288|M|21|0|21
09|09288|V|36|0|36
09|09289|V|532|0|532
09|09289|M|293|0|293
09|09292|M|8|0|8
09|09292|V|23|0|23
09|09294|M|25|0|25
09|09294|V|48|0|48
09|09295|V|16|0|16
09|09295|M|11|0|11
09|09297|V|141|0|141
09|09297|M|89|0|89
09|09298|V|25|0|25
09|09298|M|15|0|15
09|09301|M|281|0|281
09|09301|V|346|0|346
09|09302|M|9|0|9
09|09302|V|36|0|36
09|09303|M|5|0|5
09|09303|V|9|0|9
09|09304|M|61|0|61
09|09304|V|74|0|74
09|09306|M|21|0|21
09|09306|V|29|0|29
09|09307|M|14|0|14
09|09307|V|38|0|38
09|09308|V|22|0|22
09|09308|M|8|0|8
09|09309|M|81|0|81
09|09309|V|116|0|116
09|09310|V|9|0|9
09|09311|V|23|0|23
09|09311|M|8|0|8
09|09312|M|18|0|18
09|09312|V|47|1|48
09|09314|V|22|0|22
09|09314|M|11|0|11
09|09315|M|187|0|187
09|09315|V|231|0|231
09|09316|M|17|0|17
09|09316|V|48|0|48
09|09317|M|4|0|4
09|09317|V|5|0|5
09|09318|M|3|0|3
09|09318|V|11|0|11
09|09321|M|474|0|474
09|09321|V|834|1|834
09|09323|V|24|1|24
09|09323|M|9|0|9
09|09325|M|17|0|17
09|09325|V|66|0|66
09|09326|M|43|0|43
09|09326|V|74|0|74
09|09327|M|4|0|4
09|09327|V|11|0|11
09|09328|M|13|0|13
09|09328|V|20|0|20
09|09329|V|54|0|54
09|09329|M|19|0|19
09|09330|V|683|0|683
09|09330|M|421|0|421
09|09332|M|55|0|55
09|09332|V|78|0|78
09|09334|V|20|0|20
09|09334|M|10|0|10
09|09335|M|7|0|7
09|09335|V|18|0|18
09|09337|V|47|0|47
09|09337|M|26|0|26
09|09338|V|110|0|110
09|09338|M|78|0|78
09|09339|V|69|0|69
09|09339|M|23|0|23
09|09340|M|3|0|3
09|09340|V|19|0|19
09|09343|M|20|0|20
09|09343|V|51|0|51
09|09345|M|20|0|20
09|09345|V|44|0|44
09|09346|M|9|0|9
09|09346|V|36|0|36
09|09347|V|63|0|63
09|09347|M|40|0|40
09|09348|V|55|0|55
09|09348|M|30|0|30
09|09350|V|196|0|196
09|09350|M|97|0|97
09|09351|M|6|0|6
09|09351|V|36|0|36
09|09352|M|10|0|10
09|09352|V|37|1|37
09|09353|M|14|0|14
09|09353|V|35|0|35
09|09354|V|15|0|15
09|09354|M|4|0|4
09|09355|V|26|0|26
09|09355|M|12|0|12
09|09356|V|16|0|16
09|09356|M|6|0|6
09|09358|V|93|2|93
09|09358|M|41|0|41
09|09360|M|2|0|2
09|09360|V|10|0|10
09|09361|V|26|0|26
09|09361|M|14|0|14
09|09362|M|74|0|74
09|09362|V|117|0|117
09|09363|V|371|4|375
09|09363|M|170|0|170
09|09365|M|3|0|3
09|09365|V|7|0|7
09|09366|V|22|0|22
09|09366|M|10|0|10
09|09368|M|1|0|1
09|09368|V|5|0|5
09|09369|V|204|0|204
09|09369|M|119|0|119
09|09372|M|99|0|99
09|09372|V|133|0|133
09|09373|V|176|0|176
09|09373|M|75|0|75
09|09374|M|12|0|12
09|09374|V|25|0|25
09|09375|M|12|0|12
09|09375|V|20|0|20
09|09377|M|231|0|231
09|09377|V|304|1|305
09|09378|V|8|0|8
09|09378|M|7|0|7
09|09380|V|22|0|22
09|09380|M|13|0|13
09|09381|V|5|0|5
09|09382|V|13|0|13
09|09382|M|4|0|4
09|09384|M|56|0|56
09|09384|V|135|0|135
09|09386|M|16|0|16
09|09386|V|24|0|24
09|09387|M|22|0|22
09|09387|V|36|0|36
09|09388|M|3|0|3
09|09388|V|10|0|10
09|09389|M|5|0|5
09|09389|V|36|0|36
09|09390|V|185|1|185
09|09390|M|92|0|92
09|09391|M|69|0|69
09|09391|V|132|0|132
09|09392|M|7|0|7
09|09392|V|19|0|19
09|09394|V|287|0|287
09|09394|M|175|0|175
09|09395|V|31|0|31
09|09395|M|15|0|15
09|09396|M|28|0|28
09|09396|V|59|0|59
09|09398|M|7|0|7
09|09398|V|32|0|32
09|09400|V|140|0|140
09|09400|M|91|0|91
09|09403|V|26|0|26
09|09403|M|12|0|12
09|09405|V|35|0|35
09|09405|M|18|0|18
09|09406|V|143|0|143
09|09406|M|79|0|79
09|09407|V|6|0|6
09|09408|V|10|0|10
09|09408|M|4|0|4
09|09409|M|21|0|21
09|09409|V|42|0|42
09|09410|M|1140|0|1140
09|09410|V|1604|1|1604
09|09411|V|51|0|51
09|09411|M|29|0|29
09|09412|M|166|0|166
09|09412|V|320|0|320
09|09413|M|104|0|104
09|09413|V|184|1|185
09|09414|M|22|0|22
09|09414|V|56|0|56
09|09415|M|71|0|71
09|09415|V|140|0|140
09|09416|V|20|0|20
09|09416|M|8|0|8
09|09417|M|3|0|3
09|09417|V|12|0|12
09|09418|M|18|0|18
09|09418|V|27|0|27
09|09419|M|9|0|9
09|09419|V|33|0|33
09|09421|M|38|0|38
09|09421|V|83|0|83
09|09422|M|3|0|3
09|09422|V|3|0|3
09|09423|M|4|0|4
09|09423|V|15|0|15
09|09424|V|17|0|17
09|09424|M|5|0|5
09|09425|V|196|0|196
09|09425|M|109|0|109
09|09427|V|581|1|581
09|09427|M|268|0|268
09|09428|V|40|0|40
09|09428|M|15|0|15
09|09429|V|20|0|20
09|09429|M|7|0|7
09|09430|M|4|0|4
09|09430|V|6|0|6
09|09431|V|38|0|38
09|09431|M|24|0|24
09|09432|M|24|0|24
09|09432|V|70|0|70
09|09433|V|21|0|21
09|09433|M|11|0|11
09|09434|V|700|0|700
09|09434|M|560|0|560
09|09437|M|42|0|42
09|09437|V|82|1|82
09|09438|V|291|0|291
09|09438|M|206|0|206
09|09439|V|563|0|563
09|09439|M|472|0|472
09|09440|M|8|0|8
09|09440|V|27|0|27
09|09441|V|29|0|29
09|09441|M|14|0|14
09|09442|V|168|1|169
09|09442|M|109|0|109
09|09443|V|57|0|57
09|09443|M|26|0|26
09|09444|M|13|0|13
09|09444|V|28|0|28
09|09445|V|11|0|11
09|09445|M|2|0|2
09|09446|M|1|0|1
09|09446|V|3|0|3
09|09447|M|2|0|2
09|09447|V|8|0|8
09|09448|V|82|0|82
09|09448|M|22|0|22
09|09449|M|23|0|23
09|09449|V|45|0|45
09|09450|V|6|0|6
09|09450|M|4|0|4
09|09451|M|72|0|72
09|09451|V|110|0|110
09|09454|M|6|0|6
09|09454|V|22|0|22
09|09455|V|24|0|24
09|09455|M|8|0|8
09|09456|M|25|0|25
09|09456|V|58|0|58
09|09458|M|206|0|206
09|09458|V|271|1|272
09|09460|M|30|0|30
09|09460|V|69|0|69
09|09463|M|41|0|41
09|09463|V|77|0|77
09|09464|V|11|0|11
09|09464|M|7|0|7
09|09466|V|36|0|36
09|09466|M|8|0|8
09|09467|V|35|0|35
09|09467|M|7|0|7
09|09471|M|60|0|60
09|09471|V|82|0|82
09|09472|V|29|0|29
09|09472|M|8|0|8
09|09473|M|10|0|10
09|09473|V|30|0|30
09|09476|M|1|0|1
09|09476|V|20|0|20
09|09478|V|14|0|14
09|09478|M|1|0|1
09|09480|M|15|0|15
09|09480|V|29|0|29
09|09482|V|13|0|13
09|09482|M|8|0|8
09|09483|M|59|0|59
09|09483|V|87|0|87
09|09485|V|14|0|14
09|09485|M|6|0|6
09|09901|M|75|0|75
09|09901|V|133|1|133
09|09902|V|187|0|187
09|09902|M|83|0|83
09|09903|V|1582|0|1582
09|09903|M|1012|0|1012
09|09904|M|99|0|99
09|09904|V|200|0|200
09|09905|V|132|0|132
09|09905|M|71|0|71
09|09906|V|489|0|489
09|09906|M|289|0|289
09|09907|M|624|0|624
09|09907|V|780|0|780
09|09908|V|226|1|226
09|09908|M|116|0|116
10|10000|V|49|0|49
10|10000|M|30|0|30
10|10001|M|100|0|100
10|10001|V|184|1|184
10|10002|M|83|0|83
10|10002|V|168|0|168
10|10003|M|117|0|117
10|10003|V|199|0|199
10|10004|M|177|0|177
10|10004|V|311|0|311
10|10005|M|133|0|133
10|10005|V|220|1|220
10|10006|M|302|1|302
10|10006|V|501|6|501
10|10007|M|122|0|122
10|10007|V|242|1|242
10|10008|M|302|0|302
10|10008|V|483|0|483
10|10009|V|91|0|91
10|10009|M|51|0|51
10|10010|V|941|0|941
10|10010|M|560|0|560
10|10011|V|229|0|229
10|10011|M|125|0|125
10|10012|M|142|0|142
10|10012|V|220|0|220
10|10013|V|122|1|122
10|10013|M|62|0|62
10|10014|V|780|0|780
10|10014|M|556|0|556
10|10015|M|174|0|174
10|10015|V|251|1|251
10|10016|M|93|0|93
10|10016|V|152|0|152
10|10017|M|134|0|134
10|10017|V|270|0|270
10|10018|V|687|1|687
10|10018|M|381|0|381
10|10019|M|380|0|380
10|10019|V|538|0|538
10|10020|M|396|0|396
10|10020|V|732|0|732
10|10021|M|1368|0|1368
10|10021|V|2145|1|2145
10|10022|M|84|0|84
10|10022|V|122|0|122
10|10023|M|208|0|208
10|10023|V|332|1|332
10|10024|M|155|0|155
10|10024|V|203|0|203
10|10025|V|148|0|148
10|10025|M|99|0|99
10|10026|V|294|0|294
10|10026|M|202|0|202
10|10027|V|27|0|27
10|10027|M|15|0|15
10|10028|M|12|0|12
10|10028|V|36|0|36
10|10029|M|76|0|76
10|10029|V|146|0|146
10|10030|V|163|0|163
10|10030|M|96|0|96
10|10031|V|74|0|74
10|10031|M|40|0|40
10|10032|M|387|0|387
10|10032|V|655|1|655
10|10033|M|81|0|81
10|10033|V|150|0|150
10|10034|M|67|0|67
10|10034|V|108|0|108
10|10035|M|519|0|519
10|10035|V|806|0|806
10|10036|M|66|0|66
10|10036|V|138|0|138
10|10037|V|33331|0|33331
10|10037|M|28095|0|28095
10|10038|M|15|0|15
10|10038|V|27|0|27
10|10039|V|162|0|162
10|10039|M|91|0|91
10|10040|M|98|0|98
10|10040|V|181|0|181
10|10041|M|285|0|285
10|10041|V|446|0|446
10|10042|V|26|0|26
10|10042|M|7|0|7
10|10043|M|201|0|201
10|10043|V|350|0|350
10|10044|V|661|0|661
10|10044|M|421|0|421
10|10045|M|205|0|205
10|10045|V|400|0|400
10|10046|M|38|0|38
10|10046|V|67|0|67
10|10047|M|298|0|298
10|10047|V|432|0|432
10|10048|M|34|0|34
10|10048|V|72|1|72
10|10049|M|1234|0|1234
10|10049|V|1664|0|1664
10|10050|V|372|1|372
10|10050|M|213|0|213
10|10051|M|40|0|40
10|10051|V|112|0|112
10|10052|M|28|0|28
10|10052|V|65|0|65
10|10053|M|50|0|50
10|10053|V|125|0|125
10|10054|V|214|0|214
10|10054|M|149|0|149
10|10055|V|288|0|288
10|10055|M|198|0|198
10|10056|V|178|0|178
10|10056|M|96|0|96
10|10057|V|40|0|40
10|10057|M|12|0|12
10|10058|V|512|0|512
10|10058|M|325|0|325
10|10059|V|139|0|139
10|10059|M|75|0|75
10|10060|M|256|0|256
10|10060|V|415|0|415
10|10061|M|369|0|369
10|10061|V|696|0|696
10|10062|V|157|0|157
10|10062|M|74|0|74
10|10063|V|57|0|57
10|10063|M|32|0|32
10|10064|M|346|0|346
10|10064|V|599|0|599
10|10065|V|69|0|69
10|10065|M|56|0|56
10|10066|V|63|0|63
10|10066|M|42|0|42
10|10067|V|4676|2|4676
10|10067|M|3235|0|3235
10|10068|M|207|0|207
10|10068|V|293|1|293
10|10069|V|344|0|344
10|10069|M|205|0|205
10|10070|M|186|0|186
10|10070|V|271|0|271
10|10071|V|38|0|38
10|10071|M|12|0|12
10|10072|V|342|1|342
10|10072|M|195|0|195
10|10073|M|207|0|207
10|10073|V|353|3|353
10|10075|V|96|0|96
10|10075|M|56|0|56
10|10076|V|342|0|342
10|10076|M|239|0|239
10|10077|V|268|0|268
10|10077|M|144|0|144
10|10078|M|76|0|76
10|10078|V|151|0|151
10|10079|V|360|0|360
10|10079|M|216|0|216
10|10080|M|80|0|80
10|10080|V|135|5|139
10|10081|V|65|0|65
10|10081|M|27|0|27
10|10082|M|410|0|410
10|10082|V|710|0|710
10|10083|M|29|0|29
10|10083|V|41|0|41
10|10084|M|288|0|288
10|10084|V|512|0|512
10|10085|V|114|0|114
10|10085|M|68|0|68
10|10086|M|71|0|71
10|10086|V|117|0|117
10|10087|V|652|0|652
10|10087|M|411|0|411
10|10088|M|41|0|41
10|10088|V|77|1|77
10|10089|M|408|0|408
10|10089|V|604|0|604
10|10090|V|188|0|188
10|10090|M|82|0|82
10|10091|M|81|0|81
10|10091|V|133|0|133
10|10092|M|65|0|65
10|10092|V|109|0|109
10|10093|M|106|0|106
10|10093|V|146|0|146
10|10094|M|35|0|35
10|10094|V|97|0|97
10|10095|V|141|0|141
10|10095|M|70|0|70
10|10096|M|1018|0|1018
10|10096|V|1377|0|1377
10|10097|V|34|0|34
10|10097|M|16|0|16
10|10098|M|72|0|72
10|10098|V|134|0|134
10|10099|V|245|0|245
10|10099|M|154|0|154
10|10100|M|221|0|221
10|10100|V|329|1|329
10|10101|M|47|0|47
10|10101|V|70|0|70
10|10102|V|201|0|201
10|10102|M|134|0|134
10|10103|V|161|0|161
10|10103|M|105|0|105
10|10104|V|2447|1|2447
10|10104|M|1782|0|1782
10|10105|V|1137|0|1137
10|10105|M|817|0|817
10|10106|V|44|0|44
10|10106|M|27|0|27
10|10107|V|426|0|426
10|10107|M|298|0|298
10|10108|M|24|0|24
10|10108|V|59|0|59
10|10109|V|704|1|704
10|10109|M|401|0|401
10|10110|V|1043|0|1043
10|10110|M|721|0|721
10|10111|V|636|0|636
10|10111|M|395|0|395
10|10112|V|704|1|704
10|10112|M|380|0|380
10|10113|V|921|0|921
10|10113|M|644|0|644
10|10114|M|331|0|331
10|10114|V|486|0|486
10|10115|M|1102|0|1102
10|10115|V|1599|0|1599
10|10116|V|1751|0|1751
10|10116|M|1342|0|1342
10|10117|V|80|0|80
10|10117|M|41|0|41
10|10118|M|62|0|62
10|10118|V|113|0|113
10|10119|V|222|0|222
10|10119|M|107|0|107
10|10120|V|40|0|40
10|10120|M|31|0|31
10|10121|M|2494|0|2494
10|10121|V|3844|8|3846
10|10122|M|49|0|49
10|10122|V|85|0|85
10|10123|M|138|0|138
10|10123|V|240|0|240
10|10124|V|350|4|350
10|10124|M|214|0|214
10|10125|V|372|0|372
10|10125|M|234|0|234
10|10126|V|577|0|577
10|10126|M|353|0|353
10|10127|V|2183|2|2183
10|10127|M|1551|0|1551
10|10128|M|1788|0|1788
10|10128|V|2656|0|2656
10|10129|M|102|0|102
10|10129|V|144|0|144
10|10130|M|541|0|541
10|10130|V|721|3|721
10|10131|V|6306|0|6306
10|10131|M|4719|0|4719
10|10132|V|136|0|136
10|10132|M|91|0|91
10|10133|V|499|0|499
10|10133|M|280|0|280
10|10134|M|150|0|150
10|10134|V|226|0|226
10|10135|M|276|0|276
10|10135|V|481|0|481
10|10136|M|59|0|59
10|10136|V|124|0|124
10|10137|V|148|1|148
10|10137|M|78|0|78
10|10138|M|140|0|140
10|10138|V|209|0|209
10|10139|V|42|0|42
10|10139|M|24|0|24
10|10140|M|337|0|337
10|10140|V|559|0|559
10|10141|M|39|0|39
10|10141|V|101|0|101
10|10142|V|370|0|370
10|10142|M|201|0|201
10|10143|V|45|0|45
10|10143|M|19|0|19
10|10144|V|361|0|361
10|10144|M|207|0|207
10|10145|V|51|0|51
10|10145|M|31|0|31
10|10146|V|649|0|649
10|10146|M|413|0|413
10|10147|V|534|0|534
10|10147|M|385|0|385
10|10148|M|11253|0|11253
10|10148|V|13850|0|13850
10|10149|V|172|0|172
10|10149|M|101|0|101
10|10150|M|59|0|59
10|10150|V|128|0|128
10|10151|V|89|0|89
10|10151|M|36|0|36
10|10152|V|163|0|163
10|10152|M|95|0|95
10|10153|M|65|0|65
10|10153|V|110|0|110
10|10154|M|47|0|47
10|10154|V|88|0|88
10|10155|V|476|0|476
10|10155|M|296|0|296
10|10156|V|45|0|45
10|10156|M|18|0|18
10|10157|M|54|0|54
10|10157|V|96|0|96
10|10158|M|61|0|61
10|10158|V|117|0|117
10|10159|M|64|0|64
10|10159|V|140|0|140
10|10160|V|55|0|55
10|10160|M|41|0|41
10|10161|V|30|0|30
10|10161|M|13|0|13
10|10162|M|84|0|84
10|10162|V|229|0|229
10|10163|V|93|0|93
10|10163|M|54|0|54
10|10164|V|241|0|241
10|10164|M|156|0|156
10|10165|M|62|0|62
10|10165|V|82|0|82
10|10166|V|123|0|123
10|10166|M|90|0|90
10|10167|M|63|0|63
10|10167|V|117|0|117
10|10168|M|45|0|45
10|10168|V|99|0|99
10|10169|M|92|0|92
10|10169|V|168|0|168
10|10170|V|92|0|92
10|10170|M|52|0|52
10|10171|M|69|0|69
10|10171|V|146|0|146
10|10172|M|195|0|195
10|10172|V|290|0|290
10|10173|M|203|0|203
10|10173|V|302|0|302
10|10174|V|58|0|58
10|10174|M|43|0|43
10|10175|V|532|0|532
10|10175|M|357|0|357
10|10176|M|87|0|87
10|10176|V|130|0|130
10|10177|V|830|0|830
10|10177|M|559|0|559
10|10178|M|153|0|153
10|10178|V|271|0|271
10|10179|V|105|0|105
10|10179|M|69|0|69
10|10180|M|2066|0|2066
10|10180|V|3261|3|3261
10|10181|M|176|0|176
10|10181|V|332|1|332
10|10182|M|16|0|16
10|10182|V|37|0|37
10|10183|V|382|1|383
10|10183|M|259|0|259
10|10184|V|282|0|282
10|10184|M|159|0|159
10|10185|V|243|2|243
10|10185|M|142|0|142
10|10186|M|268|0|268
10|10186|V|391|0|391
10|10187|M|93|0|93
10|10187|V|192|0|192
10|10188|M|119|0|119
10|10188|V|207|0|207
10|10189|V|1185|0|1185
10|10189|M|757|0|757
10|10190|V|215|0|215
10|10190|M|112|0|112
10|10191|M|156|0|156
10|10191|V|246|0|246
10|10192|V|269|0|269
10|10192|M|162|0|162
10|10193|M|485|0|485
10|10193|V|608|0|608
10|10194|V|196|0|196
10|10194|M|139|0|139
10|10195|V|3270|0|3270
10|10195|M|2393|0|2393
10|10196|M|82|0|82
10|10196|V|116|0|116
10|10197|V|29|0|29
10|10197|M|14|0|14
10|10198|M|236|0|236
10|10198|V|381|0|381
10|10199|M|40|0|40
10|10199|V|77|0|77
10|10200|M|53|0|53
10|10200|V|95|0|95
10|10201|V|75|0|75
10|10201|M|52|0|52
10|10202|M|140|0|140
10|10202|V|239|0|239
10|10203|V|2004|2|2004
10|10203|M|1255|0|1255
10|10204|V|150|0|150
10|10204|M|99|0|99
10|10205|M|529|0|529
10|10205|V|862|1|862
10|10206|M|49|0|49
10|10206|V|76|0|76
10|10207|V|160|0|160
10|10207|M|97|0|97
10|10208|M|22|0|22
10|10208|V|33|0|33
10|10209|M|53|0|53
10|10209|V|128|0|128
10|10210|V|211|0|211
10|10210|M|109|0|109
10|10211|V|175|1|175
10|10211|M|95|0|95
10|10212|V|744|1|744
10|10212|M|552|0|552
10|10213|V|191|0|191
10|10213|M|95|0|95
10|10214|M|44|0|44
10|10214|V|77|0|77
10|10215|M|119|0|119
10|10215|V|172|0|172
10|10216|M|490|0|490
10|10216|V|689|1|689
10|10217|M|114|0|114
10|10217|V|187|0|187
10|10218|M|241|0|241
10|10218|V|431|0|431
10|10219|M|267|0|267
10|10219|V|522|0|522
10|10901|V|581|1|581
10|10901|M|393|0|393
10|10902|V|296|1|296
10|10902|M|181|0|181
10|10903|M|226|0|226
10|10903|V|355|0|355
10|10904|M|43|0|43
10|10904|V|60|0|60
11|11000|V|1|0|1
11|11001|V|1985|0|1985
11|11001|M|1331|0|1331
11|11002|V|1796|0|1796
11|11002|M|1143|0|1143
11|11003|V|596|0|596
11|11003|M|332|0|332
11|11004|M|31626|0|31626
11|11004|V|42379|0|42379
11|11005|M|1274|0|1274
11|11005|V|2180|2|2180
11|11006|V|12120|3|12120
11|11006|M|8364|0|8364
11|11007|M|5246|0|5246
11|11007|V|7989|0|7989
11|11008|V|8631|0|8631
11|11008|M|6787|0|6787
11|11009|V|183|0|183
11|11009|M|144|0|144
11|11010|V|2950|0|2950
11|11010|M|1889|0|1889
11|11011|V|829|0|829
11|11011|M|531|0|531
11|11012|V|34939|0|34939
11|11012|M|24746|0|24746
11|11013|V|1104|1|1104
11|11013|M|868|0|868
11|11014|V|8627|2|8627
11|11014|M|6609|0|6609
11|11015|M|24715|0|24715
11|11015|V|31370|6|31370
11|11016|M|5487|0|5487
11|11016|V|6937|1|6937
11|11017|V|1487|1|1487
11|11017|M|882|0|882
11|11018|V|656|0|656
11|11018|M|426|0|426
11|11019|M|515|0|515
11|11019|V|764|0|764
11|11020|V|75741|6|75741
11|11020|M|60900|0|60900
11|11021|M|2118|0|2118
11|11021|V|3001|0|3001
11|11022|V|21177|0|21177
11|11022|M|15376|0|15376
11|11023|V|4398|0|4398
11|11023|M|2910|0|2910
11|11024|V|2893|0|2893
11|11024|M|2042|0|2042
11|11025|M|1280|0|1280
11|11025|V|2185|1|2185
11|11026|V|2246|1|2246
11|11026|M|1589|0|1589
11|11027|M|26574|0|26574
11|11027|V|31268|0|31268
11|11028|V|14837|0|14837
11|11028|M|10959|0|10959
11|11029|M|1669|0|1669
11|11029|V|2670|0|2670
11|11030|V|10542|0|10542
11|11030|M|8125|0|8125
11|11031|V|32661|0|32661
11|11031|M|23905|0|23905
11|11032|V|25578|0|25578
11|11032|M|19760|0|19760
11|11033|V|11650|1|11650
11|11033|M|9042|0|9042
11|11034|M|620|0|620
11|11034|V|1016|0|1016
11|11035|V|6256|0|6256
11|11035|M|4266|0|4266
11|11036|V|310|0|310
11|11036|M|188|0|188
11|11037|M|1621|0|1621
11|11037|V|2667|0|2667
11|11038|M|4006|0|4006
11|11038|V|6048|1|6048
11|11039|V|4853|0|4853
11|11039|M|3320|0|3320
11|11040|M|82|0|82
11|11040|V|116|0|116
11|11041|V|4782|1|4783
11|11041|M|3145|0|3145
11|11042|V|508|0|508
11|11042|M|348|0|348
11|11901|V|2878|0|2878
11|11901|M|2028|0|2028
11|11902|V|1588|0|1588
11|11902|M|1178|0|1178
11|11903|V|504|1|504
11|11903|M|367|0|367
12|12000|M|67|0|67
12|12000|V|114|0|114
12|12001|V|384|1|384
12|12001|M|281|0|281
12|12002|V|130|0|130
12|12002|M|100|0|100
12|12003|M|305|0|305
12|12003|V|482|0|482
12|12004|M|1768|0|1768
12|12004|V|2518|1|2518
12|12005|M|3040|0|3040
12|12005|V|3952|2|3952
12|12006|M|40|0|40
12|12006|V|49|0|49
12|12007|V|309|0|309
12|12007|M|231|0|231
12|12008|M|46|0|46
12|12008|V|94|0|94
12|12009|V|9778|0|9778
12|12009|M|7849|0|7849
12|12010|V|85|0|85
12|12010|M|57|0|57
12|12011|V|2413|1|2413
12|12011|M|1874|0|1874
12|12012|M|963|0|963
12|12012|V|1453|0|1453
12|12013|M|30|0|30
12|12013|V|46|0|46
12|12014|V|63|0|63
12|12014|M|35|0|35
12|12015|V|41|0|41
12|12015|M|25|0|25
12|12016|M|520|0|520
12|12016|V|696|0|696
12|12017|M|32|0|32
12|12017|V|58|0|58
12|12018|M|74|0|74
12|12018|V|113|0|113
12|12020|M|42|0|42
12|12020|V|73|0|73
12|12021|M|1687|0|1687
12|12021|V|2121|0|2121
12|12022|V|137|1|137
12|12022|M|63|0|63
12|12024|V|63|0|63
12|12024|M|38|0|38
12|12025|M|26|0|26
12|12025|V|48|0|48
12|12026|V|397|1|397
12|12026|M|293|0|293
12|12027|M|7469|0|7469
12|12027|V|9883|0|9883
12|12028|M|5535|0|5535
12|12028|V|6462|0|6462
12|12029|M|272|0|272
12|12029|V|429|0|429
12|12031|M|1709|0|1709
12|12031|V|2094|0|2094
12|12032|M|9535|0|9535
12|12032|V|13120|0|13120
12|12033|V|1225|1|1225
12|12033|M|821|0|821
12|12034|V|732|0|732
12|12034|M|582|0|582
12|12036|V|255|0|255
12|12036|M|175|0|175
12|12037|V|10|0|10
12|12037|M|4|0|4
12|12038|M|41|0|41
12|12038|V|72|0|72
12|12039|M|256|0|256
12|12039|V|381|1|381
12|12040|M|49035|0|49035
12|12040|V|60518|1|60518
12|12041|M|12|0|12
12|12041|V|38|1|38
12|12042|M|186|0|186
12|12042|V|271|0|271
12|12043|V|250|1|250
12|12043|M|160|0|160
12|12044|M|163|0|163
12|12044|V|221|0|221
12|12045|V|145|1|145
12|12045|M|115|0|115
12|12046|M|28|0|28
12|12046|V|68|1|68
12|12048|M|65|0|65
12|12048|V|106|0|106
12|12049|M|155|0|155
12|12049|V|215|0|215
12|12050|V|653|1|653
12|12050|M|479|0|479
12|12051|V|174|0|174
12|12051|M|120|0|120
12|12052|M|192|0|192
12|12052|V|266|0|266
12|12053|M|782|0|782
12|12053|V|1134|0|1134
12|12055|M|14|0|14
12|12055|V|39|0|39
12|12056|M|83|0|83
12|12056|V|128|0|128
12|12057|M|186|0|186
12|12057|V|261|0|261
12|12058|M|10|0|10
12|12058|V|20|0|20
12|12059|V|109|0|109
12|12059|M|66|0|66
12|12060|M|163|0|163
12|12060|V|194|0|194
12|12061|V|170|0|170
12|12061|M|127|0|127
12|12063|V|10|0|10
12|12063|M|12|0|12
12|12064|M|15|0|15
12|12064|V|34|0|34
12|12065|M|31|0|31
12|12065|V|75|0|75
12|12067|V|254|0|254
12|12067|M|178|0|178
12|12068|V|24|0|24
12|12068|M|8|0|8
12|12069|M|5|0|5
12|12069|V|12|0|12
12|12070|M|179|0|179
12|12070|V|270|0|270
12|12071|M|413|0|413
12|12071|V|614|1|614
12|12072|V|502|0|502
12|12072|M|363|0|363
12|12073|V|57|0|57
12|12073|M|32|0|32
12|12074|V|379|0|379
12|12074|M|248|0|248
12|12075|M|52|0|52
12|12075|V|73|0|73
12|12076|V|34|0|34
12|12076|M|13|0|13
12|12077|M|2005|0|2005
12|12077|V|2685|1|2685
12|12078|V|111|0|111
12|12078|M|62|0|62
12|12079|M|98|0|98
12|12079|V|162|0|162
12|12080|M|663|0|663
12|12080|V|870|0|870
12|12081|V|269|0|269
12|12081|M|160|0|160
12|12082|V|5066|0|5066
12|12082|M|3667|0|3667
12|12083|M|29|0|29
12|12083|V|48|0|48
12|12084|V|9330|0|9330
12|12084|M|7083|0|7083
12|12085|V|3448|0|3448
12|12085|M|2288|0|2288
12|12087|V|8|0|8
12|12087|M|5|0|5
12|12088|V|20|0|20
12|12088|M|11|0|11
12|12089|V|2584|2|2584
12|12089|M|1995|0|1995
12|12090|M|27|0|27
12|12090|V|47|1|47
12|12091|M|36|0|36
12|12091|V|55|1|55
12|12092|V|59|0|59
12|12092|M|20|0|20
12|12093|V|59|0|59
12|12093|M|38|0|38
12|12094|M|370|0|370
12|12094|V|505|0|505
12|12095|M|306|0|306
12|12095|V|453|0|453
12|12096|V|397|0|397
12|12096|M|261|0|261
12|12097|M|4|0|4
12|12097|V|15|0|15
12|12098|V|260|1|260
12|12098|M|191|0|191
12|12099|V|495|0|495
12|12099|M|374|0|374
12|12100|V|694|0|694
12|12100|M|529|0|529
12|12101|M|146|0|146
12|12101|V|171|0|171
12|12102|M|209|0|209
12|12102|V|305|0|305
12|12103|V|27|0|27
12|12103|M|20|0|20
12|12104|V|3368|1|3368
12|12104|M|2431|0|2431
12|12105|V|417|2|417
12|12105|M|277|0|277
12|12106|V|562|0|562
12|12106|M|377|0|377
12|12107|V|190|0|190
12|12107|M|125|0|125
12|12108|V|202|0|202
12|12108|M|133|0|133
12|12109|V|315|0|315
12|12109|M|228|0|228
12|12110|V|89|1|89
12|12110|M|39|0|39
12|12111|V|156|0|156
12|12111|M|101|0|101
12|12112|V|45|0|45
12|12112|M|32|0|32
12|12113|M|21|0|21
12|12113|V|32|0|32
12|12114|M|47|0|47
12|12114|V|77|0|77
12|12115|V|97|0|97
12|12115|M|50|0|50
12|12116|V|11|0|11
12|12116|M|4|0|4
12|12117|M|1533|0|1533
12|12117|V|2030|2|2030
12|12118|V|32|0|32
12|12118|M|20|0|20
12|12119|M|40|0|40
12|12119|V|61|0|61
12|12120|M|42|0|42
12|12120|V|69|0|69
12|12121|V|515|0|515
12|12121|M|324|0|324
12|12122|V|354|1|354
12|12122|M|238|0|238
12|12123|V|19|0|19
12|12123|M|9|0|9
12|12124|M|792|0|792
12|12124|V|1079|5|1079
12|12125|M|55|0|55
12|12125|V|104|0|104
12|12126|M|9017|0|9017
12|12126|V|11784|0|11784
12|12127|V|19|0|19
12|12127|M|12|0|12
12|12128|M|520|0|520
12|12128|V|757|0|757
12|12129|V|790|0|790
12|12129|M|585|0|585
12|12130|M|57|0|57
12|12130|V|135|2|135
12|12131|V|19|0|19
12|12131|M|6|0|6
12|12132|M|127|0|127
12|12132|V|238|1|238
12|12133|V|25|0|25
12|12133|M|14|0|14
12|12134|M|38|0|38
12|12134|V|67|0|67
12|12135|M|14819|0|14819
12|12135|V|18913|0|18913
12|12136|V|1199|0|1199
12|12136|M|855|0|855
12|12137|M|7|0|7
12|12137|V|13|0|13
12|12138|M|8090|0|8090
12|12138|V|10314|0|10314
12|12139|V|115|0|115
12|12139|M|66|0|66
12|12140|V|596|3|596
12|12140|M|414|0|414
12|12141|V|38|0|38
12|12141|M|32|0|32
12|12142|V|74|1|74
12|12142|M|40|0|40
12|12901|V|1763|0|1763
12|12901|M|1387|0|1387
12|12902|M|999|0|999
12|12902|V|1275|0|1275
13|13000|V|8|0|8
13|13000|M|1|0|1
13|13001|M|276|0|276
13|13001|V|497|5|497
13|13002|V|563|0|563
13|13002|M|361|0|361
13|13003|M|93|0|93
13|13003|V|171|0|171
13|13004|M|220|0|220
13|13004|V|449|3|449
13|13005|V|10887|7|10887
13|13005|M|8209|0|8209
13|13006|M|133|0|133
13|13006|V|226|1|226
13|13007|M|344|0|344
13|13007|V|575|1|575
13|13008|M|98|0|98
13|13008|V|184|2|184
13|13009|M|314|0|314
13|13009|V|619|3|619
13|13010|V|374|1|374
13|13010|M|207|0|207
13|13011|V|1818|1|1818
13|13011|M|1164|0|1164
13|13012|V|182|0|182
13|13012|M|87|0|87
13|13013|V|3381|3|3381
13|13013|M|2342|0|2342
13|13014|M|100|0|100
13|13014|V|209|2|209
13|13015|V|2216|11|2216
13|13015|M|1296|0|1296
13|13016|V|255|0|255
13|13016|M|176|0|176
13|13017|V|94|0|94
13|13017|M|30|0|30
13|13018|V|389|1|389
13|13018|M|234|0|234
13|13019|V|2544|4|2547
13|13019|M|1851|0|1851
13|13020|M|1323|0|1323
13|13020|V|2142|3|2142
13|13021|V|136|1|136
13|13021|M|70|0|70
13|13022|M|69|0|69
13|13022|V|141|1|141
13|13023|M|2991|0|2991
13|13023|V|4332|10|4336
13|13024|M|209|0|209
13|13024|V|399|0|399
13|13025|V|132|1|132
13|13025|M|57|0|57
13|13026|V|152|1|152
13|13026|M|71|0|71
13|13027|V|1388|2|1388
13|13027|M|760|0|760
13|13028|M|3477|0|3477
13|13028|V|5041|11|5044
13|13029|V|32|0|32
13|13029|M|12|0|12
13|13030|M|25|0|25
13|13030|V|54|0|54
13|13031|M|862|0|862
13|13031|V|1202|6|1204
13|13032|M|294|0|294
13|13032|V|474|4|474
13|13033|V|703|6|703
13|13033|M|466|0|466
13|13034|V|24680|1|24680
13|13034|M|20446|0|20446
13|13035|V|429|1|429
13|13035|M|250|0|250
13|13036|V|315|1|315
13|13036|M|174|0|174
13|13037|M|203|0|203
13|13037|V|384|3|386
13|13038|V|687|0|687
13|13038|M|427|0|427
13|13039|M|4330|0|4330
13|13039|V|6552|5|6552
13|13040|V|332|1|332
13|13040|M|233|0|233
13|13041|V|86|0|86
13|13041|M|34|0|34
13|13042|V|415|0|415
13|13042|M|230|0|230
13|13043|M|39|0|39
13|13043|V|82|0|82
13|13044|V|1197|4|1199
13|13044|M|675|0|675
13|13045|M|161|0|161
13|13045|V|265|2|265
13|13046|V|273|0|273
13|13046|M|175|0|175
13|13047|M|1985|0|1985
13|13047|V|3089|5|3091
13|13048|M|93|0|93
13|13048|V|192|0|192
13|13049|M|171|0|171
13|13049|V|316|0|316
13|13050|V|225|0|225
13|13050|M|117|0|117
13|13051|M|64|0|64
13|13051|V|131|0|131
13|13052|V|3073|19|3076
13|13052|M|2134|0|2134
13|13053|V|6457|4|6458
13|13053|M|4814|0|4814
13|13054|M|1706|0|1706
13|13054|V|2415|9|2416
13|13055|M|100|0|100
13|13055|V|228|0|228
13|13056|M|4357|0|4357
13|13056|V|5693|1|5693
13|13057|V|513|2|513
13|13057|M|302|0|302
13|13058|V|2006|9|2007
13|13058|M|1277|0|1277
13|13059|V|68|1|68
13|13059|M|38|0|38
13|13060|V|109|0|109
13|13060|M|52|0|52
13|13061|V|2816|9|2819
13|13061|M|2015|0|2015
13|13062|M|166|0|166
13|13062|V|275|0|275
13|13063|V|1681|1|1681
13|13063|M|1090|0|1090
13|13064|M|797|0|797
13|13064|V|993|0|993
13|13065|M|840|0|840
13|13065|V|1354|0|1354
13|13066|V|1397|2|1397
13|13066|M|956|0|956
13|13067|M|69|0|69
13|13067|V|146|0|146
13|13068|M|244|0|244
13|13068|V|416|0|416
13|13069|M|129|0|129
13|13069|V|257|1|257
13|13070|M|205|0|205
13|13070|V|349|0|349
13|13071|M|10321|0|10321
13|13071|V|15653|0|15653
13|13072|V|345|3|345
13|13072|M|188|0|188
13|13073|M|105|0|105
13|13073|V|217|0|217
13|13074|M|276|0|276
13|13074|V|437|2|438
13|13075|M|31|0|31
13|13075|V|72|0|72
13|13076|V|179|5|180
13|13076|M|98|0|98
13|13077|M|935|0|935
13|13077|V|1520|3|1520
13|13078|M|3149|0|3149
13|13078|V|4529|10|4529
13|13079|M|4197|0|4197
13|13079|V|6104|19|6113
13|13080|V|130|0|130
13|13080|M|49|0|49
13|13081|M|145|0|145
13|13081|V|268|2|268
13|13082|M|9827|0|9827
13|13082|V|13223|13|13227
13|13083|V|1128|3|1128
13|13083|M|743|0|743
13|13084|M|202|1|202
13|13084|V|362|4|362
13|13085|M|659|0|659
13|13085|V|1063|4|1064
13|13086|M|20|0|20
13|13086|V|66|0|66
13|13087|V|10845|13|10848
13|13087|M|7870|1|7871
13|13088|V|259|0|259
13|13088|M|150|0|150
13|13089|M|432|0|432
13|13089|V|711|4|712
13|13090|V|398|1|398
13|13090|M|245|0|245
13|13091|M|106|0|106
13|13091|V|170|1|170
13|13092|M|440|0|440
13|13092|V|744|6|744
13|13093|M|1201|0|1201
13|13093|V|1813|0|1813
13|13094|M|43|0|43
13|13094|V|91|0|91
13|13095|M|3|0|3
13|13095|V|22|0|22
13|13096|V|3786|8|3786
13|13096|M|2598|0|2598
13|13097|M|689|0|689
13|13097|V|1083|0|1083
13|13098|V|842|3|843
13|13098|M|456|0|456
13|13901|V|419|2|419
13|13901|M|288|0|288
13|13902|V|184|0|184
13|13902|M|127|0|127
13|13903|V|253|2|253
13|13903|M|150|0|150
13|13904|V|232|1|232
13|13904|M|143|0|143
14|14000|M|7|0|7
14|14000|V|33|0|33
14|14001|M|967|0|967
14|14001|V|1571|0|1571
14|14002|V|4995|1|4995
14|14002|M|3049|0|3049
14|14003|M|358|0|358
14|14003|V|523|1|523
14|14004|V|897|0|897
14|14004|M|675|0|675
14|14005|M|1852|0|1852
14|14005|V|2748|0|2748
14|14006|V|549|0|549
14|14006|M|412|0|412
14|14007|V|6529|1|6529
14|14007|M|4352|0|4352
14|14008|M|800|1|801
14|14008|V|1157|3|1157
14|14009|M|675|0|675
14|14009|V|1118|0|1118
14|14010|V|1879|0|1879
14|14010|M|1171|0|1171
14|14011|V|277|0|277
14|14011|M|154|0|154
14|14012|V|2692|1|2692
14|14012|M|1550|0|1550
14|14013|V|7319|2|7319
14|14013|M|5074|0|5074
14|14014|M|627|0|627
14|14014|V|1122|0|1122
14|14015|V|894|0|894
14|14015|M|643|0|643
14|14016|M|351|0|351
14|14016|V|586|0|586
14|14017|M|3926|0|3926
14|14017|V|5337|2|5337
14|14018|V|1670|0|1670
14|14018|M|1107|1|1107
14|14019|V|3045|3|3045
14|14019|M|1958|0|1958
14|14020|V|177|0|177
14|14020|M|99|0|99
14|14021|M|83720|0|83720
14|14021|V|109213|1|109214
14|14022|V|1677|0|1677
14|14022|M|946|0|946
14|14023|V|913|0|913
14|14023|M|666|0|666
14|14024|V|855|0|855
14|14024|M|541|0|541
14|14025|V|1242|0|1242
14|14025|M|718|0|718
14|14026|V|808|0|808
14|14026|M|524|0|524
14|14027|V|3577|1|3577
14|14027|M|2446|0|2446
14|14028|M|74|0|74
14|14028|V|121|0|121
14|14029|M|1065|0|1065
14|14029|V|1791|2|1791
14|14030|V|4113|0|4113
14|14030|M|3171|0|3171
14|14031|V|218|0|218
14|14031|M|174|0|174
14|14032|M|104|0|104
14|14032|V|164|0|164
14|14033|V|549|0|549
14|14033|M|425|0|425
14|14034|M|69|0|69
14|14034|V|121|0|121
14|14035|M|1693|0|1693
14|14035|V|2533|6|2535
14|14036|M|1206|0|1206
14|14036|V|1699|0|1699
14|14037|V|1485|0|1485
14|14037|M|992|0|992
14|14038|V|15032|1|15032
14|14038|M|11177|0|11177
14|14039|V|1079|0|1079
14|14039|M|650|0|650
14|14040|M|1102|0|1102
14|14040|V|1710|0|1710
14|14041|V|1507|0|1507
14|14041|M|985|0|985
14|14042|M|6006|1|6006
14|14042|V|8535|2|8535
14|14043|M|2276|0|2276
14|14043|V|3404|0|3404
14|14044|V|748|0|748
14|14044|M|496|0|496
14|14045|M|927|0|927
14|14045|V|1449|0|1449
14|14046|M|1234|0|1234
14|14046|V|2101|0|2101
14|14047|V|802|0|802
14|14047|M|555|0|555
14|14048|V|550|1|550
14|14048|M|336|0|336
14|14049|V|7548|0|7548
14|14049|M|5458|0|5458
14|14050|V|1078|0|1078
14|14050|M|681|0|681
14|14051|V|538|0|538
14|14051|M|362|0|362
14|14052|M|2664|0|2664
14|14052|V|3818|3|3818
14|14053|M|1804|0|1804
14|14053|V|2609|0|2609
14|14054|V|6081|0|6081
14|14054|M|4835|0|4835
14|14055|V|8324|0|8324
14|14055|M|6161|0|6161
14|14056|M|7389|0|7389
14|14056|V|10905|1|10906
14|14057|V|2878|0|2878
14|14057|M|1859|0|1859
14|14058|V|3725|0|3725
14|14058|M|2547|0|2547
14|14059|V|317|0|317
14|14059|M|207|0|207
14|14060|M|1566|0|1566
14|14060|V|2311|1|2311
14|14061|V|286|0|286
14|14061|M|140|0|140
14|14062|M|239|0|239
14|14062|V|400|0|400
14|14063|V|418|0|418
14|14063|M|247|0|247
14|14064|V|120|0|120
14|14064|M|74|0|74
14|14065|M|574|0|574
14|14065|V|820|0|820
14|14066|V|2635|1|2636
14|14066|M|1557|0|1557
14|14067|M|1158|0|1158
14|14067|V|1775|1|1775
14|14068|M|128|0|128
14|14068|V|161|0|161
14|14069|M|2216|0|2216
14|14069|V|3266|0|3266
14|14070|V|543|0|543
14|14070|M|332|0|332
14|14071|V|382|0|382
14|14071|M|234|0|234
14|14072|M|242|0|242
14|14072|V|415|0|415
14|14073|V|1206|0|1206
14|14073|M|695|0|695
14|14074|M|649|0|649
14|14074|V|936|1|936
14|14075|V|220|0|220
14|14075|M|116|0|116
14|14902|V|63|0|63
14|14902|M|39|0|39
15|15000|M|1|0|1
15|15000|V|60|0|60
15|15001|V|2263|1|2263
15|15001|M|1826|2|1826
15|15002|M|10498|0|10498
15|15002|V|10969|0|10969
15|15003|M|447|1|447
15|15003|V|650|6|651
15|15004|V|2216|2|2216
15|15004|M|1909|0|1909
15|15005|M|9989|0|9989
15|15005|V|11587|5|11587
15|15006|M|1699|2|1701
15|15006|V|2245|15|2248
15|15007|V|1194|5|1196
15|15007|M|978|2|978
15|15008|M|2218|0|2218
15|15008|V|2550|1|2550
15|15009|V|4435|1|4435
15|15009|M|3914|0|3914
15|15010|M|493|0|493
15|15010|V|740|5|741
15|15011|V|6633|2|6633
15|15011|M|6205|0|6205
15|15012|M|1305|2|1306
15|15012|V|1504|2|1504
15|15013|V|2883|5|2884
15|15013|M|2698|2|2698
15|15014|V|1630|7|1631
15|15014|M|1325|0|1325
15|15015|M|1000|1|1000
15|15015|V|1194|1|1194
15|15016|M|1449|0|1449
15|15016|V|1825|1|1825
15|15017|M|8202|0|8202
15|15017|V|8803|0|8803
15|15018|M|372|0|372
15|15018|V|511|0|511
15|15019|V|11215|10|11216
15|15019|M|10267|2|10267
15|15020|M|1070|0|1070
15|15020|V|1308|1|1308
15|15021|M|2126|0|2126
15|15021|V|2406|2|2406
15|15022|M|1836|0|1836
15|15022|V|2324|0|2324
15|15023|V|2616|7|2618
15|15023|M|2280|3|2280
15|15024|M|1613|1|1613
15|15024|V|1831|7|1833
15|15025|V|426|1|426
15|15025|M|313|0|313
15|15027|V|650|0|650
15|15027|M|510|0|510
15|15028|M|487|0|487
15|15028|V|606|0|606
15|15029|M|1901|2|1901
15|15029|V|2251|17|2254
15|15030|V|73801|3|73803
15|15030|M|66001|1|66001
15|15031|V|10577|2|10577
15|15031|M|9820|0|9820
15|15032|V|1483|7|1486
15|15032|M|1132|0|1132
15|15033|M|868|0|868
15|15033|V|1007|1|1008
15|15034|V|1028|7|1029
15|15034|M|855|9|855
15|15035|M|4100|0|4100
15|15035|V|4526|1|4526
15|15036|M|18866|0|18866
15|15036|V|20398|0|20398
15|15037|M|1190|1|1190
15|15037|V|1402|5|1403
15|15038|V|881|6|884
15|15038|M|732|0|732
15|15039|V|511|2|512
15|15039|M|387|0|387
15|15040|M|853|0|853
15|15040|V|1079|1|1079
15|15041|V|4309|9|4312
15|15041|M|3626|0|3626
15|15042|M|997|2|997
15|15042|V|1235|1|1236
15|15043|M|1539|0|1539
15|15043|V|2056|6|2056
15|15044|V|449|0|449
15|15044|M|335|0|335
15|15045|V|1494|11|1495
15|15045|M|1209|9|1209
15|15046|M|2224|0|2224
15|15046|V|2760|10|2761
15|15047|V|969|3|970
15|15047|M|699|0|699
15|15048|M|2008|0|2008
15|15048|V|2294|0|2294
15|15049|V|443|2|444
15|15049|M|379|0|379
15|15050|V|767|3|767
15|15050|M|486|1|486
15|15051|M|1593|0|1593
15|15051|V|1837|0|1837
15|15052|M|1266|4|1266
15|15052|V|1612|9|1612
15|15053|M|2483|0|2483
15|15053|V|2956|0|2956
15|15054|M|12496|0|12496
15|15054|V|13392|3|13393
15|15055|M|1610|0|1610
15|15055|V|1894|1|1894
15|15056|M|2124|2|2124
15|15056|V|2371|3|2371
15|15057|M|4571|0|4571
15|15057|V|4864|0|4864
15|15058|V|12846|1|12846
15|15058|M|12304|0|12304
15|15059|M|3993|0|3993
15|15059|V|4617|10|4619
15|15060|M|2506|0|2506
15|15060|V|2739|5|2741
15|15061|M|1748|0|1748
15|15061|V|2156|4|2156
15|15062|M|1915|0|1915
15|15062|V|2305|2|2305
15|15064|V|914|1|914
15|15064|M|758|1|758
15|15065|V|3028|1|3028
15|15065|M|2548|0|2548
15|15066|V|1749|8|1752
15|15066|M|1408|0|1408
15|15067|V|3119|0|3119
15|15067|M|2801|0|2801
15|15068|M|1613|0|1613
15|15068|V|2019|4|2019
15|15069|M|2280|0|2280
15|15069|V|2521|1|2521
15|15070|V|3579|2|3579
15|15070|M|3218|0|3218
15|15071|M|2867|0|2867
15|15071|V|3276|1|3277
15|15072|M|3491|0|3491
15|15072|V|3882|0|3882
15|15073|V|8769|3|8769
15|15073|M|7791|0|7791
15|15074|M|1427|2|1427
15|15074|V|1712|4|1713
15|15075|V|6026|1|6026
15|15075|M|5281|0|5281
15|15076|V|1077|1|1077
15|15076|M|854|0|854
15|15077|V|3629|17|3633
15|15077|M|2983|14|2983
15|15078|M|30372|1|30372
15|15078|V|30945|5|30947
15|15079|V|597|20|597
15|15079|M|387|2|388
15|15080|M|393|0|393
15|15080|V|676|5|676
15|15081|V|429|0|429
15|15081|M|336|0|336
15|15082|M|6436|1|6436
15|15082|V|6937|2|6939
15|15083|M|277|0|277
15|15083|V|391|6|391
15|15084|M|991|1|991
15|15084|V|1264|2|1264
15|15085|M|1026|3|1026
15|15085|V|1343|10|1343
15|15086|M|922|0|922
15|15086|V|1193|4|1194
15|15087|M|2114|0|2114
15|15087|V|2481|5|2481
15|15088|V|1378|11|1380
15|15088|M|1151|3|1152
15|15089|V|1859|4|1859
15|15089|M|1596|3|1596
15|15090|V|520|2|520
15|15090|M|289|0|289
15|15091|V|480|0|480
15|15091|M|346|0|346
15|15092|M|2130|1|2130
15|15092|V|2671|12|2676
15|15093|V|1750|10|1752
15|15093|M|1422|4|1422
15|15901|V|1225|1|1225
15|15901|M|970|0|970
15|15902|V|1972|4|1972
15|15902|M|1431|0|1431
16|16001|V|21|0|21
16|16001|M|11|0|11
16|16002|V|103|1|103
16|16002|M|68|0|68
16|16003|V|60|0|60
16|16003|M|48|0|48
16|16004|V|85|2|85
16|16004|M|20|0|20
16|16005|M|56|0|56
16|16005|V|99|0|99
16|16006|V|45|0|45
16|16006|M|20|0|20
16|16007|V|604|2|604
16|16007|M|359|0|359
16|16008|V|30|0|30
16|16008|M|15|0|15
16|16009|V|27|0|27
16|16009|M|5|0|5
16|16010|V|63|0|63
16|16010|M|38|0|38
16|16011|M|1|0|1
16|16011|V|6|0|6
16|16012|M|11|0|11
16|16012|V|37|0|37
16|16013|M|2|0|2
16|16013|V|7|0|7
16|16014|V|259|1|259
16|16014|M|137|0|137
16|16015|V|197|1|197
16|16015|M|85|0|85
16|16016|M|36|0|36
16|16016|V|97|1|97
16|16017|M|83|0|83
16|16017|V|150|1|150
16|16018|V|154|0|154
16|16018|M|76|0|76
16|16019|V|71|0|71
16|16019|M|36|0|36
16|16020|M|3|0|3
16|16020|V|7|0|7
16|16022|M|11|0|11
16|16022|V|27|0|27
16|16023|V|302|0|302
16|16023|M|219|0|219
16|16024|V|59|0|59
16|16024|M|31|0|31
16|16025|V|5|1|5
16|16025|M|2|0|2
16|16026|M|16|0|16
16|16026|V|51|0|51
16|16027|V|360|1|360
16|16027|M|229|0|229
16|16029|V|53|0|53
16|16029|M|15|0|15
16|16030|V|4|0|4
16|16031|M|9|0|9
16|16031|V|18|0|18
16|16032|V|151|0|151
16|16032|M|76|0|76
16|16033|V|774|3|774
16|16033|M|432|0|432
16|16034|M|22|0|22
16|16034|V|58|0|58
16|16035|M|69|0|69
16|16035|V|105|0|105
16|16036|V|55|0|55
16|16036|M|25|0|25
16|16038|M|4|0|4
16|16038|V|14|0|14
16|16039|V|197|0|197
16|16039|M|97|0|97
16|16040|V|31|0|31
16|16040|M|17|0|17
16|16041|V|161|1|161
16|16041|M|82|0|82
16|16042|V|500|2|500
16|16042|M|299|0|299
16|16043|V|41|0|41
16|16043|M|20|0|20
16|16044|V|11|0|11
16|16044|M|11|0|11
16|16045|M|28|0|28
16|16045|V|71|3|71
16|16046|M|27|0|27
16|16046|V|91|0|91
16|16047|V|101|0|101
16|16047|M|43|0|43
16|16048|V|193|0|193
16|16048|M|99|0|99
16|16049|M|25|0|25
16|16049|V|57|0|57
16|16050|M|58|0|58
16|16050|V|107|0|107
16|16051|V|50|0|50
16|16051|M|15|0|15
16|16052|V|301|1|301
16|16052|M|183|0|183
16|16053|M|109|0|109
16|16053|V|187|0|187
16|16055|V|350|1|350
16|16055|M|167|0|167
16|16056|M|98|0|98
16|16056|V|199|1|199
16|16057|M|7|0|7
16|16057|V|44|0|44
16|16058|V|50|0|50
16|16058|M|13|0|13
16|16060|M|176|0|176
16|16060|V|336|1|336
16|16061|V|448|2|448
16|16061|M|252|0|252
16|16062|M|6|0|6
16|16062|V|12|0|12
16|16063|M|15|0|15
16|16063|V|41|0|41
16|16064|M|176|0|176
16|16064|V|330|0|330
16|16065|V|151|2|151
16|16065|M|86|0|86
16|16066|V|1268|4|1268
16|16066|M|842|0|842
16|16067|M|21|0|21
16|16067|V|52|1|52
16|16068|M|34|0|34
16|16068|V|71|0|71
16|16070|V|10|0|10
16|16070|M|8|0|8
16|16071|M|3|0|3
16|16071|V|5|0|5
16|16072|M|27|0|27
16|16072|V|79|0|79
16|16073|V|77|0|77
16|16073|M|40|0|40
16|16074|V|12|0|12
16|16074|M|3|0|3
16|16078|M|15896|0|15896
16|16078|V|18987|3|18988
16|16079|M|3|0|3
16|16079|V|8|0|8
16|16081|V|21|0|21
16|16081|M|7|0|7
16|16082|V|96|0|96
16|16082|M|57|0|57
16|16083|M|8|0|8
16|16083|V|18|0|18
16|16084|V|13|0|13
16|16084|M|1|0|1
16|16085|V|59|1|59
16|16085|M|33|0|33
16|16086|M|317|0|317
16|16086|V|482|0|482
16|16087|M|32|0|32
16|16087|V|76|0|76
16|16088|M|22|0|22
16|16088|V|38|0|38
16|16089|V|198|0|198
16|16089|M|115|0|115
16|16091|M|11|0|11
16|16091|V|23|0|23
16|16092|M|36|0|36
16|16092|V|68|0|68
16|16093|M|12|0|12
16|16093|V|34|0|34
16|16094|V|48|1|48
16|16094|M|25|0|25
16|16095|V|42|0|42
16|16095|M|25|0|25
16|16096|M|85|0|85
16|16096|V|137|0|137
16|16097|M|20|0|20
16|16097|V|68|2|68
16|16098|M|200|0|200
16|16098|V|285|2|285
16|16099|V|81|0|81
16|16099|M|22|0|22
16|16100|V|296|2|297
16|16100|M|172|0|172
16|16101|V|61|0|61
16|16101|M|21|0|21
16|16102|V|589|0|589
16|16102|M|389|0|389
16|16103|V|106|1|106
16|16103|M|44|0|44
16|16104|V|30|1|30
16|16104|M|10|0|10
16|16106|V|1443|1|1443
16|16106|M|858|0|858
16|16107|M|12|0|12
16|16107|V|29|0|29
16|16108|V|42|0|42
16|16108|M|22|0|22
16|16109|M|7|0|7
16|16109|V|13|0|13
16|16110|M|18|0|18
16|16110|V|52|0|52
16|16111|M|40|0|40
16|16111|V|77|0|77
16|16112|V|666|1|666
16|16112|M|340|0|340
16|16113|V|1775|4|1776
16|16113|M|1193|0|1193
16|16115|M|10|0|10
16|16115|V|14|0|14
16|16116|M|2|0|2
16|16116|V|20|0|20
16|16117|V|529|7|529
16|16117|M|312|0|312
16|16118|V|612|2|612
16|16118|M|371|0|371
16|16119|M|46|0|46
16|16119|V|98|0|98
16|16121|M|49|0|49
16|16121|V|80|0|80
16|16122|M|67|0|67
16|16122|V|109|0|109
16|16123|V|23|0|23
16|16123|M|8|0|8
16|16124|M|519|0|519
16|16124|V|893|4|895
16|16125|V|859|3|859
16|16125|M|587|0|587
16|16126|M|206|0|206
16|16126|V|357|3|357
16|16128|V|25|0|25
16|16128|M|10|0|10
16|16129|M|18|0|18
16|16129|V|36|0|36
16|16130|M|136|0|136
16|16130|V|274|0|274
16|16131|V|42|0|42
16|16131|M|13|0|13
16|16132|V|14|0|14
16|16132|M|5|0|5
16|16133|M|1674|0|1674
16|16133|V|2308|4|2308
16|16134|M|1716|0|1716
16|16134|V|2375|7|2376
16|16135|M|16|0|16
16|16135|V|44|0|44
16|16137|M|9|0|9
16|16137|V|20|0|20
16|16139|M|54|0|54
16|16139|V|122|1|123
16|16140|V|8|0|8
16|16140|M|2|0|2
16|16141|V|53|0|53
16|16141|M|18|0|18
16|16142|M|21|0|21
16|16142|V|44|0|44
16|16143|V|10|0|10
16|16143|M|1|0|1
16|16145|M|104|0|104
16|16145|V|199|0|199
16|16146|M|16|0|16
16|16146|V|31|0|31
16|16147|M|8|0|8
16|16147|V|28|0|28
16|16148|V|233|2|233
16|16148|M|123|0|123
16|16149|M|48|0|48
16|16149|V|53|0|53
16|16150|M|18|0|18
16|16150|V|40|0|40
16|16151|V|27|0|27
16|16151|M|11|0|11
16|16152|V|10|0|10
16|16152|M|2|0|2
16|16153|M|274|0|274
16|16153|V|450|5|451
16|16154|M|1692|0|1692
16|16154|V|2555|1|2555
16|16155|V|275|0|275
16|16155|M|133|0|133
16|16156|V|39|0|39
16|16156|M|5|0|5
16|16157|V|94|0|94
16|16157|M|53|0|53
16|16158|V|268|0|268
16|16158|M|173|0|173
16|16159|V|75|0|75
16|16159|M|30|0|30
16|16160|M|1|0|1
16|16160|V|26|0|26
16|16161|M|9|0|9
16|16161|V|18|0|18
16|16162|M|10|0|10
16|16162|V|25|0|25
16|16163|V|20|0|20
16|16163|M|7|0|7
16|16165|M|6|0|6
16|16165|V|24|0|24
16|16166|V|116|0|116
16|16166|M|58|0|58
16|16167|M|81|0|81
16|16167|V|135|0|135
16|16169|V|14|0|14
16|16169|M|4|0|4
16|16170|V|317|0|317
16|16170|M|201|0|201
16|16171|V|877|5|877
16|16171|M|576|0|576
16|16172|V|109|0|109
16|16172|M|46|0|46
16|16173|V|109|0|109
16|16173|M|23|0|23
16|16174|V|89|0|89
16|16174|M|38|0|38
16|16175|V|3082|4|3082
16|16175|M|1962|0|1962
16|16176|M|3|0|3
16|16176|V|16|1|17
16|16177|V|46|0|46
16|16177|M|20|0|20
16|16181|M|10|0|10
16|16181|V|24|0|24
16|16185|M|3|0|3
16|16185|V|10|0|10
16|16186|M|105|0|105
16|16186|V|187|0|187
16|16187|V|45|0|45
16|16187|M|19|0|19
16|16188|M|23|0|23
16|16188|V|44|0|44
16|16189|M|65|0|65
16|16189|V|108|1|109
16|16190|M|1781|0|1781
16|16190|V|2703|5|2705
16|16191|V|499|0|499
16|16191|M|249|0|249
16|16192|M|7|0|7
16|16192|V|21|0|21
16|16193|M|3|0|3
16|16193|V|21|0|21
16|16194|M|53|0|53
16|16194|V|98|0|98
16|16195|V|226|1|226
16|16195|M|93|0|93
16|16196|V|285|1|285
16|16196|M|142|0|142
16|16197|M|5|0|5
16|16197|V|19|0|19
16|16198|V|637|4|639
16|16198|M|360|0|360
16|16199|M|5|0|5
16|16199|V|9|0|9
16|16202|V|353|1|353
16|16202|M|183|0|183
16|16203|V|5879|2|5879
16|16203|M|4343|0|4343
16|16204|M|53|0|53
16|16204|V|117|4|117
16|16205|V|49|0|49
16|16205|M|30|0|30
16|16206|M|29|0|29
16|16206|V|89|1|89
16|16209|M|17|0|17
16|16209|V|51|1|51
16|16211|V|153|0|153
16|16211|M|48|0|48
16|16212|V|102|1|102
16|16212|M|68|0|68
16|16213|V|13|0|13
16|16213|M|3|0|3
16|16215|M|42|0|42
16|16215|V|88|0|88
16|16216|M|51|0|51
16|16216|V|130|0|130
16|16217|M|17|0|17
16|16217|V|45|0|45
16|16218|V|77|1|77
16|16218|M|54|0|54
16|16219|M|14|0|14
16|16219|V|32|0|32
16|16224|V|24|0|24
16|16224|M|20|0|20
16|16225|M|4|0|4
16|16225|V|21|0|21
16|16227|M|18|0|18
16|16227|V|55|0|55
16|16228|M|43|0|43
16|16228|V|88|0|88
16|16231|M|12|0|12
16|16231|V|14|0|14
16|16234|V|7|0|7
16|16234|M|1|0|1
16|16236|M|263|1|263
16|16236|V|437|2|437
16|16237|M|21|0|21
16|16237|V|48|0|48
16|16238|M|95|0|95
16|16238|V|201|2|201
16|16239|V|54|0|54
16|16239|M|20|0|20
16|16240|V|49|0|49
16|16240|M|26|0|26
16|16242|V|152|1|152
16|16242|M|85|0|85
16|16243|M|97|0|97
16|16243|V|198|0|198
16|16244|V|308|0|308
16|16244|M|175|0|175
16|16245|V|205|0|205
16|16245|M|139|0|139
16|16246|M|78|0|78
16|16246|V|189|1|189
16|16247|V|19|0|19
16|16247|M|10|0|10
16|16248|M|277|0|277
16|16248|V|390|3|390
16|16249|M|589|0|589
16|16249|V|969|7|971
16|16250|V|20|0|20
16|16250|M|4|0|4
16|16251|V|1110|1|1110
16|16251|M|682|0|682
16|16253|V|136|0|136
16|16253|M|80|0|80
16|16254|M|49|0|49
16|16254|V|62|0|62
16|16255|V|53|1|53
16|16255|M|25|0|25
16|16258|M|25|0|25
16|16258|V|63|0|63
16|16259|V|12|0|12
16|16259|M|2|0|2
16|16263|M|383|0|383
16|16263|V|549|0|549
16|16264|V|193|0|193
16|16264|M|89|0|89
16|16266|M|95|0|95
16|16266|V|150|0|150
16|16269|V|189|0|189
16|16269|M|86|0|86
16|16270|V|69|0|69
16|16270|M|47|0|47
16|16271|V|351|1|351
16|16271|M|205|0|205
16|16272|M|35|0|35
16|16272|V|90|0|90
16|16273|M|67|0|67
16|16273|V|133|0|133
16|16274|V|38|0|38
16|16274|M|18|0|18
16|16275|V|3|0|3
16|16275|M|1|0|1
16|16276|M|2|0|2
16|16276|V|9|1|9
16|16277|M|12|0|12
16|16277|V|45|1|45
16|16278|M|8|0|8
16|16278|V|22|0|22
16|16279|M|52|0|52
16|16279|V|114|0|114
16|16280|V|77|0|77
16|16280|M|25|0|25
16|16901|M|128|0|128
16|16901|V|241|0|241
16|16902|V|32|0|32
16|16902|M|9|0|9
16|16903|V|584|0|584
16|16903|M|353|0|353
16|16904|M|162|0|162
16|16904|V|214|0|214
16|16905|V|798|0|798
16|16905|M|706|0|706
16|16906|V|31|0|31
16|16906|M|6|0|6
16|16908|V|84|0|84
16|16908|M|50|0|50
16|16909|M|162|0|162
16|16909|V|264|1|264
16|16910|V|26|0|26
16|16910|M|13|0|13
17|17000|V|15|0|15
17|17000|M|4|0|4
17|17001|V|313|0|313
17|17001|M|265|0|265
17|17002|M|272|0|272
17|17002|V|269|0|269
17|17003|M|40|0|40
17|17003|V|45|1|46
17|17004|V|312|0|312
17|17004|M|258|0|258
17|17005|M|205|0|205
17|17005|V|231|0|231
17|17006|M|420|0|420
17|17006|V|503|0|503
17|17007|V|863|0|863
17|17007|M|696|0|696
17|17008|M|1531|0|1531
17|17008|V|2032|0|2032
17|17009|V|2450|0|2450
17|17009|M|1706|0|1706
17|17010|V|171|0|171
17|17010|M|146|0|146
17|17011|V|338|1|338
17|17011|M|327|0|327
17|17012|V|646|0|646
17|17012|M|572|0|572
17|17013|V|1379|0|1379
17|17013|M|1222|0|1222
17|17014|V|30|0|30
17|17014|M|25|0|25
17|17015|V|7058|0|7058
17|17015|M|6046|0|6046
17|17016|V|376|1|377
17|17016|M|305|0|305
17|17018|V|314|0|314
17|17018|M|258|0|258
17|17019|V|844|0|844
17|17019|M|748|0|748
17|17020|M|1631|0|1631
17|17020|V|1796|0|1796
17|17021|V|62|0|62
17|17021|M|51|0|51
17|17022|V|3939|1|3939
17|17022|M|3107|0|3107
17|17023|V|13676|0|13676
17|17023|M|10659|0|10659
17|17024|V|128|0|128
17|17024|M|98|0|98
17|17025|M|562|0|562
17|17025|V|653|0|653
17|17026|M|260|0|260
17|17026|V|287|0|287
17|17027|M|1134|0|1134
17|17027|V|1363|0|1363
17|17028|V|135|0|135
17|17028|M|117|0|117
17|17029|M|83|0|83
17|17029|V|101|0|101
17|17030|V|354|0|354
17|17030|M|252|0|252
17|17031|V|85|0|85
17|17031|M|70|0|70
17|17032|M|671|0|671
17|17032|V|826|0|826
17|17033|V|2725|1|2726
17|17033|M|2366|0|2366
17|17034|M|3543|0|3543
17|17034|V|4000|0|4000
17|17035|V|277|0|277
17|17035|M|276|0|276
17|17036|V|1160|0|1160
17|17036|M|997|0|997
17|17037|V|47|0|47
17|17037|M|43|0|43
17|17038|M|172|0|172
17|17038|V|195|0|195
17|17039|M|643|0|643
17|17039|V|797|0|797
17|17040|V|259|0|259
17|17040|M|245|0|245
17|17041|M|93|0|93
17|17041|V|108|0|108
17|17042|V|207|0|207
17|17042|M|188|0|188
17|17043|M|53|0|53
17|17043|V|67|0|67
17|17044|M|3109|0|3109
17|17044|V|3827|1|3828
17|17046|V|356|0|356
17|17046|M|303|0|303
17|17047|M|2703|0|2703
17|17047|V|3411|0|3411
17|17048|V|3526|0|3526
17|17048|M|2939|0|2939
17|17049|M|1627|0|1627
17|17049|V|1835|0|1835
17|17050|M|322|0|322
17|17050|V|337|0|337
17|17051|V|98|0|98
17|17051|M|99|0|99
17|17052|M|50|0|50
17|17052|V|57|0|57
17|17054|M|107|0|107
17|17054|V|147|0|147
17|17055|V|77|0|77
17|17055|M|57|0|57
17|17056|M|778|0|778
17|17056|V|854|0|854
17|17057|M|430|0|430
17|17057|V|488|0|488
17|17058|M|72|0|72
17|17058|V|99|0|99
17|17060|V|197|0|197
17|17060|M|132|0|132
17|17061|V|80|0|80
17|17061|M|54|0|54
17|17062|V|3186|1|3187
17|17062|M|2609|0|2609
17|17063|V|81|0|81
17|17063|M|76|0|76
17|17064|M|129|0|129
17|17064|V|142|0|142
17|17065|M|134|0|134
17|17065|V|148|0|148
17|17066|M|11055|0|11055
17|17066|V|15019|0|15019
17|17067|V|382|0|382
17|17067|M|344|0|344
17|17068|V|108|1|109
17|17068|M|96|0|96
17|17069|M|139|0|139
17|17069|V|143|0|143
17|17070|M|66|0|66
17|17070|V|79|0|79
17|17071|V|548|0|548
17|17071|M|522|0|522
17|17073|M|938|0|938
17|17073|V|1024|0|1024
17|17074|M|261|0|261
17|17074|V|275|0|275
17|17075|V|164|0|164
17|17075|M|154|0|154
17|17076|V|66|0|66
17|17076|M|41|0|41
17|17077|V|324|0|324
17|17077|M|287|0|287
17|17078|M|112|0|112
17|17078|V|146|0|146
17|17079|M|28151|1|28152
17|17079|V|33069|1|33070
17|17080|M|62|0|62
17|17080|V|71|0|71
17|17081|M|91|0|91
17|17081|V|140|0|140
17|17082|M|133|0|133
17|17082|V|148|0|148
17|17083|V|1538|1|1538
17|17083|M|1210|0|1210
17|17084|M|60|0|60
17|17084|V|81|0|81
17|17085|V|131|0|131
17|17085|M|117|0|117
17|17086|V|1173|0|1173
17|17086|M|780|0|780
17|17087|V|116|0|116
17|17087|M|95|0|95
17|17088|V|257|0|257
17|17088|M|243|0|243
17|17089|V|3145|0|3145
17|17089|M|2590|0|2590
17|17090|M|225|0|225
17|17090|V|268|0|268
17|17091|M|159|1|160
17|17091|V|185|0|185
17|17092|M|1356|0|1356
17|17092|V|1646|0|1646
17|17093|M|407|0|407
17|17093|V|447|0|447
17|17094|M|407|0|407
17|17094|V|512|0|512
17|17095|M|8420|0|8420
17|17095|V|11746|0|11746
17|17096|V|74|0|74
17|17096|M|52|0|52
17|17097|M|72|0|72
17|17097|V|88|0|88
17|17098|V|147|0|147
17|17098|M|145|0|145
17|17099|V|36|0|36
17|17099|M|24|0|24
17|17100|M|89|0|89
17|17100|V|91|0|91
17|17101|V|270|1|270
17|17101|M|220|0|220
17|17102|M|178|0|178
17|17102|V|277|0|277
17|17103|M|2021|0|2021
17|17103|V|2561|1|2562
17|17105|V|111|1|112
17|17105|M|102|0|102
17|17106|M|54|0|54
17|17106|V|71|0|71
17|17107|V|113|0|113
17|17107|M|104|1|105
17|17109|M|311|0|311
17|17109|V|379|0|379
17|17110|M|598|0|598
17|17110|V|649|0|649
17|17111|M|443|0|443
17|17111|V|487|0|487
17|17112|V|86|0|86
17|17112|M|47|0|47
17|17114|M|10454|0|10454
17|17114|V|12295|1|12296
17|17115|V|147|1|148
17|17115|M|112|0|112
17|17116|M|129|0|129
17|17116|V|176|0|176
17|17117|V|8288|0|8288
17|17117|M|6456|0|6456
17|17118|M|5121|0|5121
17|17118|V|6262|0|6262
17|17119|V|40|0|40
17|17119|M|30|0|30
17|17120|M|401|0|401
17|17120|V|444|0|444
17|17121|M|99|0|99
17|17121|V|111|1|112
17|17123|V|152|1|152
17|17123|M|143|0|143
17|17124|M|706|0|706
17|17124|V|888|0|888
17|17125|V|50|0|50
17|17125|M|38|0|38
17|17126|V|168|0|168
17|17126|M|151|0|151
17|17128|M|173|0|173
17|17128|V|172|0|172
17|17129|V|82|0|82
17|17129|M|63|0|63
17|17130|M|128|0|128
17|17130|V|148|0|148
17|17132|V|735|0|735
17|17132|M|645|0|645
17|17133|V|584|0|584
17|17133|M|496|0|496
17|17134|M|80|0|80
17|17134|V|96|0|96
17|17135|V|205|0|205
17|17135|M|182|0|182
17|17136|M|74|0|74
17|17136|V|103|0|103
17|17137|M|1610|0|1610
17|17137|V|1739|0|1739
17|17138|M|220|0|220
17|17138|V|289|0|289
17|17139|M|692|0|692
17|17139|V|724|0|724
17|17140|V|318|0|318
17|17140|M|225|0|225
17|17141|M|2401|0|2401
17|17141|V|3073|0|3073
17|17142|M|1321|0|1321
17|17142|V|1407|0|1407
17|17143|V|70|0|70
17|17143|M|71|0|71
17|17144|M|80|0|80
17|17144|V|110|0|110
17|17145|M|449|0|449
17|17145|V|626|0|626
17|17146|V|1707|0|1707
17|17146|M|1450|0|1450
17|17147|M|2973|0|2973
17|17147|V|3695|1|3696
17|17148|V|822|0|822
17|17148|M|669|0|669
17|17149|M|166|0|166
17|17149|V|186|0|186
17|17150|M|702|0|702
17|17150|V|791|1|792
17|17151|M|68|0|68
17|17151|V|82|0|82
17|17152|V|6092|0|6092
17|17152|M|4772|0|4772
17|17153|M|96|0|96
17|17153|V|93|1|94
17|17154|M|47|0|47
17|17154|V|61|0|61
17|17155|V|9951|0|9951
17|17155|M|5861|0|5861
17|17157|M|58|0|58
17|17157|V|57|0|57
17|17158|V|194|1|194
17|17158|M|159|0|159
17|17159|V|337|0|337
17|17159|M|269|0|269
17|17160|M|6361|0|6361
17|17160|V|7751|0|7751
17|17161|M|456|0|456
17|17161|V|509|0|509
17|17162|V|70|0|70
17|17162|M|57|0|57
17|17163|V|1468|2|1468
17|17163|M|1364|0|1364
17|17164|V|2048|0|2048
17|17164|M|1513|0|1513
17|17165|M|265|0|265
17|17165|V|302|0|302
17|17166|V|294|0|294
17|17166|M|266|0|266
17|17167|V|1140|0|1140
17|17167|M|889|0|889
17|17168|M|156|0|156
17|17168|V|184|0|184
17|17169|V|1314|0|1314
17|17169|M|1192|0|1192
17|17170|M|66|0|66
17|17170|V|75|0|75
17|17171|M|79|0|79
17|17171|V|84|0|84
17|17172|V|222|1|222
17|17172|M|191|0|191
17|17173|V|87|0|87
17|17173|M|70|0|70
17|17174|V|88|0|88
17|17174|M|71|0|71
17|17175|M|200|0|200
17|17175|V|288|0|288
17|17176|M|48|0|48
17|17176|V|64|0|64
17|17177|M|245|0|245
17|17177|V|270|1|271
17|17178|V|739|3|740
17|17178|M|507|0|507
17|17180|V|4736|5|4739
17|17180|M|3781|0|3781
17|17181|V|1932|0|1932
17|17181|M|1703|0|1703
17|17182|V|156|1|157
17|17182|M|128|0|128
17|17183|V|124|0|124
17|17183|M|95|0|95
17|17184|M|556|0|556
17|17184|V|567|0|567
17|17185|V|1152|0|1152
17|17185|M|987|0|987
17|17186|M|1625|0|1625
17|17186|V|1886|0|1886
17|17187|V|275|1|275
17|17187|M|273|0|273
17|17188|V|68|0|68
17|17188|M|66|0|66
17|17189|V|736|0|736
17|17189|M|615|0|615
17|17190|M|391|0|391
17|17190|V|411|1|412
17|17191|V|83|0|83
17|17191|M|68|0|68
17|17192|M|54|0|54
17|17192|V|57|0|57
17|17193|M|1943|0|1943
17|17193|V|2277|0|2277
17|17194|M|27|0|27
17|17194|V|31|0|31
17|17195|V|181|0|181
17|17195|M|151|0|151
17|17196|V|107|0|107
17|17196|M|101|0|101
17|17197|M|54|0|54
17|17197|V|63|0|63
17|17198|V|234|2|235
17|17198|M|202|0|202
17|17199|M|3177|0|3177
17|17199|V|3986|4|3989
17|17200|V|277|0|277
17|17200|M|270|0|270
17|17201|V|36|0|36
17|17201|M|25|0|25
17|17202|M|1378|0|1378
17|17202|V|1893|0|1893
17|17203|M|65|0|65
17|17203|V|84|0|84
17|17204|M|265|0|265
17|17204|V|415|0|415
17|17205|M|82|0|82
17|17205|V|100|0|100
17|17206|M|59|0|59
17|17206|V|57|0|57
17|17207|M|1110|0|1110
17|17207|V|1135|2|1136
17|17208|V|461|2|462
17|17208|M|445|0|445
17|17209|M|316|0|316
17|17209|V|347|0|347
17|17210|M|281|0|281
17|17210|V|316|0|316
17|17211|V|421|0|421
17|17211|M|352|0|352
17|17212|M|59|0|59
17|17212|V|59|0|59
17|17213|V|2844|1|2845
17|17213|M|2351|0|2351
17|17214|V|328|1|328
17|17214|M|301|0|301
17|17215|V|1319|1|1320
17|17215|M|1257|0|1257
17|17216|M|57|0|57
17|17216|V|85|0|85
17|17217|V|190|1|190
17|17217|M|153|0|153
17|17218|V|301|2|301
17|17218|M|251|0|251
17|17220|M|342|0|342
17|17220|V|375|0|375
17|17221|M|1875|0|1875
17|17221|V|2051|0|2051
17|17222|V|56|0|56
17|17222|M|50|0|50
17|17223|V|428|0|428
17|17223|M|372|0|372
17|17224|M|106|0|106
17|17224|V|123|0|123
17|17225|V|123|0|123
17|17225|M|94|0|94
17|17226|M|366|0|366
17|17226|V|442|0|442
17|17227|V|73|0|73
17|17227|M|51|0|51
17|17228|M|134|0|134
17|17228|V|136|0|136
17|17230|V|278|0|278
17|17230|M|242|0|242
17|17232|M|57|0|57
17|17232|V|74|0|74
17|17233|V|1218|0|1218
17|17233|M|1037|0|1037
17|17234|M|72|0|72
17|17234|V|89|0|89
17|17901|V|453|0|453
17|17901|M|463|0|463
17|17902|V|601|0|601
17|17902|M|574|0|574
17|17903|M|437|0|437
17|17903|V|524|0|524
18|18001|V|125|0|125
18|18001|M|56|0|56
18|18002|V|197|2|197
18|18002|M|98|0|98
18|18003|V|7152|0|7152
18|18003|M|5728|0|5728
18|18004|V|270|0|270
18|18004|M|175|0|175
18|18005|M|93|0|93
18|18005|V|161|0|161
18|18006|M|1519|0|1519
18|18006|V|2152|0|2152
18|18007|V|269|0|269
18|18007|M|155|0|155
18|18010|V|206|2|206
18|18010|M|140|0|140
18|18011|V|2156|0|2156
18|18011|M|1563|0|1563
18|18012|M|572|0|572
18|18012|V|912|1|912
18|18013|V|2170|2|2171
18|18013|M|1396|0|1396
18|18014|M|2771|0|2771
18|18014|V|3429|0|3429
18|18015|M|77|0|77
18|18015|V|178|0|178
18|18016|M|48|0|48
18|18016|V|75|0|75
18|18017|M|6694|0|6694
18|18017|V|8970|0|8970
18|18018|M|137|0|137
18|18018|V|201|0|201
18|18020|V|591|0|591
18|18020|M|320|0|320
18|18021|V|8230|0|8230
18|18021|M|6549|0|6549
18|18022|M|5299|0|5299
18|18022|V|6873|1|6873
18|18023|V|7270|2|7270
18|18023|M|5861|1|5861
18|18024|M|196|0|196
18|18024|V|381|0|381
18|18025|M|77|0|77
18|18025|V|126|0|126
18|18027|V|1084|0|1084
18|18027|M|836|0|836
18|18028|M|228|0|228
18|18028|V|396|0|396
18|18029|M|620|0|620
18|18029|V|815|1|815
18|18030|M|132|0|132
18|18030|V|214|0|214
18|18032|V|99|0|99
18|18032|M|82|0|82
18|18033|V|124|0|124
18|18033|M|76|0|76
18|18034|V|214|0|214
18|18034|M|130|0|130
18|18035|M|320|0|320
18|18035|V|463|0|463
18|18036|M|1672|0|1672
18|18036|V|1945|0|1945
18|18037|V|277|0|277
18|18037|M|207|0|207
18|18038|M|238|0|238
18|18038|V|484|0|484
18|18039|V|1466|2|1466
18|18039|M|1086|0|1086
18|18040|V|101|0|101
18|18040|M|65|0|65
18|18042|M|137|0|137
18|18042|V|185|0|185
18|18043|M|34|0|34
18|18043|V|50|0|50
18|18044|V|57|0|57
18|18044|M|17|0|17
18|18045|V|485|0|485
18|18045|M|357|0|357
18|18046|M|493|0|493
18|18046|V|715|0|715
18|18047|M|2216|0|2216
18|18047|V|2876|0|2876
18|18048|V|1354|0|1354
18|18048|M|935|0|935
18|18049|V|235|0|235
18|18049|M|128|0|128
18|18050|V|721|0|721
18|18050|M|474|0|474
18|18051|V|443|0|443
18|18051|M|230|0|230
18|18053|M|404|0|404
18|18053|V|677|0|677
18|18054|M|214|0|214
18|18054|V|322|0|322
18|18056|V|1478|2|1478
18|18056|M|1070|0|1070
18|18057|V|2893|0|2893
18|18057|M|2311|0|2311
18|18059|M|1497|0|1497
18|18059|V|2128|0|2128
18|18061|V|504|0|504
18|18061|M|260|0|260
18|18062|V|5745|1|5745
18|18062|M|4688|0|4688
18|18063|V|572|1|573
18|18063|M|358|0|358
18|18064|V|151|0|151
18|18064|M|69|0|69
18|18065|V|24|0|24
18|18065|M|18|0|18
18|18066|V|1009|1|1009
18|18066|M|564|0|564
18|18067|V|309|1|309
18|18067|M|150|0|150
18|18068|M|594|0|594
18|18068|V|778|0|778
18|18069|V|222|0|222
18|18069|M|133|1|133
18|18070|M|96|0|96
18|18070|V|125|0|125
18|18071|M|2006|0|2006
18|18071|V|2844|0|2844
18|18072|V|353|0|353
18|18072|M|189|0|189
18|18074|V|105|1|105
18|18074|M|66|0|66
18|18076|V|346|0|346
18|18076|M|217|0|217
18|18077|M|30|0|30
18|18077|V|33|0|33
18|18078|V|324|0|324
18|18078|M|227|0|227
18|18079|V|1688|0|1688
18|18079|M|1083|0|1083
18|18082|M|308|0|308
18|18082|V|462|1|462
18|18083|M|40|0|40
18|18083|V|64|0|64
18|18084|V|2383|1|2383
18|18084|M|1853|0|1853
18|18085|M|170|0|170
18|18085|V|288|0|288
18|18086|V|151|0|151
18|18086|M|99|0|99
18|18087|V|78777|0|78777
18|18087|M|62260|0|62260
18|18088|M|298|0|298
18|18088|V|644|0|644
18|18089|M|4850|0|4850
18|18089|V|6592|1|6592
18|18093|V|1688|0|1688
18|18093|M|1134|0|1134
18|18094|M|565|0|565
18|18094|V|913|0|913
18|18095|V|1006|0|1006
18|18095|M|688|0|688
18|18096|M|71|1|71
18|18096|V|138|0|138
18|18097|M|272|0|272
18|18097|V|406|0|406
18|18098|V|2608|0|2608
18|18098|M|1860|0|1860
18|18099|M|521|0|521
18|18099|V|752|0|752
18|18100|M|2795|0|2795
18|18100|V|3885|0|3885
18|18101|M|3777|0|3777
18|18101|V|4635|0|4635
18|18102|V|3753|3|3753
18|18102|M|2450|0|2450
18|18103|M|221|0|221
18|18103|V|295|0|295
18|18105|M|1218|0|1218
18|18105|V|2332|3|2332
18|18106|M|34|0|34
18|18106|V|64|0|64
18|18107|M|216|0|216
18|18107|V|380|0|380
18|18108|V|358|1|358
18|18108|M|228|0|228
18|18109|M|193|0|193
18|18109|V|302|0|302
18|18111|M|1221|0|1221
18|18111|V|1541|0|1541
18|18112|M|19|0|19
18|18112|V|37|0|37
18|18114|V|271|1|271
18|18114|M|168|0|168
18|18115|M|904|0|904
18|18115|V|1373|0|1373
18|18116|M|711|0|711
18|18116|V|1220|0|1220
18|18117|M|136|0|136
18|18117|V|213|1|213
18|18119|M|570|0|570
18|18119|V|816|0|816
18|18120|V|124|0|124
18|18120|M|80|0|80
18|18121|M|15|0|15
18|18121|V|42|0|42
18|18122|M|5501|0|5501
18|18122|V|7692|0|7692
18|18123|M|67|0|67
18|18123|V|102|0|102
18|18124|V|141|0|141
18|18124|M|92|0|92
18|18126|V|741|0|741
18|18126|M|476|0|476
18|18127|V|7897|0|7897
18|18127|M|5787|0|5787
18|18128|V|133|0|133
18|18128|M|92|0|92
18|18132|M|929|0|929
18|18132|V|1431|0|1431
18|18133|V|924|0|924
18|18133|M|599|0|599
18|18134|V|3051|0|3051
18|18134|M|2436|0|2436
18|18135|M|1336|0|1336
18|18135|V|1948|3|1948
18|18136|V|757|1|757
18|18136|M|465|0|465
18|18137|V|391|0|391
18|18137|M|200|0|200
18|18138|V|1257|0|1257
18|18138|M|843|0|843
18|18140|V|20819|0|20819
18|18140|M|15777|0|15777
18|18141|M|72|0|72
18|18141|V|138|0|138
18|18143|M|313|0|313
18|18143|V|435|0|435
18|18144|V|387|0|387
18|18144|M|285|0|285
18|18145|M|4559|0|4559
18|18145|V|5481|0|5481
18|18146|M|292|0|292
18|18146|V|413|0|413
18|18147|V|1965|0|1965
18|18147|M|1338|0|1338
18|18148|M|241|0|241
18|18148|V|319|0|319
18|18149|M|2272|0|2272
18|18149|V|2823|0|2823
18|18150|V|3587|0|3587
18|18150|M|2560|0|2560
18|18151|M|83|0|83
18|18151|V|103|0|103
18|18152|M|151|0|151
18|18152|V|332|1|332
18|18153|M|3377|0|3377
18|18153|V|4338|0|4338
18|18154|M|269|0|269
18|18154|V|384|1|384
18|18157|V|595|0|595
18|18157|M|400|0|400
18|18158|V|4334|1|4334
18|18158|M|2660|0|2660
18|18159|V|387|1|387
18|18159|M|193|0|193
18|18161|V|81|0|81
18|18161|M|49|0|49
18|18162|M|336|0|336
18|18162|V|551|0|551
18|18163|M|68|0|68
18|18163|V|109|0|109
18|18164|V|775|1|776
18|18164|M|458|0|458
18|18165|M|1602|0|1602
18|18165|V|2088|0|2088
18|18167|M|620|0|620
18|18167|V|885|0|885
18|18168|V|350|0|350
18|18168|M|213|0|213
18|18170|M|70|0|70
18|18170|V|116|0|116
18|18171|M|646|0|646
18|18171|V|967|1|967
18|18173|V|4316|0|4316
18|18173|M|3171|0|3171
18|18174|V|198|1|198
18|18174|M|118|0|118
18|18175|M|3527|0|3527
18|18175|V|5370|3|5372
18|18176|V|54|0|54
18|18176|M|26|0|26
18|18177|M|101|0|101
18|18177|V|191|0|191
18|18178|V|251|2|251
18|18178|M|121|0|121
18|18179|V|227|0|227
18|18179|M|117|0|117
18|18180|V|244|0|244
18|18180|M|138|0|138
18|18181|V|61|0|61
18|18181|M|25|0|25
18|18182|V|776|1|776
18|18182|M|501|0|501
18|18183|M|137|0|137
18|18183|V|243|0|243
18|18184|M|723|0|723
18|18184|V|1081|0|1081
18|18185|V|230|0|230
18|18185|M|120|0|120
18|18187|M|103|0|103
18|18187|V|214|0|214
18|18188|V|789|0|789
18|18188|M|541|0|541
18|18189|V|356|0|356
18|18189|M|271|0|271
18|18192|V|1016|1|1016
18|18192|M|484|0|484
18|18193|V|7220|0|7220
18|18193|M|5873|0|5873
18|18194|V|991|2|991
18|18194|M|732|0|732
18|18901|V|233|0|233
18|18901|M|174|0|174
18|18902|V|332|0|332
18|18902|M|218|0|218
18|18903|M|200|0|200
18|18903|V|343|0|343
18|18904|V|278|0|278
18|18904|M|154|0|154
18|18905|V|8140|2|8140
18|18905|M|6374|0|6374
18|18906|M|200|0|200
18|18906|V|358|0|358
18|18907|V|816|1|816
18|18907|M|563|0|563
18|18908|M|275|0|275
18|18908|V|367|0|367
18|18909|V|216|1|216
18|18909|M|79|0|79
18|18910|V|318|1|318
18|18910|M|187|0|187
18|18911|V|4207|0|4207
18|18911|M|3430|0|3430
18|18912|M|413|0|413
18|18912|V|648|1|648
18|18913|V|286|0|286
18|18913|M|210|0|210
18|18914|M|92|0|92
18|18914|V|147|0|147
18|18915|V|27|0|27
18|18915|M|20|0|20
18|18916|V|179|0|179
18|18916|M|111|0|111
19|19000|V|4|0|4
19|19000|M|1|0|1
19|19001|M|13|0|13
19|19001|V|28|0|28
19|19002|V|16|0|16
19|19002|M|6|0|6
19|19003|M|3|0|3
19|19003|V|6|0|6
19|19004|M|5|0|5
19|19004|V|12|0|12
19|19005|V|52|0|52
19|19005|M|22|0|22
19|19006|V|400|1|400
19|19006|M|228|0|228
19|19007|M|98|0|98
19|19007|V|181|0|181
19|19008|V|20|0|20
19|19008|M|15|0|15
19|19009|V|102|1|102
19|19009|M|61|0|61
19|19010|M|1|0|1
19|19011|M|57|0|57
19|19011|V|99|0|99
19|19013|V|49|0|49
19|19013|M|28|0|28
19|19015|M|11|0|11
19|19015|V|29|0|29
19|19016|M|8|0|8
19|19016|V|10|0|10
19|19017|M|15|0|15
19|19017|V|32|0|32
19|19018|M|34|0|34
19|19018|V|64|0|64
19|19019|V|1|0|1
19|19020|V|25|0|25
19|19020|M|14|0|14
19|19021|M|266|0|266
19|19021|V|399|1|399
19|19022|V|215|0|215
19|19022|M|146|0|146
19|19023|V|26|0|26
19|19023|M|20|0|20
19|19024|M|4260|0|4260
19|19024|V|4930|0|4930
19|19027|M|27|0|27
19|19027|V|48|0|48
19|19031|V|3|0|3
19|19032|M|21|0|21
19|19032|V|49|0|49
19|19033|M|5|0|5
19|19033|V|13|0|13
19|19034|M|5|0|5
19|19034|V|12|0|12
19|19036|V|147|0|147
19|19036|M|97|0|97
19|19037|M|30|0|30
19|19037|V|64|0|64
19|19038|M|1|0|1
19|19038|V|7|0|7
19|19039|V|31|0|31
19|19039|M|6|0|6
19|19040|M|7|0|7
19|19040|V|7|0|7
19|19041|M|82|0|82
19|19041|V|111|0|111
19|19042|M|4|0|4
19|19042|V|7|0|7
19|19043|V|29|2|29
19|19043|M|6|0|6
19|19044|V|144|1|144
19|19044|M|87|0|87
19|19045|V|50|0|50
19|19045|M|18|0|18
19|19046|M|9339|0|9339
19|19046|V|11516|0|11516
19|19047|V|20|0|20
19|19047|M|20|0|20
19|19048|M|4|0|4
19|19048|V|5|0|5
19|19049|M|2|0|2
19|19049|V|5|0|5
19|19050|V|5|0|5
19|19050|M|6|0|6
19|19051|V|22|0|22
19|19051|M|3|0|3
19|19052|V|12|0|12
19|19053|V|915|1|915
19|19053|M|627|0|627
19|19054|V|64|0|64
19|19054|M|28|0|28
19|19055|V|20|0|20
19|19055|M|13|0|13
19|19057|M|12|0|12
19|19057|V|23|0|23
19|19058|M|3872|0|3872
19|19058|V|4174|1|4174
19|19059|M|8|0|8
19|19059|V|27|0|27
19|19060|M|31|0|31
19|19060|V|45|0|45
19|19061|M|5|0|5
19|19061|V|16|0|16
19|19064|M|5|0|5
19|19064|V|19|0|19
19|19065|M|20|0|20
19|19065|V|37|0|37
19|19066|V|27|0|27
19|19066|M|16|0|16
19|19067|M|14|0|14
19|19067|V|26|0|26
19|19070|V|54|0|54
19|19070|M|30|0|30
19|19071|V|4950|0|4950
19|19071|M|4394|0|4394
19|19073|M|6|0|6
19|19073|V|9|0|9
19|19074|V|44|0|44
19|19074|M|14|0|14
19|19075|V|24|0|24
19|19075|M|5|0|5
19|19076|V|7|0|7
19|19076|M|1|0|1
19|19078|V|21|0|21
19|19078|M|5|0|5
19|19079|M|2|0|2
19|19079|V|3|0|3
19|19080|M|11|0|11
19|19080|V|20|0|20
19|19081|M|3|0|3
19|19081|V|14|0|14
19|19082|V|55|0|55
19|19082|M|24|0|24
19|19086|M|395|0|395
19|19086|V|630|0|630
19|19087|V|9|0|9
19|19087|M|5|0|5
19|19088|M|38|0|38
19|19088|V|46|0|46
19|19089|V|15|0|15
19|19089|M|3|0|3
19|19090|V|24|0|24
19|19090|M|16|0|16
19|19091|V|13|0|13
19|19091|M|3|0|3
19|19092|M|115|0|115
19|19092|V|212|0|212
19|19095|M|3|0|3
19|19095|V|5|0|5
19|19096|V|38|0|38
19|19096|M|15|0|15
19|19097|V|7|0|7
19|19097|M|1|0|1
19|19098|M|10|0|10
19|19098|V|10|0|10
19|19099|M|57|0|57
19|19099|V|100|0|100
19|19102|V|57|0|57
19|19102|M|20|0|20
19|19103|V|93|0|93
19|19103|M|53|0|53
19|19104|V|4|0|4
19|19105|V|1527|1|1527
19|19105|M|1294|0|1294
19|19106|V|26|0|26
19|19106|M|13|0|13
19|19107|M|60|0|60
19|19107|V|118|2|118
19|19108|V|33|0|33
19|19108|M|12|0|12
19|19109|V|9|1|9
19|19109|M|3|0|3
19|19110|M|7|0|7
19|19110|V|22|0|22
19|19111|V|68|0|68
19|19111|M|25|0|25
19|19112|V|20|0|20
19|19112|M|13|0|13
19|19113|M|158|0|158
19|19113|V|240|0|240
19|19114|V|6|0|6
19|19114|M|1|0|1
19|19115|M|4|0|4
19|19115|V|7|0|7
19|19116|V|5|0|5
19|19117|M|778|0|778
19|19117|V|979|0|979
19|19118|M|3|0|3
19|19118|V|4|0|4
19|19119|V|36|0|36
19|19119|M|21|0|21
19|19120|M|25|0|25
19|19120|V|51|0|51
19|19121|V|86|0|86
19|19121|M|50|0|50
19|19122|M|21|0|21
19|19122|V|30|0|30
19|19123|V|18|0|18
19|19123|M|11|0|11
19|19124|M|143|0|143
19|19124|V|239|0|239
19|19125|V|20|1|20
19|19125|M|8|0|8
19|19126|M|853|0|853
19|19126|V|1034|0|1034
19|19127|V|34|0|34
19|19127|M|19|0|19
19|19129|M|2|0|2
19|19129|V|8|0|8
19|19130|V|29785|2|29786
19|19130|M|25912|0|25912
19|19132|V|9|0|9
19|19132|M|6|0|6
19|19133|M|41|0|41
19|19133|V|79|0|79
19|19134|V|4|0|4
19|19134|M|1|0|1
19|19135|V|26|0|26
19|19135|M|10|0|10
19|19136|V|12|0|12
19|19136|M|3|0|3
19|19138|V|127|1|127
19|19138|M|69|0|69
19|19139|V|12|0|12
19|19139|M|5|0|5
19|19142|M|104|0|104
19|19142|V|192|0|192
19|19143|V|973|0|973
19|19143|M|814|0|814
19|19145|V|12|0|12
19|19145|M|5|0|5
19|19146|V|8|0|8
19|19146|M|5|0|5
19|19147|V|25|0|25
19|19147|M|10|0|10
19|19148|V|16|0|16
19|19148|M|6|0|6
19|19150|M|28|0|28
19|19150|V|52|0|52
19|19151|M|421|0|421
19|19151|V|594|0|594
19|19152|V|323|2|323
19|19152|M|169|0|169
19|19153|M|1|0|1
19|19153|V|5|0|5
19|19154|V|23|0|23
19|19154|M|4|0|4
19|19155|V|22|0|22
19|19155|M|3|0|3
19|19156|V|515|3|515
19|19156|M|359|0|359
19|19157|V|16|0|16
19|19157|M|7|0|7
19|19159|V|39|0|39
19|19159|M|10|0|10
19|19160|V|610|0|610
19|19160|M|424|0|424
19|19161|M|69|0|69
19|19161|V|116|0|116
19|19162|V|23|0|23
19|19162|M|21|0|21
19|19163|V|12|0|12
19|19163|M|10|0|10
19|19165|V|17|0|17
19|19165|M|9|0|9
19|19166|M|32|0|32
19|19166|V|69|0|69
19|19167|M|43|0|43
19|19167|V|87|0|87
19|19168|V|99|0|99
19|19168|M|48|0|48
19|19169|V|5|0|5
19|19169|M|1|0|1
19|19170|M|31|0|31
19|19170|V|55|0|55
19|19171|M|2441|0|2441
19|19171|V|2774|0|2774
19|19172|V|23|0|23
19|19172|M|9|0|9
19|19173|V|43|0|43
19|19173|M|18|0|18
19|19174|M|26|0|26
19|19174|V|47|0|47
19|19175|V|6|0|6
19|19175|M|3|0|3
19|19176|M|54|0|54
19|19176|V|85|0|85
19|19177|M|8|0|8
19|19177|V|24|0|24
19|19178|M|3|0|3
19|19178|V|12|0|12
19|19179|M|8|0|8
19|19179|V|33|1|33
19|19181|V|21|0|21
19|19181|M|7|0|7
19|19182|V|12|0|12
19|19182|M|6|0|6
19|19183|V|24|0|24
19|19183|M|9|0|9
19|19184|V|39|2|39
19|19184|M|21|0|21
19|19185|M|5|0|5
19|19185|V|9|1|9
19|19186|V|24|1|24
19|19186|M|10|0|10
19|19187|V|29|0|29
19|19187|M|9|0|9
19|19188|M|1|0|1
19|19188|V|11|0|11
19|19189|V|71|0|71
19|19189|M|47|0|47
19|19190|M|883|0|883
19|19190|V|1162|0|1162
19|19191|M|2|0|2
19|19191|V|4|0|4
19|19192|M|649|0|649
19|19192|V|1008|1|1008
19|19193|V|14|0|14
19|19193|M|11|0|11
19|19194|V|36|0|36
19|19194|M|19|0|19
19|19195|V|24|0|24
19|19195|M|12|0|12
19|19196|M|29|0|29
19|19196|V|37|1|37
19|19197|M|1|0|1
19|19197|V|1|0|1
19|19198|V|5|0|5
19|19198|M|2|0|2
19|19199|M|1|0|1
19|19199|V|6|0|6
19|19200|V|17|0|17
19|19200|M|6|0|6
19|19201|V|13|0|13
19|19201|M|4|0|4
19|19202|M|4|0|4
19|19202|V|6|0|6
19|19203|M|6|0|6
19|19203|V|9|0|9
19|19204|V|60|0|60
19|19204|M|26|0|26
19|19208|M|7|0|7
19|19208|V|13|0|13
19|19209|V|12|0|12
19|19209|M|3|0|3
19|19210|V|8|0|8
19|19210|M|5|0|5
19|19211|M|86|0|86
19|19211|V|178|1|178
19|19212|V|283|1|283
19|19212|M|181|0|181
19|19213|V|31|1|31
19|19213|M|8|0|8
19|19214|M|9|0|9
19|19214|V|19|0|19
19|19215|V|59|0|59
19|19215|M|23|0|23
19|19216|V|51|0|51
19|19216|M|41|0|41
19|19217|V|6|0|6
19|19218|V|20|0|20
19|19218|M|11|0|11
19|19219|V|2|0|2
19|19219|M|2|0|2
19|19220|M|1401|0|1401
19|19220|V|1746|0|1746
19|19221|V|12|0|12
19|19221|M|4|0|4
19|19222|V|27|0|27
19|19222|M|26|0|26
19|19223|V|37|0|37
19|19223|M|22|0|22
19|19224|V|40|1|40
19|19224|M|6|0|6
19|19225|M|460|0|460
19|19225|V|613|0|613
19|19226|V|2|0|2
19|19226|M|3|0|3
19|19227|M|5|0|5
19|19227|V|21|0|21
19|19228|V|22|0|22
19|19228|M|10|0|10
19|19229|V|10|0|10
19|19229|M|8|0|8
19|19230|M|359|0|359
19|19230|V|388|0|388
19|19231|V|5|0|5
19|19231|M|3|0|3
19|19232|V|18|0|18
19|19232|M|4|0|4
19|19233|M|25|0|25
19|19233|V|50|0|50
19|19234|M|2|0|2
19|19234|V|5|0|5
19|19235|M|15|0|15
19|19235|V|40|0|40
19|19237|V|18|0|18
19|19237|M|6|0|6
19|19238|M|9|0|9
19|19238|V|16|0|16
19|19239|M|18|0|18
19|19239|V|56|0|56
19|19240|V|13|0|13
19|19240|M|7|0|7
19|19241|V|13|0|13
19|19241|M|3|0|3
19|19242|V|44|0|44
19|19242|M|22|0|22
19|19243|M|4|0|4
19|19243|V|14|0|14
19|19244|V|29|0|29
19|19244|M|13|0|13
19|19245|V|598|0|598
19|19245|M|380|0|380
19|19246|M|5|0|5
19|19246|V|13|0|13
19|19247|M|25|0|25
19|19247|V|57|0|57
19|19248|M|10|0|10
19|19248|V|25|0|25
19|19249|V|9|0|9
19|19249|M|1|0|1
19|19250|V|4|0|4
19|19251|V|12|0|12
19|19251|M|4|0|4
19|19252|M|10|0|10
19|19252|V|37|0|37
19|19254|M|7|0|7
19|19254|V|14|0|14
19|19255|V|38|0|38
19|19255|M|16|0|16
19|19256|V|12|0|12
19|19256|M|3|0|3
19|19257|V|1452|1|1452
19|19257|M|1117|0|1117
19|19258|V|23|0|23
19|19258|M|7|0|7
19|19259|M|6|0|6
19|19259|V|8|0|8
19|19260|V|11|0|11
19|19260|M|5|0|5
19|19261|M|2|0|2
19|19261|V|9|0|9
19|19262|M|21|0|21
19|19262|V|52|0|52
19|19263|V|14|0|14
19|19263|M|6|0|6
19|19264|M|4|0|4
19|19264|V|9|0|9
19|19265|M|14|0|14
19|19265|V|46|0|46
19|19266|V|119|0|119
19|19266|M|77|0|77
19|19267|V|11|0|11
19|19267|M|2|0|2
19|19268|M|6|0|6
19|19268|V|8|0|8
19|19269|M|9|0|9
19|19269|V|25|0|25
19|19270|M|1|0|1
19|19270|V|2|0|2
19|19271|M|3|0|3
19|19271|V|13|0|13
19|19272|V|26|1|27
19|19272|M|15|0|15
19|19274|M|439|0|439
19|19274|V|556|0|556
19|19277|M|2|0|2
19|19277|V|4|0|4
19|19278|V|6|0|6
19|19278|M|5|0|5
19|19279|V|47|0|47
19|19279|M|30|0|30
19|19280|M|1908|0|1908
19|19280|V|2378|0|2378
19|19281|M|1|0|1
19|19281|V|10|0|10
19|19282|M|36|0|36
19|19282|V|72|0|72
19|19283|M|1|0|1
19|19283|V|8|0|8
19|19285|V|8|0|8
19|19285|M|3|0|3
19|19286|V|488|1|488
19|19286|M|401|0|401
19|19287|M|40|0|40
19|19287|V|57|0|57
19|19288|V|8|0|8
19|19288|M|2|0|2
19|19289|M|1|0|1
19|19289|V|8|0|8
19|19290|V|605|0|605
19|19290|M|470|0|470
19|19291|M|230|0|230
19|19291|V|353|0|353
19|19293|V|1269|0|1269
19|19293|M|992|0|992
19|19294|V|9|0|9
19|19294|M|6|0|6
19|19296|M|2|0|2
19|19296|V|15|0|15
19|19297|V|17|0|17
19|19297|M|15|0|15
19|19298|M|12|0|12
19|19298|V|29|0|29
19|19299|V|30|0|30
19|19299|M|11|0|11
19|19300|M|384|0|384
19|19300|V|495|0|495
19|19301|M|4|0|4
19|19301|V|9|0|9
19|19302|M|3|0|3
19|19302|V|14|0|14
19|19303|M|8|0|8
19|19303|V|18|0|18
19|19304|V|128|0|128
19|19304|M|88|0|88
19|19305|V|54|0|54
19|19305|M|25|0|25
19|19306|V|5|0|5
19|19306|M|1|0|1
19|19307|V|10|0|10
19|19307|M|7|0|7
19|19308|M|6|0|6
19|19308|V|23|0|23
19|19309|V|11|0|11
19|19309|M|5|0|5
19|19310|V|1|0|1
19|19311|M|9|0|9
19|19311|V|24|0|24
19|19314|M|1|0|1
19|19314|V|10|0|10
19|19317|V|37|0|37
19|19317|M|19|0|19
19|19318|M|4|0|4
19|19318|V|7|0|7
19|19319|M|2168|0|2168
19|19319|V|2450|0|2450
19|19321|M|2|0|2
19|19321|V|13|0|13
19|19322|V|9|0|9
19|19322|M|3|0|3
19|19323|M|14|0|14
19|19323|V|19|0|19
19|19324|M|18|0|18
19|19324|V|68|2|68
19|19325|M|18|0|18
19|19325|V|35|0|35
19|19326|V|1724|0|1724
19|19326|M|1570|0|1570
19|19327|M|84|0|84
19|19327|V|148|0|148
19|19329|M|9|0|9
19|19329|V|12|0|12
19|19330|M|15|0|15
19|19330|V|29|0|29
19|19331|V|1555|3|1555
19|19331|M|1197|0|1197
19|19332|V|40|0|40
19|19332|M|20|0|20
19|19333|M|16|0|16
19|19333|V|42|0|42
19|19334|M|3|0|3
19|19334|V|11|0|11
19|19335|M|11|0|11
19|19335|V|21|0|21
19|19901|V|8|0|8
20|20000|V|10|0|10
20|20000|M|2|0|2
20|20001|V|156|0|156
20|20001|M|111|0|111
20|20002|V|192|0|192
20|20002|M|142|0|142
20|20003|M|207|0|207
20|20003|V|319|0|319
20|20004|V|125|0|125
20|20004|M|97|0|97
20|20005|M|416|0|416
20|20005|V|610|0|610
20|20006|V|115|0|115
20|20006|M|111|0|111
20|20007|M|137|0|137
20|20007|V|182|0|182
20|20008|M|267|0|267
20|20008|V|382|0|382
20|20009|V|5048|0|5048
20|20009|M|3388|0|3388
20|20010|V|768|1|768
20|20010|M|568|0|568
20|20011|V|767|0|767
20|20011|M|577|0|577
20|20012|M|59|0|59
20|20012|V|65|0|65
20|20013|V|2498|0|2498
20|20013|M|1838|0|1838
20|20014|V|614|0|614
20|20014|M|460|0|460
20|20015|M|464|0|464
20|20015|V|630|0|630
20|20016|M|636|0|636
20|20016|V|830|0|830
20|20017|M|2936|0|2936
20|20017|V|4125|0|4125
20|20018|V|5321|0|5321
20|20018|M|4099|0|4099
20|20019|M|3551|0|3551
20|20019|V|4827|0|4827
20|20020|M|36|0|36
20|20020|V|66|0|66
20|20021|V|112|0|112
20|20021|M|76|0|76
20|20022|M|325|0|325
20|20022|V|425|0|425
20|20023|V|232|0|232
20|20023|M|153|0|153
20|20024|V|213|0|213
20|20024|M|164|0|164
20|20025|V|546|0|546
20|20025|M|422|0|422
20|20026|V|103|0|103
20|20026|M|87|0|87
20|20027|V|1363|0|1363
20|20027|M|1007|0|1007
20|20028|M|785|0|785
20|20028|V|1028|0|1028
20|20029|V|1899|0|1899
20|20029|M|1421|0|1421
20|20030|V|8842|0|8842
20|20030|M|5884|0|5884
20|20031|M|79|0|79
20|20031|V|93|0|93
20|20032|M|2668|0|2668
20|20032|V|3837|0|3837
20|20033|M|331|0|331
20|20033|V|417|0|417
20|20034|M|1103|0|1103
20|20034|V|1516|0|1516
20|20035|V|233|0|233
20|20035|M|184|0|184
20|20036|V|5937|2|5938
20|20036|M|4916|0|4916
20|20037|V|55|0|55
20|20037|M|35|0|35
20|20038|M|163|0|163
20|20038|V|209|0|209
20|20039|M|762|0|762
20|20039|V|1035|0|1035
20|20040|V|6911|0|6911
20|20040|M|5038|0|5038
20|20041|V|142|0|142
20|20041|M|111|0|111
20|20042|M|1038|0|1038
20|20042|V|1437|0|1437
20|20043|M|688|0|688
20|20043|V|838|0|838
20|20044|V|183|0|183
20|20044|M|136|0|136
20|20045|M|16005|0|16005
20|20045|V|22203|3|22203
20|20046|M|504|0|504
20|20046|V|651|1|652
20|20047|V|225|0|225
20|20047|M|163|0|163
20|20048|V|99|0|99
20|20048|M|74|0|74
20|20049|V|2174|0|2174
20|20049|M|1596|0|1596
20|20050|V|164|0|164
20|20050|M|111|0|111
20|20051|M|2033|0|2033
20|20051|V|3009|0|3009
20|20052|M|372|0|372
20|20052|V|512|1|513
20|20053|M|1531|0|1531
20|20053|V|2106|0|2106
20|20054|V|254|0|254
20|20054|M|177|0|177
20|20055|M|5307|0|5307
20|20055|V|7541|0|7541
20|20056|M|1369|0|1369
20|20056|V|1773|0|1773
20|20057|V|112|0|112
20|20057|M|79|0|79
20|20058|M|245|0|245
20|20058|V|350|0|350
20|20059|M|3055|0|3055
20|20059|V|3911|0|3911
20|20060|M|35|0|35
20|20060|V|52|0|52
20|20061|M|1627|0|1627
20|20061|V|2082|0|2082
20|20062|M|348|0|348
20|20062|V|466|0|466
20|20063|V|3801|0|3801
20|20063|M|3108|0|3108
20|20064|M|3376|0|3376
20|20064|V|4999|0|4999
20|20065|V|1297|0|1297
20|20065|M|835|0|835
20|20066|V|229|0|229
20|20066|M|180|0|180
20|20067|V|13071|0|13071
20|20067|M|8990|0|8990
20|20068|M|55|0|55
20|20068|V|77|0|77
20|20069|V|59506|0|59506
20|20069|M|46785|0|46785
20|20070|M|437|0|437
20|20070|V|516|0|516
20|20071|V|6657|0|6657
20|20071|M|5062|0|5062
20|20072|M|1645|0|1645
20|20072|V|2276|0|2276
20|20073|M|1767|0|1767
20|20073|V|2346|0|2346
20|20074|M|3723|0|3723
20|20074|V|5052|0|5052
20|20075|V|1985|0|1985
20|20075|M|1433|0|1433
20|20076|M|2427|0|2427
20|20076|V|3402|0|3402
20|20077|M|1674|0|1674
20|20077|V|2394|0|2394
20|20078|V|621|0|621
20|20078|M|454|0|454
20|20079|M|6034|0|6034
20|20079|V|7790|0|7790
20|20080|M|2123|0|2123
20|20080|V|3243|0|3243
20|20081|M|2589|0|2589
20|20081|V|3467|0|3467
20|20901|M|502|0|502
20|20901|V|667|0|667
20|20902|V|6104|0|6104
20|20902|M|4282|1|4282
20|20903|V|2600|0|2600
20|20903|M|2078|0|2078
20|20904|V|62|0|62
20|20904|M|42|0|42
20|20905|V|79|0|79
20|20905|M|59|0|59
20|20906|M|59|0|59
20|20906|V|63|0|63
20|20907|M|44|0|44
20|20907|V|60|0|60
21|21000|V|2|0|2
21|21001|V|323|0|323
21|21001|M|223|0|223
21|21002|M|6866|0|6866
21|21002|V|8115|0|8115
21|21003|M|168|0|168
21|21003|V|309|0|309
21|21004|M|425|0|425
21|21004|V|634|0|634
21|21005|M|5353|0|5353
21|21005|V|8619|2|8619
21|21006|M|831|0|831
21|21006|V|1380|1|1380
21|21007|V|3008|0|3008
21|21007|M|2300|0|2300
21|21008|M|645|0|645
21|21008|V|1002|0|1002
21|21009|V|335|0|335
21|21009|M|175|0|175
21|21010|M|5122|0|5122
21|21010|V|6737|0|6737
21|21011|V|1538|1|1538
21|21011|M|1070|0|1070
21|21012|M|37|0|37
21|21012|V|101|0|101
21|21013|V|5477|2|5477
21|21013|M|3397|0|3397
21|21014|M|1403|0|1403
21|21014|V|2128|4|2128
21|21015|M|169|0|169
21|21015|V|253|0|253
21|21016|V|419|0|419
21|21016|M|264|0|264
21|21017|V|1310|0|1310
21|21017|M|809|0|809
21|21018|M|482|0|482
21|21018|V|709|0|709
21|21019|M|196|0|196
21|21019|V|277|0|277
21|21020|V|142|0|142
21|21020|M|75|0|75
21|21021|M|4730|0|4730
21|21021|V|7617|0|7617
21|21022|M|64|0|64
21|21022|V|75|0|75
21|21023|M|459|0|459
21|21023|V|792|0|792
21|21024|V|209|0|209
21|21024|M|135|0|135
21|21025|M|1149|0|1149
21|21025|V|1590|0|1590
21|21026|M|82|0|82
21|21026|V|102|0|102
21|21027|V|18|0|18
21|21027|M|2|0|2
21|21028|V|142|0|142
21|21028|M|69|0|69
21|21029|M|393|0|393
21|21029|V|598|0|598
21|21030|V|808|3|808
21|21030|M|504|0|504
21|21031|M|228|0|228
21|21031|V|467|2|467
21|21032|M|524|0|524
21|21032|V|789|2|789
21|21033|V|291|0|291
21|21033|M|179|0|179
21|21034|V|519|0|519
21|21034|M|361|0|361
21|21035|M|2786|0|2786
21|21035|V|4148|0|4148
21|21036|V|76|0|76
21|21036|M|52|0|52
21|21037|M|101|0|101
21|21037|V|197|0|197
21|21038|V|484|0|484
21|21038|M|328|0|328
21|21039|V|133|0|133
21|21039|M|83|0|83
21|21040|V|1473|0|1473
21|21040|M|986|0|986
21|21041|V|48011|0|48011
21|21041|M|35708|0|35708
21|21042|V|7263|0|7263
21|21042|M|4845|0|4845
21|21043|V|748|0|748
21|21043|M|522|0|522
21|21044|M|6316|0|6316
21|21044|V|10138|2|10138
21|21045|M|63|0|63
21|21045|V|91|0|91
21|21046|V|1151|1|1151
21|21046|M|659|0|659
21|21047|M|517|0|517
21|21047|V|874|2|874
21|21048|M|112|0|112
21|21048|V|139|0|139
21|21049|V|1280|0|1280
21|21049|M|977|0|977
21|21050|M|4608|0|4608
21|21050|V|6898|1|6898
21|21051|V|105|0|105
21|21051|M|81|0|81
21|21052|V|1678|0|1678
21|21052|M|1172|0|1172
21|21053|V|1553|0|1553
21|21053|M|991|0|991
21|21054|V|3769|1|3769
21|21054|M|2544|0|2544
21|21055|M|3555|0|3555
21|21055|V|5377|0|5377
21|21056|V|1263|4|1263
21|21056|M|782|0|782
21|21057|V|387|0|387
21|21057|M|238|0|238
21|21058|V|1100|1|1100
21|21058|M|713|0|713
21|21059|V|100|0|100
21|21059|M|87|0|87
21|21060|V|4660|0|4660
21|21060|M|3268|0|3268
21|21061|M|1746|0|1746
21|21061|V|2949|0|2949
21|21062|V|573|1|573
21|21062|M|420|0|420
21|21063|M|932|0|932
21|21063|V|1381|2|1381
21|21064|M|2291|0|2291
21|21064|V|3415|0|3415
21|21065|M|77|0|77
21|21065|V|109|0|109
21|21066|V|215|0|215
21|21066|M|119|0|119
21|21067|V|172|0|172
21|21067|M|128|0|128
21|21068|V|401|0|401
21|21068|M|254|0|254
21|21069|V|769|0|769
21|21069|M|468|0|468
21|21070|V|2979|1|2979
21|21070|M|2086|0|2086
21|21071|V|61|0|61
21|21071|M|50|0|50
21|21072|M|3569|0|3569
21|21072|V|4703|0|4703
21|21073|V|975|0|975
21|21073|M|676|0|676
21|21074|M|709|0|709
21|21074|V|1138|1|1138
21|21075|M|52|0|52
21|21075|V|106|0|106
21|21076|V|1030|0|1030
21|21076|M|675|0|675
21|21077|M|500|0|500
21|21077|V|783|2|783
21|21078|V|1076|0|1076
21|21078|M|744|0|744
21|21079|M|169|0|169
21|21079|V|262|0|262
21|21902|M|22|0|22
21|21902|V|40|0|40
22|22000|M|2|0|2
22|22000|V|10|0|10
22|22001|M|84|0|84
22|22001|V|122|0|122
22|22002|M|19|0|19
22|22002|V|29|0|29
22|22003|M|53|0|53
22|22003|V|67|0|67
22|22004|M|25|0|25
22|22004|V|39|0|39
22|22006|V|70|0|70
22|22006|M|54|0|54
22|22007|V|430|2|430
22|22007|M|268|0|268
22|22008|V|79|0|79
22|22008|M|46|0|46
22|22009|M|203|0|203
22|22009|V|275|0|275
22|22011|M|19|0|19
22|22011|V|31|0|31
22|22012|V|48|0|48
22|22012|M|26|0|26
22|22013|V|113|0|113
22|22013|M|69|0|69
22|22014|M|44|0|44
22|22014|V|81|0|81
22|22015|M|78|0|78
22|22015|V|135|0|135
22|22016|M|171|0|171
22|22016|V|240|0|240
22|22017|M|280|0|280
22|22017|V|425|1|426
22|22018|M|69|0|69
22|22018|V|126|0|126
22|22019|M|67|0|67
22|22019|V|86|0|86
22|22020|M|37|0|37
22|22020|V|54|0|54
22|22021|V|962|0|962
22|22021|M|606|0|606
22|22022|M|188|0|188
22|22022|V|293|1|293
22|22023|M|104|0|104
22|22023|V|189|0|189
22|22024|V|107|0|107
22|22024|M|73|0|73
22|22025|V|580|0|580
22|22025|M|409|0|409
22|22027|M|90|0|90
22|22027|V|149|0|149
22|22028|V|136|0|136
22|22028|M|83|0|83
22|22029|M|19|0|19
22|22029|V|41|0|41
22|22032|V|31|0|31
22|22032|M|21|0|21
22|22035|V|116|1|116
22|22035|M|86|0|86
22|22036|V|36|0|36
22|22036|M|15|0|15
22|22037|V|53|0|53
22|22037|M|36|0|36
22|22039|M|270|0|270
22|22039|V|396|2|396
22|22040|M|57|0|57
22|22040|V|80|0|80
22|22041|M|36|0|36
22|22041|V|52|0|52
22|22042|V|45|0|45
22|22042|M|29|0|29
22|22043|V|43|0|43
22|22043|M|20|0|20
22|22044|V|102|0|102
22|22044|M|48|0|48
22|22045|M|16|0|16
22|22045|V|30|0|30
22|22046|V|357|0|357
22|22046|M|235|0|235
22|22047|V|129|0|129
22|22047|M|105|0|105
22|22048|V|6523|3|6524
22|22048|M|4845|0|4845
22|22049|M|20|0|20
22|22049|V|40|0|40
22|22050|M|16|0|16
22|22050|V|28|0|28
22|22051|M|15|0|15
22|22051|V|28|0|28
22|22052|V|484|0|484
22|22052|M|283|0|283
22|22053|M|288|0|288
22|22053|V|414|0|414
22|22054|V|579|0|579
22|22054|M|453|0|453
22|22055|M|68|0|68
22|22055|V|134|0|134
22|22057|V|163|0|163
22|22057|M|104|0|104
22|22058|V|84|0|84
22|22058|M|57|0|57
22|22059|V|597|0|597
22|22059|M|408|0|408
22|22060|V|602|0|602
22|22060|M|437|0|437
22|22061|V|3639|1|3639
22|22061|M|2525|0|2525
22|22062|M|40|0|40
22|22062|V|69|0|69
22|22063|M|36|0|36
22|22063|V|68|0|68
22|22064|V|43|0|43
22|22064|M|33|0|33
22|22066|V|394|0|394
22|22066|M|298|0|298
22|22067|M|21|0|21
22|22067|V|28|0|28
22|22068|M|13|0|13
22|22068|V|32|0|32
22|22069|M|143|0|143
22|22069|V|219|0|219
22|22072|V|75|0|75
22|22072|M|35|0|35
22|22074|M|126|0|126
22|22074|V|155|0|155
22|22075|V|55|0|55
22|22075|M|24|0|24
22|22076|V|129|0|129
22|22076|M|96|0|96
22|22077|V|165|0|165
22|22077|M|83|0|83
22|22078|M|104|0|104
22|22078|V|152|0|152
22|22079|M|32|0|32
22|22079|V|56|1|57
22|22080|M|96|0|96
22|22080|V|137|1|138
22|22081|V|103|0|103
22|22081|M|52|0|52
22|22082|V|128|0|128
22|22082|M|89|0|89
22|22083|M|94|0|94
22|22083|V|175|0|175
22|22084|V|295|1|296
22|22084|M|222|0|222
22|22085|M|28|0|28
22|22085|V|43|0|43
22|22086|M|81|0|81
22|22086|V|101|0|101
22|22087|V|38|1|39
22|22087|M|20|0|20
22|22088|V|66|0|66
22|22088|M|38|0|38
22|22089|M|91|0|91
22|22089|V|151|0|151
22|22090|M|23|0|23
22|22090|V|53|0|53
22|22094|M|26|0|26
22|22094|V|56|0|56
22|22095|V|31|1|31
22|22095|M|14|0|14
22|22096|M|135|0|135
22|22096|V|166|0|166
22|22099|M|162|0|162
22|22099|V|252|0|252
22|22102|V|90|0|90
22|22102|M|40|0|40
22|22103|M|230|0|230
22|22103|V|302|0|302
22|22105|V|59|0|59
22|22105|M|31|0|31
22|22106|M|4|0|4
22|22106|V|11|0|11
22|22107|M|15|0|15
22|22107|V|37|0|37
22|22109|M|78|0|78
22|22109|V|128|0|128
22|22110|M|224|0|224
22|22110|V|338|1|339
22|22111|M|38|0|38
22|22111|V|61|0|61
22|22112|V|5812|0|5812
22|22112|M|4111|0|4111
22|22113|M|137|0|137
22|22113|V|209|0|209
22|22114|V|39|0|39
22|22114|M|20|0|20
22|22115|V|152|0|152
22|22115|M|96|0|96
22|22116|M|412|0|412
22|22116|V|609|0|609
22|22117|M|987|0|987
22|22117|V|1280|0|1280
22|22119|M|307|0|307
22|22119|V|544|0|544
22|22122|V|18|0|18
22|22122|M|13|0|13
22|22124|V|86|0|86
22|22124|M|36|0|36
22|22125|M|14644|1|14645
22|22125|V|18586|5|18588
22|22126|M|7|0|7
22|22126|V|36|0|36
22|22127|V|279|0|279
22|22127|M|220|0|220
22|22128|V|67|0|67
22|22128|M|46|0|46
22|22129|V|96|0|96
22|22129|M|61|0|61
22|22130|M|3624|0|3624
22|22130|V|4873|1|4873
22|22131|V|29|0|29
22|22131|M|22|0|22
22|22133|M|48|0|48
22|22133|V|53|0|53
22|22135|V|87|0|87
22|22135|M|35|0|35
22|22136|M|221|0|221
22|22136|V|349|0|349
22|22137|V|456|0|456
22|22137|M|276|0|276
22|22139|M|21|0|21
22|22139|V|27|0|27
22|22141|M|33|0|33
22|22141|V|59|0|59
22|22142|V|55|0|55
22|22142|M|40|0|40
22|22143|M|60|0|60
22|22143|V|86|0|86
22|22144|M|65|0|65
22|22144|V|93|0|93
22|22149|V|125|0|125
22|22149|M|62|0|62
22|22150|M|109|0|109
22|22150|V|174|0|174
22|22151|M|27|0|27
22|22151|V|37|0|37
22|22155|M|11|0|11
22|22155|V|21|0|21
22|22156|M|117|0|117
22|22156|V|170|0|170
22|22157|V|94|1|95
22|22157|M|64|0|64
22|22158|V|6487|1|6488
22|22158|M|4451|0|4451
22|22160|V|80|0|80
22|22160|M|50|0|50
22|22162|M|36|0|36
22|22162|V|47|0|47
22|22163|V|232|0|232
22|22163|M|159|0|159
22|22164|M|15|0|15
22|22164|V|16|0|16
22|22165|V|210|1|210
22|22165|M|113|0|113
22|22167|V|266|1|266
22|22167|M|152|0|152
22|22168|M|3|0|3
22|22168|V|7|0|7
22|22170|V|272|0|272
22|22170|M|218|0|218
22|22172|M|115|0|115
22|22172|V|224|1|225
22|22173|V|108|0|108
22|22173|M|47|0|47
22|22174|M|119|0|119
22|22174|V|202|0|202
22|22175|V|86|0|86
22|22175|M|32|0|32
22|22176|M|45|0|45
22|22176|V|70|0|70
22|22177|V|39|0|39
22|22177|M|31|0|31
22|22178|V|49|0|49
22|22178|M|25|0|25
22|22181|M|11|0|11
22|22181|V|30|0|30
22|22182|M|60|0|60
22|22182|V|100|0|100
22|22184|M|47|0|47
22|22184|V|88|0|88
22|22186|M|54|0|54
22|22186|V|77|0|77
22|22187|V|153|0|153
22|22187|M|130|0|130
22|22188|M|22|0|22
22|22188|V|30|0|30
22|22189|V|79|0|79
22|22189|M|48|0|48
22|22190|V|61|0|61
22|22190|M|51|0|51
22|22193|V|128|0|128
22|22193|M|93|0|93
22|22195|M|99|0|99
22|22195|V|104|0|104
22|22197|V|178|0|178
22|22197|M|97|0|97
22|22199|V|3669|0|3669
22|22199|M|2607|0|2607
22|22200|M|89|0|89
22|22200|V|122|0|122
22|22201|V|101|0|101
22|22201|M|66|0|66
22|22202|V|60|0|60
22|22202|M|37|0|37
22|22203|V|32|0|32
22|22203|M|14|0|14
22|22204|V|499|0|499
22|22204|M|420|0|420
22|22205|M|112|0|112
22|22205|V|198|0|198
22|22206|V|85|0|85
22|22206|M|45|0|45
22|22207|V|59|0|59
22|22207|M|33|0|33
22|22208|V|93|0|93
22|22208|M|55|0|55
22|22209|V|79|0|79
22|22209|M|47|0|47
22|22212|M|16|0|16
22|22212|V|28|0|28
22|22213|M|1068|0|1068
22|22213|V|1600|1|1600
22|22214|M|45|0|45
22|22214|V|56|1|56
22|22215|M|28|0|28
22|22215|V|48|0|48
22|22217|M|92|0|92
22|22217|V|191|0|191
22|22218|V|18|0|18
22|22218|M|7|0|7
22|22220|M|34|0|34
22|22220|V|58|0|58
22|22221|V|39|0|39
22|22221|M|33|0|33
22|22222|M|209|0|209
22|22222|V|276|0|276
22|22223|V|37|0|37
22|22223|M|28|0|28
22|22225|V|1298|2|1299
22|22225|M|944|0|944
22|22226|M|203|0|203
22|22226|V|343|1|343
22|22227|M|37|0|37
22|22227|V|64|0|64
22|22228|V|293|0|293
22|22228|M|246|0|246
22|22229|M|28|0|28
22|22229|V|55|0|55
22|22230|M|116|0|116
22|22230|V|143|0|143
22|22232|M|23|0|23
22|22232|V|41|0|41
22|22233|M|22|0|22
22|22233|V|33|0|33
22|22234|V|405|0|405
22|22234|M|270|0|270
22|22235|V|51|0|51
22|22235|M|21|0|21
22|22236|V|102|0|102
22|22236|M|72|0|72
22|22239|M|14|0|14
22|22239|V|49|0|49
22|22242|V|30|0|30
22|22242|M|3|0|3
22|22243|M|13|0|13
22|22243|V|24|0|24
22|22244|M|7|0|7
22|22244|V|14|0|14
22|22245|M|102|0|102
22|22245|V|195|0|195
22|22246|V|22|0|22
22|22246|M|14|0|14
22|22247|M|8|0|8
22|22247|V|13|0|13
22|22248|V|37|0|37
22|22248|M|31|0|31
22|22249|M|52|0|52
22|22249|V|71|0|71
22|22250|V|173|0|173
22|22250|M|127|0|127
22|22251|M|110|0|110
22|22251|V|144|0|144
22|22252|M|30|0|30
22|22252|V|41|0|41
22|22253|M|8|0|8
22|22253|V|19|0|19
22|22254|V|684|1|684
22|22254|M|416|0|416
22|22901|M|208|0|208
22|22901|V|327|0|327
22|22902|V|111|0|111
22|22902|M|82|0|82
22|22903|V|316|0|316
22|22903|M|207|0|207
22|22904|V|340|1|340
22|22904|M|207|0|207
22|22905|M|80|0|80
22|22905|V|135|0|135
22|22906|V|83|0|83
22|22906|M|45|0|45
22|22907|V|818|0|818
22|22907|M|650|0|650
22|22908|M|41|0|41
22|22908|V|76|0|76
22|22909|V|165|0|165
22|22909|M|101|0|101
23|23000|V|6|0|6
23|23001|M|185|0|185
23|23001|V|356|0|356
23|23002|M|6204|0|6204
23|23002|V|8208|2|8208
23|23003|M|2701|0|2701
23|23003|V|3926|2|3926
23|23004|V|163|0|163
23|23004|M|96|0|96
23|23005|V|12938|1|12938
23|23005|M|8803|0|8803
23|23006|M|1215|0|1215
23|23006|V|2005|2|2005
23|23007|V|1367|1|1367
23|23007|M|817|0|817
23|23008|V|667|1|668
23|23008|M|440|0|440
23|23009|M|4536|0|4536
23|23009|V|5641|1|5641
23|23010|V|6409|3|6409
23|23010|M|4274|0|4274
23|23011|M|593|0|593
23|23011|V|981|0|981
23|23012|V|1893|0|1893
23|23012|M|1195|0|1195
23|23014|V|1129|0|1129
23|23014|M|697|0|697
23|23015|V|534|0|534
23|23015|M|294|0|294
23|23016|M|109|0|109
23|23016|V|161|0|161
23|23017|M|332|0|332
23|23017|V|590|0|590
23|23018|M|490|0|490
23|23018|V|949|0|949
23|23019|M|348|0|348
23|23019|V|618|1|619
23|23020|V|664|0|664
23|23020|M|504|0|504
23|23021|V|224|0|224
23|23021|M|126|0|126
23|23024|V|5054|0|5054
23|23024|M|3547|0|3547
23|23025|M|751|0|751
23|23025|V|1126|0|1126
23|23026|M|944|0|944
23|23026|V|1493|0|1493
23|23027|V|284|0|284
23|23027|M|151|0|151
23|23028|V|2495|1|2495
23|23028|M|1815|0|1815
23|23029|M|162|0|162
23|23029|V|290|2|290
23|23030|V|476|0|476
23|23030|M|339|0|339
23|23031|M|206|0|206
23|23031|V|342|0|342
23|23032|V|222|0|222
23|23032|M|139|0|139
23|23033|V|609|0|609
23|23033|M|440|0|440
23|23034|V|1133|0|1133
23|23034|M|701|0|701
23|23035|V|497|0|497
23|23035|M|335|0|335
23|23037|V|213|0|213
23|23037|M|103|0|103
23|23038|V|1866|0|1866
23|23038|M|1517|0|1517
23|23039|V|1007|0|1007
23|23039|M|532|0|532
23|23040|V|622|3|622
23|23040|M|383|0|383
23|23041|M|142|0|142
23|23041|V|217|0|217
23|23042|V|102|0|102
23|23042|M|70|0|70
23|23043|V|195|0|195
23|23043|M|132|0|132
23|23044|M|1320|0|1320
23|23044|V|2049|0|2049
23|23045|M|635|0|635
23|23045|V|941|0|941
23|23046|V|1033|0|1033
23|23046|M|674|0|674
23|23047|M|461|0|461
23|23047|V|640|0|640
23|23048|V|315|1|315
23|23048|M|186|0|186
23|23049|M|464|0|464
23|23049|V|760|1|760
23|23050|V|38673|0|38673
23|23050|M|29407|0|29407
23|23051|M|712|0|712
23|23051|V|1212|0|1212
23|23052|M|250|0|250
23|23052|V|467|0|467
23|23053|V|4098|1|4098
23|23053|M|2502|0|2502
23|23054|M|88|0|88
23|23054|V|181|0|181
23|23055|M|13288|0|13288
23|23055|V|19703|0|19703
23|23056|M|858|0|858
23|23056|V|1371|2|1371
23|23057|M|169|0|169
23|23057|V|308|0|308
23|23058|V|4270|0|4270
23|23058|M|3014|0|3014
23|23059|M|1679|0|1679
23|23059|V|2665|4|2665
23|23060|V|8763|2|8763
23|23060|M|6122|0|6122
23|23061|M|2275|0|2275
23|23061|V|3826|1|3826
23|23062|V|614|0|614
23|23062|M|347|0|347
23|23063|M|1196|0|1196
23|23063|V|1601|2|1603
23|23064|V|673|3|675
23|23064|M|373|0|373
23|23065|V|612|0|612
23|23065|M|422|0|422
23|23066|V|1968|1|1968
23|23066|M|1396|0|1396
23|23067|M|629|0|629
23|23067|V|1061|0|1061
23|23069|V|2297|3|2297
23|23069|M|1391|0|1391
23|23070|V|1807|0|1807
23|23070|M|1214|0|1214
23|23071|V|764|0|764
23|23071|M|564|0|564
23|23072|V|814|0|814
23|23072|M|544|0|544
23|23073|M|1264|0|1264
23|23073|V|1901|0|1901
23|23074|M|846|0|846
23|23074|V|1219|1|1219
23|23075|M|962|0|962
23|23075|V|1388|1|1388
23|23076|M|183|0|183
23|23076|V|310|0|310
23|23077|V|253|2|253
23|23077|M|157|0|157
23|23079|V|1644|3|1644
23|23079|M|992|0|992
23|23080|V|768|2|768
23|23080|M|497|0|497
23|23081|V|626|0|626
23|23081|M|452|0|452
23|23082|V|709|0|709
23|23082|M|503|0|503
23|23084|V|354|0|354
23|23084|M|208|0|208
23|23085|M|597|0|597
23|23085|V|984|0|984
23|23086|V|5043|0|5043
23|23086|M|3457|0|3457
23|23087|M|3366|0|3366
23|23087|V|4804|1|4804
23|23088|V|2664|0|2664
23|23088|M|1882|0|1882
23|23090|V|527|0|527
23|23090|M|303|0|303
23|23091|V|295|0|295
23|23091|M|183|0|183
23|23092|V|11470|1|11470
23|23092|M|9165|0|9165
23|23093|M|867|0|867
23|23093|V|1387|0|1387
23|23094|V|1644|1|1645
23|23094|M|1067|0|1067
23|23095|M|2597|0|2597
23|23095|V|3873|5|3873
23|23096|M|738|0|738
23|23096|V|1198|0|1198
23|23097|M|1947|0|1947
23|23097|V|2897|0|2897
23|23098|M|192|0|192
23|23098|V|324|0|324
23|23099|V|2189|0|2189
23|23099|M|1609|0|1609
23|23101|V|138|0|138
23|23101|M|77|0|77
23|23901|M|272|0|272
23|23901|V|470|0|470
23|23902|V|1001|0|1001
23|23902|M|549|0|549
23|23903|M|996|0|996
23|23903|V|1714|2|1714
23|23904|V|929|0|929
23|23904|M|577|0|577
23|23905|M|550|0|550
23|23905|V|826|1|826
24|24000|V|37|0|37
24|24000|M|7|0|7
24|24001|M|31|0|31
24|24001|V|57|0|57
24|24002|V|116|0|116
24|24002|M|60|0|60
24|24003|M|119|0|119
24|24003|V|232|0|232
24|24004|M|89|0|89
24|24004|V|204|0|204
24|24005|M|53|0|53
24|24005|V|150|0|150
24|24006|M|119|0|119
24|24006|V|192|0|192
24|24007|V|320|0|320
24|24007|M|213|0|213
24|24008|V|3880|1|3880
24|24008|M|2951|0|2951
24|24009|V|93|0|93
24|24009|M|46|0|46
24|24010|V|3816|1|3816
24|24010|M|2907|0|2907
24|24011|M|17|0|17
24|24011|V|39|0|39
24|24012|V|99|0|99
24|24012|M|37|0|37
24|24014|V|3177|0|3177
24|24014|M|2274|0|2274
24|24015|V|929|4|929
24|24015|M|619|0|619
24|24016|M|47|0|47
24|24016|V|127|0|127
24|24017|V|237|0|237
24|24017|M|153|0|153
24|24018|V|68|1|68
24|24018|M|39|0|39
24|24019|V|88|0|88
24|24019|M|70|0|70
24|24020|M|70|0|70
24|24020|V|156|0|156
24|24021|M|422|0|422
24|24021|V|672|0|672
24|24022|M|52|0|52
24|24022|V|110|0|110
24|24023|V|92|0|92
24|24023|M|62|0|62
24|24024|V|265|2|265
24|24024|M|151|0|151
24|24025|M|41|0|41
24|24025|V|101|0|101
24|24026|M|324|0|324
24|24026|V|498|1|498
24|24027|M|382|0|382
24|24027|V|539|0|539
24|24028|V|168|0|168
24|24028|M|102|0|102
24|24029|M|136|0|136
24|24029|V|244|0|244
24|24030|V|1809|0|1809
24|24030|M|1382|0|1382
24|24031|V|102|0|102
24|24031|M|40|0|40
24|24032|V|43|0|43
24|24032|M|28|0|28
24|24033|M|35|0|35
24|24033|V|69|0|69
24|24034|V|1557|0|1557
24|24034|M|1270|0|1270
24|24036|M|29|0|29
24|24036|V|71|0|71
24|24037|M|45|0|45
24|24037|V|110|0|110
24|24038|M|1029|0|1029
24|24038|V|1370|0|1370
24|24039|M|629|0|629
24|24039|V|939|2|939
24|24040|M|116|0|116
24|24040|V|153|0|153
24|24041|V|172|0|172
24|24041|M|109|0|109
24|24042|V|18|0|18
24|24042|M|7|0|7
24|24043|V|30|0|30
24|24043|M|12|0|12
24|24044|V|52|0|52
24|24044|M|29|0|29
24|24046|M|189|1|189
24|24046|V|343|3|343
24|24047|M|115|0|115
24|24047|V|266|0|266
24|24049|V|625|1|625
24|24049|M|406|0|406
24|24050|M|18|0|18
24|24050|V|46|0|46
24|24051|V|160|2|160
24|24051|M|76|0|76
24|24052|M|21|0|21
24|24052|V|68|0|68
24|24053|V|173|1|173
24|24053|M|81|0|81
24|24054|M|103|0|103
24|24054|V|182|0|182
24|24055|V|307|0|307
24|24055|M|168|0|168
24|24056|V|1161|0|1161
24|24056|M|698|0|698
24|24057|M|395|0|395
24|24057|V|571|0|571
24|24058|V|68|0|68
24|24058|M|33|0|33
24|24059|M|167|0|167
24|24059|V|297|0|297
24|24060|V|190|0|190
24|24060|M|100|0|100
24|24061|M|568|0|568
24|24061|V|745|0|745
24|24062|V|67|0|67
24|24062|M|16|0|16
24|24063|V|150|0|150
24|24063|M|81|0|81
24|24064|V|650|0|650
24|24064|M|449|0|449
24|24065|V|1079|0|1079
24|24065|M|740|0|740
24|24066|V|170|1|170
24|24066|M|98|0|98
24|24067|M|114|0|114
24|24067|V|242|0|242
24|24068|M|86|0|86
24|24068|V|132|0|132
24|24069|M|6|0|6
24|24069|V|16|0|16
24|24070|M|1105|0|1105
24|24070|V|1562|0|1562
24|24071|M|262|0|262
24|24071|V|406|0|406
24|24073|M|113|0|113
24|24073|V|170|0|170
24|24074|V|35|0|35
24|24074|M|16|0|16
24|24076|M|389|0|389
24|24076|V|574|0|574
24|24077|M|57|0|57
24|24077|V|81|1|81
24|24078|M|73|0|73
24|24078|V|118|0|118
24|24079|M|156|0|156
24|24079|V|333|0|333
24|24080|V|79|0|79
24|24080|M|29|0|29
24|24081|M|20|0|20
24|24081|V|47|0|47
24|24082|M|254|0|254
24|24082|V|354|0|354
24|24083|M|179|0|179
24|24083|V|369|0|369
24|24084|V|54|0|54
24|24084|M|21|0|21
24|24086|V|103|0|103
24|24086|M|35|0|35
24|24087|M|170|0|170
24|24087|V|270|0|270
24|24088|V|430|2|430
24|24088|M|306|0|306
24|24089|M|35715|0|35715
24|24089|V|42974|2|42975
24|24090|M|74|0|74
24|24090|V|114|0|114
24|24091|V|202|1|202
24|24091|M|85|0|85
24|24092|M|169|0|169
24|24092|V|306|0|306
24|24093|V|99|0|99
24|24093|M|50|0|50
24|24094|V|633|0|633
24|24094|M|411|0|411
24|24095|M|83|0|83
24|24095|V|131|0|131
24|24096|M|17|0|17
24|24096|V|28|0|28
24|24097|V|78|0|78
24|24097|M|49|0|49
24|24098|M|287|0|287
24|24098|V|479|0|479
24|24099|M|26|0|26
24|24099|V|69|0|69
24|24100|M|212|0|212
24|24100|V|322|0|322
24|24101|M|52|0|52
24|24101|V|116|0|116
24|24102|M|127|0|127
24|24102|V|236|0|236
24|24103|M|27|0|27
24|24103|V|71|0|71
24|24104|M|48|0|48
24|24104|V|86|0|86
24|24105|M|540|0|540
24|24105|V|763|0|763
24|24106|V|59|0|59
24|24106|M|22|0|22
24|24107|M|43|0|43
24|24107|V|97|0|97
24|24108|M|102|0|102
24|24108|V|129|0|129
24|24109|M|168|0|168
24|24109|V|367|0|367
24|24110|V|431|0|431
24|24110|M|247|0|247
24|24112|V|47|0|47
24|24112|M|17|0|17
24|24113|V|155|0|155
24|24113|M|76|0|76
24|24114|M|580|0|580
24|24114|V|1012|0|1012
24|24115|M|18796|0|18796
24|24115|V|23167|1|23167
24|24116|V|126|0|126
24|24116|M|56|0|56
24|24117|M|91|0|91
24|24117|V|164|1|164
24|24118|M|17|0|17
24|24118|V|45|0|45
24|24119|M|215|0|215
24|24119|V|275|0|275
24|24120|V|114|0|114
24|24120|M|58|0|58
24|24121|V|212|0|212
24|24121|M|128|0|128
24|24122|V|565|0|565
24|24122|M|365|0|365
24|24123|M|119|0|119
24|24123|V|285|3|285
24|24124|M|52|0|52
24|24124|V|138|0|138
24|24125|M|91|0|91
24|24125|V|183|0|183
24|24127|M|66|0|66
24|24127|V|99|0|99
24|24129|M|21|0|21
24|24129|V|46|0|46
24|24130|V|167|0|167
24|24130|M|107|0|107
24|24131|M|176|0|176
24|24131|V|294|1|294
24|24132|M|92|0|92
24|24132|V|197|0|197
24|24133|V|152|0|152
24|24133|M|73|0|73
24|24134|M|948|0|948
24|24134|V|1399|1|1400
24|24136|V|196|0|196
24|24136|M|118|0|118
24|24137|V|411|0|411
24|24137|M|271|0|271
24|24139|V|928|1|928
24|24139|M|541|0|541
24|24141|M|17|0|17
24|24141|V|39|0|39
24|24142|V|10872|0|10872
24|24142|M|8760|0|8760
24|24143|M|134|0|134
24|24143|V|212|0|212
24|24144|V|278|0|278
24|24144|M|162|0|162
24|24145|V|237|0|237
24|24145|M|99|0|99
24|24146|M|30|1|30
24|24146|V|87|0|87
24|24148|V|760|1|760
24|24148|M|522|0|522
24|24149|M|50|0|50
24|24149|V|65|0|65
24|24150|M|50|0|50
24|24150|V|83|0|83
24|24151|M|88|0|88
24|24151|V|169|0|169
24|24152|V|149|0|149
24|24152|M|89|0|89
24|24153|M|70|0|70
24|24153|V|127|0|127
24|24154|V|437|0|437
24|24154|M|265|0|265
24|24155|V|205|3|205
24|24155|M|110|0|110
24|24156|M|27|0|27
24|24156|V|84|0|84
24|24157|V|1200|0|1200
24|24157|M|891|0|891
24|24158|M|58|0|58
24|24158|V|114|0|114
24|24159|V|725|2|725
24|24159|M|463|0|463
24|24160|M|165|0|165
24|24160|V|293|0|293
24|24161|M|78|0|78
24|24161|V|127|0|127
24|24162|V|888|0|888
24|24162|M|694|0|694
24|24163|V|2051|0|2051
24|24163|M|1773|0|1773
24|24164|M|47|0|47
24|24164|V|79|0|79
24|24165|V|102|0|102
24|24165|M|39|0|39
24|24166|M|434|0|434
24|24166|V|598|1|598
24|24167|M|186|0|186
24|24167|V|291|0|291
24|24168|V|194|2|194
24|24168|M|101|0|101
24|24169|M|748|0|748
24|24169|V|1176|0|1176
24|24170|M|433|0|433
24|24170|V|766|0|766
24|24171|M|64|0|64
24|24171|V|117|0|117
24|24172|M|65|0|65
24|24172|V|122|0|122
24|24173|M|253|0|253
24|24173|V|418|2|418
24|24174|M|120|0|120
24|24174|V|202|0|202
24|24175|M|642|0|642
24|24175|V|911|0|911
24|24176|V|133|2|133
24|24176|M|79|0|79
24|24177|M|52|0|52
24|24177|V|126|0|126
24|24178|M|9|0|9
24|24178|V|21|0|21
24|24179|V|104|0|104
24|24179|M|59|0|59
24|24180|V|497|0|497
24|24180|M|246|0|246
24|24181|M|348|0|348
24|24181|V|589|1|590
24|24182|V|161|0|161
24|24182|M|99|0|99
24|24183|M|178|0|178
24|24183|V|316|1|317
24|24184|M|22|0|22
24|24184|V|56|0|56
24|24185|V|178|0|178
24|24185|M|143|0|143
24|24187|M|254|0|254
24|24187|V|400|1|400
24|24188|V|1836|0|1836
24|24188|M|1364|0|1364
24|24189|V|2577|0|2577
24|24189|M|2044|0|2044
24|24190|M|24|0|24
24|24190|V|60|0|60
24|24191|V|49|0|49
24|24191|M|23|0|23
24|24193|V|159|0|159
24|24193|M|92|0|92
24|24194|M|43|0|43
24|24194|V|73|0|73
24|24196|M|546|0|546
24|24196|V|797|0|797
24|24197|M|248|0|248
24|24197|V|366|1|366
24|24198|M|127|0|127
24|24198|V|211|0|211
24|24199|V|180|0|180
24|24199|M|88|0|88
24|24201|V|471|0|471
24|24201|M|253|0|253
24|24202|V|3144|1|3144
24|24202|M|2111|0|2111
24|24203|M|15|0|15
24|24203|V|37|0|37
24|24205|M|299|0|299
24|24205|V|444|1|445
24|24206|V|658|0|658
24|24206|M|474|0|474
24|24207|V|140|0|140
24|24207|M|72|0|72
24|24209|M|667|0|667
24|24209|V|972|0|972
24|24210|V|190|0|190
24|24210|M|89|0|89
24|24211|V|109|0|109
24|24211|M|56|0|56
24|24212|V|399|0|399
24|24212|M|265|0|265
24|24213|V|43|2|44
24|24213|M|17|0|17
24|24214|V|274|0|274
24|24214|M|157|0|157
24|24215|M|32|0|32
24|24215|V|61|0|61
24|24216|V|277|1|277
24|24216|M|147|0|147
24|24217|M|21|0|21
24|24217|V|50|0|50
24|24218|M|137|0|137
24|24218|V|194|0|194
24|24219|M|113|0|113
24|24219|V|202|1|202
24|24221|V|316|1|316
24|24221|M|208|0|208
24|24222|M|5889|0|5889
24|24222|V|6920|1|6921
24|24223|M|841|0|841
24|24223|V|1147|1|1147
24|24224|M|127|0|127
24|24224|V|260|2|260
24|24225|V|470|0|470
24|24225|M|316|0|316
24|24226|V|79|1|79
24|24226|M|33|0|33
24|24227|M|496|0|496
24|24227|V|695|0|695
24|24228|V|312|0|312
24|24228|M|155|0|155
24|24229|M|68|0|68
24|24229|V|187|3|187
24|24230|V|183|0|183
24|24230|M|106|0|106
24|24901|M|192|0|192
24|24901|V|331|0|331
24|24902|V|125|0|125
24|24902|M|77|0|77
25|25000|M|1|0|1
25|25000|V|2|0|2
25|25001|V|70|1|71
25|25001|M|60|1|60
25|25002|V|214|0|214
25|25002|M|133|0|133
25|25003|V|2062|4|2064
25|25003|M|1431|0|1431
25|25004|V|323|0|323
25|25004|M|209|0|209
25|25005|M|81|0|81
25|25005|V|106|0|106
25|25006|M|84|0|84
25|25006|V|150|0|150
25|25007|V|733|0|733
25|25007|M|568|0|568
25|25008|M|411|0|411
25|25008|V|589|1|589
25|25009|V|287|2|288
25|25009|M|186|0|186
25|25010|M|71|0|71
25|25010|V|83|0|83
25|25011|M|2516|0|2516
25|25011|V|3685|0|3685
25|25012|M|870|0|870
25|25012|V|1148|0|1148
25|25013|V|1028|0|1028
25|25013|M|644|0|644
25|25014|V|118|1|119
25|25014|M|74|0|74
25|25015|M|90|0|90
25|25015|V|147|0|147
25|25016|M|757|0|757
25|25016|V|1124|3|1127
25|25017|V|78|0|78
25|25017|M|58|0|58
25|25019|M|1655|0|1655
25|25019|V|2270|5|2272
25|25020|M|47|0|47
25|25020|V|113|0|113
25|25021|M|877|1|878
25|25021|V|1211|0|1211
25|25022|M|19|0|19
25|25022|V|41|0|41
25|25023|V|2320|1|2320
25|25023|M|2004|0|2004
25|25024|V|129|0|129
25|25024|M|87|0|87
25|25025|M|470|0|470
25|25025|V|564|0|564
25|25027|M|392|0|392
25|25027|V|477|1|477
25|25029|M|569|0|569
25|25029|V|794|0|794
25|25030|V|57|0|57
25|25030|M|37|0|37
25|25031|V|16|0|16
25|25031|M|7|0|7
25|25032|M|19|0|19
25|25032|V|26|0|26
25|25033|V|587|0|587
25|25033|M|415|0|415
25|25034|M|915|0|915
25|25034|V|1284|3|1287
25|25035|M|126|0|126
25|25035|V|170|0|170
25|25036|M|46|0|46
25|25036|V|70|0|70
25|25037|V|154|0|154
25|25037|M|114|0|114
25|25038|M|538|0|538
25|25038|V|955|0|955
25|25039|V|120|1|121
25|25039|M|91|0|91
25|25040|V|5788|4|5791
25|25040|M|3933|0|3933
25|25041|M|195|0|195
25|25041|V|313|0|313
25|25042|V|69|0|69
25|25042|M|48|0|48
25|25043|M|225|0|225
25|25043|V|287|1|288
25|25044|M|49|0|49
25|25044|V|71|1|72
25|25045|V|24|0|24
25|25045|M|14|0|14
25|25046|M|151|1|152
25|25046|V|195|0|195
25|25047|V|482|0|482
25|25047|M|358|0|358
25|25048|M|655|0|655
25|25048|V|865|0|865
25|25049|V|71|0|71
25|25049|M|51|0|51
25|25050|M|1271|0|1271
25|25050|V|1786|2|1786
25|25051|M|584|0|584
25|25051|V|669|0|669
25|25052|M|607|0|607
25|25052|V|834|2|835
25|25053|V|612|0|612
25|25053|M|478|0|478
25|25055|V|63|0|63
25|25055|M|39|0|39
25|25056|M|38|0|38
25|25056|V|94|0|94
25|25057|V|98|0|98
25|25057|M|73|0|73
25|25058|V|2250|2|2252
25|25058|M|1491|0|1491
25|25059|V|345|0|345
25|25059|M|266|0|266
25|25060|V|28|0|28
25|25060|M|14|0|14
25|25061|V|30|0|30
25|25061|M|20|0|20
25|25062|M|204|0|204
25|25062|V|292|0|292
25|25063|M|19|0|19
25|25063|V|25|0|25
25|25064|V|50|1|51
25|25064|M|38|0|38
25|25067|V|379|1|380
25|25067|M|217|0|217
25|25068|V|266|0|266
25|25068|M|193|0|193
25|25069|M|114|0|114
25|25069|V|195|0|195
25|25070|M|276|0|276
25|25070|V|381|1|382
25|25071|M|6|0|6
25|25071|V|10|0|10
25|25072|V|3265|0|3265
25|25072|M|2402|0|2402
25|25073|V|266|1|266
25|25073|M|137|0|137
25|25074|M|54|0|54
25|25074|V|70|0|70
25|25075|M|54|0|54
25|25075|V|57|0|57
25|25076|V|59|0|59
25|25076|M|39|0|39
25|25077|M|130|0|130
25|25077|V|198|1|199
25|25078|V|541|2|541
25|25078|M|382|0|382
25|25079|M|91|0|91
25|25079|V|136|1|137
25|25081|M|74|0|74
25|25081|V|139|0|139
25|25082|M|76|0|76
25|25082|V|110|1|110
25|25085|V|63|0|63
25|25085|M|47|0|47
25|25086|V|270|1|270
25|25086|M|207|0|207
25|25087|V|22|0|22
25|25087|M|18|0|18
25|25088|M|30|0|30
25|25088|V|42|0|42
25|25089|M|30|0|30
25|25089|V|38|0|38
25|25092|V|61|0|61
25|25092|M|37|0|37
25|25093|V|314|1|315
25|25093|M|254|0|254
25|25094|M|35|0|35
25|25094|V|63|0|63
25|25096|V|433|1|433
25|25096|M|356|0|356
25|25097|M|16|0|16
25|25097|V|35|0|35
25|25098|M|54|0|54
25|25098|V|62|0|62
25|25099|M|604|0|604
25|25099|V|715|0|715
25|25100|M|45|0|45
25|25100|V|67|0|67
25|25101|M|163|0|163
25|25101|V|274|0|274
25|25102|V|414|0|414
25|25102|M|167|0|167
25|25103|V|44|0|44
25|25103|M|44|0|44
25|25104|V|54|0|54
25|25104|M|37|0|37
25|25105|M|23|0|23
25|25105|V|73|0|73
25|25109|M|56|0|56
25|25109|V|101|0|101
25|25110|M|1459|0|1459
25|25110|V|2360|4|2363
25|25111|V|41|0|41
25|25111|M|34|0|34
25|25112|M|90|0|90
25|25112|V|125|1|125
25|25113|V|591|0|591
25|25113|M|385|0|385
25|25114|V|45|0|45
25|25114|M|29|0|29
25|25115|V|399|2|399
25|25115|M|271|0|271
25|25118|V|156|1|156
25|25118|M|78|0|78
25|25119|V|1218|1|1219
25|25119|M|844|0|844
25|25120|M|34649|1|34650
25|25120|V|48347|3|48350
25|25121|M|234|0|234
25|25121|V|319|0|319
25|25122|V|1048|1|1049
25|25122|M|766|0|766
25|25123|M|38|0|38
25|25123|V|55|0|55
25|25124|M|40|0|40
25|25124|V|68|0|68
25|25125|M|102|0|102
25|25125|V|174|0|174
25|25126|V|100|0|100
25|25126|M|85|0|85
25|25127|M|64|0|64
25|25127|V|99|0|99
25|25128|M|23|0|23
25|25128|V|52|0|52
25|25129|M|62|0|62
25|25129|V|92|0|92
25|25130|V|92|1|92
25|25130|M|75|0|75
25|25131|M|121|0|121
25|25131|V|247|0|247
25|25132|V|69|0|69
25|25132|M|57|0|57
25|25133|M|197|0|197
25|25133|V|355|0|355
25|25134|V|303|0|303
25|25134|M|198|0|198
25|25135|V|513|0|513
25|25135|M|405|0|405
25|25136|M|30|0|30
25|25136|V|29|0|29
25|25137|M|3653|0|3653
25|25137|V|5289|0|5289
25|25138|V|229|0|229
25|25138|M|181|1|182
25|25139|M|149|0|149
25|25139|V|198|0|198
25|25140|V|345|0|345
25|25140|M|299|0|299
25|25141|M|49|0|49
25|25141|V|64|0|64
25|25142|M|123|0|123
25|25142|V|182|0|182
25|25143|M|20|0|20
25|25143|V|34|0|34
25|25145|M|19|0|19
25|25145|V|30|0|30
25|25146|V|104|1|105
25|25146|M|96|0|96
25|25148|V|62|0|62
25|25148|M|35|0|35
25|25149|M|452|0|452
25|25149|V|643|1|643
25|25150|M|41|0|41
25|25150|V|70|1|70
25|25151|V|381|0|381
25|25151|M|351|0|351
25|25152|M|28|0|28
25|25152|V|48|0|48
25|25153|V|85|0|85
25|25153|M|46|0|46
25|25154|M|36|0|36
25|25154|V|47|0|47
25|25155|V|268|1|269
25|25155|M|191|0|191
25|25156|M|315|0|315
25|25156|V|403|1|404
25|25157|M|52|0|52
25|25157|V|65|0|65
25|25158|V|857|1|858
25|25158|M|707|0|707
25|25161|V|120|0|120
25|25161|M|106|0|106
25|25163|V|91|0|91
25|25163|M|52|0|52
25|25164|M|107|0|107
25|25164|V|157|1|158
25|25165|M|81|0|81
25|25165|V|125|0|125
25|25166|M|39|0|39
25|25166|V|69|1|70
25|25167|M|77|0|77
25|25167|V|100|0|100
25|25168|V|245|0|245
25|25168|M|186|0|186
25|25169|V|84|0|84
25|25169|M|42|0|42
25|25170|V|125|0|125
25|25170|M|62|0|62
25|25171|M|750|1|750
25|25171|V|995|2|997
25|25172|V|973|1|974
25|25172|M|650|0|650
25|25173|V|768|2|769
25|25173|M|529|0|529
25|25174|M|168|0|168
25|25174|V|251|0|251
25|25175|V|78|0|78
25|25175|M|75|0|75
25|25176|M|109|0|109
25|25176|V|144|0|144
25|25177|V|138|0|138
25|25177|M|107|0|107
25|25179|V|71|0|71
25|25179|M|64|0|64
25|25180|M|85|0|85
25|25180|V|93|0|93
25|25181|M|46|0|46
25|25181|V|63|0|63
25|25182|M|404|0|404
25|25182|V|515|0|515
25|25183|V|201|0|201
25|25183|M|164|0|164
25|25185|V|328|0|328
25|25185|M|266|0|266
25|25186|V|95|0|95
25|25186|M|75|0|75
25|25189|M|911|0|911
25|25189|V|1190|0|1190
25|25190|M|99|0|99
25|25190|V|132|0|132
25|25191|M|107|0|107
25|25191|V|130|0|130
25|25192|V|410|0|410
25|25192|M|308|0|308
25|25193|V|326|0|326
25|25193|M|279|0|279
25|25194|M|130|0|130
25|25194|V|188|1|189
25|25196|M|16|0|16
25|25196|V|28|0|28
25|25197|M|45|0|45
25|25197|V|56|1|56
25|25200|M|94|0|94
25|25200|V|145|0|145
25|25201|V|34|0|34
25|25201|M|25|0|25
25|25202|V|48|0|48
25|25202|M|37|0|37
25|25203|M|3243|0|3243
25|25203|V|4105|1|4106
25|25204|M|384|0|384
25|25204|V|706|1|707
25|25205|M|220|0|220
25|25205|V|271|0|271
25|25206|M|60|0|60
25|25206|V|114|0|114
25|25207|M|2658|0|2658
25|25207|V|3276|0|3276
25|25208|V|130|0|130
25|25208|M|98|0|98
25|25209|M|686|0|686
25|25209|V|800|1|800
25|25210|V|704|0|704
25|25210|M|394|0|394
25|25211|V|331|0|331
25|25211|M|205|0|205
25|25212|M|85|0|85
25|25212|V|122|0|122
25|25215|M|120|0|120
25|25215|V|136|0|136
25|25216|M|67|0|67
25|25216|V|81|0|81
25|25217|V|6355|4|6358
25|25217|M|4629|0|4629
25|25218|M|31|0|31
25|25218|V|36|0|36
25|25219|M|41|0|41
25|25219|V|67|0|67
25|25220|V|503|1|504
25|25220|M|333|0|333
25|25221|M|35|0|35
25|25221|V|48|0|48
25|25222|V|8|0|8
25|25222|M|8|0|8
25|25223|M|301|0|301
25|25223|V|422|3|424
25|25224|M|19|0|19
25|25224|V|63|0|63
25|25225|V|302|0|302
25|25225|M|216|0|216
25|25226|M|73|0|73
25|25226|V|110|0|110
25|25227|V|179|0|179
25|25227|M|131|0|131
25|25228|V|1752|0|1752
25|25228|M|1417|0|1417
25|25230|V|812|0|812
25|25230|M|585|0|585
25|25231|M|154|0|154
25|25231|V|260|2|262
25|25232|M|491|0|491
25|25232|V|838|1|839
25|25233|M|102|0|102
25|25233|V|125|0|125
25|25234|M|1592|0|1592
25|25234|V|2064|2|2065
25|25238|V|73|0|73
25|25238|M|50|0|50
25|25239|V|204|0|204
25|25239|M|160|0|160
25|25240|M|577|0|577
25|25240|V|699|2|700
25|25242|M|242|0|242
25|25242|V|303|0|303
25|25243|M|1552|0|1552
25|25243|V|1949|0|1949
25|25244|M|189|0|189
25|25244|V|235|0|235
25|25245|M|115|0|115
25|25245|V|175|1|176
25|25247|M|53|0|53
25|25247|V|58|0|58
25|25248|M|319|0|319
25|25248|V|412|1|412
25|25249|M|49|0|49
25|25249|V|67|2|69
25|25250|M|80|0|80
25|25250|V|156|0|156
25|25251|V|399|0|399
25|25251|M|270|0|270
25|25252|V|271|0|271
25|25252|M|250|0|250
25|25253|V|50|0|50
25|25253|M|41|0|41
25|25254|V|523|0|523
25|25254|M|272|0|272
25|25255|V|183|0|183
25|25255|M|98|0|98
25|25901|M|93|0|93
25|25901|V|136|0|136
25|25902|M|180|0|180
25|25902|V|250|0|250
25|25903|V|95|0|95
25|25903|M|64|0|64
25|25904|V|53|0|53
25|25904|M|34|0|34
25|25905|V|168|1|168
25|25905|M|123|0|123
25|25906|V|82|0|82
25|25906|M|57|0|57
25|25907|V|231|0|231
25|25907|M|158|0|158
25|25908|V|97|0|97
25|25908|M|48|0|48
25|25909|V|55|0|55
25|25909|M|37|0|37
25|25910|V|32|0|32
25|25910|M|13|0|13
25|25911|V|206|0|206
25|25911|M|137|0|137
25|25912|V|429|2|430
25|25912|M|303|0|303
25|25913|V|26|0|26
25|25913|M|22|0|22
26|26000|V|7|0|7
26|26001|V|103|1|104
26|26001|M|63|0|63
26|26002|M|293|0|293
26|26002|V|544|1|544
26|26003|M|80|0|80
26|26003|V|171|0|171
26|26004|M|5|0|5
26|26004|V|12|0|12
26|26005|V|1345|0|1345
26|26005|M|871|0|871
26|26006|M|712|0|712
26|26006|V|1064|1|1065
26|26007|V|261|0|261
26|26007|M|151|0|151
26|26008|M|614|1|614
26|26008|V|993|3|994
26|26009|M|119|0|119
26|26009|V|200|0|200
26|26010|M|17|0|17
26|26010|V|33|0|33
26|26011|M|2283|0|2283
26|26011|V|3748|1|3748
26|26012|M|5|0|5
26|26012|V|16|0|16
26|26013|M|119|0|119
26|26013|V|197|0|197
26|26014|V|145|0|145
26|26014|M|83|0|83
26|26015|M|51|0|51
26|26015|V|92|0|92
26|26016|M|3|0|3
26|26016|V|14|0|14
26|26017|V|156|0|156
26|26017|M|117|0|117
26|26018|V|5457|1|5457
26|26018|M|3631|0|3631
26|26019|V|220|0|220
26|26019|M|125|0|125
26|26020|M|140|0|140
26|26020|V|271|0|271
26|26021|M|993|0|993
26|26021|V|1664|0|1664
26|26022|V|80|0|80
26|26022|M|33|0|33
26|26023|M|103|0|103
26|26023|V|178|0|178
26|26024|V|86|0|86
26|26024|M|52|0|52
26|26025|M|18|0|18
26|26025|V|35|0|35
26|26026|M|400|0|400
26|26026|V|618|2|619
26|26027|M|19|0|19
26|26027|V|60|0|60
26|26028|M|34|0|34
26|26028|V|57|0|57
26|26029|V|4|0|4
26|26029|M|1|0|1
26|26030|M|4|0|4
26|26030|V|5|0|5
26|26031|M|27|0|27
26|26031|V|48|0|48
26|26032|M|3|0|3
26|26032|V|12|0|12
26|26033|M|71|0|71
26|26033|V|84|0|84
26|26034|V|297|3|297
26|26034|M|159|0|159
26|26035|V|6|0|6
26|26035|M|2|0|2
26|26036|V|8771|0|8771
26|26036|M|6015|0|6015
26|26037|M|34|0|34
26|26037|V|54|0|54
26|26038|V|18|0|18
26|26038|M|2|0|2
26|26039|M|3|0|3
26|26039|V|17|0|17
26|26040|M|18|0|18
26|26040|V|30|1|30
26|26041|M|26|0|26
26|26041|V|58|0|58
26|26042|V|381|2|382
26|26042|M|257|0|257
26|26043|M|114|0|114
26|26043|V|167|0|167
26|26044|V|15|0|15
26|26044|M|2|0|2
26|26045|V|4|0|4
26|26045|M|1|0|1
26|26046|M|462|0|462
26|26046|V|781|0|781
26|26047|M|483|0|483
26|26047|V|896|0|896
26|26048|V|5|0|5
26|26048|M|10|0|10
26|26049|V|87|0|87
26|26049|M|59|0|59
26|26050|M|48|0|48
26|26050|V|79|0|79
26|26051|M|72|0|72
26|26051|V|103|0|103
26|26052|M|31|0|31
26|26052|V|65|0|65
26|26053|V|104|0|104
26|26053|M|65|0|65
26|26054|V|114|1|114
26|26054|M|46|0|46
26|26055|V|9|0|9
26|26055|M|6|0|6
26|26056|V|204|0|204
26|26056|M|120|0|120
26|26057|V|19|0|19
26|26057|M|8|0|8
26|26058|M|23|0|23
26|26058|V|57|0|57
26|26059|V|610|0|610
26|26059|M|406|0|406
26|26060|V|37|0|37
26|26060|M|15|0|15
26|26061|V|720|0|720
26|26061|M|461|0|461
26|26062|M|20|0|20
26|26062|V|37|0|37
26|26063|M|16|0|16
26|26063|V|47|0|47
26|26064|M|861|0|861
26|26064|V|1179|1|1180
26|26065|M|10|0|10
26|26065|V|23|0|23
26|26066|V|142|0|142
26|26066|M|93|0|93
26|26067|M|7|0|7
26|26067|V|7|0|7
26|26068|V|43|0|43
26|26068|M|28|0|28
26|26069|V|97|0|97
26|26069|M|38|0|38
26|26070|M|30|0|30
26|26070|V|81|0|81
26|26071|M|2797|0|2797
26|26071|V|4134|1|4134
26|26072|V|113|0|113
26|26072|M|85|0|85
26|26073|M|22|0|22
26|26073|V|35|0|35
26|26074|M|25|0|25
26|26074|V|51|0|51
26|26075|M|102|0|102
26|26075|V|189|1|189
26|26076|M|38|0|38
26|26076|V|59|0|59
26|26077|M|1|0|1
26|26077|V|2|0|2
26|26078|M|14|0|14
26|26078|V|32|0|32
26|26079|V|353|2|353
26|26079|M|175|0|175
26|26080|M|92|0|92
26|26080|V|237|1|238
26|26081|V|4|0|4
26|26081|M|4|0|4
26|26082|M|8|0|8
26|26082|V|36|0|36
26|26083|M|34|0|34
26|26083|V|89|0|89
26|26084|V|4356|0|4356
26|26084|M|3402|0|3402
26|26086|M|2|0|2
26|26086|V|7|0|7
26|26087|V|68|0|68
26|26087|M|42|0|42
26|26088|M|2|0|2
26|26088|V|11|0|11
26|26089|M|37893|0|37893
26|26089|V|51096|3|51097
26|26091|M|9|0|9
26|26091|V|33|0|33
26|26092|M|18|0|18
26|26092|V|34|0|34
26|26093|V|24|0|24
26|26093|M|7|0|7
26|26094|V|20|0|20
26|26094|M|11|0|11
26|26095|M|15|0|15
26|26095|V|31|0|31
26|26096|M|74|0|74
26|26096|V|141|0|141
26|26098|V|33|0|33
26|26098|M|23|0|23
26|26099|V|657|1|657
26|26099|M|403|0|403
26|26100|M|8|0|8
26|26100|V|22|0|22
26|26101|V|8|0|8
26|26101|M|5|0|5
26|26102|M|2096|0|2096
26|26102|V|3081|1|3081
26|26103|V|443|0|443
26|26103|M|306|0|306
26|26104|M|1|0|1
26|26104|V|5|0|5
26|26105|M|806|0|806
26|26105|V|1128|0|1128
26|26106|V|25|0|25
26|26106|M|8|0|8
26|26107|M|10|0|10
26|26107|V|33|0|33
26|26108|M|37|0|37
26|26108|V|69|0|69
26|26109|V|27|0|27
26|26109|M|11|0|11
26|26110|M|38|0|38
26|26110|V|66|0|66
26|26111|V|123|0|123
26|26111|M|78|0|78
26|26112|M|34|0|34
26|26112|V|82|0|82
26|26113|V|6|0|6
26|26113|M|1|0|1
26|26114|M|7|0|7
26|26114|V|26|0|26
26|26115|V|2|0|2
26|26117|M|946|0|946
26|26117|V|1383|0|1383
26|26118|M|7|0|7
26|26118|V|13|0|13
26|26119|V|75|0|75
26|26119|M|52|0|52
26|26120|V|815|0|815
26|26120|M|456|0|456
26|26121|V|5|0|5
26|26121|M|1|0|1
26|26122|V|47|0|47
26|26122|M|34|0|34
26|26123|M|23|0|23
26|26123|V|47|0|47
26|26124|M|196|0|196
26|26124|V|384|1|384
26|26125|M|951|0|951
26|26125|V|1501|1|1501
26|26126|V|10|0|10
26|26127|M|45|0|45
26|26127|V|97|0|97
26|26128|M|33|0|33
26|26128|V|47|0|47
26|26129|V|450|2|450
26|26129|M|210|0|210
26|26130|M|38|0|38
26|26130|V|86|0|86
26|26131|M|2|0|2
26|26131|V|12|1|12
26|26132|V|38|0|38
26|26132|M|18|0|18
26|26134|M|11|0|11
26|26134|V|30|0|30
26|26135|V|51|0|51
26|26135|M|19|0|19
26|26136|M|28|0|28
26|26136|V|37|0|37
26|26138|V|2351|0|2351
26|26138|M|1495|0|1495
26|26139|V|20|0|20
26|26139|M|15|0|15
26|26140|V|106|0|106
26|26140|M|61|0|61
26|26141|V|31|0|31
26|26141|M|11|0|11
26|26142|V|405|3|406
26|26142|M|233|0|233
26|26143|V|248|0|248
26|26143|M|180|0|180
26|26144|M|49|0|49
26|26144|V|89|0|89
26|26145|V|95|0|95
26|26145|M|65|0|65
26|26146|M|11|0|11
26|26146|V|15|0|15
26|26147|V|4|0|4
26|26147|M|4|0|4
26|26148|M|39|0|39
26|26148|V|70|0|70
26|26149|M|5|0|5
26|26149|V|13|0|13
26|26150|M|18|0|18
26|26150|V|44|0|44
26|26151|V|139|0|139
26|26151|M|64|0|64
26|26152|M|6|0|6
26|26152|V|19|0|19
26|26153|M|1|0|1
26|26153|V|3|0|3
26|26154|V|7|0|7
26|26154|M|9|0|9
26|26155|V|56|0|56
26|26155|M|26|0|26
26|26157|M|88|0|88
26|26157|V|116|0|116
26|26158|V|136|0|136
26|26158|M|60|0|60
26|26160|V|403|0|403
26|26160|M|245|0|245
26|26161|V|5|0|5
26|26162|V|53|0|53
26|26162|M|32|0|32
26|26163|M|47|0|47
26|26163|V|62|0|62
26|26164|M|9|0|9
26|26164|V|15|0|15
26|26165|M|78|0|78
26|26165|V|144|0|144
26|26166|V|60|0|60
26|26166|M|28|0|28
26|26167|M|9|0|9
26|26167|V|26|0|26
26|26168|M|2583|0|2583
26|26168|V|3254|0|3254
26|26169|V|23|0|23
26|26169|M|13|0|13
26|26170|M|125|0|125
26|26170|V|224|0|224
26|26171|V|62|0|62
26|26171|M|32|0|32
26|26172|V|14|0|14
26|26172|M|4|0|4
26|26173|V|3|0|3
26|26174|V|51|0|51
26|26174|M|22|0|22
26|26175|V|15|0|15
26|26175|M|3|0|3
26|26176|M|5|0|5
26|26176|V|18|0|18
26|26177|M|44|0|44
26|26177|V|119|0|119
26|26178|M|19|0|19
26|26178|V|25|0|25
26|26179|M|2|0|2
26|26179|V|11|0|11
26|26180|V|111|0|111
26|26180|M|60|0|60
26|26181|M|2|0|2
26|26181|V|1|0|1
26|26183|M|20|0|20
26|26183|V|32|0|32
27|27000|V|36|0|36
27|27000|M|8|0|8
27|27001|V|962|5|962
27|27001|M|606|1|606
27|27002|V|664|0|664
27|27002|M|578|0|578
27|27003|V|653|3|653
27|27003|M|456|0|456
27|27004|V|432|3|432
27|27004|M|270|0|270
27|27005|M|1004|0|1004
27|27005|V|1186|1|1186
27|27006|M|749|0|749
27|27006|V|999|3|1000
27|27007|V|1055|2|1055
27|27007|M|764|0|764
27|27008|V|513|1|513
27|27008|M|326|0|326
27|27009|M|498|0|498
27|27009|V|734|3|735
27|27010|V|1886|3|1888
27|27010|M|1433|4|1433
27|27011|M|661|1|661
27|27011|V|974|0|974
27|27012|M|261|0|261
27|27012|V|495|2|495
27|27013|M|1413|0|1413
27|27013|V|1632|1|1632
27|27014|M|904|0|904
27|27014|V|1334|1|1334
27|27015|M|1362|4|1362
27|27015|V|1681|15|1681
27|27016|M|2379|1|2379
27|27016|V|2899|7|2900
27|27017|V|304|0|304
27|27017|M|202|1|202
27|27018|V|1203|4|1204
27|27018|M|739|0|739
27|27019|M|3346|0|3346
27|27019|V|3782|1|3782
27|27020|V|1308|12|1311
27|27020|M|872|1|872
27|27021|M|500|1|500
27|27021|V|678|1|678
27|27022|V|1976|20|1980
27|27022|M|1466|4|1468
27|27023|M|641|0|641
27|27023|V|963|11|963
27|27024|M|339|0|339
27|27024|V|545|5|546
27|27025|M|1007|4|1007
27|27025|V|1113|3|1113
27|27026|M|634|1|635
27|27026|V|920|5|920
27|27027|M|704|0|704
27|27027|V|822|0|822
27|27028|M|31500|0|31500
27|27028|V|33555|4|33555
27|27029|V|602|1|603
27|27029|M|481|1|481
27|27030|V|1277|2|1278
27|27030|M|1028|0|1028
27|27031|M|5399|1|5399
27|27031|V|6194|8|6196
27|27032|V|1265|5|1267
27|27032|M|1010|0|1010
27|27033|V|243|4|243
27|27033|M|142|0|142
27|27034|V|383|6|387
27|27034|M|185|0|185
27|27035|M|43|0|43
27|27035|V|68|0|68
27|27037|M|243|0|243
27|27037|V|388|3|390
27|27038|V|331|0|331
27|27038|M|210|0|210
27|27039|M|1574|1|1574
27|27039|V|2007|5|2007
27|27040|M|769|0|769
27|27040|V|1176|9|1177
27|27041|M|641|0|641
27|27041|V|865|1|865
27|27042|V|621|4|621
27|27042|M|403|1|403
27|27043|V|489|6|489
27|27043|M|343|1|343
27|27044|M|855|5|855
27|27044|V|1185|4|1185
27|27045|M|187|0|187
27|27045|V|344|1|344
27|27046|M|438|2|438
27|27046|V|608|7|609
27|27047|V|576|1|576
27|27047|M|395|0|395
27|27048|M|702|0|702
27|27048|V|864|0|864
27|27049|M|343|1|344
27|27049|V|530|6|531
27|27050|M|770|0|770
27|27050|V|1069|0|1069
27|27051|V|3497|2|3498
27|27051|M|3227|0|3227
27|27052|M|199|0|199
27|27052|V|313|0|313
27|27053|M|102|0|102
27|27053|V|175|0|175
27|27054|V|448|1|448
27|27054|M|345|0|345
27|27055|V|456|8|456
27|27055|M|312|0|312
27|27056|V|531|0|531
27|27056|M|445|0|445
27|27057|V|4712|3|4712
27|27057|M|3883|1|3883
27|27058|V|1318|3|1318
27|27058|M|844|0|844
27|27059|V|726|3|727
27|27059|M|516|0|516
27|27060|M|655|0|655
27|27060|V|924|2|926
27|27061|V|440|0|440
27|27061|M|345|1|345
27|27062|M|166|1|166
27|27062|V|230|1|230
27|27063|M|616|0|616
27|27063|V|697|2|697
27|27064|M|517|0|517
27|27064|V|632|0|632
27|27065|M|4381|6|4381
27|27065|V|5231|12|5234
27|27066|M|4796|0|4796
27|27066|V|5314|0|5314
27|27901|M|567|2|567
27|27901|V|916|9|916
27|27902|M|2984|0|2984
27|27902|V|3054|0|3054
28|28000|M|10|0|10
28|28000|V|62|0|62
28|28001|V|228|0|228
28|28001|M|255|0|255
28|28002|V|1795|0|1795
28|28002|M|1409|0|1409
28|28003|M|55|0|55
28|28003|V|82|0|82
28|28004|M|2458|0|2458
28|28004|V|3298|0|3298
28|28005|M|49733|0|49733
28|28005|V|64048|1|64049
28|28006|M|29989|0|29989
28|28006|V|36928|0|36928
28|28007|V|54090|1|54091
28|28007|M|39426|0|39426
28|28008|M|734|0|734
28|28008|V|1054|0|1054
28|28009|M|6164|0|6164
28|28009|V|7080|0|7080
28|28010|M|4555|0|4555
28|28010|V|5172|0|5172
28|28011|M|157|0|157
28|28011|V|223|0|223
28|28012|V|446|0|446
28|28012|M|375|0|375
28|28013|M|14607|0|14607
28|28013|V|19177|0|19177
28|28014|V|19400|2|19400
28|28014|M|14470|0|14470
28|28015|V|12323|0|12323
28|28015|M|11364|0|11364
28|28016|M|28|0|28
28|28016|V|35|0|35
28|28017|V|527|0|527
28|28017|M|436|0|436
28|28018|V|2242|0|2242
28|28018|M|1836|0|1836
28|28019|M|457|0|457
28|28019|V|724|1|724
28|28020|V|46|0|46
28|28020|M|30|0|30
28|28021|M|175|0|175
28|28021|V|213|0|213
28|28022|V|21610|0|21610
28|28022|M|20827|0|20827
28|28023|M|2512|0|2512
28|28023|V|2897|0|2897
28|28024|V|95|0|95
28|28024|M|59|0|59
28|28025|V|205|1|205
28|28025|M|108|0|108
28|28026|M|3363|0|3363
28|28026|V|3738|0|3738
28|28027|M|467|0|467
28|28027|V|604|0|604
28|28028|V|868|0|868
28|28028|M|723|0|723
28|28029|M|246|0|246
28|28029|V|337|0|337
28|28030|M|761|0|761
28|28030|V|944|0|944
28|28031|M|715|0|715
28|28031|V|1079|0|1079
28|28032|M|2450|0|2450
28|28032|V|2951|0|2951
28|28033|V|2318|0|2318
28|28033|M|1782|0|1782
28|28034|V|146|0|146
28|28034|M|90|0|90
28|28035|V|767|0|767
28|28035|M|530|0|530
28|28036|M|1242|0|1242
28|28036|V|1501|0|1501
28|28037|M|400|0|400
28|28037|V|683|1|683
28|28038|M|2000|1|2001
28|28038|V|2401|0|2401
28|28039|M|25|0|25
28|28039|V|46|0|46
28|28040|M|5381|0|5381
28|28040|V|7753|0|7753
28|28041|M|2405|0|2405
28|28041|V|2534|0|2534
28|28042|V|639|0|639
28|28042|M|460|0|460
28|28043|M|2299|0|2299
28|28043|V|3262|1|3262
28|28044|V|3258|0|3258
28|28044|M|2822|0|2822
28|28045|V|18083|0|18083
28|28045|M|14793|0|14793
28|28046|M|2207|0|2207
28|28046|V|2635|0|2635
28|28047|V|20747|0|20747
28|28047|M|17170|0|17170
28|28048|M|209|0|209
28|28048|V|273|0|273
28|28049|V|26827|0|26827
28|28049|M|19767|0|19767
28|28050|M|2047|0|2047
28|28050|V|2324|0|2324
28|28051|M|655|0|655
28|28051|V|838|0|838
28|28052|V|1873|4|1874
28|28052|M|1306|0|1306
28|28053|M|3378|0|3378
28|28053|V|3722|1|3722
28|28054|V|5670|0|5670
28|28054|M|4895|0|4895
28|28055|M|272|0|272
28|28055|V|432|0|432
28|28056|V|595|0|595
28|28056|M|430|0|430
28|28057|M|704|0|704
28|28057|V|917|0|917
28|28058|V|64147|0|64147
28|28058|M|46821|0|46821
28|28059|M|1939|0|1939
28|28059|V|2435|0|2435
28|28060|M|529|0|529
28|28060|V|803|0|803
28|28061|M|10417|0|10417
28|28061|V|12362|0|12362
28|28062|M|104|0|104
28|28062|V|140|0|140
28|28063|M|90|0|90
28|28063|V|148|0|148
28|28064|V|82|0|82
28|28064|M|55|0|55
28|28065|M|44860|0|44860
28|28065|V|61305|2|61305
28|28066|M|3285|0|3285
28|28066|V|3805|0|3805
28|28067|M|1858|0|1858
28|28067|V|2389|0|2389
28|28068|V|6037|1|6037
28|28068|M|5063|0|5063
28|28069|V|16|0|16
28|28069|M|7|0|7
28|28070|M|43|0|43
28|28070|V|51|0|51
28|28071|M|23|0|23
28|28071|V|28|0|28
28|28072|M|2769|0|2769
28|28072|V|3074|0|3074
28|28073|V|6667|1|6668
28|28073|M|5246|0|5246
28|28074|V|60224|0|60224
28|28074|M|41933|0|41933
28|28075|M|2695|0|2695
28|28075|V|3291|0|3291
28|28076|V|208|0|208
28|28076|M|130|0|130
28|28078|M|139|0|139
28|28078|V|154|0|154
28|28079|M|772202|1|772203
28|28079|V|979612|12|979615
28|28080|V|23345|0|23345
28|28080|M|22495|0|22495
28|28082|V|3163|0|3163
28|28082|M|2661|0|2661
28|28083|M|4775|0|4775
28|28083|V|5388|0|5388
28|28084|M|6211|0|6211
28|28084|V|8300|0|8300
28|28085|M|1712|0|1712
28|28085|V|2280|0|2280
28|28086|M|2282|0|2282
28|28086|V|2982|0|2982
28|28087|M|1336|0|1336
28|28087|V|1620|0|1620
28|28088|V|110|0|110
28|28088|M|59|0|59
28|28089|M|1710|0|1710
28|28089|V|1984|0|1984
28|28090|M|4274|0|4274
28|28090|V|4842|0|4842
28|28091|V|2772|3|2772
28|28091|M|1843|0|1843
28|28092|M|48295|0|48295
28|28092|V|67075|1|67075
28|28093|V|1005|0|1005
28|28093|M|837|0|837
28|28094|M|423|0|423
28|28094|V|567|0|567
28|28095|V|973|0|973
28|28095|M|723|0|723
28|28096|M|8385|0|8385
28|28096|V|10364|2|10364
28|28097|V|44|0|44
28|28097|M|21|0|21
28|28099|V|1135|0|1135
28|28099|M|751|0|751
28|28100|M|2226|0|2226
28|28100|V|2622|0|2622
28|28101|M|113|0|113
28|28101|V|144|0|144
28|28102|M|269|0|269
28|28102|V|444|1|444
28|28104|M|7881|0|7881
28|28104|V|8724|0|8724
28|28106|V|40297|0|40297
28|28106|M|27194|0|27194
28|28107|V|181|0|181
28|28107|M|123|0|123
28|28108|V|2063|0|2063
28|28108|M|1713|0|1713
28|28109|V|954|1|954
28|28109|M|650|0|650
28|28110|V|1053|0|1053
28|28110|M|743|0|743
28|28111|V|334|0|334
28|28111|M|242|0|242
28|28112|V|64|0|64
28|28112|M|41|0|41
28|28113|V|18089|0|18089
28|28113|M|14163|0|14163
28|28114|V|60|0|60
28|28114|M|42|0|42
28|28115|M|28218|0|28218
28|28115|V|30229|2|30230
28|28116|M|398|0|398
28|28116|V|491|0|491
28|28117|M|33|0|33
28|28117|V|52|0|52
28|28118|V|18|0|18
28|28118|M|11|0|11
28|28119|V|1343|0|1343
28|28119|M|1141|0|1141
28|28120|M|358|0|358
28|28120|V|551|0|551
28|28121|M|85|0|85
28|28121|V|111|0|111
28|28122|V|285|0|285
28|28122|M|250|0|250
28|28123|V|33345|0|33345
28|28123|M|29837|0|29837
28|28124|M|24|0|24
28|28124|V|35|0|35
28|28125|M|1128|0|1128
28|28125|V|1550|0|1550
28|28126|M|10|0|10
28|28126|V|26|0|26
28|28127|V|32642|0|32642
28|28127|M|31680|0|31680
28|28128|V|177|0|177
28|28128|M|97|0|97
28|28129|V|4522|1|4522
28|28129|M|4072|0|4072
28|28130|V|13101|1|13102
28|28130|M|10110|0|10110
28|28131|V|5878|1|5878
28|28131|M|5243|0|5243
28|28132|V|7019|0|7019
28|28132|M|5238|0|5238
28|28133|V|2923|2|2923
28|28133|M|2012|0|2012
28|28134|M|25392|0|25392
28|28134|V|30961|0|30961
28|28135|V|550|0|550
28|28135|M|373|0|373
28|28136|M|276|0|276
28|28136|V|350|0|350
28|28137|V|951|0|951
28|28137|M|776|0|776
28|28138|M|35|0|35
28|28138|V|34|0|34
28|28140|M|1431|0|1431
28|28140|V|1606|0|1606
28|28141|V|3259|0|3259
28|28141|M|2892|0|2892
28|28143|V|34|0|34
28|28143|M|17|0|17
28|28144|V|3265|0|3265
28|28144|M|2764|0|2764
28|28145|V|1344|0|1344
28|28145|M|1102|0|1102
28|28146|V|965|0|965
28|28146|M|601|0|601
28|28147|V|517|1|517
28|28147|M|380|0|380
28|28148|M|33609|0|33609
28|28148|V|43662|0|43662
28|28149|M|3013|0|3013
28|28149|V|3520|0|3520
28|28150|V|1700|2|1701
28|28150|M|1432|0|1432
28|28151|M|1246|0|1246
28|28151|V|1697|0|1697
28|28152|M|8123|0|8123
28|28152|V|8379|0|8379
28|28153|V|305|0|305
28|28153|M|270|0|270
28|28154|M|2055|0|2055
28|28154|V|2767|0|2767
28|28155|V|244|0|244
28|28155|M|136|0|136
28|28156|M|520|0|520
28|28156|V|630|0|630
28|28157|V|393|0|393
28|28157|M|257|0|257
28|28158|V|350|0|350
28|28158|M|269|0|269
28|28159|M|186|0|186
28|28159|V|292|0|292
28|28160|V|5188|1|5188
28|28160|M|4296|0|4296
28|28161|M|21065|0|21065
28|28161|V|27654|0|27654
28|28162|V|1434|0|1434
28|28162|M|1283|0|1283
28|28163|M|161|0|161
28|28163|V|235|0|235
28|28164|V|1779|0|1779
28|28164|M|1350|0|1350
28|28165|V|1068|3|1069
28|28165|M|652|0|652
28|28166|M|132|0|132
28|28166|V|203|0|203
28|28167|M|4154|0|4154
28|28167|V|4824|0|4824
28|28168|M|506|0|506
28|28168|V|740|0|740
28|28169|V|937|0|937
28|28169|M|779|0|779
28|28170|V|1310|0|1310
28|28170|M|852|0|852
28|28171|V|2348|0|2348
28|28171|M|1523|0|1523
28|28172|M|5706|0|5706
28|28172|V|6257|0|6257
28|28173|M|192|0|192
28|28173|V|295|1|295
28|28174|V|918|0|918
28|28174|M|625|0|625
28|28175|M|433|0|433
28|28175|V|495|0|495
28|28176|V|7497|0|7497
28|28176|M|7019|0|7019
28|28177|V|5816|0|5816
28|28177|M|5473|0|5473
28|28178|M|481|0|481
28|28178|V|588|0|588
28|28179|M|700|0|700
28|28179|V|831|0|831
28|28180|M|1880|0|1880
28|28180|V|2700|5|2702
28|28181|V|10031|0|10031
28|28181|M|9283|0|9283
28|28182|V|112|0|112
28|28182|M|71|0|71
28|28183|V|622|0|622
28|28183|M|475|0|475
28|28901|V|489|0|489
28|28901|M|308|0|308
28|28902|V|266|0|266
28|28902|M|181|0|181
28|28903|V|17861|0|17861
28|28903|M|16440|0|16440
29|29000|M|1|0|1
29|29000|V|28|0|28
29|29001|V|2175|1|2175
29|29001|M|1485|0|1485
29|29002|M|667|0|667
29|29002|V|969|0|969
29|29003|V|362|1|362
29|29003|M|200|0|200
29|29004|M|72|0|72
29|29004|V|139|0|139
29|29005|M|1694|0|1694
29|29005|V|2282|0|2282
29|29006|V|293|0|293
29|29006|M|191|0|191
29|29007|M|13581|0|13581
29|29007|V|15736|1|15736
29|29008|M|7019|0|7019
29|29008|V|9083|2|9083
29|29009|V|653|0|653
29|29009|M|395|0|395
29|29010|V|755|1|756
29|29010|M|519|0|519
29|29011|M|816|0|816
29|29011|V|1251|0|1251
29|29012|V|4877|2|4877
29|29012|M|3012|0|3012
29|29013|M|524|0|524
29|29013|V|739|0|739
29|29014|V|69|0|69
29|29014|M|42|0|42
29|29015|M|11519|0|11519
29|29015|V|16173|13|16174
29|29016|V|130|0|130
29|29016|M|81|0|81
29|29017|V|3059|3|3059
29|29017|M|2019|0|2019
29|29018|M|529|1|529
29|29018|V|865|0|865
29|29019|M|238|0|238
29|29019|V|422|0|422
29|29020|V|1425|1|1425
29|29020|M|1033|0|1033
29|29021|V|61|0|61
29|29021|M|37|0|37
29|29022|M|54|0|54
29|29022|V|83|0|83
29|29023|V|2102|0|2102
29|29023|M|1829|0|1829
29|29024|V|151|0|151
29|29024|M|79|0|79
29|29025|V|23114|0|23114
29|29025|M|20023|0|20023
29|29026|M|328|0|328
29|29026|V|457|0|457
29|29027|M|781|0|781
29|29027|V|1157|0|1157
29|29028|V|524|0|524
29|29028|M|303|0|303
29|29029|M|91|0|91
29|29029|V|163|0|163
29|29030|M|203|0|203
29|29030|V|327|0|327
29|29031|V|638|0|638
29|29031|M|367|0|367
29|29032|V|3232|6|3232
29|29032|M|2069|0|2069
29|29033|V|612|0|612
29|29033|M|369|0|369
29|29034|M|200|0|200
29|29034|V|262|0|262
29|29035|M|365|0|365
29|29035|V|627|0|627
29|29036|M|151|0|151
29|29036|V|283|0|283
29|29037|V|65|0|65
29|29037|M|33|0|33
29|29038|V|9706|3|9706
29|29038|M|7392|0|7392
29|29039|M|903|0|903
29|29039|V|1312|0|1312
29|29040|V|925|0|925
29|29040|M|568|0|568
29|29041|M|1902|0|1902
29|29041|V|2398|0|2398
29|29042|V|8807|0|8807
29|29042|M|6313|0|6313
29|29043|M|777|0|777
29|29043|V|1312|0|1312
29|29044|V|410|1|410
29|29044|M|253|0|253
29|29045|V|1200|0|1200
29|29045|M|849|0|849
29|29046|M|693|0|693
29|29046|V|1045|0|1045
29|29047|M|319|0|319
29|29047|V|475|1|475
29|29048|V|537|0|537
29|29048|M|341|0|341
29|29049|V|1381|0|1381
29|29049|M|791|0|791
29|29050|V|203|1|203
29|29050|M|127|0|127
29|29051|M|19295|0|19295
29|29051|V|23938|0|23938
29|29052|V|62|0|62
29|29052|M|37|0|37
29|29053|V|1128|0|1128
29|29053|M|820|0|820
29|29054|V|22654|0|22654
29|29054|M|17502|0|17502
29|29055|V|1027|2|1027
29|29055|M|702|0|702
29|29056|V|588|1|588
29|29056|M|383|0|383
29|29057|V|121|0|121
29|29057|M|70|0|70
29|29058|V|786|0|786
29|29058|M|470|0|470
29|29059|V|1312|3|1312
29|29059|M|942|0|942
29|29060|V|248|0|248
29|29060|M|134|0|134
29|29061|V|536|0|536
29|29061|M|411|0|411
29|29062|M|206|0|206
29|29062|V|333|0|333
29|29063|M|79|0|79
29|29063|V|111|0|111
29|29064|V|194|0|194
29|29064|M|122|0|122
29|29065|V|63|0|63
29|29065|M|45|0|45
29|29066|V|181|0|181
29|29066|M|127|0|127
29|29067|M|153098|0|153098
29|29067|V|195801|3|195801
29|29068|M|4404|0|4404
29|29068|V|5600|0|5600
29|29069|V|47474|0|47474
29|29069|M|39501|0|39501
29|29070|M|23760|0|23760
29|29070|V|28674|0|28674
29|29071|V|467|0|467
29|29071|M|349|0|349
29|29072|M|1442|0|1442
29|29072|V|2041|2|2041
29|29073|M|635|0|635
29|29073|V|941|0|941
29|29074|V|314|0|314
29|29074|M|222|0|222
29|29075|V|6940|0|6940
29|29075|M|5043|0|5043
29|29076|V|1443|0|1443
29|29076|M|1085|0|1085
29|29077|M|36|0|36
29|29077|V|55|0|55
29|29079|V|1205|2|1205
29|29079|M|830|0|830
29|29080|V|3544|0|3544
29|29080|M|2567|0|2567
29|29081|M|33|0|33
29|29081|V|55|0|55
29|29082|V|17015|0|17015
29|29082|M|15296|0|15296
29|29083|M|575|0|575
29|29083|V|928|1|928
29|29084|M|9555|0|9555
29|29084|V|12449|0|12449
29|29085|M|41|0|41
29|29085|V|54|0|54
29|29086|V|394|0|394
29|29086|M|290|0|290
29|29087|M|99|0|99
29|29087|V|171|0|171
29|29088|M|920|0|920
29|29088|V|1314|1|1314
29|29089|M|894|0|894
29|29089|V|1421|1|1421
29|29090|V|783|1|783
29|29090|M|472|0|472
29|29091|V|5845|0|5845
29|29091|M|4188|0|4188
29|29092|V|265|0|265
29|29092|M|191|0|191
29|29093|M|612|0|612
29|29093|V|962|0|962
29|29094|V|29769|1|29769
29|29094|M|23280|0|23280
29|29095|M|1061|0|1061
29|29095|V|1596|0|1596
29|29096|V|1315|0|1315
29|29096|M|907|0|907
29|29097|M|1444|0|1444
29|29097|V|2051|3|2051
29|29098|V|574|1|575
29|29098|M|351|1|351
29|29099|V|741|1|741
29|29099|M|525|0|525
29|29100|V|1081|0|1081
29|29100|M|649|0|649
29|29901|M|17404|0|17404
29|29901|V|22266|0|22266
29|29902|V|229|0|229
29|29902|M|180|0|180
29|29903|M|18|0|18
29|29903|V|39|0|39
29|29904|M|9|0|9
29|29904|V|25|0|25
30|30000|V|16|0|16
30|30000|M|6|0|6
30|30001|V|2320|0|2320
30|30001|M|1698|0|1698
30|30002|V|4711|0|4711
30|30002|M|3209|0|3209
30|30003|V|12888|0|12888
30|30003|M|9602|0|9602
30|30004|V|459|0|459
30|30004|M|302|0|302
30|30005|V|14364|0|14364
30|30005|M|11132|0|11132
30|30006|V|424|0|424
30|30006|M|258|0|258
30|30007|M|2541|0|2541
30|30007|V|3451|0|3451
30|30008|M|6293|0|6293
30|30008|V|8390|0|8390
30|30009|M|4923|0|4923
30|30009|V|6856|0|6856
30|30010|M|3028|0|3028
30|30010|V|3964|0|3964
30|30011|M|1698|0|1698
30|30011|V|2509|1|2509
30|30012|V|4607|12|4608
30|30012|M|3334|0|3334
30|30013|V|3812|1|3812
30|30013|M|2567|0|2567
30|30014|V|749|0|749
30|30014|M|510|0|510
30|30015|M|7006|0|7006
30|30015|V|9235|0|9235
30|30016|M|57270|0|57270
30|30016|V|75222|0|75222
30|30017|M|3935|0|3935
30|30017|V|5496|0|5496
30|30018|M|3410|0|3410
30|30018|V|4358|0|4358
30|30019|V|12549|2|12549
30|30019|M|8432|0|8432
30|30020|M|2650|0|2650
30|30020|V|3946|0|3946
30|30021|V|6469|2|6469
30|30021|M|4352|0|4352
30|30022|M|6067|0|6067
30|30022|V|9257|2|9257
30|30023|M|1478|0|1478
30|30023|V|2071|0|2071
30|30024|M|23888|1|23889
30|30024|V|33416|1|33416
30|30025|M|2086|0|2086
30|30025|V|2769|0|2769
30|30026|M|8617|0|8617
30|30026|V|11543|0|11543
30|30027|M|20884|0|20884
30|30027|V|25919|0|25919
30|30028|M|2066|0|2066
30|30028|V|2974|1|2974
30|30029|V|6441|1|6442
30|30029|M|4249|0|4249
30|30030|V|158342|0|158342
30|30030|M|130278|0|130278
30|30031|M|65|0|65
30|30031|V|167|0|167
30|30032|M|997|0|997
30|30032|V|1524|1|1524
30|30033|V|6063|1|6063
30|30033|M|4293|0|4293
30|30034|M|283|0|283
30|30034|V|495|1|495
30|30035|V|11755|0|11755
30|30035|M|9118|0|9118
30|30036|V|9230|0|9230
30|30036|M|7132|0|7132
30|30037|V|15111|0|15111
30|30037|M|10335|0|10335
30|30038|V|8061|0|8061
30|30038|M|6482|0|6482
30|30039|M|9133|0|9133
30|30039|V|12503|2|12503
30|30040|V|333|0|333
30|30040|M|208|0|208
30|30041|V|6836|0|6836
30|30041|M|4910|0|4910
30|30042|V|1198|0|1198
30|30042|M|886|0|886
30|30043|M|9859|0|9859
30|30043|V|12810|2|12810
30|30901|M|4589|0|4589
30|30901|V|5766|0|5766
30|30902|V|5956|0|5956
30|30902|M|4216|0|4216
31|31000|V|9|0|9
31|31000|M|2|0|2
31|31001|M|41|0|41
31|31001|V|65|0|65
31|31002|M|152|0|152
31|31002|V|182|0|182
31|31003|M|23|0|23
31|31003|V|50|0|50
31|31004|V|13|0|13
31|31004|M|10|0|10
31|31005|M|105|0|105
31|31005|V|168|0|168
31|31006|M|692|0|692
31|31006|V|1054|0|1054
31|31007|M|48|0|48
31|31007|V|73|0|73
31|31008|M|15|0|15
31|31008|V|19|0|19
31|31009|M|171|0|171
31|31009|V|286|0|286
31|31010|V|2677|0|2677
31|31010|M|1812|0|1812
31|31011|M|250|0|250
31|31011|V|336|0|336
31|31012|V|401|0|401
31|31012|M|253|0|253
31|31013|V|280|0|280
31|31013|M|191|0|191
31|31014|M|102|0|102
31|31014|V|145|1|146
31|31015|V|1103|0|1103
31|31015|M|733|0|733
31|31016|M|2648|0|2648
31|31016|V|3562|0|3562
31|31017|M|146|0|146
31|31017|V|175|0|175
31|31018|V|235|0|235
31|31018|M|175|0|175
31|31019|M|695|0|695
31|31019|V|993|0|993
31|31020|V|202|0|202
31|31020|M|143|0|143
31|31021|M|17|0|17
31|31021|V|31|0|31
31|31022|V|218|0|218
31|31022|M|153|0|153
31|31023|V|4208|0|4208
31|31023|M|3820|0|3820
31|31024|V|39|0|39
31|31024|M|28|0|28
31|31025|M|277|0|277
31|31025|V|417|0|417
31|31026|V|51|0|51
31|31026|M|28|0|28
31|31027|M|311|0|311
31|31027|V|413|0|413
31|31028|M|66|0|66
31|31028|V|87|0|87
31|31029|M|251|0|251
31|31029|V|412|0|412
31|31030|M|54|0|54
31|31030|V|73|0|73
31|31031|M|68|0|68
31|31031|V|100|0|100
31|31032|V|904|1|905
31|31032|M|615|0|615
31|31033|V|26|0|26
31|31033|M|11|0|11
31|31034|V|19|0|19
31|31034|M|14|0|14
31|31035|V|20|0|20
31|31035|M|8|0|8
31|31036|M|271|0|271
31|31036|V|435|0|435
31|31037|M|27|0|27
31|31037|V|48|0|48
31|31038|M|425|0|425
31|31038|V|665|0|665
31|31039|V|54|0|54
31|31039|M|43|0|43
31|31040|V|97|1|98
31|31040|M|65|0|65
31|31041|V|964|0|964
31|31041|M|751|0|751
31|31042|M|1000|0|1000
31|31042|V|1404|0|1404
31|31043|V|4|0|4
31|31043|M|7|0|7
31|31044|M|91|0|91
31|31044|V|141|0|141
31|31045|M|164|0|164
31|31045|V|237|0|237
31|31046|M|10|0|10
31|31046|V|24|0|24
31|31047|V|78|0|78
31|31047|M|45|0|45
31|31048|V|86|1|86
31|31048|M|57|0|57
31|31049|V|327|0|327
31|31049|M|235|0|235
31|31050|V|3000|1|3000
31|31050|M|2328|0|2328
31|31051|V|111|0|111
31|31051|M|80|0|80
31|31052|V|56|0|56
31|31052|M|38|0|38
31|31053|M|152|0|152
31|31053|V|262|1|263
31|31054|V|231|0|231
31|31054|M|188|0|188
31|31055|V|137|0|137
31|31055|M|107|0|107
31|31056|V|100|0|100
31|31056|M|67|0|67
31|31057|M|520|0|520
31|31057|V|889|1|889
31|31058|V|84|0|84
31|31058|M|63|0|63
31|31059|M|44|0|44
31|31059|V|67|0|67
31|31060|M|5078|0|5078
31|31060|V|6705|0|6705
31|31061|M|13|0|13
31|31061|V|18|0|18
31|31062|M|356|0|356
31|31062|V|556|0|556
31|31063|V|27|0|27
31|31063|M|15|0|15
31|31064|V|874|0|874
31|31064|M|499|0|499
31|31065|V|1070|0|1070
31|31065|M|669|0|669
31|31066|M|258|0|258
31|31066|V|430|0|430
31|31067|M|544|0|544
31|31067|V|938|0|938
31|31068|M|1133|0|1133
31|31068|V|1604|0|1604
31|31069|V|353|0|353
31|31069|M|214|0|214
31|31070|M|931|0|931
31|31070|V|1583|0|1583
31|31071|V|3|0|3
31|31072|V|3214|1|3214
31|31072|M|2158|0|2158
31|31073|V|126|0|126
31|31073|M|85|0|85
31|31074|V|172|0|172
31|31074|M|117|0|117
31|31075|V|57|0|57
31|31075|M|59|0|59
31|31076|V|1329|0|1329
31|31076|M|1179|0|1179
31|31077|M|2058|0|2058
31|31077|V|3170|4|3170
31|31078|M|835|0|835
31|31078|V|1275|1|1275
31|31079|V|24|0|24
31|31079|M|10|0|10
31|31080|V|240|0|240
31|31080|M|139|0|139
31|31081|V|177|0|177
31|31081|M|164|0|164
31|31082|M|240|0|240
31|31082|V|319|0|319
31|31083|V|39|0|39
31|31083|M|35|0|35
31|31084|M|671|0|671
31|31084|V|914|0|914
31|31085|V|247|0|247
31|31085|M|190|0|190
31|31086|V|7150|0|7150
31|31086|M|6188|0|6188
31|31087|M|76|0|76
31|31087|V|78|0|78
31|31088|V|2905|0|2905
31|31088|M|2172|0|2172
31|31089|V|135|0|135
31|31089|M|94|0|94
31|31090|M|29|0|29
31|31090|V|69|0|69
31|31091|V|142|0|142
31|31091|M|77|0|77
31|31092|M|190|0|190
31|31092|V|300|0|300
31|31093|V|110|0|110
31|31093|M|55|0|55
31|31094|M|18|0|18
31|31094|V|38|0|38
31|31095|V|25|0|25
31|31095|M|18|0|18
31|31096|M|23|0|23
31|31096|V|39|0|39
31|31097|V|4951|0|4951
31|31097|M|3759|0|3759
31|31098|M|905|0|905
31|31098|V|1088|0|1088
31|31099|M|17|0|17
31|31099|V|23|0|23
31|31100|V|116|0|116
31|31100|M|62|0|62
31|31101|M|583|0|583
31|31101|V|759|0|759
31|31102|V|61|0|61
31|31102|M|19|0|19
31|31103|M|10|0|10
31|31103|V|19|0|19
31|31104|M|536|0|536
31|31104|V|890|1|890
31|31105|M|483|0|483
31|31105|V|880|0|880
31|31106|V|394|0|394
31|31106|M|313|0|313
31|31107|M|600|0|600
31|31107|V|1011|1|1011
31|31108|V|964|0|964
31|31108|M|609|0|609
31|31109|M|752|0|752
31|31109|V|910|0|910
31|31110|M|19|0|19
31|31110|V|46|0|46
31|31111|V|28|0|28
31|31111|M|13|0|13
31|31112|V|35|0|35
31|31112|M|16|0|16
31|31113|M|20|0|20
31|31113|V|49|0|49
31|31114|M|147|0|147
31|31114|V|184|0|184
31|31115|M|54|0|54
31|31115|V|67|0|67
31|31116|M|17|0|17
31|31116|V|44|0|44
31|31117|M|167|0|167
31|31117|V|273|0|273
31|31118|V|72|0|72
31|31118|M|34|0|34
31|31119|M|4|0|4
31|31119|V|10|0|10
31|31120|V|161|0|161
31|31120|M|91|0|91
31|31121|M|24|0|24
31|31121|V|28|0|28
31|31122|M|2075|0|2075
31|31122|V|2574|0|2574
31|31123|M|192|0|192
31|31123|V|313|0|313
31|31124|V|101|0|101
31|31124|M|68|0|68
31|31125|V|126|0|126
31|31125|M|93|0|93
31|31126|V|170|0|170
31|31126|M|113|0|113
31|31127|V|68|0|68
31|31127|M|46|0|46
31|31128|V|137|0|137
31|31128|M|103|0|103
31|31129|V|203|0|203
31|31129|M|162|0|162
31|31130|V|181|0|181
31|31130|M|117|0|117
31|31131|V|604|0|604
31|31131|M|483|0|483
31|31132|M|26|0|26
31|31132|V|68|0|68
31|31133|M|7|0|7
31|31133|V|14|0|14
31|31134|M|27|0|27
31|31134|V|71|0|71
31|31135|V|26|0|26
31|31135|M|22|0|22
31|31136|M|176|0|176
31|31136|V|227|0|227
31|31137|M|51|0|51
31|31137|V|92|0|92
31|31138|M|333|0|333
31|31138|V|471|0|471
31|31139|V|67|0|67
31|31139|M|35|0|35
31|31140|M|37|0|37
31|31140|V|64|0|64
31|31141|V|55|1|55
31|31141|M|30|0|30
31|31142|M|472|0|472
31|31142|V|834|0|834
31|31143|M|29|0|29
31|31143|V|31|0|31
31|31144|V|359|1|359
31|31144|M|224|0|224
31|31145|V|75|0|75
31|31145|M|55|0|55
31|31146|V|15|0|15
31|31146|M|11|0|11
31|31147|M|46|0|46
31|31147|V|56|0|56
31|31148|V|36|0|36
31|31148|M|33|0|33
31|31149|M|807|0|807
31|31149|V|1107|0|1107
31|31150|V|72|0|72
31|31150|M|40|0|40
31|31151|V|23|0|23
31|31151|M|10|0|10
31|31152|M|384|0|384
31|31152|V|682|1|682
31|31153|M|793|0|793
31|31153|V|1054|0|1054
31|31154|V|108|0|108
31|31154|M|63|0|63
31|31155|V|124|0|124
31|31155|M|90|0|90
31|31156|M|68|0|68
31|31156|V|116|0|116
31|31157|V|1830|1|1830
31|31157|M|1172|0|1172
31|31158|M|92|0|92
31|31158|V|114|0|114
31|31159|V|495|0|495
31|31159|M|303|0|303
31|31160|M|37|0|37
31|31160|V|50|0|50
31|31161|V|176|1|176
31|31161|M|135|0|135
31|31162|M|14|0|14
31|31162|V|22|0|22
31|31163|V|1071|0|1071
31|31163|M|677|0|677
31|31164|V|265|0|265
31|31164|M|145|0|145
31|31165|V|1365|2|1365
31|31165|M|897|0|897
31|31166|V|111|0|111
31|31166|M|66|0|66
31|31167|V|464|0|464
31|31167|M|314|0|314
31|31168|M|72|1|73
31|31168|V|112|1|113
31|31169|M|730|0|730
31|31169|V|1242|0|1242
31|31170|V|17|0|17
31|31170|M|11|0|11
31|31171|M|191|0|191
31|31171|V|343|0|343
31|31172|V|183|0|183
31|31172|M|148|0|148
31|31173|M|246|0|246
31|31173|V|422|0|422
31|31174|V|42|0|42
31|31174|M|33|0|33
31|31175|M|16|0|16
31|31175|V|30|0|30
31|31176|V|1696|1|1696
31|31176|M|1261|0|1261
31|31177|M|83|0|83
31|31177|V|135|0|135
31|31178|M|162|0|162
31|31178|V|270|0|270
31|31179|M|138|0|138
31|31179|V|252|1|252
31|31180|V|104|0|104
31|31180|M|85|0|85
31|31181|M|22|0|22
31|31181|V|47|0|47
31|31182|M|10|0|10
31|31182|V|16|0|16
31|31183|V|358|0|358
31|31183|M|291|0|291
31|31184|V|27|0|27
31|31184|M|18|0|18
31|31185|M|95|0|95
31|31185|V|184|0|184
31|31186|M|109|0|109
31|31186|V|157|0|157
31|31187|M|44|0|44
31|31187|V|64|0|64
31|31188|M|103|0|103
31|31188|V|114|0|114
31|31189|V|550|0|550
31|31189|M|357|0|357
31|31190|M|7|0|7
31|31190|V|17|0|17
31|31191|V|1476|1|1476
31|31191|M|1090|0|1090
31|31192|V|93|0|93
31|31192|M|68|0|68
31|31193|M|578|0|578
31|31193|V|690|0|690
31|31194|V|152|0|152
31|31194|M|128|0|128
31|31195|V|58|0|58
31|31195|M|56|0|56
31|31196|M|2|0|2
31|31196|V|11|0|11
31|31197|M|14|0|14
31|31197|V|32|0|32
31|31198|V|18|0|18
31|31198|M|17|0|17
31|31199|V|46|0|46
31|31199|M|14|0|14
31|31200|M|256|0|256
31|31200|V|373|0|373
31|31201|M|53784|0|53784
31|31201|V|66868|2|66870
31|31202|M|1551|0|1551
31|31202|V|2256|0|2256
31|31203|V|4|0|4
31|31203|M|1|0|1
31|31204|V|20|0|20
31|31204|M|4|0|4
31|31205|V|182|0|182
31|31205|M|103|0|103
31|31206|M|803|0|803
31|31206|V|1042|0|1042
31|31207|M|109|0|109
31|31207|V|145|0|145
31|31208|V|1480|0|1480
31|31208|M|951|0|951
31|31209|V|65|0|65
31|31209|M|51|0|51
31|31210|V|72|0|72
31|31210|M|43|0|43
31|31211|V|7|0|7
31|31211|M|7|0|7
31|31212|M|26|0|26
31|31212|V|55|0|55
31|31213|M|33|0|33
31|31213|V|46|0|46
31|31214|V|43|0|43
31|31214|M|28|0|28
31|31215|M|1675|0|1675
31|31215|V|2345|0|2345
31|31216|V|1825|0|1825
31|31216|M|1292|0|1292
31|31217|V|130|1|130
31|31217|M|66|0|66
31|31219|V|33|0|33
31|31219|M|21|0|21
31|31220|V|341|1|341
31|31220|M|220|0|220
31|31221|V|661|0|661
31|31221|M|492|0|492
31|31222|M|6|0|6
31|31222|V|27|0|27
31|31223|M|266|0|266
31|31223|V|525|0|525
31|31224|V|463|0|463
31|31224|M|259|0|259
31|31225|M|6|0|6
31|31225|V|18|1|19
31|31226|V|295|0|295
31|31226|M|241|0|241
31|31227|M|2575|0|2575
31|31227|V|3931|0|3931
31|31228|M|176|0|176
31|31228|V|254|0|254
31|31229|M|14|0|14
31|31229|V|18|0|18
31|31230|M|20|0|20
31|31230|V|37|0|37
31|31231|M|27|0|27
31|31231|V|44|0|44
31|31232|V|13071|0|13071
31|31232|M|9369|0|9369
31|31233|M|35|0|35
31|31233|V|46|0|46
31|31234|V|83|0|83
31|31234|M|46|0|46
31|31235|V|62|0|62
31|31235|M|26|0|26
31|31236|V|611|1|612
31|31236|M|483|0|483
31|31237|M|57|0|57
31|31237|V|103|0|103
31|31238|V|54|0|54
31|31238|M|38|0|38
31|31239|M|125|0|125
31|31239|V|161|0|161
31|31240|M|180|0|180
31|31240|V|249|1|250
31|31241|M|24|0|24
31|31241|V|50|0|50
31|31242|M|77|0|77
31|31242|V|91|0|91
31|31243|V|163|0|163
31|31243|M|117|0|117
31|31244|V|68|0|68
31|31244|M|38|0|38
31|31245|V|25|0|25
31|31245|M|11|0|11
31|31246|M|54|0|54
31|31246|V|66|0|66
31|31247|V|39|0|39
31|31247|M|23|0|23
31|31248|M|85|0|85
31|31248|V|117|0|117
31|31249|M|580|0|580
31|31249|V|1024|0|1024
31|31250|M|1172|0|1172
31|31250|V|1397|0|1397
31|31251|M|1093|0|1093
31|31251|V|1583|0|1583
31|31252|M|16|0|16
31|31252|V|21|0|21
31|31253|M|43|0|43
31|31253|V|63|0|63
31|31254|V|1110|0|1110
31|31254|M|696|0|696
31|31255|V|36|0|36
31|31255|M|32|0|32
31|31256|V|48|0|48
31|31256|M|24|0|24
31|31257|M|371|0|371
31|31257|V|469|0|469
31|31258|V|3469|0|3469
31|31258|M|2679|0|2679
31|31259|M|180|0|180
31|31259|V|230|0|230
31|31260|M|437|0|437
31|31260|V|597|0|597
31|31261|M|67|0|67
31|31261|V|116|0|116
31|31262|V|117|0|117
31|31262|M|83|0|83
31|31263|M|82|0|82
31|31263|V|121|0|121
31|31264|M|78|0|78
31|31264|V|99|0|99
31|31265|V|39|0|39
31|31265|M|13|0|13
31|31901|V|6820|0|6820
31|31901|M|5190|0|5190
31|31902|V|2376|0|2376
31|31902|M|1950|0|1950
31|31903|M|2512|0|2512
31|31903|V|3581|0|3581
31|31904|V|804|0|804
31|31904|M|572|0|572
31|31905|V|1410|0|1410
31|31905|M|1032|0|1032
31|31906|V|1360|0|1360
31|31906|M|1098|0|1098
31|31907|M|4859|0|4859
31|31907|V|5733|0|5733
31|31908|M|468|0|468
31|31908|V|610|1|610
32|32000|V|40|0|40
32|32000|M|1|0|1
32|32001|M|1845|0|1845
32|32001|V|2306|5|2309
32|32002|V|807|0|807
32|32002|M|601|0|601
32|32003|V|306|0|306
32|32003|M|213|0|213
32|32004|V|448|1|448
32|32004|M|386|0|386
32|32005|M|143|0|143
32|32005|V|301|7|301
32|32006|V|501|1|502
32|32006|M|291|0|291
32|32007|V|527|2|527
32|32007|M|321|0|321
32|32008|V|4055|0|4055
32|32008|M|3365|0|3365
32|32009|M|3865|0|3865
32|32009|V|5009|0|5009
32|32010|V|120|0|120
32|32010|M|87|0|87
32|32011|V|202|0|202
32|32011|M|156|0|156
32|32012|V|272|2|272
32|32012|M|134|0|134
32|32013|V|654|0|654
32|32013|M|411|0|411
32|32014|V|362|0|362
32|32014|M|227|0|227
32|32015|M|154|0|154
32|32015|V|288|2|288
32|32016|M|95|0|95
32|32016|V|246|6|247
32|32017|M|269|0|269
32|32017|V|421|0|421
32|32018|M|273|0|273
32|32018|V|436|0|436
32|32019|V|5168|1|5168
32|32019|M|4269|0|4269
32|32020|V|841|0|841
32|32020|M|526|0|526
32|32021|M|178|0|178
32|32021|V|299|1|299
32|32022|M|276|0|276
32|32022|V|474|0|474
32|32023|M|284|0|284
32|32023|V|490|3|490
32|32024|V|2000|0|2000
32|32024|M|1530|1|1530
32|32025|V|397|0|397
32|32025|M|244|0|244
32|32026|M|789|0|789
32|32026|V|1147|0|1147
32|32027|M|230|0|230
32|32027|V|377|0|377
32|32028|V|593|5|593
32|32028|M|275|0|275
32|32029|V|135|0|135
32|32029|M|60|0|60
32|32030|M|207|0|207
32|32030|V|369|0|369
32|32031|V|384|0|384
32|32031|M|236|0|236
32|32032|M|2831|1|2831
32|32032|V|3960|16|3962
32|32033|M|134|0|134
32|32033|V|229|0|229
32|32034|M|269|0|269
32|32034|V|418|5|418
32|32035|M|217|0|217
32|32035|V|384|0|384
32|32036|M|309|0|309
32|32036|V|521|3|521
32|32037|M|179|0|179
32|32037|V|247|0|247
32|32038|V|133|0|133
32|32038|M|107|0|107
32|32039|V|453|1|453
32|32039|M|238|0|238
32|32040|M|347|0|347
32|32040|V|526|0|526
32|32041|V|210|1|210
32|32041|M|107|0|107
32|32042|V|550|4|550
32|32042|M|333|0|333
32|32043|V|1034|1|1034
32|32043|M|720|0|720
32|32044|M|165|0|165
32|32044|V|267|0|267
32|32045|V|938|0|938
32|32045|M|594|0|594
32|32046|V|419|0|419
32|32046|M|250|0|250
32|32047|V|679|1|679
32|32047|M|479|0|479
32|32048|M|168|0|168
32|32048|V|329|3|329
32|32049|M|122|0|122
32|32049|V|244|1|244
32|32050|V|911|8|912
32|32050|M|545|0|545
32|32051|V|374|7|376
32|32051|M|217|0|217
32|32052|V|639|2|641
32|32052|M|421|0|421
32|32053|V|528|5|528
32|32053|M|278|0|278
32|32054|M|30899|0|30899
32|32054|V|36425|4|36428
32|32055|M|336|0|336
32|32055|V|519|0|519
32|32056|V|531|0|531
32|32056|M|330|0|330
32|32057|V|143|0|143
32|32057|M|56|0|56
32|32058|M|1729|0|1729
32|32058|V|2197|0|2197
32|32059|V|489|0|489
32|32059|M|302|0|302
32|32060|M|246|0|246
32|32060|V|339|0|339
32|32061|V|384|0|384
32|32061|M|254|0|254
32|32062|V|271|2|271
32|32062|M|136|1|136
32|32063|V|759|1|759
32|32063|M|522|0|522
32|32064|V|165|0|165
32|32064|M|107|0|107
32|32065|M|158|0|158
32|32065|V|261|0|261
32|32066|M|109|0|109
32|32066|V|180|2|180
32|32067|V|463|6|463
32|32067|M|239|0|239
32|32068|V|478|0|478
32|32068|M|358|0|358
32|32069|M|1411|0|1411
32|32069|V|1838|0|1838
32|32070|V|203|0|203
32|32070|M|91|0|91
32|32071|V|453|12|455
32|32071|M|276|0|276
32|32072|V|1542|1|1542
32|32072|M|1146|0|1146
32|32073|V|484|1|484
32|32073|M|306|0|306
32|32074|V|356|0|356
32|32074|M|251|0|251
32|32075|V|1987|0|1987
32|32075|M|1593|0|1593
32|32076|V|694|1|694
32|32076|M|435|1|435
32|32077|V|430|2|430
32|32077|M|317|4|318
32|32078|M|186|0|186
32|32078|V|394|11|394
32|32079|M|383|0|383
32|32079|V|584|0|584
32|32080|V|107|2|107
32|32080|M|64|0|64
32|32081|V|803|0|803
32|32081|M|571|0|571
32|32082|V|495|2|495
32|32082|M|249|1|249
32|32083|V|273|1|273
32|32083|M|146|0|146
32|32084|M|175|0|175
32|32084|V|286|0|286
32|32085|M|3764|0|3764
32|32085|V|4985|3|4985
32|32086|V|967|2|967
32|32086|M|616|0|616
32|32087|M|404|0|404
32|32087|V|529|0|529
32|32088|M|419|0|419
32|32088|V|673|0|673
32|32089|V|428|3|428
32|32089|M|242|2|242
32|32090|V|290|3|290
32|32090|M|185|0|185
32|32091|M|300|0|300
32|32091|V|548|6|551
32|32092|V|192|2|192
32|32092|M|97|0|97
33|33000|V|118|0|118
33|33000|M|14|0|14
33|33001|M|405|0|405
33|33001|V|664|1|664
33|33002|V|3709|0|3709
33|33002|M|2209|0|2209
33|33003|M|109|0|109
33|33003|V|210|0|210
33|33004|M|18898|0|18898
33|33004|V|25464|0|25464
33|33005|M|263|0|263
33|33005|V|484|0|484
33|33006|M|440|0|440
33|33006|V|602|0|602
33|33007|M|339|0|339
33|33007|V|611|0|611
33|33008|M|416|0|416
33|33008|V|640|1|640
33|33009|V|384|2|384
33|33009|M|280|0|280
33|33010|V|712|2|712
33|33010|M|480|0|480
33|33011|V|4574|2|4574
33|33011|M|3050|0|3050
33|33012|M|1716|0|1716
33|33012|V|2330|3|2330
33|33013|M|111|0|111
33|33013|V|175|0|175
33|33014|V|3638|0|3638
33|33014|M|2721|0|2721
33|33015|V|419|2|419
33|33015|M|168|0|168
33|33016|V|8167|2|8169
33|33016|M|6446|0|6446
33|33017|M|1125|1|1125
33|33017|V|1340|2|1340
33|33018|M|1098|0|1098
33|33018|V|1318|1|1318
33|33019|V|1176|2|1176
33|33019|M|782|0|782
33|33020|M|3959|0|3959
33|33020|V|5484|0|5484
33|33021|M|1345|0|1345
33|33021|V|1787|0|1787
33|33022|M|174|0|174
33|33022|V|284|0|284
33|33023|M|1194|0|1194
33|33023|V|1464|0|1464
33|33024|M|69032|0|69032
33|33024|V|83618|4|83620
33|33025|V|3736|2|3736
33|33025|M|2765|0|2765
33|33026|V|3444|3|3444
33|33026|M|2455|0|2455
33|33027|V|277|1|278
33|33027|M|164|0|164
33|33028|M|181|0|181
33|33028|V|405|1|405
33|33029|M|56|0|56
33|33029|V|113|1|113
33|33030|V|419|0|419
33|33030|M|301|0|301
33|33031|M|8887|0|8887
33|33031|V|13099|0|13099
33|33032|V|4659|0|4659
33|33032|M|3305|0|3305
33|33033|V|3754|1|3754
33|33033|M|2540|0|2540
33|33034|V|4404|2|4404
33|33034|M|3198|0|3198
33|33035|V|5342|1|5342
33|33035|M|4212|0|4212
33|33036|V|4785|3|4785
33|33036|M|3797|0|3797
33|33037|M|8111|0|8111
33|33037|V|12900|0|12900
33|33038|V|931|0|931
33|33038|M|667|0|667
33|33039|M|528|0|528
33|33039|V|672|0|672
33|33040|V|2054|3|2054
33|33040|M|1486|0|1486
33|33041|V|3190|3|3191
33|33041|M|2740|0|2740
33|33042|V|1750|1|1750
33|33042|M|1422|0|1422
33|33043|M|177|0|177
33|33043|V|265|7|265
33|33044|V|72539|0|72539
33|33044|M|58645|1|58645
33|33045|M|1332|0|1332
33|33045|V|1862|2|1862
33|33046|M|120|0|120
33|33046|V|180|0|180
33|33047|V|450|0|450
33|33047|M|336|0|336
33|33048|V|41|0|41
33|33048|M|23|0|23
33|33049|M|1819|0|1819
33|33049|V|2562|4|2562
33|33050|M|92|0|92
33|33050|V|181|0|181
33|33051|V|3014|0|3014
33|33051|M|2262|0|2262
33|33052|V|227|0|227
33|33052|M|123|0|123
33|33053|M|180|0|180
33|33053|V|340|0|340
33|33054|V|717|1|717
33|33054|M|519|0|519
33|33055|M|487|0|487
33|33055|V|619|2|619
33|33056|V|2061|0|2061
33|33056|M|1603|0|1603
33|33057|V|672|0|672
33|33057|M|444|0|444
33|33058|M|381|0|381
33|33058|V|660|0|660
33|33059|V|1880|2|1880
33|33059|M|1283|0|1283
33|33060|M|3398|0|3398
33|33060|V|5487|0|5487
33|33061|V|124|0|124
33|33061|M|86|0|86
33|33062|M|105|0|105
33|33062|V|170|0|170
33|33063|V|153|0|153
33|33063|M|126|0|126
33|33064|M|58|0|58
33|33064|V|89|0|89
33|33065|M|376|0|376
33|33065|V|503|0|503
33|33066|V|19141|2|19141
33|33066|M|14863|0|14863
33|33067|M|168|0|168
33|33067|V|270|0|270
33|33068|M|139|0|139
33|33068|V|293|0|293
33|33069|M|1060|0|1060
33|33069|V|1445|0|1445
33|33070|M|1158|0|1158
33|33070|V|1428|4|1428
33|33071|M|154|0|154
33|33071|V|215|0|215
33|33072|V|434|0|434
33|33072|M|230|0|230
33|33073|V|3600|5|3602
33|33073|M|2269|0|2269
33|33074|V|1438|0|1438
33|33074|M|1174|0|1174
33|33075|V|105|0|105
33|33075|M|68|0|68
33|33076|M|4357|0|4357
33|33076|V|5532|0|5532
33|33077|V|453|1|453
33|33077|M|275|1|276
33|33078|V|31|0|31
33|33078|M|13|0|13
34|34000|M|3|0|3
34|34000|V|19|0|19
34|34001|M|16|0|16
34|34001|V|21|0|21
34|34003|M|36|0|36
34|34003|V|75|0|75
34|34004|M|1908|0|1908
34|34004|V|2589|2|2591
34|34005|M|215|0|215
34|34005|V|357|0|357
34|34006|V|44|0|44
34|34006|M|17|0|17
34|34009|V|15|0|15
34|34009|M|6|0|6
34|34010|V|207|0|207
34|34010|M|126|0|126
34|34011|V|187|0|187
34|34011|M|80|0|80
34|34012|M|50|0|50
34|34012|V|118|0|118
34|34015|M|7|0|7
34|34015|V|20|0|20
34|34017|M|233|0|233
34|34017|V|384|0|384
34|34018|V|89|0|89
34|34018|M|49|0|49
34|34019|V|58|0|58
34|34019|M|24|0|24
34|34020|V|23|0|23
34|34020|M|5|0|5
34|34022|V|503|0|503
34|34022|M|300|0|300
34|34023|V|2346|0|2346
34|34023|M|1636|0|1636
34|34024|V|9|0|9
34|34024|M|4|0|4
34|34025|V|24|0|24
34|34025|M|7|0|7
34|34027|M|264|0|264
34|34027|V|458|1|458
34|34028|V|64|0|64
34|34028|M|36|0|36
34|34029|M|174|0|174
34|34029|V|296|2|298
34|34031|V|9|0|9
34|34031|M|6|0|6
34|34032|V|17|0|17
34|34032|M|8|0|8
34|34033|M|3|0|3
34|34033|V|10|0|10
34|34034|V|55|0|55
34|34034|M|27|0|27
34|34035|V|49|0|49
34|34035|M|21|0|21
34|34036|V|91|0|91
34|34036|M|49|0|49
34|34037|M|75|0|75
34|34037|V|114|0|114
34|34038|M|71|0|71
34|34038|V|113|1|114
34|34039|M|8|0|8
34|34039|V|22|0|22
34|34041|V|25|0|25
34|34041|M|22|0|22
34|34042|V|126|0|126
34|34042|M|80|0|80
34|34045|M|19|0|19
34|34045|V|31|0|31
34|34046|M|6|0|6
34|34046|V|14|0|14
34|34047|V|746|0|746
34|34047|M|511|0|511
34|34048|V|30|0|30
34|34048|M|14|0|14
34|34049|V|150|1|150
34|34049|M|64|0|64
34|34050|M|35|0|35
34|34050|V|79|0|79
34|34051|M|20|0|20
34|34051|V|39|0|39
34|34052|V|82|0|82
34|34052|M|40|0|40
34|34053|M|38|0|38
34|34053|V|78|0|78
34|34055|M|44|0|44
34|34055|V|101|0|101
34|34056|M|654|0|654
34|34056|V|869|0|869
34|34057|V|154|0|154
34|34057|M|99|0|99
34|34058|M|36|0|36
34|34058|V|71|0|71
34|34059|M|80|0|80
34|34059|V|142|0|142
34|34060|V|72|0|72
34|34060|M|35|0|35
34|34061|V|40|0|40
34|34061|M|18|0|18
34|34062|M|25|0|25
34|34062|V|69|0|69
34|34063|V|53|0|53
34|34063|M|19|0|19
34|34066|V|29|0|29
34|34066|M|7|0|7
34|34067|V|66|0|66
34|34067|M|26|0|26
34|34068|V|14|0|14
34|34068|M|2|0|2
34|34069|M|652|0|652
34|34069|V|995|1|995
34|34070|M|15|0|15
34|34070|V|63|0|63
34|34071|M|26|0|26
34|34071|V|68|0|68
34|34072|M|35|0|35
34|34072|V|56|0|56
34|34073|M|38|0|38
34|34073|V|54|0|54
34|34074|V|294|0|294
34|34074|M|167|0|167
34|34076|V|249|0|249
34|34076|M|161|0|161
34|34077|V|180|0|180
34|34077|M|128|0|128
34|34079|M|777|0|777
34|34079|V|982|0|982
34|34080|V|2289|0|2289
34|34080|M|1570|0|1570
34|34081|V|26|0|26
34|34081|M|6|0|6
34|34082|M|7|0|7
34|34082|V|31|0|31
34|34083|V|744|0|744
34|34083|M|470|0|470
34|34084|M|25|0|25
34|34084|V|52|0|52
34|34086|M|28|0|28
34|34086|V|48|0|48
34|34087|M|14|0|14
34|34087|V|45|0|45
34|34088|M|88|0|88
34|34088|V|135|0|135
34|34089|V|68|0|68
34|34089|M|31|0|31
34|34091|V|54|0|54
34|34091|M|26|0|26
34|34092|M|55|0|55
34|34092|V|125|1|126
34|34093|M|21|0|21
34|34093|V|46|0|46
34|34094|M|9|0|9
34|34094|V|21|0|21
34|34096|V|13|0|13
34|34096|M|3|0|3
34|34098|M|310|0|310
34|34098|V|428|0|428
34|34099|V|24|0|24
34|34099|M|12|0|12
34|34100|V|58|0|58
34|34100|M|33|0|33
34|34101|V|16|0|16
34|34101|M|6|0|6
34|34102|M|49|0|49
34|34102|V|94|0|94
34|34103|M|9|0|9
34|34103|V|43|0|43
34|34104|M|49|0|49
34|34104|V|126|1|127
34|34106|V|43|0|43
34|34106|M|16|0|16
34|34107|V|38|0|38
34|34107|M|15|0|15
34|34108|V|236|0|236
34|34108|M|135|0|135
34|34109|M|12|0|12
34|34109|V|21|0|21
34|34110|M|24|0|24
34|34110|V|27|0|27
34|34112|V|16|0|16
34|34112|M|4|0|4
34|34113|V|14|0|14
34|34113|M|8|0|8
34|34114|V|90|0|90
34|34114|M|26|0|26
34|34116|V|19|0|19
34|34116|M|4|0|4
34|34120|M|20592|0|20592
34|34120|V|26491|2|26492
34|34121|V|93|0|93
34|34121|M|36|0|36
34|34122|V|50|0|50
34|34122|M|20|0|20
34|34123|V|728|0|728
34|34123|M|440|0|440
34|34124|V|25|0|25
34|34124|M|9|0|9
34|34125|V|32|0|32
34|34125|M|11|0|11
34|34126|M|58|0|58
34|34126|V|128|0|128
34|34127|M|16|0|16
34|34127|V|35|0|35
34|34129|M|33|0|33
34|34129|V|77|0|77
34|34130|M|39|0|39
34|34130|V|85|0|85
34|34131|M|11|0|11
34|34131|V|20|1|20
34|34132|V|64|0|64
34|34132|M|21|0|21
34|34133|V|38|0|38
34|34133|M|14|0|14
34|34134|V|13|0|13
34|34134|M|7|0|7
34|34135|M|111|0|111
34|34135|V|186|0|186
34|34136|M|32|0|32
34|34136|V|86|0|86
34|34137|V|9|0|9
34|34137|M|4|0|4
34|34139|M|43|0|43
34|34139|V|78|0|78
34|34140|V|46|0|46
34|34140|M|20|0|20
34|34141|M|69|0|69
34|34141|V|97|0|97
34|34143|M|31|0|31
34|34143|V|85|1|86
34|34146|M|10|0|10
34|34146|V|30|0|30
34|34147|M|42|0|42
34|34147|V|80|0|80
34|34149|V|9|0|9
34|34149|M|6|0|6
34|34151|M|34|0|34
34|34151|V|72|0|72
34|34152|V|62|0|62
34|34152|M|30|0|30
34|34154|M|14|0|14
34|34154|V|24|0|24
34|34155|M|40|0|40
34|34155|V|56|0|56
34|34156|M|8|0|8
34|34156|V|22|0|22
34|34157|M|833|0|833
34|34157|V|1146|0|1146
34|34158|V|108|0|108
34|34158|M|65|0|65
34|34159|V|146|0|146
34|34159|M|100|0|100
34|34160|M|32|0|32
34|34160|V|55|0|55
34|34161|V|7|0|7
34|34161|M|3|0|3
34|34163|M|5|0|5
34|34163|V|22|0|22
34|34165|M|11|0|11
34|34165|V|34|0|34
34|34167|M|16|0|16
34|34167|V|43|0|43
34|34168|V|23|0|23
34|34168|M|8|0|8
34|34169|V|170|2|172
34|34169|M|91|0|91
34|34170|V|25|0|25
34|34170|M|7|0|7
34|34171|M|255|0|255
34|34171|V|370|2|372
34|34174|M|45|0|45
34|34174|V|83|0|83
34|34175|V|40|0|40
34|34175|M|13|0|13
34|34176|V|54|0|54
34|34176|M|30|0|30
34|34177|V|78|0|78
34|34177|M|45|0|45
34|34178|M|27|0|27
34|34178|V|55|0|55
34|34179|M|7|0|7
34|34179|V|8|0|8
34|34180|M|12|0|12
34|34180|V|24|0|24
34|34181|V|215|0|215
34|34181|M|125|0|125
34|34182|M|199|0|199
34|34182|V|406|0|406
34|34184|M|4|0|4
34|34184|V|17|0|17
34|34185|M|15|0|15
34|34185|V|25|0|25
34|34186|V|12|0|12
34|34186|M|9|0|9
34|34189|M|4|0|4
34|34189|V|26|0|26
34|34190|M|9|0|9
34|34190|V|20|0|20
34|34192|M|13|0|13
34|34192|V|38|0|38
34|34196|M|17|0|17
34|34196|V|30|0|30
34|34199|M|293|0|293
34|34199|V|424|0|424
34|34201|V|61|0|61
34|34201|M|23|0|23
34|34202|M|5|0|5
34|34202|V|11|0|11
34|34204|M|9|0|9
34|34204|V|24|0|24
34|34205|V|22|0|22
34|34205|M|9|0|9
34|34206|V|338|0|338
34|34206|M|204|0|204
34|34208|V|25|0|25
34|34208|M|7|0|7
34|34210|M|19|0|19
34|34210|V|38|0|38
34|34211|M|44|0|44
34|34211|V|84|0|84
34|34213|M|14|0|14
34|34213|V|17|0|17
34|34214|M|39|0|39
34|34214|V|78|0|78
34|34215|M|48|0|48
34|34215|V|68|0|68
34|34216|V|24|0|24
34|34216|M|8|0|8
34|34217|V|685|0|685
34|34217|M|609|0|609
34|34218|M|118|0|118
34|34218|V|219|0|219
34|34220|V|76|0|76
34|34220|M|56|0|56
34|34221|M|36|0|36
34|34221|V|82|0|82
34|34222|V|47|0|47
34|34222|M|16|0|16
34|34223|V|100|0|100
34|34223|M|48|0|48
34|34224|V|19|0|19
34|34224|M|5|0|5
34|34225|M|1926|0|1926
34|34225|V|2505|0|2505
34|34227|V|23|0|23
34|34227|M|9|0|9
34|34228|V|35|1|35
34|34228|M|15|0|15
34|34229|V|25|0|25
34|34229|M|6|0|6
34|34230|V|14|0|14
34|34230|M|6|0|6
34|34231|M|34|0|34
34|34231|V|69|0|69
34|34232|V|303|1|304
34|34232|M|162|0|162
34|34233|M|11|0|11
34|34233|V|70|0|70
34|34234|V|32|1|32
34|34234|M|8|0|8
34|34236|V|59|0|59
34|34236|M|37|0|37
34|34237|V|303|0|303
34|34237|M|167|0|167
34|34238|V|129|0|129
34|34238|M|74|0|74
34|34240|V|38|0|38
34|34240|M|27|0|27
34|34241|M|3|0|3
34|34241|V|7|0|7
34|34242|V|41|0|41
34|34242|M|24|0|24
34|34243|M|89|0|89
34|34243|V|137|0|137
34|34245|M|67|0|67
34|34245|V|144|0|144
34|34246|V|25|0|25
34|34246|M|11|0|11
34|34901|M|282|0|282
34|34901|V|482|0|482
34|34902|V|72|0|72
34|34902|M|27|0|27
34|34903|V|82|0|82
34|34903|M|32|0|32
34|34904|V|128|0|128
34|34904|M|57|0|57
35|35000|M|1|0|1
35|35000|V|12|0|12
35|35001|V|1836|0|1836
35|35001|M|1419|0|1419
35|35002|M|8658|0|8658
35|35002|V|10196|0|10196
35|35003|V|3688|0|3688
35|35003|M|2935|0|2935
35|35004|V|20720|0|20720
35|35004|M|16515|0|16515
35|35005|M|150|0|150
35|35005|V|258|0|258
35|35006|V|12997|0|12997
35|35006|M|10479|0|10479
35|35007|M|182|0|182
35|35007|V|240|0|240
35|35008|V|2780|0|2780
35|35008|M|2280|0|2280
35|35009|M|6837|0|6837
35|35009|V|8478|0|8478
35|35010|V|1761|0|1761
35|35010|M|1519|0|1519
35|35011|M|8784|0|8784
35|35011|V|10680|0|10680
35|35012|M|4237|0|4237
35|35012|V|5873|0|5873
35|35013|V|2664|0|2664
35|35013|M|2165|0|2165
35|35014|V|7673|0|7673
35|35014|M|6188|0|6188
35|35015|M|4091|0|4091
35|35015|V|5589|0|5589
35|35016|V|112776|1|112777
35|35016|M|88640|0|88640
35|35017|M|12026|0|12026
35|35017|V|14514|0|14514
35|35018|M|5862|0|5862
35|35018|V|6253|0|6253
35|35019|V|16716|1|16717
35|35019|M|12508|0|12508
35|35020|V|2685|0|2685
35|35020|M|1994|0|1994
35|35021|M|5481|0|5481
35|35021|V|6260|0|6260
35|35022|V|23569|0|23569
35|35022|M|19286|0|19286
35|35023|M|3824|0|3824
35|35023|V|4799|1|4799
35|35024|M|6940|0|6940
35|35024|V|7593|0|7593
35|35025|V|456|0|456
35|35025|M|255|0|255
35|35026|V|34530|0|34530
35|35026|M|28491|0|28491
35|35027|V|4157|0|4157
35|35027|M|3158|0|3158
35|35028|V|6114|0|6114
35|35028|M|5244|0|5244
35|35029|V|2186|0|2186
35|35029|M|1921|0|1921
35|35030|V|4887|0|4887
35|35030|M|4047|0|4047
35|35031|V|3432|0|3432
35|35031|M|2856|0|2856
35|35032|M|767|0|767
35|35032|V|1148|0|1148
35|35033|M|1957|0|1957
35|35033|V|2606|0|2606
35|35034|V|5135|0|5135
35|35034|M|4009|0|4009
36|36000|V|1|0|1
36|36001|V|1001|2|1001
36|36001|M|624|0|624
36|36002|M|1118|0|1118
36|36002|V|1397|0|1397
36|36003|M|3792|0|3792
36|36003|V|4259|0|4259
36|36004|M|3897|0|3897
36|36004|V|4279|0|4279
36|36005|M|2902|0|2902
36|36005|V|3687|0|3687
36|36006|M|4910|0|4910
36|36006|V|5212|1|5213
36|36007|V|591|0|591
36|36007|M|455|0|455
36|36008|M|7917|0|7917
36|36008|V|9123|0|9123
36|36009|V|1698|1|1698
36|36009|M|1286|0|1286
36|36010|M|1063|0|1063
36|36010|V|1274|0|1274
36|36013|V|777|0|777
36|36013|M|539|0|539
36|36014|V|592|0|592
36|36014|M|364|0|364
36|36015|V|1789|0|1789
36|36015|M|1493|0|1493
36|36016|V|354|4|355
36|36016|M|224|0|224
36|36017|V|7486|4|7490
36|36017|M|6587|0|6587
36|36018|V|1085|3|1086
36|36018|M|846|1|846
36|36019|V|529|0|529
36|36019|M|420|0|420
36|36020|V|897|8|898
36|36020|M|638|0|638
36|36021|M|4959|0|4959
36|36021|V|5624|0|5624
36|36022|V|3850|0|3850
36|36022|M|3461|0|3461
36|36023|V|3424|0|3424
36|36023|M|3061|0|3061
36|36024|M|5860|4|5860
36|36024|V|7046|10|7048
36|36025|V|688|0|688
36|36025|M|560|0|560
36|36026|V|8188|0|8188
36|36026|M|6991|0|6991
36|36027|V|2082|0|2082
36|36027|M|1816|0|1816
36|36028|V|1761|1|1761
36|36028|M|1583|0|1583
36|36029|V|6975|1|6976
36|36029|M|6225|0|6225
36|36030|M|1248|0|1248
36|36030|V|1656|0|1656
36|36031|M|170|0|170
36|36031|V|224|1|224
36|36032|M|1288|0|1288
36|36032|V|1569|0|1569
36|36033|M|4870|0|4870
36|36033|V|5655|1|5656
36|36034|M|976|0|976
36|36034|V|1351|0|1351
36|36035|M|5767|0|5767
36|36035|V|6530|0|6530
36|36036|V|1174|0|1174
36|36036|M|999|0|999
36|36037|M|944|0|944
36|36037|V|1126|0|1126
36|36038|M|26165|0|26165
36|36038|V|28194|1|28195
36|36039|V|7370|0|7370
36|36039|M|6572|0|6572
36|36040|V|1139|0|1139
36|36040|M|894|0|894
36|36041|V|6224|0|6224
36|36041|M|5511|0|5511
36|36042|V|8309|0|8309
36|36042|M|7127|0|7127
36|36043|M|1630|0|1630
36|36043|V|1940|0|1940
36|36044|M|1003|0|1003
36|36044|V|1135|0|1135
36|36045|V|10524|0|10524
36|36045|M|9028|0|9028
36|36046|M|1750|0|1750
36|36046|V|1893|0|1893
36|36047|V|927|16|929
36|36047|M|611|6|611
36|36048|V|2609|1|2610
36|36048|M|2370|2|2370
36|36049|V|3389|0|3389
36|36049|M|3027|0|3027
36|36050|M|3142|0|3142
36|36050|V|3807|0|3807
36|36051|M|5470|0|5470
36|36051|V|6553|2|6553
36|36052|V|3245|1|3246
36|36052|M|2835|5|2835
36|36053|M|2333|0|2333
36|36053|V|2687|0|2687
36|36054|M|4499|0|4499
36|36054|V|5207|2|5207
36|36055|V|6353|2|6353
36|36055|M|5534|0|5534
36|36056|M|1783|0|1783
36|36056|V|2209|2|2209
36|36057|M|84431|0|84431
36|36057|V|95602|1|95602
36|36058|M|1866|1|1866
36|36058|V|2226|0|2226
36|36059|V|1947|3|1948
36|36059|M|1453|1|1453
36|36060|M|11311|0|11311
36|36060|V|12791|1|12791
36|36061|V|3918|3|3918
36|36061|M|3419|0|3419
36|36901|V|1605|0|1605
36|36901|M|1432|0|1432
36|36902|M|1487|0|1487
36|36902|V|1899|2|1900
37|37001|M|37|0|37
37|37001|V|52|0|52
37|37002|V|39|0|39
37|37002|M|17|0|17
37|37003|M|16|0|16
37|37003|V|33|0|33
37|37004|V|11|0|11
37|37004|M|4|0|4
37|37005|V|22|0|22
37|37005|M|8|0|8
37|37006|V|32|0|32
37|37006|M|16|0|16
37|37007|V|172|0|172
37|37007|M|95|0|95
37|37008|M|1406|0|1406
37|37008|V|1968|0|1968
37|37009|M|23|0|23
37|37009|V|71|0|71
37|37010|V|342|0|342
37|37010|M|256|0|256
37|37011|M|20|0|20
37|37011|V|38|0|38
37|37012|M|31|0|31
37|37012|V|49|0|49
37|37013|V|31|0|31
37|37013|M|15|0|15
37|37014|V|335|0|335
37|37014|M|189|0|189
37|37015|V|98|0|98
37|37015|M|43|0|43
37|37016|V|253|0|253
37|37016|M|227|0|227
37|37017|M|32|0|32
37|37017|V|64|0|64
37|37018|V|34|0|34
37|37018|M|19|0|19
37|37019|V|49|0|49
37|37019|M|34|0|34
37|37020|V|192|0|192
37|37020|M|129|0|129
37|37021|M|16|0|16
37|37021|V|26|0|26
37|37022|M|46|0|46
37|37022|V|90|0|90
37|37023|M|853|0|853
37|37023|V|969|0|969
37|37024|M|21|0|21
37|37024|V|42|0|42
37|37025|M|60|0|60
37|37025|V|96|0|96
37|37026|V|62|0|62
37|37026|M|35|0|35
37|37027|V|97|0|97
37|37027|M|54|0|54
37|37028|V|40|0|40
37|37028|M|15|0|15
37|37029|M|18|0|18
37|37029|V|86|0|86
37|37030|M|16|0|16
37|37030|V|31|0|31
37|37031|M|65|0|65
37|37031|V|130|0|130
37|37032|V|270|0|270
37|37032|M|190|0|190
37|37033|M|17|0|17
37|37033|V|39|0|39
37|37034|M|14|0|14
37|37034|V|23|0|23
37|37035|V|73|0|73
37|37035|M|27|0|27
37|37036|M|11|0|11
37|37036|V|14|0|14
37|37037|V|21|0|21
37|37037|M|16|0|16
37|37038|M|213|0|213
37|37038|V|338|0|338
37|37039|M|54|0|54
37|37039|V|103|0|103
37|37040|M|83|0|83
37|37040|V|158|0|158
37|37041|V|17|0|17
37|37041|M|3|0|3
37|37042|M|4|0|4
37|37042|V|17|0|17
37|37044|V|176|0|176
37|37044|M|74|0|74
37|37045|M|1|0|1
37|37045|V|7|0|7
37|37046|V|4353|0|4353
37|37046|M|3339|0|3339
37|37047|M|18|0|18
37|37047|V|37|0|37
37|37049|M|15|0|15
37|37049|V|35|1|35
37|37050|V|25|0|25
37|37050|M|8|0|8
37|37051|V|30|0|30
37|37051|M|15|0|15
37|37052|V|108|0|108
37|37052|M|53|0|53
37|37054|V|100|0|100
37|37054|M|51|0|51
37|37055|M|24|0|24
37|37055|V|39|0|39
37|37056|M|8|0|8
37|37056|V|7|0|7
37|37057|M|42|0|42
37|37057|V|82|0|82
37|37058|M|3|0|3
37|37058|V|20|0|20
37|37059|M|23|0|23
37|37059|V|44|0|44
37|37060|M|56|0|56
37|37060|V|86|0|86
37|37061|V|60|0|60
37|37061|M|27|0|27
37|37062|M|16|0|16
37|37062|V|33|0|33
37|37063|V|19|0|19
37|37063|M|9|0|9
37|37065|V|96|0|96
37|37065|M|39|0|39
37|37067|M|1428|0|1428
37|37067|V|1638|0|1638
37|37068|M|67|0|67
37|37068|V|138|0|138
37|37069|V|442|0|442
37|37069|M|320|0|320
37|37070|V|224|0|224
37|37070|M|118|0|118
37|37071|V|29|0|29
37|37071|M|14|0|14
37|37072|V|64|0|64
37|37072|M|26|0|26
37|37073|V|242|0|242
37|37073|M|162|0|162
37|37074|V|48|0|48
37|37074|M|26|0|26
37|37077|M|40|0|40
37|37077|V|113|0|113
37|37078|M|195|0|195
37|37078|V|273|0|273
37|37079|M|10|0|10
37|37079|V|24|0|24
37|37080|V|100|0|100
37|37080|M|81|0|81
37|37081|V|316|0|316
37|37081|M|177|0|177
37|37082|M|140|0|140
37|37082|V|286|0|286
37|37083|V|77|0|77
37|37083|M|45|0|45
37|37085|M|2325|0|2325
37|37085|V|2610|0|2610
37|37086|V|31|0|31
37|37086|M|14|0|14
37|37087|V|518|0|518
37|37087|M|427|0|427
37|37088|V|64|0|64
37|37088|M|20|0|20
37|37089|M|10|0|10
37|37089|V|18|0|18
37|37090|M|11|0|11
37|37090|V|14|0|14
37|37091|V|53|0|53
37|37091|M|24|0|24
37|37092|M|895|0|895
37|37092|V|1040|0|1040
37|37096|M|35|0|35
37|37096|V|80|0|80
37|37097|V|18|0|18
37|37097|M|1|0|1
37|37098|M|52|0|52
37|37098|V|96|0|96
37|37099|M|8|0|8
37|37099|V|20|0|20
37|37100|M|6|0|6
37|37100|V|13|0|13
37|37101|M|20|0|20
37|37101|V|55|0|55
37|37102|V|131|0|131
37|37102|M|71|0|71
37|37103|M|114|0|114
37|37103|V|187|0|187
37|37104|M|4|0|4
37|37104|V|7|0|7
37|37106|V|86|0|86
37|37106|M|33|0|33
37|37107|M|3408|0|3408
37|37107|V|4540|0|4540
37|37108|V|39|0|39
37|37108|M|11|0|11
37|37109|M|33|0|33
37|37109|V|70|0|70
37|37110|V|43|0|43
37|37110|M|23|0|23
37|37112|V|64|0|64
37|37112|M|26|0|26
37|37113|M|83|0|83
37|37113|V|149|0|149
37|37114|V|24|0|24
37|37114|M|10|0|10
37|37115|M|28|0|28
37|37115|V|41|0|41
37|37116|V|17|0|17
37|37116|M|15|0|15
37|37117|V|817|0|817
37|37117|M|633|0|633
37|37118|M|20|0|20
37|37118|V|57|0|57
37|37119|M|11|0|11
37|37119|V|40|0|40
37|37120|V|44|0|44
37|37120|M|24|0|24
37|37121|M|142|0|142
37|37121|V|257|0|257
37|37122|V|87|0|87
37|37122|M|59|0|59
37|37123|V|67|0|67
37|37123|M|20|0|20
37|37124|V|77|0|77
37|37124|M|36|0|36
37|37125|V|64|0|64
37|37125|M|27|0|27
37|37126|V|10|0|10
37|37126|M|3|0|3
37|37127|M|50|0|50
37|37127|V|79|0|79
37|37128|M|31|0|31
37|37128|V|85|1|86
37|37129|V|91|0|91
37|37129|M|73|0|73
37|37130|V|61|0|61
37|37130|M|30|0|30
37|37131|V|59|0|59
37|37131|M|30|0|30
37|37132|V|104|0|104
37|37132|M|41|0|41
37|37133|V|25|0|25
37|37133|M|13|0|13
37|37134|V|74|0|74
37|37134|M|36|0|36
37|37135|V|473|0|473
37|37135|M|323|0|323
37|37136|V|211|0|211
37|37136|M|123|0|123
37|37137|M|13|0|13
37|37137|V|28|0|28
37|37138|M|77|0|77
37|37138|V|98|0|98
37|37139|V|75|0|75
37|37139|M|48|0|48
37|37140|M|203|0|203
37|37140|V|296|0|296
37|37141|M|34|0|34
37|37141|V|47|0|47
37|37142|M|165|0|165
37|37142|V|223|0|223
37|37143|V|140|0|140
37|37143|M|93|0|93
37|37144|V|143|0|143
37|37144|M|65|0|65
37|37145|V|94|0|94
37|37145|M|49|0|49
37|37146|V|32|0|32
37|37146|M|14|0|14
37|37147|V|70|0|70
37|37147|M|22|0|22
37|37148|M|114|0|114
37|37148|V|171|0|171
37|37149|V|22|0|22
37|37149|M|7|0|7
37|37150|V|14|0|14
37|37150|M|6|0|6
37|37151|V|61|0|61
37|37151|M|34|0|34
37|37152|V|170|0|170
37|37152|M|90|0|90
37|37154|M|15|0|15
37|37154|V|43|0|43
37|37155|M|10|0|10
37|37155|V|26|0|26
37|37156|V|2097|0|2097
37|37156|M|1478|0|1478
37|37157|M|11|0|11
37|37157|V|25|0|25
37|37158|V|77|0|77
37|37158|M|39|0|39
37|37159|V|20|0|20
37|37159|M|6|0|6
37|37160|V|191|1|191
37|37160|M|97|0|97
37|37161|M|18|0|18
37|37161|V|40|0|40
37|37162|V|86|0|86
37|37162|M|36|0|36
37|37163|M|8|0|8
37|37163|V|12|0|12
37|37164|M|79|0|79
37|37164|V|115|0|115
37|37165|V|8|0|8
37|37165|M|6|0|6
37|37166|V|66|0|66
37|37166|M|36|0|36
37|37167|M|25|0|25
37|37167|V|43|0|43
37|37168|M|74|0|74
37|37168|V|159|0|159
37|37169|V|65|0|65
37|37169|M|27|0|27
37|37170|V|548|0|548
37|37170|M|379|0|379
37|37171|V|173|0|173
37|37171|M|125|0|125
37|37172|V|296|0|296
37|37172|M|155|0|155
37|37173|V|576|2|576
37|37173|M|345|0|345
37|37174|M|156|0|156
37|37174|V|362|0|362
37|37175|V|179|0|179
37|37175|M|115|0|115
37|37176|V|50|0|50
37|37176|M|20|0|20
37|37177|V|97|0|97
37|37177|M|39|0|39
37|37178|M|9|0|9
37|37178|V|28|0|28
37|37179|V|84|0|84
37|37179|M|29|0|29
37|37180|V|12|0|12
37|37180|M|10|0|10
37|37181|V|82|0|82
37|37181|M|36|0|36
37|37182|V|34|0|34
37|37182|M|15|0|15
37|37183|M|84|0|84
37|37183|V|136|0|136
37|37184|V|82|0|82
37|37184|M|43|0|43
37|37185|V|251|0|251
37|37185|M|173|0|173
37|37186|M|13|0|13
37|37186|V|35|0|35
37|37187|M|139|0|139
37|37187|V|236|0|236
37|37188|V|67|1|68
37|37188|M|28|0|28
37|37189|M|5|0|5
37|37189|V|19|0|19
37|37190|V|53|0|53
37|37190|M|12|0|12
37|37191|V|35|0|35
37|37191|M|7|0|7
37|37192|M|123|0|123
37|37192|V|173|0|173
37|37193|V|130|0|130
37|37193|M|82|0|82
37|37194|M|34|0|34
37|37194|V|73|0|73
37|37195|M|6|0|6
37|37195|V|14|0|14
37|37196|M|2|0|2
37|37196|V|10|0|10
37|37197|M|12|0|12
37|37197|V|34|0|34
37|37198|V|79|0|79
37|37198|M|56|0|56
37|37199|V|45|0|45
37|37199|M|24|0|24
37|37200|V|69|0|69
37|37200|M|41|0|41
37|37201|M|45|0|45
37|37201|V|87|0|87
37|37202|M|419|0|419
37|37202|V|503|0|503
37|37203|V|37|0|37
37|37203|M|11|0|11
37|37204|V|92|0|92
37|37204|M|48|0|48
37|37205|V|65|0|65
37|37205|M|46|0|46
37|37206|M|22|0|22
37|37206|V|35|0|35
37|37207|V|191|0|191
37|37207|M|145|0|145
37|37208|M|7|0|7
37|37208|V|26|0|26
37|37209|V|173|0|173
37|37209|M|116|0|116
37|37211|V|60|0|60
37|37211|M|18|0|18
37|37212|M|29|0|29
37|37212|V|54|0|54
37|37213|M|14|0|14
37|37213|V|26|0|26
37|37214|M|21|0|21
37|37214|V|38|0|38
37|37215|M|15|0|15
37|37215|V|63|0|63
37|37216|M|57|0|57
37|37216|V|124|0|124
37|37217|V|22|0|22
37|37217|M|10|0|10
37|37218|M|1|0|1
37|37218|V|13|0|13
37|37219|V|53|0|53
37|37219|M|21|0|21
37|37221|M|71|0|71
37|37221|V|134|0|134
37|37222|V|26|0|26
37|37222|M|17|0|17
37|37223|M|16|0|16
37|37223|V|37|0|37
37|37224|M|36|0|36
37|37224|V|62|0|62
37|37225|M|20|0|20
37|37225|V|34|0|34
37|37226|M|27|0|27
37|37226|V|49|0|49
37|37228|M|38|0|38
37|37228|V|120|0|120
37|37229|M|26|0|26
37|37229|V|60|0|60
37|37230|M|60|0|60
37|37230|V|84|0|84
37|37231|V|79|1|79
37|37231|M|46|0|46
37|37232|V|178|0|178
37|37232|M|87|0|87
37|37233|M|9|0|9
37|37233|V|22|0|22
37|37234|M|64|0|64
37|37234|V|114|0|114
37|37235|V|86|0|86
37|37235|M|39|0|39
37|37236|M|23|0|23
37|37236|V|57|0|57
37|37237|V|131|0|131
37|37237|M|60|0|60
37|37238|M|33|0|33
37|37238|V|43|0|43
37|37239|M|34|0|34
37|37239|V|66|0|66
37|37240|V|525|0|525
37|37240|M|437|0|437
37|37241|M|26|0|26
37|37241|V|72|0|72
37|37242|M|6|0|6
37|37242|V|19|0|19
37|37243|V|30|0|30
37|37243|M|12|0|12
37|37244|V|51|0|51
37|37244|M|36|0|36
37|37245|M|59|0|59
37|37245|V|109|0|109
37|37246|V|2147|0|2147
37|37246|M|1383|0|1383
37|37247|M|45|0|45
37|37247|V|79|0|79
37|37248|V|56|0|56
37|37248|M|34|0|34
37|37249|M|6|0|6
37|37249|V|23|0|23
37|37250|V|113|2|113
37|37250|M|41|0|41
37|37251|V|39|0|39
37|37251|M|42|0|42
37|37252|M|5|0|5
37|37252|V|25|0|25
37|37253|M|29|0|29
37|37253|V|57|0|57
37|37254|V|64|0|64
37|37254|M|30|0|30
37|37255|M|6|0|6
37|37255|V|20|0|20
37|37256|V|95|0|95
37|37256|M|37|0|37
37|37257|V|22|0|22
37|37257|M|14|0|14
37|37258|M|28|0|28
37|37258|V|55|0|55
37|37259|M|8|0|8
37|37259|V|15|0|15
37|37260|V|43|0|43
37|37260|M|21|0|21
37|37261|M|29|0|29
37|37261|V|73|0|73
37|37262|M|10|0|10
37|37262|V|22|0|22
37|37263|V|119|0|119
37|37263|M|70|0|70
37|37264|V|18|0|18
37|37264|M|7|0|7
37|37265|V|84|0|84
37|37265|M|40|0|40
37|37266|V|22|0|22
37|37266|M|10|0|10
37|37267|V|60|0|60
37|37267|M|41|0|41
37|37268|M|15|0|15
37|37268|V|36|0|36
37|37269|M|107|0|107
37|37269|V|155|0|155
37|37270|V|55|0|55
37|37270|M|31|0|31
37|37271|V|145|1|145
37|37271|M|69|0|69
37|37272|V|50|0|50
37|37272|M|22|0|22
37|37273|M|15|0|15
37|37273|V|27|0|27
37|37274|V|48395|1|48396
37|37274|M|38645|0|38645
37|37275|M|13|0|13
37|37275|V|36|0|36
37|37276|V|39|0|39
37|37276|M|8|0|8
37|37277|V|14|0|14
37|37277|M|1|0|1
37|37278|M|327|0|327
37|37278|V|460|0|460
37|37279|V|280|0|280
37|37279|M|155|0|155
37|37280|M|7|0|7
37|37280|V|23|0|23
37|37281|V|16|0|16
37|37281|M|6|0|6
37|37282|V|77|0|77
37|37282|M|43|0|43
37|37283|V|52|0|52
37|37283|M|23|0|23
37|37284|M|39|0|39
37|37284|V|93|0|93
37|37285|M|70|0|70
37|37285|V|139|0|139
37|37286|M|49|0|49
37|37286|V|82|0|82
37|37287|M|65|0|65
37|37287|V|98|0|98
37|37288|V|111|0|111
37|37288|M|83|0|83
37|37289|V|78|0|78
37|37289|M|42|0|42
37|37290|V|41|0|41
37|37290|M|23|0|23
37|37291|M|60|0|60
37|37291|V|111|0|111
37|37292|V|21|0|21
37|37292|M|15|0|15
37|37293|M|18|0|18
37|37293|V|33|0|33
37|37294|M|4688|0|4688
37|37294|V|5630|0|5630
37|37296|V|118|0|118
37|37296|M|51|0|51
37|37297|M|103|0|103
37|37297|V|153|0|153
37|37298|V|62|0|62
37|37298|M|19|0|19
37|37299|V|84|0|84
37|37299|M|44|0|44
37|37300|M|154|0|154
37|37300|V|202|0|202
37|37301|M|14|0|14
37|37301|V|22|0|22
37|37302|V|74|0|74
37|37302|M|29|0|29
37|37303|V|62|0|62
37|37303|M|53|0|53
37|37304|M|17|0|17
37|37304|V|49|0|49
37|37305|M|43|0|43
37|37305|V|60|0|60
37|37306|V|69|0|69
37|37306|M|31|0|31
37|37307|V|37|0|37
37|37307|M|16|0|16
37|37309|M|5|0|5
37|37309|V|12|0|12
37|37310|M|29|0|29
37|37310|V|48|0|48
37|37311|M|30|0|30
37|37311|V|54|0|54
37|37312|V|81|0|81
37|37312|M|57|0|57
37|37313|V|190|1|190
37|37313|M|98|0|98
37|37314|M|14|0|14
37|37314|V|25|0|25
37|37315|M|14|0|14
37|37315|V|34|0|34
37|37316|V|281|0|281
37|37316|M|160|0|160
37|37317|M|45|0|45
37|37317|V|118|1|118
37|37318|V|78|0|78
37|37318|M|30|0|30
37|37319|V|25|0|25
37|37319|M|15|0|15
37|37320|V|27|0|27
37|37320|M|9|0|9
37|37321|V|47|1|47
37|37321|M|17|0|17
37|37322|M|889|0|889
37|37322|V|1142|0|1142
37|37323|M|107|0|107
37|37323|V|182|0|182
37|37324|M|42|0|42
37|37324|V|119|0|119
37|37325|M|11|0|11
37|37325|V|27|0|27
37|37327|V|75|0|75
37|37327|M|40|0|40
37|37328|V|60|0|60
37|37328|M|32|0|32
37|37329|M|5|0|5
37|37329|V|10|0|10
37|37330|M|74|0|74
37|37330|V|120|0|120
37|37331|V|57|0|57
37|37331|M|24|0|24
37|37332|M|11|0|11
37|37332|V|33|0|33
37|37333|V|86|0|86
37|37333|M|40|0|40
37|37334|M|10|0|10
37|37334|V|24|0|24
37|37335|M|59|0|59
37|37335|V|107|1|107
37|37336|V|20|0|20
37|37336|M|12|0|12
37|37337|M|37|0|37
37|37337|V|63|0|63
37|37338|M|29|0|29
37|37338|V|41|0|41
37|37339|M|37|0|37
37|37339|V|85|0|85
37|37340|M|13|0|13
37|37340|V|39|0|39
37|37341|V|11|0|11
37|37341|M|2|0|2
37|37342|M|72|0|72
37|37342|V|82|0|82
37|37343|V|21|0|21
37|37343|M|16|0|16
37|37344|V|82|0|82
37|37344|M|47|0|47
37|37345|M|27|0|27
37|37345|V|40|0|40
37|37346|V|88|0|88
37|37346|M|54|0|54
37|37347|V|190|0|190
37|37347|M|141|0|141
37|37348|V|39|0|39
37|37348|M|22|0|22
37|37349|M|26|0|26
37|37349|V|40|0|40
37|37350|M|57|0|57
37|37350|V|142|0|142
37|37351|M|44|0|44
37|37351|V|111|1|111
37|37352|V|77|0|77
37|37352|M|46|0|46
37|37353|M|16|0|16
37|37353|V|44|0|44
37|37354|V|2865|0|2865
37|37354|M|2561|0|2561
37|37355|M|15|0|15
37|37355|V|51|0|51
37|37356|V|31|0|31
37|37356|M|13|0|13
37|37357|V|107|0|107
37|37357|M|49|0|49
37|37358|V|68|0|68
37|37358|M|26|0|26
37|37359|M|26|0|26
37|37359|V|63|0|63
37|37360|V|87|0|87
37|37360|M|49|0|49
37|37361|M|13|0|13
37|37361|V|25|0|25
37|37362|M|2185|0|2185
37|37362|V|2452|1|2453
37|37363|V|40|0|40
37|37363|M|18|0|18
37|37364|M|101|0|101
37|37364|V|218|0|218
37|37365|V|74|0|74
37|37365|M|49|0|49
37|37366|M|3|0|3
37|37366|V|18|0|18
37|37367|M|30|0|30
37|37367|V|55|0|55
37|37368|V|6|0|6
37|37368|M|10|0|10
37|37369|V|53|0|53
37|37369|M|25|0|25
37|37370|V|109|0|109
37|37370|M|49|0|49
37|37371|V|83|0|83
37|37371|M|57|0|57
37|37372|V|58|1|59
37|37372|M|17|0|17
37|37373|M|153|0|153
37|37373|V|264|0|264
37|37374|V|496|1|496
37|37374|M|317|0|317
37|37375|V|290|0|290
37|37375|M|155|0|155
37|37376|V|954|0|954
37|37376|M|693|0|693
37|37377|M|51|0|51
37|37377|V|96|0|96
37|37378|M|6|0|6
37|37378|V|24|0|24
37|37379|M|35|0|35
37|37379|V|67|0|67
37|37380|M|11|0|11
37|37380|V|20|0|20
37|37381|M|17|0|17
37|37381|V|49|0|49
37|37382|V|48|0|48
37|37382|M|28|0|28
38|38000|V|1|0|1
38|38001|M|11045|1|11045
38|38001|V|13201|0|13201
38|38002|V|259|0|259
38|38002|M|160|0|160
38|38003|M|373|0|373
38|38003|V|519|0|519
38|38004|M|1659|0|1659
38|38004|V|1907|0|1907
38|38005|M|2269|0|2269
38|38005|V|2926|0|2926
38|38006|M|19348|0|19348
38|38006|V|24476|0|24476
38|38007|V|627|0|627
38|38007|M|420|0|420
38|38008|M|2011|0|2011
38|38008|V|2402|0|2402
38|38009|V|1823|0|1823
38|38009|M|1584|0|1584
38|38010|M|1207|0|1207
38|38010|V|1580|0|1580
38|38011|V|8875|0|8875
38|38011|M|8066|0|8066
38|38012|V|948|0|948
38|38012|M|688|0|688
38|38013|V|1199|0|1199
38|38013|M|1006|0|1006
38|38014|V|589|0|589
38|38014|M|448|0|448
38|38015|M|1163|0|1163
38|38015|V|1526|0|1526
38|38016|M|377|0|377
38|38016|V|504|1|504
38|38017|V|16219|0|16219
38|38017|M|13493|0|13493
38|38018|M|1583|0|1583
38|38018|V|1922|0|1922
38|38019|V|6643|0|6643
38|38019|M|5411|0|5411
38|38020|V|6897|0|6897
38|38020|M|5996|0|5996
38|38021|V|522|0|522
38|38021|M|362|0|362
38|38022|M|6455|0|6455
38|38022|V|7926|0|7926
38|38023|M|42985|0|42985
38|38023|V|50469|1|50469
38|38024|V|6197|1|6197
38|38024|M|5185|0|5185
38|38025|V|2959|0|2959
38|38025|M|2564|0|2564
38|38026|M|11805|0|11805
38|38026|V|14036|1|14037
38|38027|M|2092|0|2092
38|38027|V|2531|0|2531
38|38028|V|8538|0|8538
38|38028|M|7104|0|7104
38|38029|V|583|0|583
38|38029|M|481|0|481
38|38030|V|791|0|791
38|38030|M|650|0|650
38|38031|M|10926|0|10926
38|38031|V|12835|0|12835
38|38032|V|6044|1|6045
38|38032|M|5269|0|5269
38|38033|M|936|0|936
38|38033|V|1283|0|1283
38|38034|V|1705|1|1706
38|38034|M|1403|0|1403
38|38035|V|6551|0|6551
38|38035|M|5704|0|5704
38|38036|V|2833|0|2833
38|38036|M|2313|0|2313
38|38037|M|3607|0|3607
38|38037|V|4618|0|4618
38|38038|V|64181|0|64181
38|38038|M|53839|0|53839
38|38039|M|4299|0|4299
38|38039|V|5161|0|5161
38|38040|M|2422|0|2422
38|38040|V|2899|1|2899
38|38041|V|3063|0|3063
38|38041|M|2702|0|2702
38|38042|M|1072|0|1072
38|38042|V|1541|0|1541
38|38043|M|7273|0|7273
38|38043|V|8304|0|8304
38|38044|V|939|0|939
38|38044|M|757|0|757
38|38045|M|923|0|923
38|38045|V|1241|0|1241
38|38046|M|3555|0|3555
38|38046|V|3874|0|3874
38|38047|M|610|0|610
38|38047|V|872|0|872
38|38048|V|1542|0|1542
38|38048|M|1253|0|1253
38|38049|V|1047|0|1047
38|38049|M|835|0|835
38|38050|M|423|0|423
38|38050|V|675|0|675
38|38051|V|3138|0|3138
38|38051|M|2567|0|2567
38|38052|M|474|0|474
38|38052|V|599|0|599
38|38053|V|1662|0|1662
38|38053|M|1420|0|1420
38|38901|M|398|0|398
38|38901|V|477|0|477
39|39000|M|10|0|10
39|39000|V|26|0|26
39|39001|V|999|0|999
39|39001|M|722|0|722
39|39002|M|1309|0|1309
39|39002|V|1632|0|1632
39|39003|M|65|0|65
39|39003|V|110|0|110
39|39004|M|465|0|465
39|39004|V|667|0|667
39|39005|M|583|0|583
39|39005|V|711|0|711
39|39006|V|885|0|885
39|39006|M|698|0|698
39|39007|M|100|0|100
39|39007|V|170|0|170
39|39008|V|6279|0|6279
39|39008|M|4954|0|4954
39|39009|M|1391|0|1391
39|39009|V|1773|0|1773
39|39010|V|260|0|260
39|39010|M|173|0|173
39|39011|M|642|0|642
39|39011|V|822|0|822
39|39012|V|3016|0|3016
39|39012|M|2661|0|2661
39|39013|V|222|0|222
39|39013|M|118|0|118
39|39014|V|350|0|350
39|39014|M|224|0|224
39|39015|V|357|1|357
39|39015|M|215|0|215
39|39016|V|11134|0|11134
39|39016|M|9030|0|9030
39|39017|M|160|0|160
39|39017|V|257|0|257
39|39018|M|1793|0|1793
39|39018|V|2108|0|2108
39|39019|M|990|0|990
39|39019|V|1202|0|1202
39|39020|V|11820|0|11820
39|39020|M|9010|0|9010
39|39021|V|198|0|198
39|39021|M|129|0|129
39|39022|V|465|0|465
39|39022|M|321|0|321
39|39023|M|2413|0|2413
39|39023|V|2812|0|2812
39|39024|M|576|0|576
39|39024|V|710|0|710
39|39025|V|3937|0|3937
39|39025|M|3040|0|3040
39|39026|M|571|0|571
39|39026|V|859|0|859
39|39027|M|1093|0|1093
39|39027|V|1509|1|1510
39|39028|M|1652|0|1652
39|39028|V|1958|2|1960
39|39029|V|288|0|288
39|39029|M|227|0|227
39|39030|M|737|0|737
39|39030|V|947|0|947
39|39031|V|648|0|648
39|39031|M|564|0|564
39|39032|M|425|0|425
39|39032|V|628|1|629
39|39033|V|231|1|232
39|39033|M|129|0|129
39|39034|M|54|0|54
39|39034|V|103|0|103
39|39035|V|3695|0|3695
39|39035|M|2890|0|2890
39|39036|V|482|0|482
39|39036|M|378|0|378
39|39037|V|835|0|835
39|39037|M|685|0|685
39|39038|V|704|0|704
39|39038|M|590|0|590
39|39039|M|112|0|112
39|39039|V|208|0|208
39|39040|M|1708|0|1708
39|39040|V|2043|0|2043
39|39041|M|678|0|678
39|39041|V|847|0|847
39|39042|V|2775|0|2775
39|39042|M|2251|0|2251
39|39043|V|794|0|794
39|39043|M|685|0|685
39|39044|M|1638|0|1638
39|39044|V|1956|1|1956
39|39045|M|80|0|80
39|39045|V|105|1|106
39|39046|M|359|0|359
39|39046|V|544|0|544
39|39047|V|890|0|890
39|39047|M|745|0|745
39|39048|V|820|0|820
39|39048|M|712|0|712
39|39049|V|106|0|106
39|39049|M|50|0|50
39|39050|V|115|0|115
39|39050|M|52|0|52
39|39051|M|10|0|10
39|39051|V|29|0|29
39|39052|M|8331|0|8331
39|39052|V|9383|0|9383
39|39053|M|35|0|35
39|39053|V|82|0|82
39|39054|V|2193|0|2193
39|39054|M|1815|0|1815
39|39055|V|433|0|433
39|39055|M|320|0|320
39|39056|M|839|0|839
39|39056|V|1021|0|1021
39|39057|M|812|0|812
39|39057|V|1080|0|1080
39|39058|M|269|0|269
39|39058|V|369|0|369
39|39059|V|3072|3|3075
39|39059|M|2272|0|2272
39|39060|M|2594|0|2594
39|39060|V|3154|0|3154
39|39061|M|1416|0|1416
39|39061|V|1647|0|1647
39|39062|M|745|0|745
39|39062|V|957|1|958
39|39063|V|380|0|380
39|39063|M|194|0|194
39|39064|M|504|0|504
39|39064|V|632|1|633
39|39065|M|47|0|47
39|39065|V|95|0|95
39|39066|M|311|0|311
39|39066|V|395|0|395
39|39067|V|308|0|308
39|39067|M|196|0|196
39|39068|V|303|0|303
39|39068|M|227|0|227
39|39069|V|898|0|898
39|39069|M|684|0|684
39|39070|V|51|0|51
39|39070|M|28|0|28
39|39071|M|105|0|105
39|39071|V|172|0|172
39|39072|M|69|0|69
39|39072|V|113|0|113
39|39073|M|4688|0|4688
39|39073|V|5079|0|5079
39|39074|M|2816|0|2816
39|39074|V|3335|1|3336
39|39075|M|44831|0|44831
39|39075|V|54590|0|54590
39|39076|V|1670|0|1670
39|39076|M|1390|0|1390
39|39077|M|42|0|42
39|39077|V|86|0|86
39|39078|M|474|0|474
39|39078|V|626|0|626
39|39079|M|2556|0|2556
39|39079|V|3495|0|3495
39|39080|M|1149|0|1149
39|39080|V|1448|0|1448
39|39081|V|186|0|186
39|39081|M|134|0|134
39|39082|V|728|0|728
39|39082|M|528|0|528
39|39083|M|241|0|241
39|39083|V|419|1|420
39|39084|M|294|0|294
39|39084|V|401|0|401
39|39085|V|3290|0|3290
39|39085|M|2749|0|2749
39|39086|V|136|0|136
39|39086|M|68|0|68
39|39087|V|17348|1|17349
39|39087|M|13376|0|13376
39|39088|V|18|0|18
39|39088|M|4|0|4
39|39089|M|20|0|20
39|39089|V|57|0|57
39|39090|V|355|0|355
39|39090|M|310|0|310
39|39091|M|541|0|541
39|39091|V|830|0|830
39|39092|V|339|0|339
39|39092|M|172|0|172
39|39093|M|48|0|48
39|39093|V|106|0|106
39|39094|M|209|0|209
39|39094|V|370|1|370
39|39095|M|798|0|798
39|39095|V|1066|0|1066
39|39096|V|281|0|281
39|39096|M|153|0|153
39|39097|V|258|0|258
39|39097|M|175|0|175
39|39098|M|441|0|441
39|39098|V|613|0|613
39|39099|V|1543|0|1543
39|39099|M|1298|0|1298
39|39100|V|404|0|404
39|39100|M|285|0|285
39|39101|M|58|0|58
39|39101|V|113|0|113
39|39102|V|1136|0|1136
39|39102|M|876|0|876
40|40000|V|2|0|2
40|40001|V|324|1|325
40|40001|M|233|0|233
40|40002|V|22|0|22
40|40002|M|9|0|9
40|40003|M|23|0|23
40|40003|V|53|0|53
40|40004|V|210|0|210
40|40004|M|139|0|139
40|40005|M|1|0|1
40|40005|V|8|0|8
40|40006|V|2|0|2
40|40006|M|4|0|4
40|40007|V|34|0|34
40|40007|M|17|0|17
40|40008|M|12|0|12
40|40008|V|20|0|20
40|40009|M|2|0|2
40|40009|V|15|0|15
40|40010|V|42|0|42
40|40010|M|22|1|22
40|40012|V|111|0|111
40|40012|M|67|0|67
40|40013|V|21|0|21
40|40013|M|11|0|11
40|40014|V|21|0|21
40|40014|M|5|0|5
40|40015|M|2|0|2
40|40015|V|13|0|13
40|40016|V|23|0|23
40|40016|M|9|0|9
40|40017|M|28|0|28
40|40017|V|33|0|33
40|40018|V|23|0|23
40|40018|M|6|0|6
40|40019|M|6|0|6
40|40019|V|12|0|12
40|40020|M|35|0|35
40|40020|V|80|0|80
40|40021|V|8|0|8
40|40021|M|7|0|7
40|40022|M|52|0|52
40|40022|V|85|0|85
40|40024|V|425|4|428
40|40024|M|282|0|282
40|40025|V|54|2|54
40|40025|M|34|0|34
40|40026|V|52|0|52
40|40026|M|49|0|49
40|40028|V|47|0|47
40|40028|M|21|0|21
40|40029|M|6|0|6
40|40029|V|11|0|11
40|40030|V|195|0|195
40|40030|M|110|0|110
40|40031|V|455|0|455
40|40031|M|313|0|313
40|40032|V|258|0|258
40|40032|M|169|0|169
40|40033|M|29|0|29
40|40033|V|41|0|41
40|40034|V|37|0|37
40|40034|M|16|0|16
40|40035|V|76|0|76
40|40035|M|63|0|63
40|40036|V|245|0|245
40|40036|M|177|0|177
40|40037|M|4|0|4
40|40037|V|10|1|10
40|40039|M|59|0|59
40|40039|V|105|0|105
40|40040|V|1344|0|1344
40|40040|M|937|0|937
40|40041|M|336|0|336
40|40041|V|540|0|540
40|40043|M|599|0|599
40|40043|V|907|1|907
40|40044|M|32|0|32
40|40044|V|48|0|48
40|40045|M|37|0|37
40|40045|V|60|0|60
40|40046|M|33|0|33
40|40046|V|44|0|44
40|40047|V|14|0|14
40|40047|M|5|0|5
40|40048|M|1|0|1
40|40048|V|9|0|9
40|40049|V|7|1|7
40|40049|M|1|0|1
40|40051|V|7|0|7
40|40051|M|3|0|3
40|40052|V|33|0|33
40|40052|M|24|0|24
40|40053|V|50|0|50
40|40053|M|24|0|24
40|40054|V|38|0|38
40|40054|M|25|0|25
40|40055|V|14|0|14
40|40055|M|9|0|9
40|40056|M|6|0|6
40|40056|V|7|0|7
40|40057|V|649|1|649
40|40057|M|439|0|439
40|40058|V|136|0|136
40|40058|M|78|0|78
40|40059|M|26|0|26
40|40059|V|39|0|39
40|40060|M|19|0|19
40|40060|V|28|0|28
40|40061|M|14|0|14
40|40061|V|34|0|34
40|40062|M|1|0|1
40|40062|V|13|0|13
40|40063|M|2569|0|2569
40|40063|V|3635|0|3635
40|40065|V|273|0|273
40|40065|M|169|0|169
40|40068|M|5|0|5
40|40068|V|11|0|11
40|40069|M|20|0|20
40|40069|V|36|0|36
40|40070|V|69|0|69
40|40070|M|37|0|37
40|40071|M|8|0|8
40|40071|V|17|0|17
40|40072|V|123|0|123
40|40072|M|104|0|104
40|40073|V|169|0|169
40|40073|M|109|0|109
40|40074|V|110|0|110
40|40074|M|60|0|60
40|40075|V|75|0|75
40|40075|M|37|0|37
40|40076|V|3641|0|3641
40|40076|M|2710|0|2710
40|40077|M|490|0|490
40|40077|V|604|0|604
40|40078|M|41|0|41
40|40078|V|72|0|72
40|40079|V|101|1|102
40|40079|M|63|0|63
40|40080|M|14|0|14
40|40080|V|26|0|26
40|40081|M|31|0|31
40|40081|V|55|0|55
40|40082|V|39|0|39
40|40082|M|25|0|25
40|40083|M|17|0|17
40|40083|V|37|0|37
40|40084|V|21|0|21
40|40084|M|13|0|13
40|40086|V|325|0|325
40|40086|M|220|0|220
40|40087|V|32|0|32
40|40087|M|11|0|11
40|40088|M|74|0|74
40|40088|V|130|0|130
40|40089|M|35|0|35
40|40089|V|102|0|102
40|40091|V|30|0|30
40|40091|M|15|0|15
40|40092|M|21|0|21
40|40092|V|50|0|50
40|40093|V|27|0|27
40|40093|M|21|0|21
40|40094|V|188|0|188
40|40094|M|133|0|133
40|40095|V|221|0|221
40|40095|M|160|0|160
40|40097|M|63|0|63
40|40097|V|90|0|90
40|40099|M|7|0|7
40|40099|V|18|0|18
40|40100|V|129|0|129
40|40100|M|70|0|70
40|40101|M|486|0|486
40|40101|V|552|0|552
40|40103|V|68|0|68
40|40103|M|41|0|41
40|40104|V|178|0|178
40|40104|M|112|0|112
40|40105|V|20|0|20
40|40105|M|15|0|15
40|40106|M|51|0|51
40|40106|V|80|1|80
40|40107|V|49|0|49
40|40107|M|13|0|13
40|40108|V|48|0|48
40|40108|M|17|0|17
40|40109|M|6|0|6
40|40109|V|34|0|34
40|40110|V|129|0|129
40|40110|M|71|0|71
40|40111|V|18|0|18
40|40111|M|10|0|10
40|40112|M|1431|0|1431
40|40112|V|1685|0|1685
40|40113|M|166|0|166
40|40113|V|204|0|204
40|40115|V|25|0|25
40|40115|M|13|0|13
40|40118|V|20|0|20
40|40118|M|11|0|11
40|40119|V|93|0|93
40|40119|M|59|0|59
40|40120|M|79|0|79
40|40120|V|108|0|108
40|40121|V|117|0|117
40|40121|M|50|0|50
40|40122|V|289|0|289
40|40122|M|194|0|194
40|40123|M|55|0|55
40|40123|V|85|0|85
40|40124|V|107|0|107
40|40124|M|62|0|62
40|40125|V|23|0|23
40|40125|M|12|0|12
40|40126|V|23|0|23
40|40126|M|8|0|8
40|40127|M|4|0|4
40|40127|V|19|0|19
40|40128|M|34|0|34
40|40128|V|54|0|54
40|40129|V|65|0|65
40|40129|M|35|0|35
40|40130|V|55|0|55
40|40130|M|28|0|28
40|40131|V|24|0|24
40|40131|M|13|0|13
40|40132|V|17|0|17
40|40132|M|8|0|8
40|40134|M|192|0|192
40|40134|V|335|0|335
40|40135|M|59|0|59
40|40135|V|110|0|110
40|40136|M|42|0|42
40|40136|V|51|1|51
40|40138|V|1088|0|1088
40|40138|M|749|0|749
40|40139|V|121|0|121
40|40139|M|55|0|55
40|40140|V|36|0|36
40|40140|M|23|0|23
40|40141|M|279|0|279
40|40141|V|419|2|419
40|40142|V|19|0|19
40|40142|M|11|0|11
40|40143|M|12|0|12
40|40143|V|33|0|33
40|40144|M|1|0|1
40|40144|V|4|0|4
40|40145|V|519|1|519
40|40145|M|325|0|325
40|40146|M|99|0|99
40|40146|V|137|0|137
40|40148|V|93|1|93
40|40148|M|75|0|75
40|40149|V|216|0|216
40|40149|M|120|0|120
40|40150|M|8|0|8
40|40150|V|22|0|22
40|40151|V|19|0|19
40|40151|M|12|0|12
40|40152|M|283|0|283
40|40152|V|410|0|410
40|40154|V|6|0|6
40|40154|M|2|0|2
40|40155|M|1914|0|1914
40|40155|V|2299|0|2299
40|40156|M|60|0|60
40|40156|V|112|0|112
40|40157|M|7|0|7
40|40157|V|14|0|14
40|40158|V|7|0|7
40|40158|M|2|0|2
40|40159|V|74|0|74
40|40159|M|37|0|37
40|40160|V|51|0|51
40|40160|M|13|0|13
40|40161|V|20|0|20
40|40161|M|8|0|8
40|40162|V|163|0|163
40|40162|M|105|0|105
40|40163|M|9|0|9
40|40163|V|20|0|20
40|40164|V|82|1|83
40|40164|M|49|0|49
40|40165|M|13|0|13
40|40165|V|26|0|26
40|40166|V|121|0|121
40|40166|M|93|0|93
40|40168|M|2|0|2
40|40168|V|15|0|15
40|40170|V|763|1|763
40|40170|M|485|0|485
40|40171|V|17|1|18
40|40171|M|3|0|3
40|40172|V|3|0|3
40|40172|M|1|0|1
40|40173|M|71|0|71
40|40173|V|101|0|101
40|40174|M|71|0|71
40|40174|V|138|0|138
40|40176|V|182|0|182
40|40176|M|99|0|99
40|40177|V|59|0|59
40|40177|M|30|0|30
40|40178|M|22|0|22
40|40178|V|35|0|35
40|40179|M|249|0|249
40|40179|V|336|0|336
40|40180|V|118|0|118
40|40180|M|74|0|74
40|40181|M|1465|0|1465
40|40181|V|1800|0|1800
40|40182|M|52|0|52
40|40182|V|85|0|85
40|40183|V|47|0|47
40|40183|M|29|0|29
40|40184|M|74|0|74
40|40184|V|119|1|119
40|40185|M|193|0|193
40|40185|V|373|0|373
40|40186|M|6|0|6
40|40186|V|13|0|13
40|40188|V|25|0|25
40|40188|M|14|0|14
40|40189|V|239|1|240
40|40189|M|122|0|122
40|40190|V|24|0|24
40|40190|M|19|0|19
40|40191|V|99|0|99
40|40191|M|58|0|58
40|40192|V|56|0|56
40|40192|M|37|0|37
40|40193|M|69|0|69
40|40193|V|101|0|101
40|40194|V|17507|0|17507
40|40194|M|14337|0|14337
40|40195|V|324|0|324
40|40195|M|224|0|224
40|40196|M|8|0|8
40|40196|V|23|0|23
40|40198|V|13|0|13
40|40198|M|4|0|4
40|40199|V|52|0|52
40|40199|M|31|0|31
40|40200|V|19|0|19
40|40200|M|12|0|12
40|40201|M|8|0|8
40|40201|V|13|0|13
40|40202|V|13|0|13
40|40202|M|7|0|7
40|40203|M|488|0|488
40|40203|V|573|0|573
40|40204|V|69|0|69
40|40204|M|37|0|37
40|40205|M|61|0|61
40|40205|V|92|0|92
40|40206|M|39|0|39
40|40206|V|61|0|61
40|40207|M|356|0|356
40|40207|V|433|0|433
40|40208|V|355|0|355
40|40208|M|222|0|222
40|40210|V|43|0|43
40|40210|M|11|0|11
40|40211|V|23|0|23
40|40211|M|14|0|14
40|40212|M|5|0|5
40|40212|V|8|0|8
40|40213|V|22|0|22
40|40213|M|12|0|12
40|40214|M|57|0|57
40|40214|V|87|0|87
40|40215|V|26|0|26
40|40215|M|9|0|9
40|40216|M|323|0|323
40|40216|V|385|0|385
40|40218|M|17|0|17
40|40218|V|26|0|26
40|40219|V|280|0|280
40|40219|M|200|0|200
40|40220|M|13|0|13
40|40220|V|21|0|21
40|40221|M|6|0|6
40|40221|V|17|0|17
40|40222|M|50|0|50
40|40222|V|79|0|79
40|40223|V|127|0|127
40|40223|M|71|0|71
40|40224|M|1|0|1
40|40224|V|4|0|4
40|40225|V|590|0|590
40|40225|M|392|0|392
40|40228|M|150|0|150
40|40228|V|228|0|228
40|40229|V|9|0|9
40|40230|M|20|0|20
40|40230|V|53|0|53
40|40231|V|44|0|44
40|40231|M|26|0|26
40|40233|V|203|0|203
40|40233|M|116|0|116
40|40234|V|167|0|167
40|40234|M|98|0|98
40|40901|M|189|0|189
40|40901|V|215|0|215
40|40902|M|18|0|18
40|40902|V|44|0|44
40|40903|V|35|1|35
40|40903|M|8|0|8
40|40904|M|144|0|144
40|40904|V|164|0|164
40|40905|M|24|0|24
40|40905|V|46|0|46
40|40906|V|1212|0|1212
40|40906|M|1088|0|1088
41|41000|M|2|0|2
41|41000|V|16|0|16
41|41001|M|575|0|575
41|41001|V|781|3|781
41|41002|M|366|0|366
41|41002|V|651|0|651
41|41003|M|884|0|884
41|41003|V|1133|3|1133
41|41004|V|25955|0|25955
41|41004|M|20457|0|20457
41|41005|V|4324|3|4324
41|41005|M|3082|0|3082
41|41006|V|1317|3|1317
41|41006|M|731|0|731
41|41007|M|3752|0|3752
41|41007|V|5601|2|5601
41|41008|M|323|0|323
41|41008|V|449|0|449
41|41009|V|472|0|472
41|41009|M|279|0|279
41|41010|M|1869|0|1869
41|41010|V|2196|0|2196
41|41011|V|7168|1|7168
41|41011|M|4579|0|4579
41|41012|M|1109|0|1109
41|41012|V|1634|1|1634
41|41013|V|2114|2|2114
41|41013|M|1398|0|1398
41|41014|V|1152|0|1152
41|41014|M|716|0|716
41|41015|M|1920|0|1920
41|41015|V|2582|0|2582
41|41016|M|3209|0|3209
41|41016|V|3831|3|3831
41|41017|M|6744|0|6744
41|41017|V|7781|0|7781
41|41018|V|4531|0|4531
41|41018|M|3057|0|3057
41|41019|V|2427|2|2427
41|41019|M|1780|0|1780
41|41020|M|3832|0|3832
41|41020|V|6066|3|6066
41|41021|M|7107|0|7107
41|41021|V|9523|0|9523
41|41022|V|1908|0|1908
41|41022|M|1270|0|1270
41|41023|M|2353|0|2353
41|41023|V|3892|1|3892
41|41024|M|7487|0|7487
41|41024|V|10534|0|10534
41|41025|V|923|0|923
41|41025|M|665|0|665
41|41026|V|2085|2|2085
41|41026|M|1354|0|1354
41|41027|V|1707|0|1707
41|41027|M|1186|0|1186
41|41028|V|1053|0|1053
41|41028|M|919|0|919
41|41029|V|5727|0|5727
41|41029|M|4726|0|4726
41|41030|V|228|0|228
41|41030|M|153|0|153
41|41031|V|556|0|556
41|41031|M|309|0|309
41|41032|M|1161|0|1161
41|41032|V|1738|0|1738
41|41033|M|1309|0|1309
41|41033|V|2164|0|2164
41|41034|M|7727|0|7727
41|41034|V|10584|2|10584
41|41035|M|317|0|317
41|41035|V|494|0|494
41|41036|V|1859|1|1859
41|41036|M|1173|0|1173
41|41037|M|1102|0|1102
41|41037|V|1584|0|1584
41|41038|M|41380|0|41380
41|41038|V|48500|1|48500
41|41039|M|10678|0|10678
41|41039|V|14610|7|14611
41|41040|V|5733|2|5733
41|41040|M|5185|0|5185
41|41041|V|4452|1|4452
41|41041|M|3592|1|3592
41|41042|V|2903|4|2904
41|41042|M|1877|0|1877
41|41043|M|198|0|198
41|41043|V|304|0|304
41|41044|M|3312|0|3312
41|41044|V|3736|0|3736
41|41045|M|2011|0|2011
41|41045|V|2655|2|2655
41|41046|M|1031|0|1031
41|41046|V|1393|0|1393
41|41047|V|4743|1|4743
41|41047|M|4275|0|4275
41|41048|M|549|0|549
41|41048|V|930|0|930
41|41049|V|4622|0|4622
41|41049|M|3416|0|3416
41|41050|V|2450|0|2450
41|41050|M|1740|0|1740
41|41051|M|835|0|835
41|41051|V|1151|0|1151
41|41052|M|1111|0|1111
41|41052|V|1506|2|1506
41|41053|M|7226|0|7226
41|41053|V|10647|8|10647
41|41054|M|255|0|255
41|41054|V|355|0|355
41|41055|V|6919|0|6919
41|41055|M|4755|0|4755
41|41056|M|1230|0|1230
41|41056|V|1894|0|1894
41|41057|V|91|0|91
41|41057|M|66|0|66
41|41058|V|8493|0|8493
41|41058|M|6850|0|6850
41|41059|M|14114|0|14114
41|41059|V|15937|0|15937
41|41060|M|5058|0|5058
41|41060|V|6981|3|6981
41|41061|M|706|0|706
41|41061|V|1007|0|1007
41|41062|M|742|0|742
41|41062|V|1057|0|1057
41|41063|M|882|0|882
41|41063|V|1331|1|1331
41|41064|M|1804|0|1804
41|41064|V|2656|1|2656
41|41065|M|6883|0|6883
41|41065|V|10141|2|10141
41|41066|V|590|0|590
41|41066|M|302|0|302
41|41067|M|2636|0|2636
41|41067|V|3504|1|3504
41|41068|M|4434|0|4434
41|41068|V|6253|3|6253
41|41069|M|10028|0|10028
41|41069|V|14083|16|14084
41|41070|V|3264|0|3264
41|41070|M|2936|0|2936
41|41071|V|2593|10|2593
41|41071|M|1796|0|1796
41|41072|V|1823|0|1823
41|41072|M|1419|0|1419
41|41073|V|739|0|739
41|41073|M|443|0|443
41|41074|M|914|0|914
41|41074|V|1385|1|1385
41|41075|V|4918|1|4918
41|41075|M|3571|0|3571
41|41076|M|514|0|514
41|41076|V|900|0|900
41|41077|M|2788|0|2788
41|41077|V|4223|4|4223
41|41078|M|702|0|702
41|41078|V|1151|0|1151
41|41079|V|4356|0|4356
41|41079|M|3101|0|3101
41|41080|V|552|0|552
41|41080|M|344|0|344
41|41081|V|13624|0|13624
41|41081|M|10980|0|10980
41|41082|M|1060|0|1060
41|41082|V|1599|2|1599
41|41083|V|483|0|483
41|41083|M|289|0|289
41|41084|V|1290|0|1290
41|41084|M|950|0|950
41|41085|M|1706|0|1706
41|41085|V|1900|1|1900
41|41086|V|6894|0|6894
41|41086|M|4885|0|4885
41|41087|M|3713|0|3713
41|41087|V|4742|0|4742
41|41088|V|220|0|220
41|41088|M|152|0|152
41|41089|V|3010|0|3010
41|41089|M|2304|0|2304
41|41090|M|1186|0|1186
41|41090|V|1585|1|1586
41|41091|M|174989|0|174989
41|41091|V|218547|3|218547
41|41092|V|3620|0|3620
41|41092|M|2484|0|2484
41|41093|M|7941|0|7941
41|41093|V|8686|0|8686
41|41094|M|2480|0|2480
41|41094|V|3157|0|3157
41|41095|M|13767|0|13767
41|41095|V|19374|15|19374
41|41096|V|2930|0|2930
41|41096|M|2547|0|2547
41|41097|V|1566|3|1566
41|41097|M|1133|0|1133
41|41098|M|1988|0|1988
41|41098|V|2382|0|2382
41|41099|V|1894|0|1894
41|41099|M|1188|0|1188
41|41100|V|403|0|403
41|41100|M|289|0|289
41|41101|V|2841|0|2841
41|41101|M|1960|0|1960
41|41102|V|7177|4|7177
41|41102|M|5313|0|5313
41|41901|V|1199|0|1199
41|41901|M|919|0|919
41|41902|V|1990|1|1990
41|41902|M|1473|0|1473
41|41903|M|2222|0|2222
41|41903|V|3203|0|3203
41|41904|V|69|0|69
41|41904|M|50|0|50
42|42000|V|3|0|3
42|42001|M|53|0|53
42|42001|V|82|0|82
42|42003|M|17|0|17
42|42003|V|36|0|36
42|42004|M|742|0|742
42|42004|V|1138|3|1139
42|42006|M|23|0|23
42|42006|V|73|0|73
42|42007|V|38|0|38
42|42007|M|18|0|18
42|42008|M|5|0|5
42|42008|V|20|0|20
42|42009|V|28|0|28
42|42009|M|11|0|11
42|42010|M|3|0|3
42|42010|V|7|0|7
42|42011|M|2|0|2
42|42011|V|5|0|5
42|42012|V|16|0|16
42|42012|M|3|0|3
42|42013|V|7|0|7
42|42013|M|4|0|4
42|42014|M|7|0|7
42|42014|V|19|0|19
42|42015|M|2|0|2
42|42015|V|10|0|10
42|42016|V|6|0|6
42|42017|M|27|0|27
42|42017|V|54|0|54
42|42018|V|54|0|54
42|42018|M|17|0|17
42|42019|V|183|0|183
42|42019|M|109|0|109
42|42020|V|2107|0|2107
42|42020|M|1451|0|1451
42|42021|V|30|0|30
42|42021|M|7|0|7
42|42022|V|95|0|95
42|42022|M|37|0|37
42|42023|M|9|0|9
42|42023|V|29|0|29
42|42024|V|19|0|19
42|42024|M|2|0|2
42|42025|V|543|0|543
42|42025|M|281|0|281
42|42026|V|21|0|21
42|42026|M|5|0|5
42|42027|V|21|0|21
42|42027|M|8|0|8
42|42028|M|24|0|24
42|42028|V|36|0|36
42|42029|V|58|0|58
42|42029|M|19|0|19
42|42030|V|42|1|42
42|42030|M|17|0|17
42|42031|V|9|0|9
42|42031|M|2|0|2
42|42032|M|20|0|20
42|42032|V|52|0|52
42|42033|M|8|0|8
42|42033|V|16|0|16
42|42034|V|11|0|11
42|42034|M|1|0|1
42|42035|V|296|1|296
42|42035|M|168|0|168
42|42036|V|15|0|15
42|42036|M|3|0|3
42|42037|V|10|0|10
42|42038|V|7|0|7
42|42038|M|3|0|3
42|42039|M|27|0|27
42|42039|V|61|0|61
42|42041|V|8|0|8
42|42042|M|17|0|17
42|42042|V|33|0|33
42|42043|M|1252|0|1252
42|42043|V|1700|0|1700
42|42044|M|1|0|1
42|42044|V|10|0|10
42|42045|M|49|0|49
42|42045|V|100|0|100
42|42046|V|16|0|16
42|42046|M|9|0|9
42|42048|M|10|0|10
42|42048|V|23|0|23
42|42049|M|4|0|4
42|42049|V|28|0|28
42|42050|M|2|0|2
42|42050|V|9|0|9
42|42051|V|6|0|6
42|42051|M|2|0|2
42|42052|V|4|0|4
42|42052|M|1|0|1
42|42053|M|1|0|1
42|42053|V|10|0|10
42|42054|V|3|0|3
42|42054|M|1|0|1
42|42055|V|63|0|63
42|42055|M|35|0|35
42|42056|M|4|0|4
42|42056|V|7|0|7
42|42057|M|27|0|27
42|42057|V|67|0|67
42|42058|V|41|0|41
42|42058|M|13|0|13
42|42059|V|6|0|6
42|42059|M|7|0|7
42|42060|V|7|0|7
42|42061|V|90|1|90
42|42061|M|64|0|64
42|42062|M|1|0|1
42|42062|V|6|0|6
42|42063|M|3|0|3
42|42063|V|11|0|11
42|42064|V|19|0|19
42|42064|M|10|0|10
42|42065|V|13|0|13
42|42065|M|3|0|3
42|42068|V|31|0|31
42|42068|M|11|0|11
42|42069|V|575|0|575
42|42069|M|340|0|340
42|42070|V|10|0|10
42|42070|M|1|0|1
42|42071|V|51|0|51
42|42071|M|26|0|26
42|42073|M|4|0|4
42|42073|V|22|0|22
42|42075|V|19|0|19
42|42075|M|8|0|8
42|42076|V|78|0|78
42|42076|M|32|0|32
42|42078|V|357|0|357
42|42078|M|224|0|224
42|42079|V|8|0|8
42|42080|V|66|0|66
42|42080|M|32|0|32
42|42081|M|30|0|30
42|42081|V|48|0|48
42|42082|V|4|0|4
42|42083|V|5|0|5
42|42083|M|2|0|2
42|42084|V|11|0|11
42|42084|M|3|0|3
42|42085|M|21|0|21
42|42085|V|73|2|74
42|42086|V|12|0|12
42|42086|M|6|0|6
42|42087|M|16|0|16
42|42087|V|21|0|21
42|42088|V|26|0|26
42|42088|M|11|0|11
42|42089|V|17|0|17
42|42089|M|11|0|11
42|42090|M|13|0|13
42|42090|V|36|0|36
42|42092|V|16|0|16
42|42092|M|6|0|6
42|42093|M|7|0|7
42|42093|V|21|0|21
42|42094|V|270|0|270
42|42094|M|208|0|208
42|42095|V|1117|0|1117
42|42095|M|954|1|954
42|42096|V|111|0|111
42|42096|M|44|0|44
42|42097|V|7|0|7
42|42097|M|2|0|2
42|42098|M|4|0|4
42|42098|V|5|0|5
42|42100|V|12|0|12
42|42100|M|1|0|1
42|42103|M|130|0|130
42|42103|V|290|0|290
42|42105|M|8|0|8
42|42105|V|18|0|18
42|42106|V|5|0|5
42|42106|M|2|0|2
42|42107|M|9|0|9
42|42107|V|24|0|24
42|42108|V|2|0|2
42|42110|M|12|0|12
42|42110|V|25|0|25
42|42111|M|46|0|46
42|42111|V|94|0|94
42|42113|V|250|0|250
42|42113|M|144|0|144
42|42115|M|12|0|12
42|42115|V|16|0|16
42|42116|M|4|0|4
42|42116|V|16|1|16
42|42117|M|34|0|34
42|42117|V|60|0|60
42|42118|V|13|0|13
42|42119|V|62|1|62
42|42119|M|16|0|16
42|42120|M|17|0|17
42|42120|V|53|0|53
42|42121|V|17|0|17
42|42121|M|5|0|5
42|42123|M|34|0|34
42|42123|V|62|0|62
42|42124|M|5|0|5
42|42124|V|14|0|14
42|42125|V|24|0|24
42|42125|M|13|0|13
42|42127|V|20|0|20
42|42127|M|10|0|10
42|42128|V|18|0|18
42|42128|M|9|0|9
42|42129|M|157|0|157
42|42129|V|292|0|292
42|42130|M|7|0|7
42|42130|V|18|0|18
42|42131|M|9|0|9
42|42131|V|11|0|11
42|42132|M|20|0|20
42|42132|V|45|0|45
42|42134|V|1615|0|1615
42|42134|M|955|0|955
42|42135|V|15|0|15
42|42135|M|9|0|9
42|42139|M|2|0|2
42|42139|V|7|0|7
42|42140|V|5|0|5
42|42140|M|1|0|1
42|42141|V|23|0|23
42|42141|M|13|0|13
42|42142|M|9|0|9
42|42142|V|11|0|11
42|42144|M|80|0|80
42|42144|V|169|1|169
42|42145|V|69|0|69
42|42145|M|20|0|20
42|42148|V|5|0|5
42|42149|M|120|0|120
42|42149|V|172|0|172
42|42151|M|2|0|2
42|42151|V|12|0|12
42|42152|M|13|0|13
42|42152|V|40|0|40
42|42153|M|1|0|1
42|42153|V|3|0|3
42|42154|V|46|0|46
42|42154|M|21|0|21
42|42155|V|41|0|41
42|42155|M|11|0|11
42|42156|M|2|0|2
42|42156|V|12|0|12
42|42157|V|4|0|4
42|42157|M|2|0|2
42|42158|V|43|0|43
42|42158|M|20|0|20
42|42159|V|16|0|16
42|42159|M|6|0|6
42|42160|V|91|0|91
42|42160|M|59|0|59
42|42161|V|51|0|51
42|42161|M|18|0|18
42|42162|V|1139|2|1139
42|42162|M|720|0|720
42|42163|V|18|0|18
42|42163|M|8|0|8
42|42164|M|483|0|483
42|42164|V|728|0|728
42|42165|M|102|0|102
42|42165|V|213|0|213
42|42166|V|15|0|15
42|42166|M|5|0|5
42|42167|V|108|0|108
42|42167|M|56|0|56
42|42168|V|42|0|42
42|42168|M|22|0|22
42|42171|M|18|0|18
42|42171|V|48|0|48
42|42172|V|11|0|11
42|42172|M|2|0|2
42|42173|V|14830|0|14830
42|42173|M|12294|0|12294
42|42174|V|65|0|65
42|42174|M|39|0|39
42|42175|V|11|0|11
42|42175|M|7|0|7
42|42176|M|1|0|1
42|42176|V|6|0|6
42|42177|M|12|0|12
42|42177|V|23|0|23
42|42178|V|35|0|35
42|42178|M|10|0|10
42|42181|V|135|0|135
42|42181|M|74|0|74
42|42182|V|14|0|14
42|42182|M|6|0|6
42|42183|M|4|0|4
42|42183|V|38|0|38
42|42184|V|20|0|20
42|42184|M|5|0|5
42|42185|V|8|1|9
42|42185|M|3|0|3
42|42187|M|6|0|6
42|42187|V|19|0|19
42|42188|V|16|0|16
42|42188|M|6|0|6
42|42189|V|33|0|33
42|42189|M|26|0|26
42|42190|V|36|0|36
42|42190|M|17|0|17
42|42191|V|67|0|67
42|42191|M|33|0|33
42|42192|M|4|0|4
42|42192|V|13|0|13
42|42193|V|2|0|2
42|42194|V|51|0|51
42|42194|M|25|0|25
42|42195|V|30|0|30
42|42195|M|16|0|16
42|42196|V|1|0|1
42|42197|M|9|0|9
42|42197|V|28|0|28
42|42198|M|1|0|1
42|42198|V|5|0|5
42|42200|V|33|0|33
42|42200|M|7|0|7
42|42201|V|10|0|10
42|42201|M|2|0|2
42|42202|V|9|0|9
42|42202|M|3|0|3
42|42204|V|23|0|23
42|42204|M|4|0|4
42|42205|V|13|0|13
42|42205|M|10|0|10
42|42206|V|2|0|2
42|42207|M|12|0|12
42|42207|V|11|0|11
42|42208|M|4|0|4
42|42208|V|10|0|10
42|42209|V|43|0|43
42|42209|M|19|0|19
42|42211|M|13|0|13
42|42211|V|26|0|26
42|42212|M|12|0|12
42|42212|V|26|0|26
42|42213|V|8|0|8
42|42213|M|2|0|2
42|42215|V|287|0|287
42|42215|M|193|0|193
42|42216|M|1|0|1
42|42216|V|9|0|9
42|42217|M|4|0|4
42|42217|V|18|0|18
42|42218|M|14|0|14
42|42218|V|28|0|28
42|42219|M|1|0|1
42|42219|V|16|0|16
43|43000|V|1|0|1
43|43001|M|283|0|283
43|43001|V|374|0|374
43|43002|V|945|0|945
43|43002|M|762|0|762
43|43003|V|162|0|162
43|43003|M|161|0|161
43|43004|M|2541|0|2541
43|43004|V|3477|0|3477
43|43005|V|1890|1|1890
43|43005|M|1553|0|1553
43|43006|V|285|0|285
43|43006|M|243|0|243
43|43007|V|307|0|307
43|43007|M|248|0|248
43|43008|V|133|0|133
43|43008|M|95|0|95
43|43009|V|647|0|647
43|43009|M|546|0|546
43|43010|V|155|1|156
43|43010|M|131|0|131
43|43011|V|500|0|500
43|43011|M|480|0|480
43|43012|V|1861|0|1861
43|43012|M|1660|0|1660
43|43013|M|1735|0|1735
43|43013|V|2317|0|2317
43|43014|V|7523|2|7524
43|43014|M|5772|0|5772
43|43015|M|24|0|24
43|43015|V|47|0|47
43|43016|V|1956|0|1956
43|43016|M|1394|0|1394
43|43017|V|38|0|38
43|43017|M|18|0|18
43|43018|M|118|0|118
43|43018|V|163|1|164
43|43019|V|524|6|525
43|43019|M|344|0|344
43|43020|M|991|0|991
43|43020|V|1234|0|1234
43|43021|M|122|0|122
43|43021|V|179|0|179
43|43022|M|432|0|432
43|43022|V|656|1|656
43|43023|M|72|0|72
43|43023|V|112|0|112
43|43024|M|606|0|606
43|43024|V|802|0|802
43|43025|M|173|0|173
43|43025|V|270|1|271
43|43026|V|427|1|427
43|43026|M|318|0|318
43|43027|M|42|0|42
43|43027|V|80|0|80
43|43028|V|1401|0|1401
43|43028|M|1059|0|1059
43|43029|M|124|0|124
43|43029|V|164|0|164
43|43030|M|219|0|219
43|43030|V|276|0|276
43|43031|V|752|0|752
43|43031|M|607|0|607
43|43032|M|118|0|118
43|43032|V|214|0|214
43|43033|M|321|0|321
43|43033|V|420|0|420
43|43034|V|239|0|239
43|43034|M|195|0|195
43|43035|M|57|0|57
43|43035|V|118|1|118
43|43036|V|467|0|467
43|43036|M|355|0|355
43|43037|M|7119|0|7119
43|43037|V|9547|1|9548
43|43038|M|9710|0|9710
43|43038|V|11629|1|11629
43|43039|M|31|0|31
43|43039|V|33|0|33
43|43040|V|145|0|145
43|43040|M|129|0|129
43|43041|M|57|0|57
43|43041|V|85|0|85
43|43042|M|962|0|962
43|43042|V|1036|0|1036
43|43043|V|1696|0|1696
43|43043|M|1384|0|1384
43|43044|V|2005|1|2006
43|43044|M|1552|0|1552
43|43045|M|40|0|40
43|43045|V|59|0|59
43|43046|V|37|0|37
43|43046|M|22|0|22
43|43047|M|1503|0|1503
43|43047|V|2457|0|2457
43|43048|V|368|2|368
43|43048|M|232|0|232
43|43049|M|257|0|257
43|43049|V|378|0|378
43|43050|V|1410|0|1410
43|43050|M|1074|0|1074
43|43051|V|4930|0|4930
43|43051|M|3623|0|3623
43|43052|V|442|0|442
43|43052|M|319|0|319
43|43053|V|89|0|89
43|43053|M|57|0|57
43|43054|M|1006|0|1006
43|43054|V|1375|2|1375
43|43055|V|958|0|958
43|43055|M|725|0|725
43|43056|V|340|1|340
43|43056|M|224|0|224
43|43057|V|11|0|11
43|43057|M|6|0|6
43|43058|M|29|0|29
43|43058|V|41|1|42
43|43059|V|104|0|104
43|43059|M|83|0|83
43|43060|V|1218|0|1218
43|43060|M|841|0|841
43|43061|M|5|0|5
43|43061|V|11|0|11
43|43062|V|127|0|127
43|43062|M|92|0|92
43|43063|M|193|0|193
43|43063|V|269|0|269
43|43064|M|754|0|754
43|43064|V|1083|1|1084
43|43065|M|127|0|127
43|43065|V|192|1|192
43|43066|M|69|0|69
43|43066|V|67|0|67
43|43067|M|204|0|204
43|43067|V|326|2|326
43|43068|V|208|0|208
43|43068|M|147|0|147
43|43069|M|51|0|51
43|43069|V|93|0|93
43|43070|M|84|0|84
43|43070|V|107|0|107
43|43071|V|439|3|439
43|43071|M|303|0|303
43|43072|M|25|0|25
43|43072|V|42|0|42
43|43073|V|36|0|36
43|43073|M|27|0|27
43|43074|V|889|0|889
43|43074|M|776|0|776
43|43075|V|42|0|42
43|43075|M|16|0|16
43|43076|M|153|0|153
43|43076|V|227|0|227
43|43077|M|136|0|136
43|43077|V|199|0|199
43|43078|V|382|1|383
43|43078|M|289|0|289
43|43079|V|226|0|226
43|43079|M|125|0|125
43|43080|V|110|0|110
43|43080|M|82|0|82
43|43081|M|255|0|255
43|43081|V|278|0|278
43|43082|M|103|0|103
43|43082|V|172|1|173
43|43083|V|62|0|62
43|43083|M|52|0|52
43|43084|M|193|1|193
43|43084|V|274|0|274
43|43085|V|109|1|109
43|43085|M|77|0|77
43|43086|V|2610|0|2610
43|43086|M|2052|1|2053
43|43088|M|840|0|840
43|43088|V|1056|0|1056
43|43089|M|124|0|124
43|43089|V|151|0|151
43|43090|M|463|0|463
43|43090|V|580|1|580
43|43091|V|53|0|53
43|43091|M|42|0|42
43|43092|V|4440|1|4440
43|43092|M|3426|0|3426
43|43093|V|2029|2|2030
43|43093|M|1510|0|1510
43|43094|V|1147|2|1147
43|43094|M|820|0|820
43|43095|M|1055|0|1055
43|43095|V|1376|0|1376
43|43096|V|45|0|45
43|43096|M|27|0|27
43|43097|V|207|0|207
43|43097|M|177|0|177
43|43098|M|151|0|151
43|43098|V|176|0|176
43|43099|V|124|2|124
43|43099|M|62|0|62
43|43100|V|1810|0|1810
43|43100|M|1618|0|1618
43|43101|M|28|0|28
43|43101|V|58|0|58
43|43102|V|192|0|192
43|43102|M|139|0|139
43|43103|V|440|0|440
43|43103|M|375|0|375
43|43104|V|1022|0|1022
43|43104|M|732|0|732
43|43105|V|74|0|74
43|43105|M|50|0|50
43|43106|V|369|0|369
43|43106|M|228|0|228
43|43107|M|157|0|157
43|43107|V|188|1|189
43|43108|V|780|0|780
43|43108|M|593|0|593
43|43109|V|1212|0|1212
43|43109|M|1015|0|1015
43|43110|V|121|1|122
43|43110|M|66|0|66
43|43111|V|1207|0|1207
43|43111|M|916|0|916
43|43112|V|121|0|121
43|43112|M|89|0|89
43|43113|V|191|0|191
43|43113|M|125|0|125
43|43114|M|112|0|112
43|43114|V|155|0|155
43|43115|M|48|0|48
43|43115|V|63|0|63
43|43116|V|193|0|193
43|43116|M|120|0|120
43|43117|V|72|0|72
43|43117|M|30|0|30
43|43118|M|184|0|184
43|43118|V|241|0|241
43|43119|V|394|3|396
43|43119|M|350|0|350
43|43120|M|120|0|120
43|43120|V|167|0|167
43|43121|V|292|3|292
43|43121|M|210|0|210
43|43122|V|51|0|51
43|43122|M|44|0|44
43|43123|V|36754|0|36754
43|43123|M|27551|0|27551
43|43124|V|224|0|224
43|43124|M|127|0|127
43|43125|M|236|0|236
43|43125|V|432|0|432
43|43126|V|646|0|646
43|43126|M|533|0|533
43|43127|V|463|0|463
43|43127|M|354|0|354
43|43128|M|370|0|370
43|43128|V|471|0|471
43|43129|M|1855|0|1855
43|43129|V|2313|1|2313
43|43130|M|55|0|55
43|43130|V|92|1|92
43|43131|M|2042|0|2042
43|43131|V|2708|1|2708
43|43132|M|146|0|146
43|43132|V|191|0|191
43|43133|M|2406|0|2406
43|43133|V|3121|0|3121
43|43134|V|152|0|152
43|43134|M|106|0|106
43|43135|V|201|0|201
43|43135|M|119|0|119
43|43136|V|5410|0|5410
43|43136|M|4048|0|4048
43|43137|V|1022|1|1023
43|43137|M|843|0|843
43|43138|M|1009|0|1009
43|43138|V|1420|0|1420
43|43139|V|1018|0|1018
43|43139|M|824|0|824
43|43140|V|1220|0|1220
43|43140|M|967|0|967
43|43141|M|22|0|22
43|43141|V|33|0|33
43|43142|V|575|1|576
43|43142|M|390|0|390
43|43143|V|18|0|18
43|43143|M|9|0|9
43|43144|M|523|0|523
43|43144|V|635|0|635
43|43145|M|1634|0|1634
43|43145|V|1969|1|1970
43|43146|V|18|0|18
43|43146|M|13|0|13
43|43147|V|241|0|241
43|43147|M|168|0|168
43|43148|M|33930|0|33930
43|43148|V|44737|1|44738
43|43149|M|265|0|265
43|43149|V|369|0|369
43|43150|M|408|0|408
43|43150|V|553|0|553
43|43151|V|48|0|48
43|43151|M|27|0|27
43|43152|V|220|0|220
43|43152|M|148|0|148
43|43153|V|5560|0|5560
43|43153|M|4176|0|4176
43|43154|M|33|0|33
43|43154|V|45|0|45
43|43155|V|12195|3|12195
43|43155|M|9825|0|9825
43|43156|M|1631|0|1631
43|43156|V|2250|0|2250
43|43157|V|148|0|148
43|43157|M|80|0|80
43|43158|V|38|0|38
43|43158|M|23|0|23
43|43159|M|17|0|17
43|43159|V|34|0|34
43|43160|M|555|0|555
43|43160|V|641|0|641
43|43161|V|8481|0|8481
43|43161|M|6592|0|6592
43|43162|V|2269|0|2269
43|43162|M|1813|0|1813
43|43163|V|13055|2|13057
43|43163|M|9843|0|9843
43|43164|M|128|0|128
43|43164|V|186|0|186
43|43165|M|208|0|208
43|43165|V|261|1|261
43|43166|M|732|0|732
43|43166|V|828|0|828
43|43167|V|222|0|222
43|43167|M|165|0|165
43|43168|V|43|0|43
43|43168|M|28|0|28
43|43169|M|148|0|148
43|43169|V|194|0|194
43|43170|V|488|0|488
43|43170|M|364|0|364
43|43171|V|7817|0|7817
43|43171|M|6077|0|6077
43|43172|V|184|0|184
43|43172|M|120|0|120
43|43173|V|53|0|53
43|43173|M|26|0|26
43|43174|M|52|0|52
43|43174|V|76|0|76
43|43175|M|144|0|144
43|43175|V|243|3|245
43|43176|V|336|0|336
43|43176|M|218|0|218
43|43177|M|117|0|117
43|43177|V|167|0|167
43|43178|V|818|0|818
43|43178|M|657|0|657
43|43901|M|3700|0|3700
43|43901|V|4322|4|4322
43|43902|V|1336|1|1336
43|43902|M|1110|0|1110
43|43903|V|1237|1|1238
43|43903|M|973|0|973
43|43904|M|1227|0|1227
43|43904|V|1572|1|1572
43|43905|M|6500|0|6500
43|43905|V|8715|0|8715
43|43906|V|1206|0|1206
43|43906|M|915|0|915
43|43907|V|1036|0|1036
43|43907|M|722|0|722
44|44001|V|27|0|27
44|44001|M|8|0|8
44|44002|M|6|0|6
44|44002|V|13|0|13
44|44003|M|5|0|5
44|44003|V|5|0|5
44|44004|V|216|0|216
44|44004|M|148|0|148
44|44005|M|9|0|9
44|44005|V|28|0|28
44|44006|M|20|0|20
44|44006|V|76|1|76
44|44007|M|25|0|25
44|44007|V|68|0|68
44|44008|V|714|1|714
44|44008|M|378|0|378
44|44009|V|348|0|348
44|44009|M|258|0|258
44|44010|M|60|0|60
44|44010|V|118|0|118
44|44011|V|10|0|10
44|44011|M|3|0|3
44|44012|V|170|0|170
44|44012|M|88|0|88
44|44013|M|4328|0|4328
44|44013|V|6129|3|6129
44|44014|V|1260|0|1260
44|44014|M|828|0|828
44|44016|M|87|0|87
44|44016|V|182|0|182
44|44017|M|66|0|66
44|44017|V|138|0|138
44|44018|V|3|0|3
44|44018|M|1|0|1
44|44019|M|6|0|6
44|44019|V|20|0|20
44|44020|V|13|0|13
44|44020|M|5|0|5
44|44021|V|46|0|46
44|44021|M|21|0|21
44|44022|V|223|0|223
44|44022|M|129|0|129
44|44023|V|4|0|4
44|44023|M|2|0|2
44|44024|V|7|0|7
44|44024|M|1|0|1
44|44025|V|2692|0|2692
44|44025|M|1862|0|1862
44|44026|V|41|0|41
44|44026|M|20|0|20
44|44027|V|74|1|74
44|44027|M|57|0|57
44|44028|V|65|0|65
44|44028|M|27|0|27
44|44029|V|236|0|236
44|44029|M|135|0|135
44|44031|V|37|0|37
44|44031|M|7|0|7
44|44032|V|6|0|6
44|44032|M|1|0|1
44|44033|V|105|0|105
44|44033|M|43|0|43
44|44034|V|61|0|61
44|44034|M|19|0|19
44|44035|M|21|0|21
44|44035|V|33|1|33
44|44036|M|6|0|6
44|44036|V|8|0|8
44|44037|M|150|0|150
44|44037|V|222|0|222
44|44038|M|22|0|22
44|44038|V|43|0|43
44|44039|M|48|0|48
44|44039|V|65|0|65
44|44040|V|81|0|81
44|44040|M|51|0|51
44|44041|M|18|0|18
44|44041|V|28|0|28
44|44042|V|46|0|46
44|44042|M|20|0|20
44|44043|V|21|0|21
44|44043|M|3|0|3
44|44044|V|41|0|41
44|44044|M|14|0|14
44|44045|M|97|0|97
44|44045|V|137|0|137
44|44046|M|8|0|8
44|44046|V|21|0|21
44|44047|V|67|0|67
44|44047|M|28|0|28
44|44048|M|13|0|13
44|44048|V|27|0|27
44|44049|V|394|0|394
44|44049|M|236|0|236
44|44050|V|1725|3|1726
44|44050|M|1201|0|1201
44|44051|M|946|0|946
44|44051|V|1437|0|1437
44|44052|V|21|0|21
44|44052|M|13|0|13
44|44053|M|19|0|19
44|44053|V|41|0|41
44|44054|V|33|0|33
44|44054|M|20|0|20
44|44055|V|44|0|44
44|44055|M|16|0|16
44|44056|M|140|0|140
44|44056|V|239|0|239
44|44059|M|211|0|211
44|44059|V|275|1|276
44|44060|M|7|0|7
44|44060|V|13|0|13
44|44061|V|29|0|29
44|44061|M|14|0|14
44|44062|V|20|0|20
44|44062|M|3|0|3
44|44063|M|17|0|17
44|44063|V|48|0|48
44|44064|M|10|0|10
44|44064|V|26|0|26
44|44065|M|3|0|3
44|44065|V|15|0|15
44|44066|M|14|0|14
44|44066|V|38|0|38
44|44067|M|21|0|21
44|44067|V|39|0|39
44|44068|M|188|0|188
44|44068|V|343|0|343
44|44070|M|7|0|7
44|44070|V|23|0|23
44|44071|M|166|0|166
44|44071|V|263|0|263
44|44074|M|156|0|156
44|44074|V|231|0|231
44|44075|M|59|0|59
44|44075|V|150|0|150
44|44076|M|669|0|669
44|44076|V|1056|4|1056
44|44077|V|25|0|25
44|44077|M|9|0|9
44|44080|M|80|0|80
44|44080|V|118|0|118
44|44082|V|34|0|34
44|44082|M|25|0|25
44|44084|M|17|0|17
44|44084|V|23|0|23
44|44085|V|23|0|23
44|44086|V|219|0|219
44|44086|M|149|0|149
44|44087|V|42|0|42
44|44087|M|12|0|12
44|44088|V|17|0|17
44|44088|M|11|0|11
44|44089|V|27|0|27
44|44089|M|8|0|8
44|44090|M|10|0|10
44|44090|V|22|0|22
44|44092|M|9|0|9
44|44092|V|28|0|28
44|44093|V|47|0|47
44|44093|M|28|0|28
44|44094|M|29|0|29
44|44094|V|56|0|56
44|44096|M|38|0|38
44|44096|V|60|0|60
44|44097|V|45|0|45
44|44097|M|26|0|26
44|44099|M|161|0|161
44|44099|V|337|0|337
44|44100|M|43|0|43
44|44100|V|80|0|80
44|44101|M|11|0|11
44|44101|V|27|0|27
44|44102|M|3|0|3
44|44102|V|6|0|6
44|44103|M|27|0|27
44|44103|V|48|0|48
44|44105|M|10|0|10
44|44105|V|23|0|23
44|44106|V|73|0|73
44|44106|M|40|0|40
44|44107|M|57|0|57
44|44107|V|99|1|99
44|44108|M|97|0|97
44|44108|V|179|0|179
44|44109|M|16|0|16
44|44109|V|28|0|28
44|44110|V|13|0|13
44|44110|M|4|0|4
44|44111|M|19|0|19
44|44111|V|39|1|40
44|44112|V|181|1|181
44|44112|M|96|0|96
44|44113|V|52|0|52
44|44113|M|42|0|42
44|44114|V|102|0|102
44|44114|M|82|0|82
44|44115|M|34|0|34
44|44115|V|53|1|53
44|44116|V|37|0|37
44|44116|M|19|0|19
44|44117|V|145|0|145
44|44117|M|87|0|87
44|44118|V|82|1|82
44|44118|M|34|0|34
44|44119|M|19|0|19
44|44119|V|44|0|44
44|44120|M|38|0|38
44|44120|V|74|0|74
44|44121|M|11|0|11
44|44121|V|27|0|27
44|44122|M|377|0|377
44|44122|V|665|1|665
44|44123|V|38|0|38
44|44123|M|15|0|15
44|44124|V|32|3|32
44|44124|M|12|0|12
44|44125|V|17|0|17
44|44125|M|1|0|1
44|44126|V|155|0|155
44|44126|M|79|0|79
44|44127|V|21|0|21
44|44127|M|10|0|10
44|44128|M|11|0|11
44|44128|V|18|1|19
44|44129|M|11|0|11
44|44129|V|21|0|21
44|44130|V|13|0|13
44|44130|M|6|0|6
44|44131|M|2|0|2
44|44131|V|7|0|7
44|44132|V|22|0|22
44|44132|M|6|0|6
44|44133|V|15|0|15
44|44133|M|2|0|2
44|44135|V|39|0|39
44|44135|M|19|0|19
44|44136|M|10|0|10
44|44136|V|20|0|20
44|44137|V|83|0|83
44|44137|M|41|0|41
44|44138|V|39|0|39
44|44138|M|9|0|9
44|44141|V|75|0|75
44|44141|M|48|0|48
44|44142|V|8|0|8
44|44143|V|218|0|218
44|44143|M|125|0|125
44|44144|V|159|1|159
44|44144|M|87|0|87
44|44145|V|475|0|475
44|44145|M|295|0|295
44|44146|M|55|0|55
44|44146|V|87|0|87
44|44147|M|120|0|120
44|44147|V|214|1|214
44|44148|M|15|0|15
44|44148|V|37|0|37
44|44149|V|51|0|51
44|44149|M|31|0|31
44|44150|V|10|0|10
44|44150|M|1|0|1
44|44151|V|87|0|87
44|44151|M|43|0|43
44|44152|M|7|0|7
44|44152|V|29|0|29
44|44153|M|622|0|622
44|44153|V|886|1|886
44|44154|M|63|0|63
44|44154|V|125|0|125
44|44155|V|474|0|474
44|44155|M|275|0|275
44|44156|V|20|0|20
44|44156|M|8|0|8
44|44157|M|6|0|6
44|44157|V|13|0|13
44|44158|M|444|0|444
44|44158|V|613|0|613
44|44159|M|12|0|12
44|44159|V|25|0|25
44|44160|V|214|0|214
44|44160|M|137|0|137
44|44161|M|85|0|85
44|44161|V|202|0|202
44|44163|V|44|0|44
44|44163|M|19|0|19
44|44164|V|13|0|13
44|44164|M|2|0|2
44|44165|M|30|0|30
44|44165|V|63|1|63
44|44167|V|10|0|10
44|44168|V|75|0|75
44|44168|M|36|0|36
44|44169|V|129|0|129
44|44169|M|71|0|71
44|44171|M|66|0|66
44|44171|V|90|0|90
44|44172|M|54|0|54
44|44172|V|105|0|105
44|44173|V|41|0|41
44|44173|M|18|0|18
44|44174|V|162|0|162
44|44174|M|97|0|97
44|44175|V|57|0|57
44|44175|M|22|0|22
44|44176|M|30|0|30
44|44176|V|71|0|71
44|44177|V|41|0|41
44|44177|M|15|0|15
44|44178|V|29|0|29
44|44178|M|6|0|6
44|44179|V|177|1|177
44|44179|M|123|0|123
44|44180|V|12|0|12
44|44180|M|9|0|9
44|44181|V|31|0|31
44|44181|M|20|0|20
44|44182|V|97|0|97
44|44182|M|59|0|59
44|44183|M|20|0|20
44|44183|V|21|0|21
44|44184|M|1|0|1
44|44184|V|8|0|8
44|44185|M|15|0|15
44|44185|V|36|0|36
44|44187|V|103|0|103
44|44187|M|69|0|69
44|44189|V|18|0|18
44|44189|M|5|0|5
44|44190|V|29|0|29
44|44190|M|17|0|17
44|44191|V|349|0|349
44|44191|M|203|0|203
44|44192|V|170|0|170
44|44192|M|111|0|111
44|44193|M|20|0|20
44|44193|V|43|0|43
44|44194|V|52|1|52
44|44194|M|24|0|24
44|44195|M|15|0|15
44|44195|V|27|0|27
44|44196|V|36|0|36
44|44196|M|14|0|14
44|44197|V|19|0|19
44|44197|M|7|0|7
44|44198|M|34|0|34
44|44198|V|77|0|77
44|44199|M|6|0|6
44|44199|V|19|0|19
44|44200|M|1|0|1
44|44200|V|10|0|10
44|44201|M|149|0|149
44|44201|V|239|0|239
44|44203|V|1|0|1
44|44204|M|2|0|2
44|44204|V|12|0|12
44|44205|V|276|1|277
44|44205|M|143|0|143
44|44206|M|25|0|25
44|44206|V|51|0|51
44|44207|V|48|0|48
44|44207|M|15|0|15
44|44208|M|5|0|5
44|44208|V|8|0|8
44|44209|M|223|0|223
44|44209|V|386|0|386
44|44210|V|428|0|428
44|44210|M|273|0|273
44|44211|M|1|0|1
44|44211|V|6|0|6
44|44212|V|10|0|10
44|44212|M|8|0|8
44|44213|M|12|0|12
44|44213|V|27|0|27
44|44215|M|27|0|27
44|44215|V|54|0|54
44|44216|M|10931|0|10931
44|44216|V|13507|2|13508
44|44217|V|14|0|14
44|44217|M|1|0|1
44|44218|V|7|0|7
44|44218|M|2|0|2
44|44219|M|29|0|29
44|44219|V|52|0|52
44|44220|V|70|1|70
44|44220|M|33|0|33
44|44221|M|121|0|121
44|44221|V|170|0|170
44|44222|V|33|0|33
44|44222|M|8|0|8
44|44223|M|12|0|12
44|44223|V|33|0|33
44|44224|V|8|0|8
44|44224|M|6|0|6
44|44225|M|37|0|37
44|44225|V|55|0|55
44|44226|M|23|0|23
44|44226|V|62|0|62
44|44227|V|26|0|26
44|44227|M|8|0|8
44|44228|M|19|0|19
44|44228|V|52|0|52
44|44229|V|56|0|56
44|44229|M|39|0|39
44|44230|V|53|0|53
44|44230|M|33|0|33
44|44231|V|10|0|10
44|44231|M|10|0|10
44|44232|V|195|1|195
44|44232|M|112|0|112
44|44234|V|17|0|17
44|44234|M|7|0|7
44|44235|M|24|0|24
44|44235|V|32|0|32
44|44236|M|16|0|16
44|44236|V|27|0|27
44|44237|M|75|0|75
44|44237|V|172|0|172
44|44238|M|629|0|629
44|44238|V|1176|0|1176
44|44239|M|8|0|8
44|44239|V|10|0|10
44|44240|V|67|0|67
44|44240|M|36|0|36
44|44241|M|150|0|150
44|44241|V|223|0|223
44|44243|V|11|0|11
44|44243|M|3|0|3
44|44244|V|26|0|26
44|44244|M|16|0|16
44|44245|M|78|0|78
44|44245|V|118|0|118
44|44246|V|915|1|915
44|44246|M|664|0|664
44|44247|V|122|1|122
44|44247|M|85|0|85
44|44249|M|4|0|4
44|44249|V|8|0|8
44|44250|M|2|0|2
44|44250|V|6|0|6
44|44251|M|63|0|63
44|44251|V|124|0|124
44|44252|V|25|0|25
44|44252|M|9|0|9
44|44256|M|6|0|6
44|44256|V|18|0|18
44|44257|V|48|0|48
44|44257|M|29|0|29
44|44258|V|16|0|16
44|44258|M|5|0|5
44|44260|M|29|0|29
44|44260|V|62|0|62
44|44261|M|188|0|188
44|44261|V|360|0|360
44|44262|M|39|0|39
44|44262|V|62|0|62
44|44263|V|199|0|199
44|44263|M|145|0|145
44|44264|M|56|0|56
44|44264|V|119|0|119
44|44265|V|74|0|74
44|44265|M|40|0|40
44|44266|M|24|0|24
44|44266|V|50|0|50
44|44267|V|25|0|25
44|44267|M|7|0|7
44|44268|M|7|0|7
44|44268|V|9|0|9
45|45000|V|9|0|9
45|45001|V|947|0|947
45|45001|M|626|0|626
45|45002|V|1559|0|1559
45|45002|M|961|0|961
45|45003|V|322|0|322
45|45003|M|181|0|181
45|45004|V|276|0|276
45|45004|M|169|0|169
45|45005|V|103|0|103
45|45005|M|49|0|49
45|45006|V|611|1|611
45|45006|M|311|0|311
45|45007|M|206|0|206
45|45007|V|329|0|329
45|45008|V|63|0|63
45|45008|M|29|0|29
45|45009|M|83|0|83
45|45009|V|181|0|181
45|45010|M|38|0|38
45|45010|V|114|0|114
45|45011|V|108|0|108
45|45011|M|61|0|61
45|45012|V|357|1|357
45|45012|M|214|0|214
45|45013|M|481|0|481
45|45013|V|864|0|864
45|45014|M|1372|0|1372
45|45014|V|2067|0|2067
45|45015|V|381|0|381
45|45015|M|302|0|302
45|45016|M|2168|0|2168
45|45016|V|2579|0|2579
45|45017|M|52|0|52
45|45017|V|103|1|103
45|45018|V|399|0|399
45|45018|M|281|0|281
45|45019|M|3222|0|3222
45|45019|V|3986|0|3986
45|45020|M|254|0|254
45|45020|V|521|0|521
45|45021|V|1630|0|1630
45|45021|M|1070|0|1070
45|45022|M|82|0|82
45|45022|V|141|0|141
45|45023|V|1400|0|1400
45|45023|M|1127|0|1127
45|45024|M|344|0|344
45|45024|V|500|0|500
45|45025|M|488|0|488
45|45025|V|771|0|771
45|45026|M|60|0|60
45|45026|V|107|0|107
45|45027|M|77|0|77
45|45027|V|156|0|156
45|45028|V|1778|1|1778
45|45028|M|1198|0|1198
45|45029|V|81|0|81
45|45029|M|42|0|42
45|45030|V|206|0|206
45|45030|M|97|0|97
45|45031|M|1126|0|1126
45|45031|V|1698|1|1698
45|45032|M|146|0|146
45|45032|V|229|1|229
45|45033|V|113|0|113
45|45033|M|51|0|51
45|45034|M|387|0|387
45|45034|V|705|3|705
45|45035|V|132|0|132
45|45035|M|78|0|78
45|45036|M|188|0|188
45|45036|V|317|1|317
45|45037|V|697|2|697
45|45037|M|426|0|426
45|45038|V|2153|0|2153
45|45038|M|1821|0|1821
45|45039|V|103|0|103
45|45039|M|55|0|55
45|45040|M|422|0|422
45|45040|V|677|0|677
45|45041|V|2756|6|2758
45|45041|M|1845|0|1845
45|45042|M|64|0|64
45|45042|V|83|0|83
45|45043|V|292|0|292
45|45043|M|200|0|200
45|45045|M|420|0|420
45|45045|V|684|0|684
45|45046|V|1199|0|1199
45|45046|M|776|0|776
45|45047|V|1612|0|1612
45|45047|M|1199|0|1199
45|45048|M|89|0|89
45|45048|V|179|0|179
45|45049|V|175|0|175
45|45049|M|120|0|120
45|45050|V|297|0|297
45|45050|M|209|0|209
45|45051|M|605|0|605
45|45051|V|1010|0|1010
45|45052|M|1650|0|1650
45|45052|V|1866|0|1866
45|45053|M|2687|1|2688
45|45053|V|3897|8|3902
45|45054|V|2020|3|2021
45|45054|M|1147|0|1147
45|45055|V|503|0|503
45|45055|M|327|0|327
45|45056|V|1511|1|1511
45|45056|M|982|0|982
45|45057|V|103|0|103
45|45057|M|68|0|68
45|45058|M|83|0|83
45|45058|V|158|0|158
45|45059|V|880|7|880
45|45059|M|544|0|544
45|45060|M|36|0|36
45|45060|V|69|1|69
45|45061|V|1274|0|1274
45|45061|M|892|0|892
45|45062|M|308|0|308
45|45062|V|494|1|494
45|45063|M|53|0|53
45|45063|V|141|4|141
45|45064|V|2228|0|2228
45|45064|M|1590|0|1590
45|45065|M|32|0|32
45|45065|V|87|0|87
45|45066|M|3083|0|3083
45|45066|V|4295|3|4295
45|45067|V|1214|1|1214
45|45067|M|772|0|772
45|45068|M|41|0|41
45|45068|V|72|0|72
45|45069|V|1020|1|1020
45|45069|M|737|0|737
45|45070|M|502|0|502
45|45070|V|694|0|694
45|45071|M|455|0|455
45|45071|V|856|1|856
45|45072|V|327|0|327
45|45072|M|147|0|147
45|45073|M|64|0|64
45|45073|V|120|0|120
45|45074|M|78|0|78
45|45074|V|175|0|175
45|45075|V|37|0|37
45|45075|M|11|0|11
45|45076|V|331|0|331
45|45076|M|164|0|164
45|45077|V|340|0|340
45|45077|M|247|0|247
45|45078|V|657|1|657
45|45078|M|349|0|349
45|45079|V|144|0|144
45|45079|M|82|0|82
45|45080|V|2|0|2
45|45081|M|8658|0|8658
45|45081|V|10714|0|10714
45|45082|V|490|0|490
45|45082|M|259|0|259
45|45083|M|265|0|265
45|45083|V|336|0|336
45|45084|V|1103|8|1103
45|45084|M|583|0|583
45|45085|V|984|0|984
45|45085|M|623|0|623
45|45086|M|146|0|146
45|45086|V|249|0|249
45|45087|M|2766|0|2766
45|45087|V|3989|13|3990
45|45088|M|1089|0|1089
45|45088|V|1455|0|1455
45|45089|V|657|2|657
45|45089|M|404|0|404
45|45090|V|172|3|173
45|45090|M|113|0|113
45|45091|M|99|0|99
45|45091|V|181|0|181
45|45092|V|100|0|100
45|45092|M|47|0|47
45|45093|M|23|0|23
45|45093|V|50|0|50
45|45094|M|110|0|110
45|45094|V|168|1|168
45|45095|V|312|0|312
45|45095|M|204|0|204
45|45096|V|500|3|501
45|45096|M|341|0|341
45|45097|M|332|0|332
45|45097|V|482|0|482
45|45098|M|609|0|609
45|45098|V|1015|4|1015
45|45099|V|2327|1|2327
45|45099|M|1736|0|1736
45|45100|V|74|0|74
45|45100|M|33|0|33
45|45101|M|1330|0|1330
45|45101|V|1864|12|1864
45|45102|V|1850|1|1850
45|45102|M|1304|0|1304
45|45103|V|140|0|140
45|45103|M|62|0|62
45|45104|V|227|0|227
45|45104|M|131|0|131
45|45105|M|75|0|75
45|45105|V|127|1|127
45|45106|V|3767|7|3768
45|45106|M|2385|0|2385
45|45107|V|1989|0|1989
45|45107|M|1599|0|1599
45|45108|V|180|0|180
45|45108|M|91|0|91
45|45109|V|1364|0|1364
45|45109|M|881|0|881
45|45110|V|708|0|708
45|45110|M|364|0|364
45|45111|M|10|0|10
45|45111|V|18|0|18
45|45112|V|860|0|860
45|45112|M|486|0|486
45|45113|V|719|1|719
45|45113|M|394|0|394
45|45114|M|95|0|95
45|45114|V|186|0|186
45|45115|M|856|0|856
45|45115|V|1364|4|1365
45|45116|M|238|0|238
45|45116|V|365|0|365
45|45117|V|323|0|323
45|45117|M|170|0|170
45|45118|V|1228|0|1228
45|45118|M|886|0|886
45|45119|V|1971|0|1971
45|45119|M|1402|0|1402
45|45120|M|22|0|22
45|45120|V|47|0|47
45|45121|M|2992|0|2992
45|45121|V|4667|1|4667
45|45122|M|2831|0|2831
45|45122|V|3330|0|3330
45|45123|V|2240|0|2240
45|45123|M|1754|0|1754
45|45124|M|672|0|672
45|45124|V|978|10|980
45|45125|M|626|0|626
45|45125|V|961|0|961
45|45126|V|129|1|129
45|45126|M|81|0|81
45|45127|M|350|0|350
45|45127|V|481|1|481
45|45128|V|1369|0|1369
45|45128|M|937|0|937
45|45129|M|23|0|23
45|45129|V|47|0|47
45|45130|V|129|1|129
45|45130|M|58|0|58
45|45131|M|52|0|52
45|45131|V|114|0|114
45|45132|V|1184|0|1184
45|45132|M|1006|0|1006
45|45133|M|1101|0|1101
45|45133|V|1462|0|1462
45|45134|V|857|0|857
45|45134|M|610|0|610
45|45135|V|2118|10|2118
45|45135|M|1369|1|1370
45|45136|V|2927|3|2927
45|45136|M|1941|0|1941
45|45137|V|786|2|786
45|45137|M|534|0|534
45|45138|M|294|0|294
45|45138|V|465|0|465
45|45139|V|35|0|35
45|45139|M|8|0|8
45|45140|V|609|1|610
45|45140|M|368|0|368
45|45141|M|241|0|241
45|45141|V|423|3|423
45|45142|M|2973|0|2973
45|45142|V|4117|11|4117
45|45143|M|388|0|388
45|45143|V|602|0|602
45|45144|M|184|0|184
45|45144|V|353|0|353
45|45145|M|1169|0|1169
45|45145|V|1852|1|1852
45|45146|M|13|0|13
45|45146|V|40|0|40
45|45147|V|325|0|325
45|45147|M|245|0|245
45|45148|M|31|0|31
45|45148|V|74|0|74
45|45149|V|235|2|235
45|45149|M|114|0|114
45|45150|M|114|0|114
45|45150|V|201|0|201
45|45151|V|266|0|266
45|45151|M|145|0|145
45|45152|M|126|0|126
45|45152|V|247|1|247
45|45153|V|727|3|727
45|45153|M|516|0|516
45|45154|M|595|0|595
45|45154|V|803|0|803
45|45155|M|56|0|56
45|45155|V|141|0|141
45|45156|V|1747|4|1747
45|45156|M|1157|0|1157
45|45157|V|1410|1|1410
45|45157|M|936|0|936
45|45158|M|807|0|807
45|45158|V|1286|0|1286
45|45159|M|14|0|14
45|45159|V|34|0|34
45|45160|V|500|0|500
45|45160|M|353|0|353
45|45161|V|10252|0|10252
45|45161|M|7690|0|7690
45|45162|V|207|0|207
45|45162|M|94|0|94
45|45163|V|4243|4|4243
45|45163|M|3123|0|3123
45|45164|M|24|0|24
45|45164|V|59|0|59
45|45165|M|21084|0|21084
45|45165|V|28629|1|28629
45|45166|V|786|2|788
45|45166|M|455|0|455
45|45167|V|708|0|708
45|45167|M|451|0|451
45|45168|V|26849|0|26849
45|45168|M|22877|0|22877
45|45169|V|82|0|82
45|45169|M|40|0|40
45|45170|V|75|0|75
45|45170|M|31|0|31
45|45171|V|696|0|696
45|45171|M|497|0|497
45|45172|M|135|0|135
45|45172|V|262|0|262
45|45173|M|3606|0|3606
45|45173|V|4774|0|4774
45|45174|M|89|0|89
45|45174|V|138|0|138
45|45175|V|312|2|312
45|45175|M|141|0|141
45|45176|M|1927|0|1927
45|45176|V|2279|0|2279
45|45177|V|974|3|975
45|45177|M|580|0|580
45|45179|V|201|0|201
45|45179|M|104|0|104
45|45180|V|1710|2|1710
45|45180|M|1189|0|1189
45|45181|V|1161|0|1161
45|45181|M|710|0|710
45|45182|V|442|0|442
45|45182|M|307|0|307
45|45183|V|1503|0|1503
45|45183|M|1085|0|1085
45|45184|M|56|0|56
45|45184|V|85|0|85
45|45185|M|2640|0|2640
45|45185|V|3727|9|3727
45|45186|M|960|1|961
45|45186|V|1429|13|1429
45|45187|M|1255|0|1255
45|45187|V|1937|8|1938
45|45188|V|1490|0|1490
45|45188|M|1104|0|1104
45|45189|M|284|0|284
45|45189|V|398|0|398
45|45190|M|130|0|130
45|45190|V|216|1|216
45|45191|V|256|0|256
45|45191|M|134|0|134
45|45192|V|1198|3|1198
45|45192|M|797|0|797
45|45193|V|292|1|293
45|45193|M|166|0|166
45|45194|M|14|0|14
45|45194|V|18|1|18
45|45195|V|939|3|939
45|45195|M|571|0|571
45|45196|M|433|0|433
45|45196|V|653|0|653
45|45197|V|1022|2|1022
45|45197|M|615|0|615
45|45198|M|504|0|504
45|45198|V|969|3|971
45|45199|V|2185|0|2185
45|45199|M|1644|0|1644
45|45200|V|2166|4|2167
45|45200|M|1440|0|1440
45|45201|M|1662|0|1662
45|45201|V|2358|0|2358
45|45202|V|2190|2|2190
45|45202|M|1409|0|1409
45|45203|V|1700|1|1700
45|45203|M|1212|0|1212
45|45204|M|239|0|239
45|45204|V|328|0|328
45|45205|M|3301|0|3301
45|45205|V|4560|0|4560
45|45901|M|293|0|293
45|45901|V|447|1|447
46|46000|M|11|0|11
46|46000|V|31|0|31
46|46001|M|354|0|354
46|46001|V|532|0|532
46|46002|M|476|0|476
46|46002|V|631|0|631
46|46003|M|343|0|343
46|46003|V|499|0|499
46|46004|M|763|0|763
46|46004|V|934|0|934
46|46005|V|10411|0|10411
46|46005|M|7355|0|7355
46|46006|M|1760|0|1760
46|46006|V|2375|0|2375
46|46007|V|6256|0|6256
46|46007|M|4614|0|4614
46|46008|M|973|0|973
46|46008|V|1346|0|1346
46|46009|V|1536|0|1536
46|46009|M|1180|0|1180
46|46010|V|469|0|469
46|46010|M|354|0|354
46|46011|M|2786|0|2786
46|46011|V|3901|0|3901
46|46012|V|511|0|511
46|46012|M|322|0|322
46|46013|M|7153|0|7153
46|46013|V|8778|0|8778
46|46014|V|1534|0|1534
46|46014|M|1173|0|1173
46|46015|V|3879|0|3879
46|46015|M|2780|0|2780
46|46016|V|542|0|542
46|46016|M|391|0|391
46|46017|M|12450|0|12450
46|46017|V|16768|1|16769
46|46018|M|145|0|145
46|46018|V|260|0|260
46|46019|M|3415|0|3415
46|46019|V|4601|0|4601
46|46020|M|1527|0|1527
46|46020|V|2000|0|2000
46|46021|V|11571|0|11571
46|46021|M|8332|0|8332
46|46022|M|4742|0|4742
46|46022|V|7239|1|7239
46|46023|V|210|0|210
46|46023|M|143|0|143
46|46024|M|154|0|154
46|46024|V|203|0|203
46|46025|V|1125|0|1125
46|46025|M|903|0|903
46|46026|V|619|0|619
46|46026|M|450|0|450
46|46027|V|500|0|500
46|46027|M|349|0|349
46|46028|M|127|0|127
46|46028|V|210|0|210
46|46029|V|10028|0|10028
46|46029|M|7167|0|7167
46|46030|M|306|0|306
46|46030|V|386|0|386
46|46031|V|5673|0|5673
46|46031|M|4052|0|4052
46|46032|M|2083|0|2083
46|46032|V|2692|0|2692
46|46033|M|76|0|76
46|46033|V|96|0|96
46|46034|V|1004|0|1004
46|46034|M|829|0|829
46|46035|V|3240|0|3240
46|46035|M|2465|0|2465
46|46036|V|262|1|262
46|46036|M|144|0|144
46|46037|V|574|0|574
46|46037|M|443|0|443
46|46038|V|78|0|78
46|46038|M|35|0|35
46|46039|V|1039|0|1039
46|46039|M|709|0|709
46|46040|V|463|0|463
46|46040|M|290|0|290
46|46041|M|51|0|51
46|46041|V|133|2|133
46|46042|M|1377|0|1377
46|46042|V|1763|0|1763
46|46043|V|72|0|72
46|46043|M|49|0|49
46|46044|M|1394|0|1394
46|46044|V|2136|2|2136
46|46045|V|608|0|608
46|46045|M|440|0|440
46|46046|M|372|0|372
46|46046|V|484|0|484
46|46047|M|211|0|211
46|46047|V|284|0|284
46|46048|V|1844|0|1844
46|46048|M|1504|0|1504
46|46049|V|120|0|120
46|46049|M|81|0|81
46|46050|V|51|0|51
46|46050|M|27|0|27
46|46051|M|2989|0|2989
46|46051|V|4673|1|4673
46|46052|M|223|0|223
46|46052|V|256|0|256
46|46053|V|268|0|268
46|46053|M|216|0|216
46|46054|V|5421|0|5421
46|46054|M|3723|0|3723
46|46055|M|599|0|599
46|46055|V|728|0|728
46|46056|M|64|0|64
46|46056|V|86|0|86
46|46057|V|203|0|203
46|46057|M|137|0|137
46|46058|V|844|0|844
46|46058|M|677|0|677
46|46059|V|607|0|607
46|46059|M|440|0|440
46|46060|V|4671|0|4671
46|46060|M|3420|0|3420
46|46061|M|168|0|168
46|46061|V|200|0|200
46|46062|M|1708|0|1708
46|46062|V|2482|0|2482
46|46063|M|641|0|641
46|46063|V|892|0|892
46|46064|M|179|0|179
46|46064|V|256|0|256
46|46065|V|802|0|802
46|46065|M|585|0|585
46|46066|V|565|0|565
46|46066|M|490|0|490
46|46067|V|874|0|874
46|46067|M|663|0|663
46|46068|M|131|0|131
46|46068|V|192|0|192
46|46069|M|61|0|61
46|46069|V|73|0|73
46|46070|V|9325|0|9325
46|46070|M|7502|0|7502
46|46071|V|210|0|210
46|46071|M|120|0|120
46|46072|V|1633|0|1633
46|46072|M|1276|0|1276
46|46073|M|337|0|337
46|46073|V|544|0|544
46|46074|V|1363|0|1363
46|46074|M|1095|0|1095
46|46075|M|64|0|64
46|46075|V|70|0|70
46|46076|M|174|0|174
46|46076|V|290|0|290
46|46077|V|3680|1|3680
46|46077|M|2367|0|2367
46|46078|V|13132|0|13132
46|46078|M|9258|0|9258
46|46079|V|163|0|163
46|46079|M|75|0|75
46|46080|M|253|0|253
46|46080|V|400|1|400
46|46081|M|3940|0|3940
46|46081|V|5161|0|5161
46|46082|M|1854|0|1854
46|46082|V|2256|0|2256
46|46083|M|5585|0|5585
46|46083|V|7696|0|7696
46|46084|M|526|0|526
46|46084|V|686|0|686
46|46085|M|4258|0|4258
46|46085|V|5919|0|5919
46|46086|M|30|0|30
46|46086|V|31|0|31
46|46087|M|23|0|23
46|46087|V|49|0|49
46|46088|V|50|0|50
46|46088|M|29|0|29
46|46089|V|1166|0|1166
46|46089|M|740|0|740
46|46090|V|899|0|899
46|46090|M|603|0|603
46|46091|V|46|0|46
46|46091|M|32|0|32
46|46092|V|114|0|114
46|46092|M|56|0|56
46|46093|V|1106|0|1106
46|46093|M|833|0|833
46|46094|M|6978|0|6978
46|46094|V|10063|0|10063
46|46095|M|168|0|168
46|46095|V|289|1|289
46|46096|M|112|0|112
46|46096|V|150|0|150
46|46097|M|198|0|198
46|46097|V|327|3|327
46|46098|M|869|0|869
46|46098|V|1172|0|1172
46|46099|V|192|0|192
46|46099|M|89|0|89
46|46100|V|131|0|131
46|46100|M|82|0|82
46|46101|V|399|0|399
46|46101|M|329|0|329
46|46102|V|9181|0|9181
46|46102|M|6034|0|6034
46|46103|M|471|0|471
46|46103|V|611|0|611
46|46104|V|933|0|933
46|46104|M|646|0|646
46|46105|M|5415|0|5415
46|46105|V|7756|0|7756
46|46106|M|376|0|376
46|46106|V|663|2|663
46|46107|M|616|0|616
46|46107|V|965|1|965
46|46108|V|168|0|168
46|46108|M|78|0|78
46|46109|V|3295|0|3295
46|46109|M|2258|0|2258
46|46110|M|6693|0|6693
46|46110|V|10378|0|10378
46|46111|V|5852|1|5852
46|46111|M|4346|0|4346
46|46112|M|195|0|195
46|46112|V|297|0|297
46|46113|V|1245|0|1245
46|46113|M|996|0|996
46|46114|M|179|0|179
46|46114|V|274|0|274
46|46115|V|114|0|114
46|46115|M|49|0|49
46|46116|M|6039|0|6039
46|46116|V|6811|0|6811
46|46117|V|246|0|246
46|46117|M|180|0|180
46|46118|M|1370|0|1370
46|46118|V|1847|0|1847
46|46119|M|241|0|241
46|46119|V|374|0|374
46|46120|M|442|0|442
46|46120|V|547|0|547
46|46121|M|30|0|30
46|46121|V|38|0|38
46|46122|M|1091|0|1091
46|46122|V|1409|0|1409
46|46123|V|940|0|940
46|46123|M|675|0|675
46|46124|V|380|0|380
46|46124|M|265|0|265
46|46125|M|334|0|334
46|46125|V|395|0|395
46|46126|V|2731|0|2731
46|46126|M|2047|0|2047
46|46127|V|1529|0|1529
46|46127|M|1197|0|1197
46|46128|V|783|0|783
46|46128|M|515|0|515
46|46129|M|152|0|152
46|46129|V|286|1|286
46|46130|M|299|0|299
46|46130|V|409|0|409
46|46131|M|20153|0|20153
46|46131|V|26674|0|26674
46|46132|M|839|0|839
46|46132|V|1119|0|1119
46|46133|V|172|0|172
46|46133|M|88|0|88
46|46134|M|1089|0|1089
46|46134|V|1402|0|1402
46|46135|V|4449|0|4449
46|46135|M|3885|0|3885
46|46136|M|941|0|941
46|46136|V|1390|4|1393
46|46137|M|105|0|105
46|46137|V|116|0|116
46|46138|V|186|0|186
46|46138|M|130|0|130
46|46139|V|2200|0|2200
46|46139|M|1741|0|1741
46|46140|M|155|0|155
46|46140|V|181|0|181
46|46141|M|120|0|120
46|46141|V|187|0|187
46|46142|V|311|0|311
46|46142|M|158|0|158
46|46143|V|2130|0|2130
46|46143|M|1651|0|1651
46|46144|V|266|0|266
46|46144|M|160|0|160
46|46145|M|8142|0|8142
46|46145|V|10671|0|10671
46|46146|M|688|0|688
46|46146|V|857|0|857
46|46147|M|5716|0|5716
46|46147|V|8525|3|8525
46|46148|M|572|0|572
46|46148|V|767|0|767
46|46149|M|100|0|100
46|46149|V|184|0|184
46|46150|V|975|0|975
46|46150|M|644|0|644
46|46151|M|269|0|269
46|46151|V|360|0|360
46|46152|M|30|0|30
46|46152|V|46|0|46
46|46153|V|197|0|197
46|46153|M|174|0|174
46|46154|M|295|0|295
46|46154|V|404|0|404
46|46155|M|291|0|291
46|46155|V|487|0|487
46|46156|M|789|0|789
46|46156|V|1001|0|1001
46|46157|M|1063|0|1063
46|46157|V|1520|0|1520
46|46158|M|308|0|308
46|46158|V|521|0|521
46|46159|M|7524|0|7524
46|46159|V|11077|0|11077
46|46160|M|690|0|690
46|46160|V|936|0|936
46|46161|V|700|0|700
46|46161|M|544|0|544
46|46162|M|381|0|381
46|46162|V|634|0|634
46|46163|V|996|0|996
46|46163|M|782|0|782
46|46164|V|6012|0|6012
46|46164|M|4431|0|4431
46|46165|V|3452|0|3452
46|46165|M|2527|0|2527
46|46166|M|2924|0|2924
46|46166|V|3889|0|3889
46|46167|V|121|0|121
46|46167|M|63|0|63
46|46168|M|818|0|818
46|46168|V|1049|0|1049
46|46169|M|10657|0|10657
46|46169|V|14991|1|14991
46|46170|M|1080|0|1080
46|46170|V|1676|1|1676
46|46171|V|7668|0|7668
46|46171|M|5657|0|5657
46|46172|V|3068|0|3068
46|46172|M|2382|0|2382
46|46173|V|694|0|694
46|46173|M|488|0|488
46|46174|M|323|0|323
46|46174|V|460|0|460
46|46175|V|224|0|224
46|46175|M|156|0|156
46|46176|M|744|0|744
46|46176|V|1141|0|1141
46|46177|V|2548|0|2548
46|46177|M|1883|0|1883
46|46178|M|2214|0|2214
46|46178|V|2766|0|2766
46|46179|M|775|0|775
46|46179|V|1087|0|1087
46|46180|M|273|0|273
46|46180|V|325|0|325
46|46181|M|7255|0|7255
46|46181|V|9414|0|9414
46|46182|M|481|0|481
46|46182|V|631|0|631
46|46183|V|3243|1|3243
46|46183|M|2204|0|2204
46|46184|V|13650|1|13650
46|46184|M|11041|0|11041
46|46185|V|181|0|181
46|46185|M|108|0|108
46|46186|M|6959|0|6959
46|46186|V|9518|0|9518
46|46187|M|480|0|480
46|46187|V|677|0|677
46|46188|M|308|0|308
46|46188|V|396|0|396
46|46189|M|193|0|193
46|46189|V|226|0|226
46|46190|M|19132|0|19132
46|46190|V|24967|0|24967
46|46191|M|681|0|681
46|46191|V|1074|1|1074
46|46192|M|310|0|310
46|46192|V|399|0|399
46|46193|M|3173|0|3173
46|46193|V|4201|0|4201
46|46194|M|5628|0|5628
46|46194|V|7838|0|7838
46|46195|V|1163|0|1163
46|46195|M|887|0|887
46|46196|M|36|0|36
46|46196|V|61|0|61
46|46197|V|979|0|979
46|46197|M|700|0|700
46|46198|M|332|0|332
46|46198|V|435|0|435
46|46199|M|2274|0|2274
46|46199|V|3102|0|3102
46|46200|M|650|0|650
46|46200|V|941|0|941
46|46201|M|9|0|9
46|46201|V|15|0|15
46|46202|V|9738|0|9738
46|46202|M|7757|0|7757
46|46203|V|1699|0|1699
46|46203|M|1252|0|1252
46|46204|M|2576|0|2576
46|46204|V|3153|0|3153
46|46205|V|7342|0|7342
46|46205|M|5888|0|5888
46|46206|V|249|0|249
46|46206|M|166|0|166
46|46207|V|3525|0|3525
46|46207|M|2731|0|2731
46|46208|M|463|0|463
46|46208|V|576|0|576
46|46209|M|725|0|725
46|46209|V|897|0|897
46|46210|V|162|0|162
46|46210|M|127|0|127
46|46211|M|840|0|840
46|46211|V|972|0|972
46|46212|V|907|0|907
46|46212|M|621|0|621
46|46213|V|8167|1|8167
46|46213|M|5270|0|5270
46|46214|V|8488|0|8488
46|46214|M|6567|0|6567
46|46215|V|671|0|671
46|46215|M|530|0|530
46|46216|M|2313|0|2313
46|46216|V|2587|0|2587
46|46217|M|349|0|349
46|46217|V|458|0|458
46|46218|M|354|0|354
46|46218|V|508|0|508
46|46219|M|50|0|50
46|46219|V|70|0|70
46|46220|V|24867|0|24867
46|46220|M|18402|0|18402
46|46221|V|177|0|177
46|46221|M|118|0|118
46|46222|M|175|0|175
46|46222|V|185|0|185
46|46223|M|2822|0|2822
46|46223|V|3823|0|3823
46|46224|V|57|0|57
46|46224|M|33|0|33
46|46225|V|166|0|166
46|46225|M|131|0|131
46|46226|M|11|0|11
46|46226|V|14|0|14
46|46227|V|440|0|440
46|46227|M|349|0|349
46|46228|V|1383|0|1383
46|46228|M|1145|0|1145
46|46229|M|260|0|260
46|46229|V|440|0|440
46|46230|M|4834|0|4834
46|46230|V|7237|0|7237
46|46231|V|1280|0|1280
46|46231|M|950|0|950
46|46232|V|402|0|402
46|46232|M|235|0|235
46|46233|M|1276|0|1276
46|46233|V|1797|0|1797
46|46234|V|122|0|122
46|46234|M|61|0|61
46|46235|M|7418|0|7418
46|46235|V|10022|0|10022
46|46236|M|267|0|267
46|46236|V|417|0|417
46|46237|V|3227|0|3227
46|46237|M|2345|0|2345
46|46238|V|6474|0|6474
46|46238|M|4919|0|4919
46|46239|M|130|0|130
46|46239|V|222|0|222
46|46240|V|96|0|96
46|46240|M|67|0|67
46|46241|M|110|0|110
46|46241|V|183|0|183
46|46242|V|141|0|141
46|46242|M|87|0|87
46|46243|V|62|0|62
46|46243|M|39|0|39
46|46244|V|29947|0|29947
46|46244|M|20999|0|20999
46|46245|M|189|0|189
46|46245|V|289|0|289
46|46246|M|367|0|367
46|46246|V|491|2|491
46|46247|V|441|0|441
46|46247|M|233|0|233
46|46248|V|2673|1|2673
46|46248|M|1718|0|1718
46|46249|M|3041|0|3041
46|46249|V|4393|6|4394
46|46250|M|200662|0|200662
46|46250|V|263591|1|263591
46|46251|V|1160|0|1160
46|46251|M|778|0|778
46|46252|M|31|0|31
46|46252|V|49|0|49
46|46253|V|59|0|59
46|46253|M|37|0|37
46|46254|V|478|2|478
46|46254|M|244|0|244
46|46255|V|1795|0|1795
46|46255|M|1352|0|1352
46|46256|M|2646|0|2646
46|46256|V|3682|0|3682
46|46257|V|2680|0|2680
46|46257|M|2075|0|2075
46|46258|M|861|0|861
46|46258|V|1337|1|1337
46|46259|M|114|0|114
46|46259|V|238|0|238
46|46260|V|1278|0|1278
46|46260|M|1094|0|1094
46|46261|V|846|1|846
46|46261|M|523|0|523
46|46262|V|79|1|79
46|46262|M|38|0|38
46|46263|M|68|0|68
46|46263|V|151|0|151
46|46902|V|166|0|166
46|46902|M|88|0|88
46|46903|V|3529|0|3529
46|46903|M|3224|0|3224
46|46904|V|405|0|405
46|46904|M|292|0|292
47|47000|V|8|0|8
47|47000|M|4|0|4
47|47001|V|42|0|42
47|47001|M|30|0|30
47|47002|M|1|0|1
47|47002|V|4|0|4
47|47003|M|33|0|33
47|47003|V|110|1|110
47|47004|V|505|0|505
47|47004|M|260|0|260
47|47005|V|259|0|259
47|47005|M|139|0|139
47|47006|V|104|0|104
47|47006|M|60|0|60
47|47007|M|1827|0|1827
47|47007|V|2292|0|2292
47|47008|M|3|0|3
47|47008|V|8|0|8
47|47009|M|9|0|9
47|47009|V|40|1|40
47|47010|M|6780|0|6780
47|47010|V|7889|0|7889
47|47011|M|142|0|142
47|47011|V|277|1|278
47|47012|V|33|0|33
47|47012|M|22|0|22
47|47013|V|36|0|36
47|47013|M|19|0|19
47|47014|M|12|0|12
47|47014|V|24|0|24
47|47015|V|80|0|80
47|47015|M|36|0|36
47|47016|M|9|0|9
47|47016|V|23|0|23
47|47017|V|76|0|76
47|47017|M|38|0|38
47|47018|M|15|0|15
47|47018|V|14|0|14
47|47019|V|34|0|34
47|47019|M|9|0|9
47|47020|M|53|0|53
47|47020|V|126|0|126
47|47021|V|26|0|26
47|47021|M|14|0|14
47|47022|M|20|0|20
47|47022|V|25|0|25
47|47023|M|1337|0|1337
47|47023|V|1592|0|1592
47|47024|V|97|0|97
47|47024|M|46|0|46
47|47025|M|20|0|20
47|47025|V|42|0|42
47|47026|V|26|0|26
47|47026|M|6|0|6
47|47027|M|1054|0|1054
47|47027|V|1403|0|1403
47|47028|M|2|0|2
47|47028|V|9|0|9
47|47029|V|20|0|20
47|47029|M|5|0|5
47|47030|V|429|2|429
47|47030|M|210|0|210
47|47031|V|80|0|80
47|47031|M|36|0|36
47|47032|M|34|0|34
47|47032|V|61|0|61
47|47033|M|48|0|48
47|47033|V|98|0|98
47|47034|M|6|0|6
47|47034|V|30|0|30
47|47035|V|423|0|423
47|47035|M|217|0|217
47|47036|V|100|0|100
47|47036|M|38|0|38
47|47037|M|24|0|24
47|47037|V|69|0|69
47|47038|V|54|0|54
47|47038|M|17|0|17
47|47039|M|16|0|16
47|47039|V|64|0|64
47|47040|M|6|0|6
47|47040|V|20|0|20
47|47041|V|66|0|66
47|47041|M|26|0|26
47|47042|M|8|0|8
47|47042|V|24|0|24
47|47043|M|47|0|47
47|47043|V|108|0|108
47|47044|V|170|0|170
47|47044|M|99|0|99
47|47045|V|297|0|297
47|47045|M|160|0|160
47|47046|M|28|0|28
47|47046|V|57|0|57
47|47047|V|72|0|72
47|47047|M|16|0|16
47|47048|V|79|0|79
47|47048|M|34|0|34
47|47049|V|34|0|34
47|47049|M|9|0|9
47|47050|V|1838|1|1839
47|47050|M|1441|0|1441
47|47051|M|111|0|111
47|47051|V|153|0|153
47|47052|V|3487|0|3487
47|47052|M|2748|0|2748
47|47053|V|43|0|43
47|47053|M|34|0|34
47|47054|M|132|0|132
47|47054|V|266|1|266
47|47055|M|52|0|52
47|47055|V|73|0|73
47|47056|M|9|0|9
47|47056|V|40|0|40
47|47057|V|134|0|134
47|47057|M|83|0|83
47|47058|M|42|0|42
47|47058|V|84|0|84
47|47059|M|18|0|18
47|47059|V|42|0|42
47|47060|V|91|0|91
47|47060|M|42|0|42
47|47061|V|94|0|94
47|47061|M|40|0|40
47|47062|M|25|0|25
47|47062|V|55|0|55
47|47063|V|47|0|47
47|47063|M|20|0|20
47|47064|M|7|0|7
47|47064|V|17|0|17
47|47065|V|338|1|339
47|47065|M|154|0|154
47|47066|M|604|0|604
47|47066|V|764|0|764
47|47067|V|59|0|59
47|47067|M|28|0|28
47|47068|M|9|0|9
47|47068|V|16|0|16
47|47069|M|30|0|30
47|47069|V|50|0|50
47|47070|V|14|0|14
47|47070|M|4|0|4
47|47071|V|188|0|188
47|47071|M|144|0|144
47|47073|M|20|0|20
47|47073|V|49|0|49
47|47074|M|33|0|33
47|47074|V|69|0|69
47|47075|V|2439|0|2439
47|47075|M|1724|0|1724
47|47076|M|6725|0|6725
47|47076|V|8732|0|8732
47|47077|V|108|0|108
47|47077|M|40|0|40
47|47078|M|32|0|32
47|47078|V|73|0|73
47|47079|M|16|0|16
47|47079|V|17|0|17
47|47080|M|10|0|10
47|47080|V|14|0|14
47|47081|M|10|0|10
47|47081|V|14|0|14
47|47082|V|405|0|405
47|47082|M|249|0|249
47|47083|V|47|0|47
47|47083|M|31|0|31
47|47084|M|304|0|304
47|47084|V|483|1|483
47|47085|M|5070|0|5070
47|47085|V|7484|1|7485
47|47086|V|1651|0|1651
47|47086|M|1071|0|1071
47|47087|M|112|0|112
47|47087|V|152|0|152
47|47088|V|41|0|41
47|47088|M|14|0|14
47|47089|M|29|0|29
47|47089|V|72|0|72
47|47090|M|864|0|864
47|47090|V|1249|0|1249
47|47091|V|24|0|24
47|47091|M|11|0|11
47|47092|V|45|0|45
47|47092|M|29|0|29
47|47093|M|224|0|224
47|47093|V|385|0|385
47|47094|V|51|0|51
47|47094|M|22|0|22
47|47095|M|5|0|5
47|47095|V|15|0|15
47|47096|V|67|0|67
47|47096|M|30|0|30
47|47097|M|70|0|70
47|47097|V|120|0|120
47|47098|M|178|0|178
47|47098|V|251|0|251
47|47099|M|28|0|28
47|47099|V|57|0|57
47|47100|V|53|0|53
47|47100|M|12|0|12
47|47101|M|421|0|421
47|47101|V|747|1|748
47|47102|V|124|1|124
47|47102|M|47|0|47
47|47103|M|70|0|70
47|47103|V|134|0|134
47|47104|M|925|0|925
47|47104|V|1346|1|1346
47|47105|V|70|1|70
47|47105|M|40|0|40
47|47106|M|4|0|4
47|47106|V|12|0|12
47|47109|V|63|0|63
47|47109|M|32|0|32
47|47110|V|183|0|183
47|47110|M|106|0|106
47|47111|M|328|0|328
47|47111|V|455|0|455
47|47112|M|894|0|894
47|47112|V|1296|0|1296
47|47113|V|51|0|51
47|47113|M|23|0|23
47|47114|V|1898|0|1898
47|47114|M|1154|0|1154
47|47115|M|63|0|63
47|47115|V|133|0|133
47|47116|V|158|0|158
47|47116|M|95|0|95
47|47117|M|76|0|76
47|47117|V|132|0|132
47|47118|V|56|0|56
47|47118|M|22|0|22
47|47119|M|11|0|11
47|47119|V|29|0|29
47|47121|M|116|0|116
47|47121|V|243|0|243
47|47122|M|652|0|652
47|47122|V|951|0|951
47|47123|V|221|0|221
47|47123|M|140|0|140
47|47124|M|109|0|109
47|47124|V|199|0|199
47|47125|V|20|0|20
47|47125|M|6|0|6
47|47126|V|17|0|17
47|47126|M|11|0|11
47|47127|V|64|0|64
47|47127|M|24|0|24
47|47128|V|18|0|18
47|47128|M|14|0|14
47|47129|M|220|0|220
47|47129|V|411|0|411
47|47130|V|31|0|31
47|47130|M|24|0|24
47|47131|V|66|0|66
47|47131|M|31|0|31
47|47132|M|2|0|2
47|47132|V|18|0|18
47|47133|V|1446|0|1446
47|47133|M|1243|0|1243
47|47134|M|32|0|32
47|47134|V|67|0|67
47|47135|V|30|0|30
47|47135|M|13|0|13
47|47137|M|4|0|4
47|47137|V|5|0|5
47|47138|M|50|0|50
47|47138|V|91|0|91
47|47139|M|297|0|297
47|47139|V|488|1|488
47|47140|V|53|0|53
47|47140|M|12|0|12
47|47141|V|52|0|52
47|47141|M|23|0|23
47|47142|V|45|0|45
47|47142|M|15|0|15
47|47143|M|18|0|18
47|47143|V|49|0|49
47|47144|M|23|0|23
47|47144|V|33|0|33
47|47145|V|261|0|261
47|47145|M|146|0|146
47|47146|M|112|0|112
47|47146|V|121|0|121
47|47147|M|21|0|21
47|47147|V|47|0|47
47|47148|M|89|0|89
47|47148|V|171|0|171
47|47149|M|12|0|12
47|47149|V|13|0|13
47|47150|V|107|0|107
47|47150|M|56|0|56
47|47151|M|4|0|4
47|47151|V|14|0|14
47|47152|V|25|0|25
47|47152|M|20|0|20
47|47153|M|19|0|19
47|47153|V|42|0|42
47|47154|V|71|0|71
47|47154|M|33|0|33
47|47155|V|1708|0|1708
47|47155|M|1317|0|1317
47|47156|V|61|0|61
47|47156|M|29|0|29
47|47157|V|217|0|217
47|47157|M|145|0|145
47|47158|V|410|0|410
47|47158|M|270|0|270
47|47159|M|270|0|270
47|47159|V|441|0|441
47|47160|V|163|0|163
47|47160|M|78|0|78
47|47161|M|1831|0|1831
47|47161|V|2071|0|2071
47|47162|V|32|0|32
47|47162|M|17|0|17
47|47163|M|61|0|61
47|47163|V|102|0|102
47|47164|M|88|0|88
47|47164|V|156|0|156
47|47165|M|2408|0|2408
47|47165|V|3365|0|3365
47|47166|M|69|0|69
47|47166|V|105|0|105
47|47167|M|42|0|42
47|47167|V|72|0|72
47|47168|M|5|0|5
47|47168|V|15|1|16
47|47169|M|4|0|4
47|47169|V|21|0|21
47|47170|V|10|0|10
47|47170|M|5|0|5
47|47171|M|85|0|85
47|47171|V|138|0|138
47|47172|V|52|0|52
47|47172|M|30|0|30
47|47173|V|372|0|372
47|47173|M|249|0|249
47|47174|V|120|0|120
47|47174|M|77|0|77
47|47175|M|2368|0|2368
47|47175|V|3226|0|3226
47|47176|V|62|0|62
47|47176|M|24|0|24
47|47177|M|11|0|11
47|47177|V|37|0|37
47|47178|M|33|0|33
47|47178|V|71|0|71
47|47179|V|165|0|165
47|47179|M|69|0|69
47|47180|V|20|0|20
47|47180|M|13|0|13
47|47181|V|55|0|55
47|47181|M|24|0|24
47|47182|M|421|0|421
47|47182|V|660|0|660
47|47183|V|57|0|57
47|47183|M|19|0|19
47|47184|V|258|0|258
47|47184|M|125|0|125
47|47185|M|11|0|11
47|47185|V|30|0|30
47|47186|M|74850|0|74850
47|47186|V|101209|1|101210
47|47187|M|11|0|11
47|47187|V|32|0|32
47|47188|V|44|0|44
47|47188|M|13|0|13
47|47189|M|40|0|40
47|47189|V|70|0|70
47|47190|V|39|0|39
47|47190|M|27|0|27
47|47191|V|54|0|54
47|47191|M|18|0|18
47|47192|M|19|0|19
47|47192|V|48|0|48
47|47193|M|694|0|694
47|47193|V|852|0|852
47|47194|V|146|0|146
47|47194|M|99|0|99
47|47195|V|201|0|201
47|47195|M|123|0|123
47|47196|V|12|0|12
47|47196|M|4|0|4
47|47197|V|377|0|377
47|47197|M|203|0|203
47|47198|M|8|0|8
47|47198|V|34|0|34
47|47199|V|27|0|27
47|47199|M|10|0|10
47|47200|M|14|0|14
47|47200|V|38|0|38
47|47203|M|13|0|13
47|47203|V|25|0|25
47|47204|V|106|1|106
47|47204|M|47|0|47
47|47205|V|171|0|171
47|47205|M|92|0|92
47|47206|M|19|0|19
47|47206|V|31|0|31
47|47207|M|49|0|49
47|47207|V|103|0|103
47|47208|V|16|0|16
47|47208|M|17|0|17
47|47209|V|14|0|14
47|47209|M|7|0|7
47|47210|M|61|0|61
47|47210|V|127|0|127
47|47211|V|21|0|21
47|47211|M|12|0|12
47|47212|M|82|0|82
47|47212|V|159|2|159
47|47213|V|46|0|46
47|47213|M|21|0|21
47|47214|V|589|0|589
47|47214|M|373|0|373
47|47215|V|21|0|21
47|47215|M|4|0|4
47|47216|V|53|0|53
47|47216|M|26|0|26
47|47217|M|784|0|784
47|47217|V|1052|0|1052
47|47218|M|333|0|333
47|47218|V|457|0|457
47|47219|M|10|0|10
47|47219|V|11|0|11
47|47220|V|55|0|55
47|47220|M|35|0|35
47|47221|V|45|0|45
47|47221|M|19|0|19
47|47222|M|17|0|17
47|47222|V|35|1|35
47|47223|V|63|0|63
47|47223|M|28|0|28
47|47224|V|36|0|36
47|47224|M|17|0|17
47|47225|M|12|0|12
47|47225|V|40|0|40
47|47226|M|31|0|31
47|47226|V|66|0|66
47|47227|V|25|0|25
47|47227|M|10|0|10
47|47228|M|108|0|108
47|47228|V|216|0|216
47|47229|V|67|0|67
47|47229|M|24|0|24
47|47230|V|111|1|111
47|47230|M|76|0|76
47|47231|V|2296|0|2296
47|47231|M|1945|0|1945
47|47232|M|23|0|23
47|47232|V|54|0|54
48|48000|M|2|0|2
48|48000|V|9|0|9
48|48001|M|2099|0|2099
48|48001|V|2811|0|2811
48|48002|M|2347|0|2347
48|48002|V|3387|0|3387
48|48003|M|5085|0|5085
48|48003|V|6631|0|6631
48|48004|V|162|0|162
48|48004|M|134|0|134
48|48005|V|52|0|52
48|48005|M|48|0|48
48|48006|V|140|0|140
48|48006|M|104|0|104
48|48007|M|105|0|105
48|48007|V|170|0|170
48|48008|V|273|0|273
48|48008|M|198|0|198
48|48009|M|305|0|305
48|48009|V|354|0|354
48|48010|M|186|0|186
48|48010|V|217|0|217
48|48011|M|2927|0|2927
48|48011|V|4026|0|4026
48|48012|M|839|0|839
48|48012|V|941|0|941
48|48013|V|31727|0|31727
48|48013|M|19794|0|19794
48|48014|M|489|0|489
48|48014|V|551|0|551
48|48015|M|8211|0|8211
48|48015|V|12962|1|12962
48|48016|V|2733|0|2733
48|48016|M|2345|0|2345
48|48017|V|5294|0|5294
48|48017|M|3826|0|3826
48|48018|V|412|0|412
48|48018|M|301|0|301
48|48019|M|1147|0|1147
48|48019|V|1616|0|1616
48|48020|V|108981|0|108981
48|48020|M|78455|0|78455
48|48021|V|583|0|583
48|48021|M|407|0|407
48|48022|M|661|0|661
48|48022|V|958|3|958
48|48023|V|288|0|288
48|48023|M|197|0|197
48|48024|M|359|0|359
48|48024|V|440|0|440
48|48025|V|405|0|405
48|48025|M|333|0|333
48|48026|M|419|0|419
48|48026|V|594|0|594
48|48027|M|7865|0|7865
48|48027|V|10295|0|10295
48|48028|V|298|0|298
48|48028|M|211|0|211
48|48029|V|4097|0|4097
48|48029|M|2973|0|2973
48|48030|M|225|0|225
48|48030|V|309|0|309
48|48031|M|80|0|80
48|48031|V|94|0|94
48|48032|V|2474|1|2474
48|48032|M|1964|0|1964
48|48033|M|76|0|76
48|48033|V|100|0|100
48|48034|M|3248|0|3248
48|48034|V|5304|0|5304
48|48035|M|167|0|167
48|48035|V|202|0|202
48|48036|M|7173|0|7173
48|48036|V|10695|0|10695
48|48037|V|330|0|330
48|48037|M|212|0|212
48|48038|V|539|0|539
48|48038|M|460|0|460
48|48039|V|123|0|123
48|48039|M|103|0|103
48|48040|V|623|0|623
48|48040|M|552|0|552
48|48041|M|277|0|277
48|48041|V|320|0|320
48|48042|V|629|0|629
48|48042|M|490|0|490
48|48043|V|2144|0|2144
48|48043|M|1832|0|1832
48|48044|M|21560|0|21560
48|48044|V|25051|0|25051
48|48045|V|2291|0|2291
48|48045|M|1708|0|1708
48|48046|V|5591|0|5591
48|48046|M|4270|0|4270
48|48047|V|78|0|78
48|48047|M|52|0|52
48|48048|V|232|0|232
48|48048|M|174|0|174
48|48049|M|205|0|205
48|48049|V|269|0|269
48|48050|M|54|0|54
48|48050|V|90|0|90
48|48051|V|70|0|70
48|48051|M|56|0|56
48|48052|V|716|0|716
48|48052|M|603|0|603
48|48053|V|444|0|444
48|48053|M|416|0|416
48|48054|M|8960|0|8960
48|48054|V|11188|0|11188
48|48055|M|895|0|895
48|48055|V|1251|0|1251
48|48056|V|498|0|498
48|48056|M|399|0|399
48|48057|M|1676|0|1676
48|48057|V|2341|0|2341
48|48058|M|346|0|346
48|48058|V|419|0|419
48|48059|M|153|0|153
48|48059|V|196|0|196
48|48060|V|1700|0|1700
48|48060|M|1339|0|1339
48|48061|M|338|0|338
48|48061|V|417|0|417
48|48062|V|159|0|159
48|48062|M|123|0|123
48|48063|V|167|0|167
48|48063|M|154|0|154
48|48064|M|227|0|227
48|48064|V|270|0|270
48|48065|M|1012|0|1012
48|48065|V|1468|0|1468
48|48066|V|164|0|164
48|48066|M|125|0|125
48|48067|M|433|0|433
48|48067|V|560|0|560
48|48068|V|578|0|578
48|48068|M|438|0|438
48|48069|V|6023|0|6023
48|48069|M|5153|0|5153
48|48070|V|246|0|246
48|48070|M|189|0|189
48|48071|V|2558|0|2558
48|48071|M|1980|0|1980
48|48072|M|306|0|306
48|48072|V|458|0|458
48|48073|M|1828|0|1828
48|48073|V|2597|0|2597
48|48074|V|1358|0|1358
48|48074|M|965|0|965
48|48075|M|751|0|751
48|48075|V|944|0|944
48|48076|V|129|0|129
48|48076|M|90|0|90
48|48077|M|1264|0|1264
48|48077|V|1488|0|1488
48|48078|M|8735|0|8735
48|48078|V|13917|0|13917
48|48079|M|130|0|130
48|48079|V|191|0|191
48|48080|V|4036|0|4036
48|48080|M|2753|0|2753
48|48081|M|733|0|733
48|48081|V|892|0|892
48|48082|V|14855|0|14855
48|48082|M|9335|0|9335
48|48083|V|2896|0|2896
48|48083|M|2039|0|2039
48|48084|V|8558|0|8558
48|48084|M|4691|0|4691
48|48085|M|4370|0|4370
48|48085|V|5119|0|5119
48|48086|V|928|0|928
48|48086|M|773|0|773
48|48087|V|170|0|170
48|48087|M|120|0|120
48|48088|V|62|0|62
48|48088|M|46|0|46
48|48089|V|2067|0|2067
48|48089|M|1698|0|1698
48|48090|V|2532|0|2532
48|48090|M|1779|0|1779
48|48091|M|392|0|392
48|48091|V|519|0|519
48|48092|M|305|0|305
48|48092|V|379|0|379
48|48093|M|321|0|321
48|48093|V|415|0|415
48|48094|V|1522|0|1522
48|48094|M|1078|0|1078
48|48095|M|722|0|722
48|48095|V|1052|0|1052
48|48096|V|2931|0|2931
48|48096|M|2258|0|2258
48|48097|V|634|0|634
48|48097|M|454|0|454
48|48901|M|1849|0|1849
48|48901|V|2316|0|2316
48|48902|M|5176|0|5176
48|48902|V|7852|0|7852
48|48903|M|695|0|695
48|48903|V|821|0|821
48|48904|V|1591|0|1591
48|48904|M|1291|0|1291
48|48905|V|1134|0|1134
48|48905|M|799|0|799
48|48906|M|273|0|273
48|48906|V|333|0|333
48|48907|V|156|0|156
48|48907|M|133|0|133
48|48908|M|96|0|96
48|48908|V|122|0|122
48|48909|M|79|0|79
48|48909|V|91|0|91
48|48910|V|1257|0|1257
48|48910|M|883|0|883
48|48911|V|191|0|191
48|48911|M|146|0|146
48|48912|M|658|0|658
48|48912|V|934|0|934
48|48913|M|411|0|411
48|48913|V|563|0|563
48|48914|M|120|0|120
48|48914|V|146|0|146
48|48915|M|111|0|111
48|48915|V|148|0|148
49|49000|M|3|0|3
49|49000|V|16|0|16
49|49002|M|19|0|19
49|49002|V|32|0|32
49|49003|M|258|0|258
49|49003|V|384|1|384
49|49004|M|19|0|19
49|49004|V|45|0|45
49|49005|M|21|0|21
49|49005|V|56|0|56
49|49006|V|62|0|62
49|49006|M|31|0|31
49|49007|V|110|1|110
49|49007|M|47|0|47
49|49008|M|73|0|73
49|49008|V|152|0|152
49|49009|V|145|2|145
49|49009|M|98|0|98
49|49010|M|147|0|147
49|49010|V|165|0|165
49|49011|M|49|0|49
49|49011|V|105|0|105
49|49012|V|19|0|19
49|49012|M|14|0|14
49|49013|V|88|1|88
49|49013|M|47|0|47
49|49014|M|24|0|24
49|49014|V|50|0|50
49|49015|V|74|0|74
49|49015|M|30|0|30
49|49016|V|86|0|86
49|49016|M|60|0|60
49|49017|V|62|0|62
49|49017|M|33|0|33
49|49018|M|49|0|49
49|49018|V|99|0|99
49|49019|M|38|0|38
49|49019|V|100|2|100
49|49020|V|114|0|114
49|49020|M|51|0|51
49|49021|M|5114|0|5114
49|49021|V|6603|0|6603
49|49022|M|52|0|52
49|49022|V|110|0|110
49|49023|V|392|1|392
49|49023|M|243|0|243
49|49024|M|135|0|135
49|49024|V|284|0|284
49|49025|V|64|0|64
49|49025|M|24|0|24
49|49026|M|44|0|44
49|49026|V|78|0|78
49|49027|V|40|0|40
49|49027|M|21|0|21
49|49028|V|40|0|40
49|49028|M|21|0|21
49|49029|V|248|5|248
49|49029|M|145|0|145
49|49030|V|34|0|34
49|49030|M|14|0|14
49|49031|M|13|0|13
49|49031|V|49|0|49
49|49032|M|55|0|55
49|49032|V|124|0|124
49|49033|M|185|0|185
49|49033|V|282|1|282
49|49034|M|90|0|90
49|49034|V|173|0|173
49|49035|M|39|0|39
49|49035|V|80|0|80
49|49036|V|150|1|150
49|49036|M|86|0|86
49|49037|M|41|0|41
49|49037|V|62|1|62
49|49038|M|20|0|20
49|49038|V|35|0|35
49|49039|M|96|0|96
49|49039|V|140|0|140
49|49040|M|24|0|24
49|49040|V|47|0|47
49|49041|M|109|0|109
49|49041|V|189|0|189
49|49042|V|76|0|76
49|49042|M|39|0|39
49|49043|V|98|0|98
49|49043|M|59|0|59
49|49044|V|23|0|23
49|49044|M|12|0|12
49|49046|M|55|0|55
49|49046|V|111|0|111
49|49047|V|45|0|45
49|49047|M|15|0|15
49|49048|M|14|0|14
49|49048|V|27|0|27
49|49050|V|188|0|188
49|49050|M|118|0|118
49|49052|M|32|0|32
49|49052|V|81|0|81
49|49053|V|425|0|425
49|49053|M|263|0|263
49|49054|V|363|0|363
49|49054|M|220|0|220
49|49055|M|18|0|18
49|49055|V|37|0|37
49|49056|M|64|0|64
49|49056|V|106|0|106
49|49057|V|49|1|49
49|49057|M|26|0|26
49|49058|V|131|0|131
49|49058|M|71|0|71
49|49059|M|12|0|12
49|49059|V|42|0|42
49|49061|V|54|0|54
49|49061|M|28|0|28
49|49062|M|21|0|21
49|49062|V|43|0|43
49|49063|V|124|0|124
49|49063|M|64|0|64
49|49064|M|101|0|101
49|49064|V|167|0|167
49|49065|V|409|0|409
49|49065|M|228|0|228
49|49066|M|80|0|80
49|49066|V|151|2|151
49|49067|M|64|0|64
49|49067|V|101|0|101
49|49068|M|64|1|64
49|49068|V|145|5|145
49|49069|V|103|0|103
49|49069|M|41|0|41
49|49071|M|143|0|143
49|49071|V|294|1|294
49|49075|V|47|1|47
49|49075|M|17|0|17
49|49076|V|141|0|141
49|49076|M|89|0|89
49|49077|M|30|0|30
49|49077|V|51|0|51
49|49078|V|57|0|57
49|49078|M|21|0|21
49|49079|V|43|0|43
49|49079|M|16|0|16
49|49080|V|268|1|268
49|49080|M|125|0|125
49|49081|V|621|0|621
49|49081|M|369|0|369
49|49082|M|81|0|81
49|49082|V|139|0|139
49|49083|M|4|0|4
49|49083|V|21|0|21
49|49084|M|66|0|66
49|49084|V|107|0|107
49|49085|V|414|0|414
49|49085|M|249|0|249
49|49086|V|55|0|55
49|49086|M|18|0|18
49|49087|V|166|3|166
49|49087|M|63|0|63
49|49088|V|42|0|42
49|49088|M|13|0|13
49|49090|M|52|0|52
49|49090|V|78|0|78
49|49091|V|92|0|92
49|49091|M|50|0|50
49|49092|M|14|0|14
49|49092|V|41|0|41
49|49093|V|109|0|109
49|49093|M|71|0|71
49|49094|V|82|0|82
49|49094|M|33|0|33
49|49095|M|86|0|86
49|49095|V|127|0|127
49|49096|V|59|1|59
49|49096|M|32|0|32
49|49097|M|4|0|4
49|49097|V|32|0|32
49|49098|V|62|0|62
49|49098|M|32|0|32
49|49099|V|26|0|26
49|49099|M|8|0|8
49|49100|V|91|0|91
49|49100|M|39|0|39
49|49101|M|27|0|27
49|49101|V|63|2|63
49|49102|V|76|0|76
49|49102|M|38|0|38
49|49103|V|195|0|195
49|49103|M|113|0|113
49|49104|M|33|0|33
49|49104|V|123|0|123
49|49105|V|58|0|58
49|49105|M|23|0|23
49|49107|V|38|0|38
49|49107|M|18|0|18
49|49108|M|89|0|89
49|49108|V|177|0|177
49|49109|V|243|0|243
49|49109|M|168|0|168
49|49110|V|126|0|126
49|49110|M|54|0|54
49|49111|V|38|0|38
49|49111|M|16|0|16
49|49112|V|50|0|50
49|49112|M|23|0|23
49|49113|M|29|0|29
49|49113|V|69|0|69
49|49114|V|13|0|13
49|49114|M|5|0|5
49|49115|V|68|0|68
49|49115|M|28|0|28
49|49116|V|135|1|135
49|49116|M|78|0|78
49|49117|V|171|1|171
49|49117|M|96|0|96
49|49118|M|43|0|43
49|49118|V|93|1|93
49|49119|M|51|0|51
49|49119|V|102|0|102
49|49120|V|24|0|24
49|49120|M|5|0|5
49|49121|M|86|0|86
49|49121|V|157|0|157
49|49122|V|355|0|355
49|49122|M|294|0|294
49|49123|M|118|0|118
49|49123|V|198|0|198
49|49124|M|48|0|48
49|49124|V|128|2|128
49|49125|M|483|0|483
49|49125|V|665|0|665
49|49126|V|96|0|96
49|49126|M|56|0|56
49|49127|M|901|0|901
49|49127|V|1103|0|1103
49|49128|V|202|0|202
49|49128|M|132|0|132
49|49129|M|249|0|249
49|49129|V|380|1|380
49|49130|V|52|0|52
49|49130|M|30|0|30
49|49131|M|59|0|59
49|49131|V|102|1|102
49|49132|M|70|0|70
49|49132|V|132|0|132
49|49133|V|125|1|125
49|49133|M|52|0|52
49|49134|V|57|0|57
49|49134|M|22|0|22
49|49135|V|209|0|209
49|49135|M|107|0|107
49|49136|V|129|1|129
49|49136|M|73|0|73
49|49137|V|69|0|69
49|49137|M|33|0|33
49|49138|V|81|1|81
49|49138|M|26|0|26
49|49139|V|41|0|41
49|49139|M|24|0|24
49|49141|V|124|0|124
49|49141|M|65|0|65
49|49142|V|74|0|74
49|49142|M|42|0|42
49|49143|M|60|0|60
49|49143|V|74|0|74
49|49145|V|66|0|66
49|49145|M|20|0|20
49|49146|M|51|0|51
49|49146|V|117|0|117
49|49147|V|111|0|111
49|49147|M|57|0|57
49|49148|V|71|0|71
49|49148|M|38|0|38
49|49149|V|138|1|138
49|49149|M|92|0|92
49|49150|V|34|0|34
49|49150|M|15|0|15
49|49151|M|176|0|176
49|49151|V|270|0|270
49|49152|M|102|0|102
49|49152|V|195|1|195
49|49153|V|60|0|60
49|49153|M|27|0|27
49|49154|V|28|0|28
49|49154|M|11|0|11
49|49155|M|15|0|15
49|49155|V|37|0|37
49|49156|M|24|0|24
49|49156|V|80|0|80
49|49157|V|55|0|55
49|49157|M|20|0|20
49|49158|V|88|0|88
49|49158|M|42|0|42
49|49159|V|100|0|100
49|49159|M|63|0|63
49|49160|V|18|0|18
49|49160|M|11|0|11
49|49162|M|7|0|7
49|49162|V|32|0|32
49|49163|V|73|0|73
49|49163|M|27|0|27
49|49164|V|49|0|49
49|49164|M|22|0|22
49|49165|V|24|0|24
49|49165|M|17|0|17
49|49166|V|526|0|526
49|49166|M|428|0|428
49|49167|V|68|0|68
49|49167|M|28|0|28
49|49168|V|37|0|37
49|49168|M|21|0|21
49|49169|M|5|0|5
49|49169|V|12|0|12
49|49170|M|21|0|21
49|49170|V|41|0|41
49|49171|V|232|1|232
49|49171|M|166|0|166
49|49172|M|100|0|100
49|49172|V|191|4|191
49|49173|M|58|0|58
49|49173|V|106|0|106
49|49174|V|34|0|34
49|49174|M|30|0|30
49|49175|V|96|1|96
49|49175|M|43|0|43
49|49176|V|239|8|239
49|49176|M|97|3|97
49|49177|V|100|0|100
49|49177|M|57|0|57
49|49178|V|384|0|384
49|49178|M|301|0|301
49|49179|M|87|0|87
49|49179|V|120|0|120
49|49180|M|19|0|19
49|49180|V|42|0|42
49|49181|M|63|0|63
49|49181|V|129|0|129
49|49183|M|14|0|14
49|49183|V|27|0|27
49|49184|V|63|1|63
49|49184|M|35|1|35
49|49185|V|68|0|68
49|49185|M|32|0|32
49|49186|M|45|0|45
49|49186|V|91|0|91
49|49187|V|589|0|589
49|49187|M|394|0|394
49|49188|M|14|0|14
49|49188|V|58|0|58
49|49189|V|67|0|67
49|49189|M|33|0|33
49|49190|V|14|0|14
49|49190|M|6|0|6
49|49191|V|98|0|98
49|49191|M|44|0|44
49|49192|V|53|0|53
49|49192|M|33|0|33
49|49193|V|181|0|181
49|49193|M|100|0|100
49|49194|V|129|0|129
49|49194|M|61|0|61
49|49197|V|50|0|50
49|49197|M|41|0|41
49|49199|V|98|2|98
49|49199|M|58|0|58
49|49200|V|403|0|403
49|49200|M|291|0|291
49|49201|V|114|0|114
49|49201|M|62|0|62
49|49202|V|59|2|59
49|49202|M|17|0|17
49|49203|V|107|0|107
49|49203|M|61|0|61
49|49204|M|5|0|5
49|49204|V|18|0|18
49|49205|V|142|1|142
49|49205|M|70|0|70
49|49206|V|328|1|329
49|49206|M|233|0|233
49|49207|M|41|0|41
49|49207|V|81|1|81
49|49208|V|125|5|125
49|49208|M|49|0|49
49|49209|M|108|0|108
49|49209|V|203|3|203
49|49210|V|188|0|188
49|49210|M|113|0|113
49|49214|M|167|0|167
49|49214|V|278|3|278
49|49216|M|14|0|14
49|49216|V|63|0|63
49|49219|M|2151|0|2151
49|49219|V|3205|0|3205
49|49220|M|32|0|32
49|49220|V|50|0|50
49|49221|V|85|0|85
49|49221|M|46|0|46
49|49222|M|113|0|113
49|49222|V|178|0|178
49|49223|V|265|6|265
49|49223|M|122|1|122
49|49224|M|35|0|35
49|49224|V|51|0|51
49|49225|V|42|0|42
49|49225|M|27|0|27
49|49226|V|109|0|109
49|49226|M|53|0|53
49|49227|M|111|0|111
49|49227|V|166|0|166
49|49228|M|5|0|5
49|49228|V|24|0|24
49|49229|M|23|0|23
49|49229|V|45|0|45
49|49230|M|9|0|9
49|49230|V|32|0|32
49|49231|M|73|0|73
49|49231|V|112|0|112
49|49232|M|29|0|29
49|49232|V|31|0|31
49|49233|M|14|0|14
49|49233|V|23|1|23
49|49234|V|157|0|157
49|49234|M|82|0|82
49|49235|M|117|0|117
49|49235|V|179|0|179
49|49236|V|29|0|29
49|49236|M|18|0|18
49|49237|M|12|0|12
49|49237|V|35|0|35
49|49238|M|67|0|67
49|49238|V|100|0|100
49|49239|M|114|0|114
49|49239|V|252|0|252
49|49240|M|29|0|29
49|49240|V|69|0|69
49|49241|V|90|0|90
49|49241|M|41|0|41
49|49242|V|185|0|185
49|49242|M|106|0|106
49|49243|M|15|0|15
49|49243|V|34|1|34
49|49244|M|1|0|1
49|49244|V|11|0|11
49|49245|V|113|0|113
49|49245|M|65|0|65
49|49246|V|80|0|80
49|49246|M|26|0|26
49|49247|V|125|0|125
49|49247|M|51|1|51
49|49248|V|72|0|72
49|49248|M|35|0|35
49|49249|V|25|0|25
49|49249|M|4|0|4
49|49250|M|317|0|317
49|49250|V|492|1|492
49|49251|M|21|0|21
49|49251|V|56|0|56
49|49252|M|77|0|77
49|49252|V|133|0|133
49|49255|M|80|0|80
49|49255|V|162|0|162
49|49256|V|101|0|101
49|49256|M|66|0|66
49|49257|V|140|0|140
49|49257|M|106|0|106
49|49258|V|41|0|41
49|49258|M|24|0|24
49|49259|M|13|0|13
49|49259|V|35|0|35
49|49260|V|254|0|254
49|49260|M|164|0|164
49|49261|M|562|0|562
49|49261|V|718|0|718
49|49262|M|97|0|97
49|49262|V|142|0|142
49|49263|V|26|0|26
49|49263|M|7|0|7
49|49264|M|90|0|90
49|49264|V|197|2|197
49|49265|V|42|0|42
49|49265|M|19|0|19
49|49266|V|30|0|30
49|49266|M|12|0|12
49|49267|M|11|0|11
49|49267|V|43|0|43
49|49268|M|65|0|65
49|49268|V|144|0|144
49|49269|V|46|1|46
49|49269|M|20|0|20
49|49270|M|29|0|29
49|49270|V|68|1|69
49|49271|M|20|0|20
49|49271|V|57|0|57
49|49272|M|10|0|10
49|49272|V|21|0|21
49|49273|V|51|0|51
49|49273|M|27|0|27
49|49275|M|17859|0|17859
49|49275|V|22009|2|22009
50|50000|V|1|0|1
50|50000|M|1|0|1
50|50001|V|71|1|71
50|50001|M|39|0|39
50|50002|V|58|2|58
50|50002|M|17|0|17
50|50003|M|33|0|33
50|50003|V|56|0|56
50|50004|M|101|0|101
50|50004|V|230|2|230
50|50005|V|68|0|68
50|50005|M|14|0|14
50|50006|V|442|0|442
50|50006|M|272|0|272
50|50007|M|4|0|4
50|50007|V|14|0|14
50|50008|V|2718|0|2718
50|50008|M|1728|0|1728
50|50009|M|12|0|12
50|50009|V|37|1|37
50|50010|M|16|0|16
50|50010|V|35|0|35
50|50011|M|34|0|34
50|50011|V|54|0|54
50|50012|M|21|0|21
50|50012|V|43|0|43
50|50013|V|102|0|102
50|50013|M|77|0|77
50|50014|V|50|0|50
50|50014|M|29|0|29
50|50015|V|20|0|20
50|50015|M|9|0|9
50|50016|M|3|0|3
50|50016|V|6|0|6
50|50017|V|902|1|902
50|50017|M|631|0|631
50|50018|V|517|1|517
50|50018|M|269|0|269
50|50019|V|20|0|20
50|50019|M|9|0|9
50|50020|V|365|1|365
50|50020|M|211|0|211
50|50021|V|9|0|9
50|50021|M|1|0|1
50|50022|M|100|0|100
50|50022|V|176|0|176
50|50023|M|39|0|39
50|50023|V|69|1|70
50|50024|M|104|0|104
50|50024|V|258|0|258
50|50025|V|2926|5|2926
50|50025|M|1679|0|1679
50|50026|M|113|0|113
50|50026|V|189|1|189
50|50027|V|91|0|91
50|50027|M|52|0|52
50|50028|V|24|0|24
50|50028|M|10|0|10
50|50029|M|113|0|113
50|50029|V|240|2|240
50|50030|V|70|0|70
50|50030|M|29|0|29
50|50031|M|9|0|9
50|50031|V|45|0|45
50|50032|M|36|0|36
50|50032|V|91|2|91
50|50033|M|6|0|6
50|50033|V|21|0|21
50|50034|M|195|0|195
50|50034|V|365|0|365
50|50035|V|36|0|36
50|50035|M|25|0|25
50|50036|M|4|0|4
50|50036|V|11|0|11
50|50037|M|16|0|16
50|50037|V|51|1|51
50|50038|M|363|0|363
50|50038|V|590|1|590
50|50039|M|58|0|58
50|50039|V|176|2|176
50|50040|M|9|0|9
50|50040|V|21|0|21
50|50041|M|1|0|1
50|50041|V|4|0|4
50|50042|M|1|0|1
50|50042|V|3|0|3
50|50043|V|125|0|125
50|50043|M|56|0|56
50|50044|M|53|0|53
50|50044|V|96|0|96
50|50045|V|534|0|534
50|50045|M|308|0|308
50|50046|M|24|0|24
50|50046|V|62|0|62
50|50047|V|9|0|9
50|50048|M|6|0|6
50|50048|V|7|0|7
50|50050|V|24|0|24
50|50050|M|7|0|7
50|50051|M|194|0|194
50|50051|V|325|0|325
50|50052|V|33|0|33
50|50052|M|16|0|16
50|50053|M|208|0|208
50|50053|V|306|0|306
50|50054|M|3|0|3
50|50054|V|14|0|14
50|50055|M|1210|0|1210
50|50055|V|1883|0|1883
50|50056|M|131|0|131
50|50056|V|219|0|219
50|50057|V|561|0|561
50|50057|M|319|0|319
50|50058|V|25|0|25
50|50058|M|11|0|11
50|50059|M|182|0|182
50|50059|V|363|1|364
50|50060|M|47|0|47
50|50060|V|97|0|97
50|50061|M|50|0|50
50|50061|V|90|0|90
50|50062|M|666|0|666
50|50062|V|961|1|961
50|50063|V|19|0|19
50|50063|M|8|0|8
50|50064|V|189|1|189
50|50064|M|109|0|109
50|50065|M|5|0|5
50|50065|V|18|1|18
50|50066|V|1723|0|1723
50|50066|M|1268|0|1268
50|50067|M|4725|0|4725
50|50067|V|6710|0|6710
50|50068|V|1145|2|1145
50|50068|M|660|0|660
50|50069|V|16|0|16
50|50069|M|5|0|5
50|50070|M|6|0|6
50|50070|V|15|1|16
50|50071|V|40|0|40
50|50071|M|15|0|15
50|50072|V|60|0|60
50|50072|M|19|0|19
50|50073|M|760|0|760
50|50073|V|1250|0|1250
50|50074|M|2030|0|2030
50|50074|V|3696|4|3698
50|50075|M|3|0|3
50|50075|V|21|0|21
50|50076|V|30|0|30
50|50076|M|13|0|13
50|50077|M|38|0|38
50|50077|V|69|0|69
50|50078|M|35|0|35
50|50078|V|83|1|83
50|50079|V|106|0|106
50|50079|M|41|0|41
50|50080|M|2|0|2
50|50080|V|5|0|5
50|50081|V|198|0|198
50|50081|M|128|0|128
50|50082|V|21|0|21
50|50082|M|4|0|4
50|50083|M|27|0|27
50|50083|V|45|0|45
50|50084|V|23|0|23
50|50084|M|7|0|7
50|50085|M|23|0|23
50|50085|V|68|0|68
50|50086|M|22|0|22
50|50086|V|63|0|63
50|50087|V|11|0|11
50|50087|M|7|0|7
50|50088|V|123|0|123
50|50088|M|56|0|56
50|50089|V|5068|0|5068
50|50089|M|4118|0|4118
50|50090|M|33|0|33
50|50090|V|44|0|44
50|50091|V|19|0|19
50|50091|M|3|0|3
50|50092|V|188|0|188
50|50092|M|88|0|88
50|50093|V|38|0|38
50|50093|M|23|0|23
50|50094|V|634|0|634
50|50094|M|420|0|420
50|50095|M|4047|0|4047
50|50095|V|6643|7|6644
50|50096|M|1|0|1
50|50096|V|15|0|15
50|50098|M|24|0|24
50|50098|V|52|0|52
50|50099|M|886|0|886
50|50099|V|1607|0|1607
50|50100|V|124|1|124
50|50100|M|76|0|76
50|50101|M|223|0|223
50|50101|V|431|0|431
50|50102|M|206|0|206
50|50102|V|391|0|391
50|50104|V|102|1|103
50|50104|M|64|0|64
50|50105|V|129|0|129
50|50105|M|59|0|59
50|50106|V|33|0|33
50|50106|M|19|0|19
50|50107|M|336|0|336
50|50107|V|448|0|448
50|50108|M|2|0|2
50|50108|V|7|0|7
50|50109|V|32|0|32
50|50109|M|11|0|11
50|50110|M|61|0|61
50|50110|V|152|0|152
50|50111|V|90|0|90
50|50111|M|43|0|43
50|50113|M|185|0|185
50|50113|V|299|1|300
50|50114|M|16|0|16
50|50114|V|41|2|43
50|50115|M|1128|0|1128
50|50115|V|1802|0|1802
50|50116|V|86|0|86
50|50116|M|31|0|31
50|50117|M|17|0|17
50|50117|V|41|1|41
50|50118|M|596|0|596
50|50118|V|1045|1|1045
50|50119|M|201|0|201
50|50119|V|409|0|409
50|50120|M|11|0|11
50|50120|V|20|0|20
50|50121|V|110|0|110
50|50121|M|61|0|61
50|50122|V|13|0|13
50|50122|M|10|0|10
50|50123|V|235|0|235
50|50123|M|165|0|165
50|50124|V|164|2|165
50|50124|M|78|0|78
50|50125|M|68|0|68
50|50125|V|125|0|125
50|50126|V|1042|0|1042
50|50126|M|603|0|603
50|50128|V|9|0|9
50|50128|M|6|0|6
50|50129|M|45|0|45
50|50129|V|93|0|93
50|50130|V|155|0|155
50|50130|M|79|0|79
50|50131|M|44|0|44
50|50131|V|79|0|79
50|50132|M|309|0|309
50|50132|V|425|0|425
50|50133|M|12|0|12
50|50133|V|31|0|31
50|50134|M|10|0|10
50|50134|V|37|0|37
50|50135|M|20|0|20
50|50135|V|36|0|36
50|50136|M|85|0|85
50|50136|V|202|0|202
50|50137|M|232|0|232
50|50137|V|389|1|390
50|50138|V|18|0|18
50|50138|M|8|0|8
50|50139|V|98|0|98
50|50139|M|33|0|33
50|50140|M|26|0|26
50|50140|V|50|1|50
50|50141|M|17|0|17
50|50141|V|36|0|36
50|50142|V|7|0|7
50|50142|M|2|0|2
50|50143|V|286|0|286
50|50143|M|120|0|120
50|50144|V|10|0|10
50|50144|M|4|0|4
50|50146|V|93|0|93
50|50146|M|56|0|56
50|50147|M|229|0|229
50|50147|V|383|0|383
50|50148|V|114|0|114
50|50148|M|60|0|60
50|50149|V|8|0|8
50|50149|M|4|0|4
50|50150|V|337|2|338
50|50150|M|146|0|146
50|50151|V|263|1|263
50|50151|M|133|0|133
50|50152|M|341|0|341
50|50152|V|726|0|726
50|50153|M|213|0|213
50|50153|V|400|1|400
50|50154|V|54|0|54
50|50154|M|25|0|25
50|50155|V|19|0|19
50|50155|M|3|0|3
50|50156|M|75|0|75
50|50156|V|103|1|104
50|50157|V|157|1|157
50|50157|M|96|0|96
50|50159|V|338|1|338
50|50159|M|209|0|209
50|50160|V|1291|3|1291
50|50160|M|754|0|754
50|50161|M|11|0|11
50|50161|V|31|0|31
50|50162|V|56|0|56
50|50162|M|21|0|21
50|50163|V|2131|0|2131
50|50163|M|1818|0|1818
50|50164|V|188|0|188
50|50164|M|108|0|108
50|50165|V|863|0|863
50|50165|M|621|0|621
50|50166|M|48|0|48
50|50166|V|100|1|100
50|50167|V|67|0|67
50|50167|M|24|0|24
50|50168|M|5|0|5
50|50168|V|9|0|9
50|50169|M|72|0|72
50|50169|V|135|4|135
50|50170|M|70|0|70
50|50170|V|153|1|153
50|50171|V|7|0|7
50|50172|V|76|1|76
50|50172|M|31|0|31
50|50173|V|32|0|32
50|50173|M|12|0|12
50|50174|M|11|0|11
50|50174|V|29|0|29
50|50175|M|188|0|188
50|50175|V|363|0|363
50|50176|V|98|2|98
50|50176|M|33|0|33
50|50177|M|50|0|50
50|50177|V|114|0|114
50|50178|M|61|0|61
50|50178|V|105|1|105
50|50179|V|63|0|63
50|50179|M|20|0|20
50|50180|M|25|0|25
50|50180|V|41|0|41
50|50181|M|310|0|310
50|50181|V|532|0|532
50|50182|V|2268|2|2269
50|50182|M|1607|0|1607
50|50183|V|135|1|135
50|50183|M|69|0|69
50|50184|V|30|0|30
50|50184|M|11|0|11
50|50185|V|45|0|45
50|50185|M|36|0|36
50|50186|M|9|0|9
50|50186|V|15|0|15
50|50187|M|8|0|8
50|50187|V|23|0|23
50|50188|M|8|0|8
50|50188|V|6|0|6
50|50189|V|337|1|338
50|50189|M|195|0|195
50|50190|M|220|0|220
50|50190|V|343|0|343
50|50191|M|147|0|147
50|50191|V|224|0|224
50|50192|M|78|0|78
50|50192|V|128|0|128
50|50193|V|337|0|337
50|50193|M|262|0|262
50|50194|V|35|1|35
50|50194|M|11|0|11
50|50195|M|6|0|6
50|50195|V|19|0|19
50|50196|M|21|0|21
50|50196|V|33|0|33
50|50197|M|9|0|9
50|50197|V|20|0|20
50|50198|V|3|0|3
50|50199|M|75|0|75
50|50199|V|146|0|146
50|50200|M|112|0|112
50|50200|V|223|1|223
50|50201|M|150|0|150
50|50201|V|241|1|241
50|50202|M|15|0|15
50|50202|V|52|0|52
50|50203|V|507|0|507
50|50203|M|405|0|405
50|50204|M|871|0|871
50|50204|V|1493|2|1493
50|50205|M|20|0|20
50|50205|V|40|0|40
50|50206|M|143|0|143
50|50206|V|205|0|205
50|50207|M|13|0|13
50|50207|V|27|0|27
50|50208|M|592|0|592
50|50208|V|898|0|898
50|50209|M|1227|0|1227
50|50209|V|1634|0|1634
50|50210|V|12|0|12
50|50210|M|4|0|4
50|50211|V|128|0|128
50|50211|M|42|0|42
50|50212|M|5|0|5
50|50212|V|6|0|6
50|50213|V|27|1|28
50|50213|M|7|0|7
50|50214|M|2|0|2
50|50214|V|6|0|6
50|50215|V|7|0|7
50|50216|M|59|0|59
50|50216|V|101|2|102
50|50217|V|223|0|223
50|50217|M|97|0|97
50|50218|V|27|0|27
50|50218|M|11|0|11
50|50219|V|2367|0|2367
50|50219|M|1835|0|1835
50|50220|V|14|0|14
50|50220|M|5|0|5
50|50221|M|2|0|2
50|50221|V|4|0|4
50|50222|M|412|0|412
50|50222|V|708|1|708
50|50223|V|423|1|423
50|50223|M|215|0|215
50|50224|M|7|0|7
50|50224|V|25|0|25
50|50225|M|598|0|598
50|50225|V|1064|5|1064
50|50227|M|16|0|16
50|50227|V|46|0|46
50|50228|M|64|0|64
50|50228|V|110|0|110
50|50229|M|20|0|20
50|50229|V|24|0|24
50|50230|V|481|0|481
50|50230|M|284|0|284
50|50231|M|83|0|83
50|50231|V|124|0|124
50|50232|V|73|0|73
50|50232|M|51|0|51
50|50233|M|4|0|4
50|50233|V|17|0|17
50|50234|V|100|0|100
50|50234|M|52|0|52
50|50235|V|1250|0|1250
50|50235|M|900|0|900
50|50236|M|9|0|9
50|50236|V|36|1|36
50|50237|M|30|0|30
50|50237|V|47|0|47
50|50238|V|36|0|36
50|50238|M|16|0|16
50|50239|M|7|0|7
50|50239|V|15|0|15
50|50240|V|418|0|418
50|50240|M|255|0|255
50|50241|M|119|0|119
50|50241|V|259|0|259
50|50242|V|36|0|36
50|50242|M|17|0|17
50|50243|M|43|0|43
50|50243|V|127|1|127
50|50244|V|79|0|79
50|50244|M|31|0|31
50|50245|V|29|0|29
50|50245|M|15|0|15
50|50246|M|3|0|3
50|50246|V|15|0|15
50|50247|M|315|0|315
50|50247|V|396|0|396
50|50248|M|110|0|110
50|50248|V|202|0|202
50|50249|V|129|0|129
50|50249|M|49|0|49
50|50250|M|12|0|12
50|50250|V|8|0|8
50|50251|V|4103|3|4104
50|50251|M|2670|0|2670
50|50252|V|2613|1|2614
50|50252|M|1665|0|1665
50|50253|M|97|0|97
50|50253|V|219|0|219
50|50254|M|33|0|33
50|50254|V|58|0|58
50|50255|M|26|0|26
50|50255|V|57|0|57
50|50256|V|17|0|17
50|50256|M|7|0|7
50|50257|V|60|1|60
50|50257|M|25|0|25
50|50258|M|4|0|4
50|50258|V|17|0|17
50|50259|M|12|0|12
50|50259|V|26|0|26
50|50260|M|1|0|1
50|50260|V|3|0|3
50|50261|M|56|0|56
50|50261|V|92|0|92
50|50262|M|396|0|396
50|50262|V|587|0|587
50|50263|M|19|0|19
50|50263|V|67|0|67
50|50264|M|16|0|16
50|50264|V|50|0|50
50|50265|V|29|0|29
50|50265|M|14|0|14
50|50266|M|14|0|14
50|50266|V|39|1|39
50|50267|M|145|0|145
50|50267|V|197|0|197
50|50268|M|15|0|15
50|50268|V|16|0|16
50|50269|M|46|0|46
50|50269|V|139|0|139
50|50270|M|5|0|5
50|50270|V|17|0|17
50|50271|V|106|0|106
50|50271|M|53|0|53
50|50272|V|6724|1|6725
50|50272|M|5005|0|5005
50|50273|M|2|0|2
50|50273|V|4|0|4
50|50274|M|4|0|4
50|50274|V|12|0|12
50|50275|M|6|0|6
50|50275|V|24|0|24
50|50276|M|24|0|24
50|50276|V|41|0|41
50|50277|M|14|0|14
50|50277|V|19|1|19
50|50278|V|86|0|86
50|50278|M|34|0|34
50|50279|M|17|0|17
50|50279|V|27|0|27
50|50280|M|63|0|63
50|50280|V|121|0|121
50|50281|M|18|0|18
50|50281|V|32|0|32
50|50282|V|14|0|14
50|50282|M|11|0|11
50|50283|V|26|0|26
50|50283|M|14|0|14
50|50284|V|61|0|61
50|50284|M|24|0|24
50|50285|V|299|0|299
50|50285|M|228|0|228
50|50286|V|33|0|33
50|50286|M|17|0|17
50|50287|M|49|0|49
50|50287|V|112|0|112
50|50288|M|1281|0|1281
50|50288|V|1735|0|1735
50|50289|M|15|0|15
50|50289|V|20|0|20
50|50290|V|149|0|149
50|50290|M|77|0|77
50|50291|M|10|0|10
50|50291|V|37|0|37
50|50292|V|82|0|82
50|50292|M|31|0|31
50|50293|M|59|0|59
50|50293|V|150|0|150
50|50294|V|13|0|13
50|50294|M|2|0|2
50|50295|V|12|0|12
50|50295|M|2|0|2
50|50296|V|163|0|163
50|50296|M|95|0|95
50|50297|M|153817|0|153817
50|50297|V|221696|4|221696
50|50298|M|2089|0|2089
50|50298|V|3112|0|3112
50|50901|M|15|0|15
50|50901|V|48|0|48
50|50902|M|9|0|9
50|50902|V|20|0|20
50|50903|V|750|0|750
50|50903|M|538|0|538
51|51001|V|24939|0|24939
51|51001|M|16819|0|16819
52|52001|M|19078|0|19078
52|52001|V|26627|0|26627
