Edad simple;Sexo;Periodo;Total
Todas las edades;Total;1 de enero de 2025;49.128.297
Todas las edades;Total;1 de enero de 2024;48.619.695
Todas las edades;Total;1 de enero de 2023;48.085.361
Todas las edades;Total;1 de enero de 2022;47.486.727
Todas las edades;Total;1 de enero de 2021;47.400.798
Todas las edades;Total;1 de enero de 2020;47.318.050
Todas las edades;Total;1 de enero de 2019;46.918.951
Todas las edades;Total;1 de enero de 2018;46.645.070
Todas las edades;Total;1 de enero de 2017;46.497.393
Todas las edades;Total;1 de enero de 2016;46.418.884
Todas las edades;Total;1 de enero de 2015;46.425.722
Todas las edades;Hombres;1 de enero de 2025;24.090.369
Todas las edades;Hombres;1 de enero de 2024;23.826.871
Todas las edades;Hombres;1 de enero de 2023;23.565.593
Todas las edades;Hombres;1 de enero de 2022;23.288.747
Todas las edades;Hombres;1 de enero de 2021;23.248.611
Todas las edades;Hombres;1 de enero de 2020;23.210.668
Todas las edades;Hombres;1 de enero de 2019;23.016.783
Todas las edades;Hombres;1 de enero de 2018;22.889.600
Todas las edades;Hombres;1 de enero de 2017;22.831.107
Todas las edades;Hombres;1 de enero de 2016;22.806.445
Todas las edades;Hombres;1 de enero de 2015;22.822.721
Todas las edades;Mujeres;1 de enero de 2025;25.037.928
Todas las edades;Mujeres;1 de enero de 2024;24.792.824
Todas las edades;Mujeres;1 de enero de 2023;24.519.768
Todas las edades;Mujeres;1 de enero de 2022;24.197.980
Todas las edades;Mujeres;1 de enero de 2021;24.152.187
Todas las edades;Mujeres;1 de enero de 2020;24.107.382
Todas las edades;Mujeres;1 de enero de 2019;23.902.168
Todas las edades;Mujeres;1 de enero de 2018;23.755.470
Todas las edades;Mujeres;1 de enero de 2017;23.666.286
Todas las edades;Mujeres;1 de enero de 2016;23.612.439
Todas las edades;Mujeres;1 de enero de 2015;23.603.001
0 años;Total;1 de enero de 2025;318.907
0 años;Total;1 de enero de 2024;321.282
0 años;Total;1 de enero de 2023;329.968
0 años;Total;1 de enero de 2022;336.783
0 años;Total;1 de enero de 2021;339.465
0 años;Total;1 de enero de 2020;360.869
0 años;Total;1 de enero de 2019;369.475
0 años;Total;1 de enero de 2018;391.738
0 años;Total;1 de enero de 2017;408.346
0 años;Total;1 de enero de 2016;418.003
0 años;Total;1 de enero de 2015;424.910
0 años;Hombres;1 de enero de 2025;164.055
0 años;Hombres;1 de enero de 2024;164.763
0 años;Hombres;1 de enero de 2023;169.800
0 años;Hombres;1 de enero de 2022;173.783
0 años;Hombres;1 de enero de 2021;173.823
0 años;Hombres;1 de enero de 2020;185.523
0 años;Hombres;1 de enero de 2019;189.807
0 años;Hombres;1 de enero de 2018;201.635
0 años;Hombres;1 de enero de 2017;209.831
0 años;Hombres;1 de enero de 2016;215.208
0 años;Hombres;1 de enero de 2015;219.373
0 años;Mujeres;1 de enero de 2025;154.852
0 años;Mujeres;1 de enero de 2024;156.519
0 años;Mujeres;1 de enero de 2023;160.168
0 años;Mujeres;1 de enero de 2022;163.000
0 años;Mujeres;1 de enero de 2021;165.642
0 años;Mujeres;1 de enero de 2020;175.346
0 años;Mujeres;1 de enero de 2019;179.668
0 años;Mujeres;1 de enero de 2018;190.103
0 años;Mujeres;1 de enero de 2017;198.515
0 años;Mujeres;1 de enero de 2016;202.795
0 años;Mujeres;1 de enero de 2015;205.537
1 año;Total;1 de enero de 2025;329.282
1 año;Total;1 de enero de 2024;338.464
1 año;Total;1 de enero de 2023;346.953
1 año;Total;1 de enero de 2022;346.269
1 año;Total;1 de enero de 2021;365.236
1 año;Total;1 de enero de 2020;374.063
1 año;Total;1 de enero de 2019;396.241
1 año;Total;1 de enero de 2018;413.253
1 año;Total;1 de enero de 2017;420.930
1 año;Total;1 de enero de 2016;427.184
1 año;Total;1 de enero de 2015;424.800
1 año;Hombres;1 de enero de 2025;168.771
1 año;Hombres;1 de enero de 2024;174.205
1 año;Hombres;1 de enero de 2023;178.921
1 año;Hombres;1 de enero de 2022;177.313
1 año;Hombres;1 de enero de 2021;187.777
1 año;Hombres;1 de enero de 2020;192.118
1 año;Hombres;1 de enero de 2019;204.031
1 año;Hombres;1 de enero de 2018;212.383
1 año;Hombres;1 de enero de 2017;216.643
1 año;Hombres;1 de enero de 2016;220.536
1 año;Hombres;1 de enero de 2015;218.499
1 año;Mujeres;1 de enero de 2025;160.511
1 año;Mujeres;1 de enero de 2024;164.259
1 año;Mujeres;1 de enero de 2023;168.032
1 año;Mujeres;1 de enero de 2022;168.956
1 año;Mujeres;1 de enero de 2021;177.459
1 año;Mujeres;1 de enero de 2020;181.945
1 año;Mujeres;1 de enero de 2019;192.210
1 año;Mujeres;1 de enero de 2018;200.870
1 año;Mujeres;1 de enero de 2017;204.287
1 año;Mujeres;1 de enero de 2016;206.648
1 año;Mujeres;1 de enero de 2015;206.301
2 años;Total;1 de enero de 2025;343.526
2 años;Total;1 de enero de 2024;351.051
2 años;Total;1 de enero de 2023;348.066
2 años;Total;1 de enero de 2022;360.497
2 años;Total;1 de enero de 2021;376.033
2 años;Total;1 de enero de 2020;402.245
2 años;Total;1 de enero de 2019;418.510
2 años;Total;1 de enero de 2018;425.295
2 años;Total;1 de enero de 2017;429.017
2 años;Total;1 de enero de 2016;425.175
2 años;Total;1 de enero de 2015;451.086
2 años;Hombres;1 de enero de 2025;176.730
2 años;Hombres;1 de enero de 2024;180.992
2 años;Hombres;1 de enero de 2023;178.154
2 años;Hombres;1 de enero de 2022;185.361
2 años;Hombres;1 de enero de 2021;193.033
2 años;Hombres;1 de enero de 2020;207.192
2 años;Hombres;1 de enero de 2019;215.125
2 años;Hombres;1 de enero de 2018;218.879
2 años;Hombres;1 de enero de 2017;221.449
2 años;Hombres;1 de enero de 2016;218.719
2 años;Hombres;1 de enero de 2015;232.496
2 años;Mujeres;1 de enero de 2025;166.796
2 años;Mujeres;1 de enero de 2024;170.059
2 años;Mujeres;1 de enero de 2023;169.912
2 años;Mujeres;1 de enero de 2022;175.136
2 años;Mujeres;1 de enero de 2021;183.000
2 años;Mujeres;1 de enero de 2020;195.053
2 años;Mujeres;1 de enero de 2019;203.385
2 años;Mujeres;1 de enero de 2018;206.416
2 años;Mujeres;1 de enero de 2017;207.568
2 años;Mujeres;1 de enero de 2016;206.456
2 años;Mujeres;1 de enero de 2015;218.590
3 años;Total;1 de enero de 2025;356.354
3 años;Total;1 de enero de 2024;356.596
3 años;Total;1 de enero de 2023;370.824
3 años;Total;1 de enero de 2022;381.073
3 años;Total;1 de enero de 2021;404.168
3 años;Total;1 de enero de 2020;424.341
3 años;Total;1 de enero de 2019;430.054
3 años;Total;1 de enero de 2018;432.794
3 años;Total;1 de enero de 2017;426.833
3 años;Total;1 de enero de 2016;451.942
3 años;Total;1 de enero de 2015;470.058
3 años;Hombres;1 de enero de 2025;183.572
3 años;Hombres;1 de enero de 2024;182.482
3 años;Hombres;1 de enero de 2023;190.572
3 años;Hombres;1 de enero de 2022;195.567
3 años;Hombres;1 de enero de 2021;208.213
3 años;Hombres;1 de enero de 2020;218.199
3 años;Hombres;1 de enero de 2019;221.245
3 años;Hombres;1 de enero de 2018;223.326
3 años;Hombres;1 de enero de 2017;219.572
3 años;Hombres;1 de enero de 2016;232.934
3 años;Hombres;1 de enero de 2015;242.272
3 años;Mujeres;1 de enero de 2025;172.782
3 años;Mujeres;1 de enero de 2024;174.114
3 años;Mujeres;1 de enero de 2023;180.252
3 años;Mujeres;1 de enero de 2022;185.506
3 años;Mujeres;1 de enero de 2021;195.955
3 años;Mujeres;1 de enero de 2020;206.142
3 años;Mujeres;1 de enero de 2019;208.809
3 años;Mujeres;1 de enero de 2018;209.468
3 años;Mujeres;1 de enero de 2017;207.261
3 años;Mujeres;1 de enero de 2016;219.008
3 años;Mujeres;1 de enero de 2015;227.786
4 años;Total;1 de enero de 2025;364.199
4 años;Total;1 de enero de 2024;378.141
4 años;Total;1 de enero de 2023;390.595
4 años;Total;1 de enero de 2022;407.403
4 años;Total;1 de enero de 2021;427.005
4 años;Total;1 de enero de 2020;435.692
4 años;Total;1 de enero de 2019;437.470
4 años;Total;1 de enero de 2018;430.039
4 años;Total;1 de enero de 2017;453.510
4 años;Total;1 de enero de 2016;469.776
4 años;Total;1 de enero de 2015;478.801
4 años;Hombres;1 de enero de 2025;186.342
4 años;Hombres;1 de enero de 2024;194.240
4 años;Hombres;1 de enero de 2023;200.440
4 años;Hombres;1 de enero de 2022;209.754
4 años;Hombres;1 de enero de 2021;219.622
4 años;Hombres;1 de enero de 2020;224.114
4 años;Hombres;1 de enero de 2019;225.780
4 años;Hombres;1 de enero de 2018;221.253
4 años;Hombres;1 de enero de 2017;233.728
4 años;Hombres;1 de enero de 2016;242.080
4 años;Hombres;1 de enero de 2015;246.805
4 años;Mujeres;1 de enero de 2025;177.857
4 años;Mujeres;1 de enero de 2024;183.901
4 años;Mujeres;1 de enero de 2023;190.155
4 años;Mujeres;1 de enero de 2022;197.649
4 años;Mujeres;1 de enero de 2021;207.383
4 años;Mujeres;1 de enero de 2020;211.578
4 años;Mujeres;1 de enero de 2019;211.690
4 años;Mujeres;1 de enero de 2018;208.786
4 años;Mujeres;1 de enero de 2017;219.782
4 años;Mujeres;1 de enero de 2016;227.696
4 años;Mujeres;1 de enero de 2015;231.996
5 años;Total;1 de enero de 2025;385.703
5 años;Total;1 de enero de 2024;397.847
5 años;Total;1 de enero de 2023;416.867
5 años;Total;1 de enero de 2022;429.321
5 años;Total;1 de enero de 2021;438.615
5 años;Total;1 de enero de 2020;443.317
5 años;Total;1 de enero de 2019;434.169
5 años;Total;1 de enero de 2018;456.405
5 años;Total;1 de enero de 2017;470.187
5 años;Total;1 de enero de 2016;478.811
5 años;Total;1 de enero de 2015;489.252
5 años;Hombres;1 de enero de 2025;197.990
5 años;Hombres;1 de enero de 2024;204.039
5 años;Hombres;1 de enero de 2023;214.698
5 años;Hombres;1 de enero de 2022;220.791
5 años;Hombres;1 de enero de 2021;225.512
5 años;Hombres;1 de enero de 2020;228.824
5 años;Hombres;1 de enero de 2019;223.309
5 años;Hombres;1 de enero de 2018;235.210
5 años;Hombres;1 de enero de 2017;242.372
5 años;Hombres;1 de enero de 2016;246.754
5 años;Hombres;1 de enero de 2015;252.871
5 años;Mujeres;1 de enero de 2025;187.713
5 años;Mujeres;1 de enero de 2024;193.808
5 años;Mujeres;1 de enero de 2023;202.169
5 años;Mujeres;1 de enero de 2022;208.530
5 años;Mujeres;1 de enero de 2021;213.103
5 años;Mujeres;1 de enero de 2020;214.493
5 años;Mujeres;1 de enero de 2019;210.860
5 años;Mujeres;1 de enero de 2018;221.195
5 años;Mujeres;1 de enero de 2017;227.815
5 años;Mujeres;1 de enero de 2016;232.057
5 años;Mujeres;1 de enero de 2015;236.381
6 años;Total;1 de enero de 2025;405.639
6 años;Total;1 de enero de 2024;424.211
6 años;Total;1 de enero de 2023;438.743
6 años;Total;1 de enero de 2022;441.425
6 años;Total;1 de enero de 2021;446.171
6 años;Total;1 de enero de 2020;439.571
6 años;Total;1 de enero de 2019;460.283
6 años;Total;1 de enero de 2018;471.630
6 años;Total;1 de enero de 2017;479.332
6 años;Total;1 de enero de 2016;488.618
6 años;Total;1 de enero de 2015;514.910
6 años;Hombres;1 de enero de 2025;208.082
6 años;Hombres;1 de enero de 2024;218.432
6 años;Hombres;1 de enero de 2023;225.565
6 años;Hombres;1 de enero de 2022;226.950
6 años;Hombres;1 de enero de 2021;230.208
6 años;Hombres;1 de enero de 2020;226.211
6 años;Hombres;1 de enero de 2019;237.191
6 años;Hombres;1 de enero de 2018;243.136
6 años;Hombres;1 de enero de 2017;246.938
6 años;Hombres;1 de enero de 2016;252.459
6 años;Hombres;1 de enero de 2015;265.879
6 años;Mujeres;1 de enero de 2025;197.557
6 años;Mujeres;1 de enero de 2024;205.779
6 años;Mujeres;1 de enero de 2023;213.178
6 años;Mujeres;1 de enero de 2022;214.475
6 años;Mujeres;1 de enero de 2021;215.963
6 años;Mujeres;1 de enero de 2020;213.360
6 años;Mujeres;1 de enero de 2019;223.092
6 años;Mujeres;1 de enero de 2018;228.494
6 años;Mujeres;1 de enero de 2017;232.394
6 años;Mujeres;1 de enero de 2016;236.159
6 años;Mujeres;1 de enero de 2015;249.031
7 años;Total;1 de enero de 2025;432.715
7 años;Total;1 de enero de 2024;446.861
7 años;Total;1 de enero de 2023;451.249
7 años;Total;1 de enero de 2022;449.533
7 años;Total;1 de enero de 2021;442.202
7 años;Total;1 de enero de 2020;465.474
7 años;Total;1 de enero de 2019;474.308
7 años;Total;1 de enero de 2018;481.032
7 años;Total;1 de enero de 2017;489.006
7 años;Total;1 de enero de 2016;513.948
7 años;Total;1 de enero de 2015;496.466
7 años;Hombres;1 de enero de 2025;222.606
7 años;Hombres;1 de enero de 2024;229.829
7 años;Hombres;1 de enero de 2023;231.943
7 años;Hombres;1 de enero de 2022;231.916
7 años;Hombres;1 de enero de 2021;227.475
7 años;Hombres;1 de enero de 2020;239.855
7 años;Hombres;1 de enero de 2019;244.459
7 años;Hombres;1 de enero de 2018;247.766
7 años;Hombres;1 de enero de 2017;252.680
7 años;Hombres;1 de enero de 2016;265.312
7 años;Hombres;1 de enero de 2015;255.863
7 años;Mujeres;1 de enero de 2025;210.109
7 años;Mujeres;1 de enero de 2024;217.032
7 años;Mujeres;1 de enero de 2023;219.306
7 años;Mujeres;1 de enero de 2022;217.617
7 años;Mujeres;1 de enero de 2021;214.727
7 años;Mujeres;1 de enero de 2020;225.619
7 años;Mujeres;1 de enero de 2019;229.849
7 años;Mujeres;1 de enero de 2018;233.266
7 años;Mujeres;1 de enero de 2017;236.326
7 años;Mujeres;1 de enero de 2016;248.636
7 años;Mujeres;1 de enero de 2015;240.603
8 años;Total;1 de enero de 2025;456.068
8 años;Total;1 de enero de 2024;459.387
8 años;Total;1 de enero de 2023;459.468
8 años;Total;1 de enero de 2022;445.467
8 años;Total;1 de enero de 2021;468.404
8 años;Total;1 de enero de 2020;478.925
8 años;Total;1 de enero de 2019;484.421
8 años;Total;1 de enero de 2018;490.850
8 años;Total;1 de enero de 2017;513.996
8 años;Total;1 de enero de 2016;495.794
8 años;Total;1 de enero de 2015;493.269
8 años;Hombres;1 de enero de 2025;234.365
8 años;Hombres;1 de enero de 2024;236.185
8 años;Hombres;1 de enero de 2023;236.850
8 años;Hombres;1 de enero de 2022;229.166
8 años;Hombres;1 de enero de 2021;241.358
8 años;Hombres;1 de enero de 2020;246.839
8 años;Hombres;1 de enero de 2019;249.437
8 años;Hombres;1 de enero de 2018;253.529
8 años;Hombres;1 de enero de 2017;265.168
8 años;Hombres;1 de enero de 2016;255.524
8 años;Hombres;1 de enero de 2015;254.152
8 años;Mujeres;1 de enero de 2025;221.703
8 años;Mujeres;1 de enero de 2024;223.202
8 años;Mujeres;1 de enero de 2023;222.618
8 años;Mujeres;1 de enero de 2022;216.301
8 años;Mujeres;1 de enero de 2021;227.046
8 años;Mujeres;1 de enero de 2020;232.086
8 años;Mujeres;1 de enero de 2019;234.984
8 años;Mujeres;1 de enero de 2018;237.321
8 años;Mujeres;1 de enero de 2017;248.828
8 años;Mujeres;1 de enero de 2016;240.270
8 años;Mujeres;1 de enero de 2015;239.117
9 años;Total;1 de enero de 2025;468.748
9 años;Total;1 de enero de 2024;467.865
9 años;Total;1 de enero de 2023;455.480
9 años;Total;1 de enero de 2022;471.776
9 años;Total;1 de enero de 2021;481.121
9 años;Total;1 de enero de 2020;489.664
9 años;Total;1 de enero de 2019;494.122
9 años;Total;1 de enero de 2018;515.333
9 años;Total;1 de enero de 2017;496.182
9 años;Total;1 de enero de 2016;493.013
9 años;Total;1 de enero de 2015;483.484
9 años;Hombres;1 de enero de 2025;240.803
9 años;Hombres;1 de enero de 2024;241.196
9 años;Hombres;1 de enero de 2023;234.395
9 años;Hombres;1 de enero de 2022;243.217
9 años;Hombres;1 de enero de 2021;247.973
9 años;Hombres;1 de enero de 2020;252.071
9 años;Hombres;1 de enero de 2019;255.220
9 años;Hombres;1 de enero de 2018;265.772
9 años;Hombres;1 de enero de 2017;255.751
9 años;Hombres;1 de enero de 2016;254.008
9 años;Hombres;1 de enero de 2015;248.254
9 años;Mujeres;1 de enero de 2025;227.945
9 años;Mujeres;1 de enero de 2024;226.669
9 años;Mujeres;1 de enero de 2023;221.085
9 años;Mujeres;1 de enero de 2022;228.559
9 años;Mujeres;1 de enero de 2021;233.148
9 años;Mujeres;1 de enero de 2020;237.593
9 años;Mujeres;1 de enero de 2019;238.902
9 años;Mujeres;1 de enero de 2018;249.561
9 años;Mujeres;1 de enero de 2017;240.431
9 años;Mujeres;1 de enero de 2016;239.005
9 años;Mujeres;1 de enero de 2015;235.230
10 años;Total;1 de enero de 2025;477.242
10 años;Total;1 de enero de 2024;463.658
10 años;Total;1 de enero de 2023;481.625
10 años;Total;1 de enero de 2022;484.090
10 años;Total;1 de enero de 2021;492.448
10 años;Total;1 de enero de 2020;498.810
10 años;Total;1 de enero de 2019;518.046
10 años;Total;1 de enero de 2018;497.529
10 años;Total;1 de enero de 2017;493.515
10 años;Total;1 de enero de 2016;483.290
10 años;Total;1 de enero de 2015;478.842
10 años;Hombres;1 de enero de 2025;245.729
10 años;Hombres;1 de enero de 2024;238.599
10 años;Hombres;1 de enero de 2023;248.245
10 años;Hombres;1 de enero de 2022;249.494
10 años;Hombres;1 de enero de 2021;253.436
10 años;Hombres;1 de enero de 2020;257.653
10 años;Hombres;1 de enero de 2019;267.188
10 años;Hombres;1 de enero de 2018;256.352
10 años;Hombres;1 de enero de 2017;254.255
10 años;Hombres;1 de enero de 2016;248.051
10 años;Hombres;1 de enero de 2015;246.621
10 años;Mujeres;1 de enero de 2025;231.513
10 años;Mujeres;1 de enero de 2024;225.059
10 años;Mujeres;1 de enero de 2023;233.380
10 años;Mujeres;1 de enero de 2022;234.596
10 años;Mujeres;1 de enero de 2021;239.012
10 años;Mujeres;1 de enero de 2020;241.157
10 años;Mujeres;1 de enero de 2019;250.858
10 años;Mujeres;1 de enero de 2018;241.177
10 años;Mujeres;1 de enero de 2017;239.260
10 años;Mujeres;1 de enero de 2016;235.239
10 años;Mujeres;1 de enero de 2015;232.221
11 años;Total;1 de enero de 2025;472.932
11 años;Total;1 de enero de 2024;489.754
11 años;Total;1 de enero de 2023;493.302
11 años;Total;1 de enero de 2022;495.311
11 años;Total;1 de enero de 2021;501.097
11 años;Total;1 de enero de 2020;522.118
11 años;Total;1 de enero de 2019;499.839
11 años;Total;1 de enero de 2018;494.975
11 años;Total;1 de enero de 2017;484.017
11 años;Total;1 de enero de 2016;478.484
11 años;Total;1 de enero de 2015;470.373
11 años;Hombres;1 de enero de 2025;243.192
11 años;Hombres;1 de enero de 2024;252.477
11 años;Hombres;1 de enero de 2023;254.156
11 años;Hombres;1 de enero de 2022;254.912
11 años;Hombres;1 de enero de 2021;258.781
11 años;Hombres;1 de enero de 2020;269.139
11 años;Hombres;1 de enero de 2019;257.481
11 años;Hombres;1 de enero de 2018;254.866
11 años;Hombres;1 de enero de 2017;248.285
11 años;Hombres;1 de enero de 2016;246.436
11 años;Hombres;1 de enero de 2015;241.100
11 años;Mujeres;1 de enero de 2025;229.740
11 años;Mujeres;1 de enero de 2024;237.277
11 años;Mujeres;1 de enero de 2023;239.146
11 años;Mujeres;1 de enero de 2022;240.399
11 años;Mujeres;1 de enero de 2021;242.316
11 años;Mujeres;1 de enero de 2020;252.979
11 años;Mujeres;1 de enero de 2019;242.358
11 años;Mujeres;1 de enero de 2018;240.109
11 años;Mujeres;1 de enero de 2017;235.732
11 años;Mujeres;1 de enero de 2016;232.048
11 años;Mujeres;1 de enero de 2015;229.273
12 años;Total;1 de enero de 2025;499.324
12 años;Total;1 de enero de 2024;501.525
12 años;Total;1 de enero de 2023;504.865
12 años;Total;1 de enero de 2022;503.800
12 años;Total;1 de enero de 2021;524.181
12 años;Total;1 de enero de 2020;503.523
12 años;Total;1 de enero de 2019;497.422
12 años;Total;1 de enero de 2018;485.588
12 años;Total;1 de enero de 2017;479.307
12 años;Total;1 de enero de 2016;470.268
12 años;Total;1 de enero de 2015;452.543
12 años;Hombres;1 de enero de 2025;257.360
12 años;Hombres;1 de enero de 2024;258.423
12 años;Hombres;1 de enero de 2023;259.729
12 años;Hombres;1 de enero de 2022;260.062
12 años;Hombres;1 de enero de 2021;270.212
12 años;Hombres;1 de enero de 2020;259.364
12 años;Hombres;1 de enero de 2019;256.028
12 años;Hombres;1 de enero de 2018;249.011
12 años;Hombres;1 de enero de 2017;246.768
12 años;Hombres;1 de enero de 2016;240.953
12 años;Hombres;1 de enero de 2015;232.620
12 años;Mujeres;1 de enero de 2025;241.964
12 años;Mujeres;1 de enero de 2024;243.102
12 años;Mujeres;1 de enero de 2023;245.136
12 años;Mujeres;1 de enero de 2022;243.738
12 años;Mujeres;1 de enero de 2021;253.969
12 años;Mujeres;1 de enero de 2020;244.159
12 años;Mujeres;1 de enero de 2019;241.394
12 años;Mujeres;1 de enero de 2018;236.577
12 años;Mujeres;1 de enero de 2017;232.539
12 años;Mujeres;1 de enero de 2016;229.315
12 años;Mujeres;1 de enero de 2015;219.923
13 años;Total;1 de enero de 2025;511.119
13 años;Total;1 de enero de 2024;512.816
13 años;Total;1 de enero de 2023;513.178
13 años;Total;1 de enero de 2022;526.652
13 años;Total;1 de enero de 2021;505.220
13 años;Total;1 de enero de 2020;501.449
13 años;Total;1 de enero de 2019;488.288
13 años;Total;1 de enero de 2018;481.200
13 años;Total;1 de enero de 2017;471.410
13 años;Total;1 de enero de 2016;452.940
13 años;Total;1 de enero de 2015;449.693
13 años;Hombres;1 de enero de 2025;263.431
13 años;Hombres;1 de enero de 2024;263.927
13 años;Hombres;1 de enero de 2023;264.723
13 años;Hombres;1 de enero de 2022;271.426
13 años;Hombres;1 de enero de 2021;260.118
13 años;Hombres;1 de enero de 2020;257.981
13 años;Hombres;1 de enero de 2019;250.338
13 años;Hombres;1 de enero de 2018;247.650
13 años;Hombres;1 de enero de 2017;241.622
13 años;Hombres;1 de enero de 2016;232.808
13 años;Hombres;1 de enero de 2015;230.592
13 años;Mujeres;1 de enero de 2025;247.688
13 años;Mujeres;1 de enero de 2024;248.889
13 años;Mujeres;1 de enero de 2023;248.455
13 años;Mujeres;1 de enero de 2022;255.226
13 años;Mujeres;1 de enero de 2021;245.102
13 años;Mujeres;1 de enero de 2020;243.468
13 años;Mujeres;1 de enero de 2019;237.950
13 años;Mujeres;1 de enero de 2018;233.550
13 años;Mujeres;1 de enero de 2017;229.788
13 años;Mujeres;1 de enero de 2016;220.132
13 años;Mujeres;1 de enero de 2015;219.101
14 años;Total;1 de enero de 2025;522.305
14 años;Total;1 de enero de 2024;520.919
14 años;Total;1 de enero de 2023;536.032
14 años;Total;1 de enero de 2022;508.120
14 años;Total;1 de enero de 2021;503.302
14 años;Total;1 de enero de 2020;492.303
14 años;Total;1 de enero de 2019;484.219
14 años;Total;1 de enero de 2018;473.355
14 años;Total;1 de enero de 2017;454.197
14 años;Total;1 de enero de 2016;450.268
14 años;Total;1 de enero de 2015;449.714
14 años;Hombres;1 de enero de 2025;268.856
14 años;Hombres;1 de enero de 2024;268.810
14 años;Hombres;1 de enero de 2023;276.257
14 años;Hombres;1 de enero de 2022;261.643
14 años;Hombres;1 de enero de 2021;258.861
14 años;Hombres;1 de enero de 2020;252.429
14 años;Hombres;1 de enero de 2019;249.183
14 años;Hombres;1 de enero de 2018;242.527
14 años;Hombres;1 de enero de 2017;233.491
14 años;Hombres;1 de enero de 2016;230.816
14 años;Hombres;1 de enero de 2015;232.187
14 años;Mujeres;1 de enero de 2025;253.449
14 años;Mujeres;1 de enero de 2024;252.109
14 años;Mujeres;1 de enero de 2023;259.775
14 años;Mujeres;1 de enero de 2022;246.477
14 años;Mujeres;1 de enero de 2021;244.441
14 años;Mujeres;1 de enero de 2020;239.874
14 años;Mujeres;1 de enero de 2019;235.036
14 años;Mujeres;1 de enero de 2018;230.828
14 años;Mujeres;1 de enero de 2017;220.706
14 años;Mujeres;1 de enero de 2016;219.452
14 años;Mujeres;1 de enero de 2015;217.527
15 años;Total;1 de enero de 2025;530.839
15 años;Total;1 de enero de 2024;544.213
15 años;Total;1 de enero de 2023;517.340
15 años;Total;1 de enero de 2022;507.660
15 años;Total;1 de enero de 2021;494.337
15 años;Total;1 de enero de 2020;488.876
15 años;Total;1 de enero de 2019;476.672
15 años;Total;1 de enero de 2018;456.605
15 años;Total;1 de enero de 2017;451.784
15 años;Total;1 de enero de 2016;450.465
15 años;Total;1 de enero de 2015;439.140
15 años;Hombres;1 de enero de 2025;274.054
15 años;Hombres;1 de enero de 2024;280.624
15 años;Hombres;1 de enero de 2023;266.390
15 años;Hombres;1 de enero de 2022;261.191
15 años;Hombres;1 de enero de 2021;253.470
15 años;Hombres;1 de enero de 2020;251.611
15 años;Hombres;1 de enero de 2019;244.354
15 años;Hombres;1 de enero de 2018;234.820
15 años;Hombres;1 de enero de 2017;231.673
15 años;Hombres;1 de enero de 2016;232.536
15 años;Hombres;1 de enero de 2015;225.374
15 años;Mujeres;1 de enero de 2025;256.785
15 años;Mujeres;1 de enero de 2024;263.589
15 años;Mujeres;1 de enero de 2023;250.950
15 años;Mujeres;1 de enero de 2022;246.469
15 años;Mujeres;1 de enero de 2021;240.867
15 años;Mujeres;1 de enero de 2020;237.265
15 años;Mujeres;1 de enero de 2019;232.318
15 años;Mujeres;1 de enero de 2018;221.785
15 años;Mujeres;1 de enero de 2017;220.111
15 años;Mujeres;1 de enero de 2016;217.929
15 años;Mujeres;1 de enero de 2015;213.766
16 años;Total;1 de enero de 2025;551.743
16 años;Total;1 de enero de 2024;525.524
16 años;Total;1 de enero de 2023;516.015
16 años;Total;1 de enero de 2022;498.216
16 años;Total;1 de enero de 2021;491.181
16 años;Total;1 de enero de 2020;481.683
16 años;Total;1 de enero de 2019;460.587
16 años;Total;1 de enero de 2018;454.307
16 años;Total;1 de enero de 2017;452.389
16 años;Total;1 de enero de 2016;439.888
16 años;Total;1 de enero de 2015;426.068
16 años;Hombres;1 de enero de 2025;285.192
16 años;Hombres;1 de enero de 2024;271.109
16 años;Hombres;1 de enero de 2023;265.790
16 años;Hombres;1 de enero de 2022;255.856
16 años;Hombres;1 de enero de 2021;252.882
16 años;Hombres;1 de enero de 2020;247.308
16 años;Hombres;1 de enero de 2019;237.187
16 años;Hombres;1 de enero de 2018;233.105
16 años;Hombres;1 de enero de 2017;233.573
16 años;Hombres;1 de enero de 2016;225.884
16 años;Hombres;1 de enero de 2015;220.158
16 años;Mujeres;1 de enero de 2025;266.551
16 años;Mujeres;1 de enero de 2024;254.415
16 años;Mujeres;1 de enero de 2023;250.225
16 años;Mujeres;1 de enero de 2022;242.360
16 años;Mujeres;1 de enero de 2021;238.299
16 años;Mujeres;1 de enero de 2020;234.375
16 años;Mujeres;1 de enero de 2019;223.400
16 años;Mujeres;1 de enero de 2018;221.202
16 años;Mujeres;1 de enero de 2017;218.816
16 años;Mujeres;1 de enero de 2016;214.004
16 años;Mujeres;1 de enero de 2015;205.910
17 años;Total;1 de enero de 2025;534.300
17 años;Total;1 de enero de 2024;525.072
17 años;Total;1 de enero de 2023;507.614
17 años;Total;1 de enero de 2022;495.222
17 años;Total;1 de enero de 2021;484.505
17 años;Total;1 de enero de 2020;466.637
17 años;Total;1 de enero de 2019;459.199
17 años;Total;1 de enero de 2018;455.618
17 años;Total;1 de enero de 2017;441.973
17 años;Total;1 de enero de 2016;426.879
17 años;Total;1 de enero de 2015;429.727
17 años;Hombres;1 de enero de 2025;277.237
17 años;Hombres;1 de enero de 2024;271.465
17 años;Hombres;1 de enero de 2023;261.546
17 años;Hombres;1 de enero de 2022;255.694
17 años;Hombres;1 de enero de 2021;249.083
17 años;Hombres;1 de enero de 2020;241.195
17 años;Hombres;1 de enero de 2019;236.309
17 años;Hombres;1 de enero de 2018;235.508
17 años;Hombres;1 de enero de 2017;227.103
17 años;Hombres;1 de enero de 2016;220.750
17 años;Hombres;1 de enero de 2015;221.031
17 años;Mujeres;1 de enero de 2025;257.063
17 años;Mujeres;1 de enero de 2024;253.607
17 años;Mujeres;1 de enero de 2023;246.068
17 años;Mujeres;1 de enero de 2022;239.528
17 años;Mujeres;1 de enero de 2021;235.422
17 años;Mujeres;1 de enero de 2020;225.442
17 años;Mujeres;1 de enero de 2019;222.890
17 años;Mujeres;1 de enero de 2018;220.110
17 años;Mujeres;1 de enero de 2017;214.870
17 años;Mujeres;1 de enero de 2016;206.129
17 años;Mujeres;1 de enero de 2015;208.696
18 años;Total;1 de enero de 2025;541.048
18 años;Total;1 de enero de 2024;522.425
18 años;Total;1 de enero de 2023;511.311
18 años;Total;1 de enero de 2022;492.728
18 años;Total;1 de enero de 2021;471.635
18 años;Total;1 de enero de 2020;469.208
18 años;Total;1 de enero de 2019;464.001
18 años;Total;1 de enero de 2018;447.660
18 años;Total;1 de enero de 2017;430.366
18 años;Total;1 de enero de 2016;432.518
18 años;Total;1 de enero de 2015;426.831
18 años;Hombres;1 de enero de 2025;281.081
18 años;Hombres;1 de enero de 2024;269.774
18 años;Hombres;1 de enero de 2023;264.715
18 años;Hombres;1 de enero de 2022;254.065
18 años;Hombres;1 de enero de 2021;244.164
18 años;Hombres;1 de enero de 2020;242.310
18 años;Hombres;1 de enero de 2019;240.320
18 años;Hombres;1 de enero de 2018;230.244
18 años;Hombres;1 de enero de 2017;222.604
18 años;Hombres;1 de enero de 2016;222.393
18 años;Hombres;1 de enero de 2015;219.201
18 años;Mujeres;1 de enero de 2025;259.967
18 años;Mujeres;1 de enero de 2024;252.651
18 años;Mujeres;1 de enero de 2023;246.596
18 años;Mujeres;1 de enero de 2022;238.663
18 años;Mujeres;1 de enero de 2021;227.471
18 años;Mujeres;1 de enero de 2020;226.898
18 años;Mujeres;1 de enero de 2019;223.681
18 años;Mujeres;1 de enero de 2018;217.416
18 años;Mujeres;1 de enero de 2017;207.762
18 años;Mujeres;1 de enero de 2016;210.125
18 años;Mujeres;1 de enero de 2015;207.630
19 años;Total;1 de enero de 2025;539.336
19 años;Total;1 de enero de 2024;527.634
19 años;Total;1 de enero de 2023;510.526
19 años;Total;1 de enero de 2022;481.717
19 años;Total;1 de enero de 2021;475.624
19 años;Total;1 de enero de 2020;475.903
19 años;Total;1 de enero de 2019;456.943
19 años;Total;1 de enero de 2018;437.152
19 años;Total;1 de enero de 2017;437.113
19 años;Total;1 de enero de 2016;429.868
19 años;Total;1 de enero de 2015;428.165
19 años;Hombres;1 de enero de 2025;278.792
19 años;Hombres;1 de enero de 2024;272.939
19 años;Hombres;1 de enero de 2023;262.996
19 años;Hombres;1 de enero de 2022;249.580
19 años;Hombres;1 de enero de 2021;245.663
19 años;Hombres;1 de enero de 2020;246.580
19 años;Hombres;1 de enero de 2019;235.000
19 años;Hombres;1 de enero de 2018;225.943
19 años;Hombres;1 de enero de 2017;224.531
19 años;Hombres;1 de enero de 2016;220.598
19 años;Hombres;1 de enero de 2015;220.607
19 años;Mujeres;1 de enero de 2025;260.544
19 años;Mujeres;1 de enero de 2024;254.695
19 años;Mujeres;1 de enero de 2023;247.530
19 años;Mujeres;1 de enero de 2022;232.137
19 años;Mujeres;1 de enero de 2021;229.961
19 años;Mujeres;1 de enero de 2020;229.323
19 años;Mujeres;1 de enero de 2019;221.943
19 años;Mujeres;1 de enero de 2018;211.209
19 años;Mujeres;1 de enero de 2017;212.582
19 años;Mujeres;1 de enero de 2016;209.270
19 años;Mujeres;1 de enero de 2015;207.558
20 años;Total;1 de enero de 2025;542.720
20 años;Total;1 de enero de 2024;525.418
20 años;Total;1 de enero de 2023;499.051
20 años;Total;1 de enero de 2022;483.514
20 años;Total;1 de enero de 2021;482.248
20 años;Total;1 de enero de 2020;469.003
20 años;Total;1 de enero de 2019;446.571
20 años;Total;1 de enero de 2018;444.769
20 años;Total;1 de enero de 2017;434.667
20 años;Total;1 de enero de 2016;431.707
20 años;Total;1 de enero de 2015;435.816
20 años;Hombres;1 de enero de 2025;281.012
20 años;Hombres;1 de enero de 2024;270.317
20 años;Hombres;1 de enero de 2023;258.128
20 años;Hombres;1 de enero de 2022;249.637
20 años;Hombres;1 de enero de 2021;249.644
20 años;Hombres;1 de enero de 2020;240.937
20 años;Hombres;1 de enero de 2019;230.479
20 años;Hombres;1 de enero de 2018;228.045
20 años;Hombres;1 de enero de 2017;222.663
20 años;Hombres;1 de enero de 2016;221.974
20 años;Hombres;1 de enero de 2015;223.908
20 años;Mujeres;1 de enero de 2025;261.708
20 años;Mujeres;1 de enero de 2024;255.101
20 años;Mujeres;1 de enero de 2023;240.923
20 años;Mujeres;1 de enero de 2022;233.877
20 años;Mujeres;1 de enero de 2021;232.604
20 años;Mujeres;1 de enero de 2020;228.066
20 años;Mujeres;1 de enero de 2019;216.092
20 años;Mujeres;1 de enero de 2018;216.724
20 años;Mujeres;1 de enero de 2017;212.004
20 años;Mujeres;1 de enero de 2016;209.733
20 años;Mujeres;1 de enero de 2015;211.908
21 años;Total;1 de enero de 2025;541.011
21 años;Total;1 de enero de 2024;514.156
21 años;Total;1 de enero de 2023;500.702
21 años;Total;1 de enero de 2022;489.872
21 años;Total;1 de enero de 2021;475.310
21 años;Total;1 de enero de 2020;458.957
21 años;Total;1 de enero de 2019;455.234
21 años;Total;1 de enero de 2018;442.602
21 años;Total;1 de enero de 2017;436.716
21 años;Total;1 de enero de 2016;439.439
21 años;Total;1 de enero de 2015;454.958
21 años;Hombres;1 de enero de 2025;278.747
21 años;Hombres;1 de enero de 2024;265.604
21 años;Hombres;1 de enero de 2023;258.220
21 años;Hombres;1 de enero de 2022;253.579
21 años;Hombres;1 de enero de 2021;244.035
21 años;Hombres;1 de enero de 2020;236.660
21 años;Hombres;1 de enero de 2019;233.038
21 años;Hombres;1 de enero de 2018;226.152
21 años;Hombres;1 de enero de 2017;224.079
21 años;Hombres;1 de enero de 2016;225.295
21 años;Hombres;1 de enero de 2015;232.928
21 años;Mujeres;1 de enero de 2025;262.264
21 años;Mujeres;1 de enero de 2024;248.552
21 años;Mujeres;1 de enero de 2023;242.482
21 años;Mujeres;1 de enero de 2022;236.293
21 años;Mujeres;1 de enero de 2021;231.275
21 años;Mujeres;1 de enero de 2020;222.297
21 años;Mujeres;1 de enero de 2019;222.196
21 años;Mujeres;1 de enero de 2018;216.450
21 años;Mujeres;1 de enero de 2017;212.637
21 años;Mujeres;1 de enero de 2016;214.144
21 años;Mujeres;1 de enero de 2015;222.030
22 años;Total;1 de enero de 2025;530.297
22 años;Total;1 de enero de 2024;517.077
22 años;Total;1 de enero de 2023;508.918
22 años;Total;1 de enero de 2022;482.286
22 años;Total;1 de enero de 2021;465.844
22 años;Total;1 de enero de 2020;469.018
22 años;Total;1 de enero de 2019;453.859
22 años;Total;1 de enero de 2018;445.540
22 años;Total;1 de enero de 2017;444.454
22 años;Total;1 de enero de 2016;458.523
22 años;Total;1 de enero de 2015;472.588
22 años;Hombres;1 de enero de 2025;274.271
22 años;Hombres;1 de enero de 2024;266.211
22 años;Hombres;1 de enero de 2023;262.775
22 años;Hombres;1 de enero de 2022;247.459
22 años;Hombres;1 de enero de 2021;239.801
22 años;Hombres;1 de enero de 2020;239.675
22 años;Hombres;1 de enero de 2019;231.390
22 años;Hombres;1 de enero de 2018;227.877
22 años;Hombres;1 de enero de 2017;227.218
22 años;Hombres;1 de enero de 2016;234.242
22 años;Hombres;1 de enero de 2015;240.612
22 años;Mujeres;1 de enero de 2025;256.026
22 años;Mujeres;1 de enero de 2024;250.866
22 años;Mujeres;1 de enero de 2023;246.143
22 años;Mujeres;1 de enero de 2022;234.827
22 años;Mujeres;1 de enero de 2021;226.043
22 años;Mujeres;1 de enero de 2020;229.343
22 años;Mujeres;1 de enero de 2019;222.469
22 años;Mujeres;1 de enero de 2018;217.663
22 años;Mujeres;1 de enero de 2017;217.236
22 años;Mujeres;1 de enero de 2016;224.281
22 años;Mujeres;1 de enero de 2015;231.976
23 años;Total;1 de enero de 2025;534.266
23 años;Total;1 de enero de 2024;526.390
23 años;Total;1 de enero de 2023;501.369
23 años;Total;1 de enero de 2022;472.856
23 años;Total;1 de enero de 2021;477.031
23 años;Total;1 de enero de 2020;468.354
23 años;Total;1 de enero de 2019;458.215
23 años;Total;1 de enero de 2018;453.952
23 años;Total;1 de enero de 2017;463.887
23 años;Total;1 de enero de 2016;476.243
23 años;Total;1 de enero de 2015;474.433
23 años;Hombres;1 de enero de 2025;275.246
23 años;Hombres;1 de enero de 2024;271.243
23 años;Hombres;1 de enero de 2023;256.872
23 años;Hombres;1 de enero de 2022;243.217
23 años;Hombres;1 de enero de 2021;243.573
23 años;Hombres;1 de enero de 2020;238.424
23 años;Hombres;1 de enero de 2019;233.721
23 años;Hombres;1 de enero de 2018;231.344
23 años;Hombres;1 de enero de 2017;236.350
23 años;Hombres;1 de enero de 2016;241.867
23 años;Hombres;1 de enero de 2015;241.244
23 años;Mujeres;1 de enero de 2025;259.020
23 años;Mujeres;1 de enero de 2024;255.147
23 años;Mujeres;1 de enero de 2023;244.497
23 años;Mujeres;1 de enero de 2022;229.639
23 años;Mujeres;1 de enero de 2021;233.458
23 años;Mujeres;1 de enero de 2020;229.930
23 años;Mujeres;1 de enero de 2019;224.494
23 años;Mujeres;1 de enero de 2018;222.608
23 años;Mujeres;1 de enero de 2017;227.537
23 años;Mujeres;1 de enero de 2016;234.376
23 años;Mujeres;1 de enero de 2015;233.189
24 años;Total;1 de enero de 2025;545.337
24 años;Total;1 de enero de 2024;519.720
24 años;Total;1 de enero de 2023;492.950
24 años;Total;1 de enero de 2022;483.702
24 años;Total;1 de enero de 2021;476.079
24 años;Total;1 de enero de 2020;473.997
24 años;Total;1 de enero de 2019;467.308
24 años;Total;1 de enero de 2018;473.546
24 años;Total;1 de enero de 2017;481.596
24 años;Total;1 de enero de 2016;477.800
24 años;Total;1 de enero de 2015;484.860
24 años;Hombres;1 de enero de 2025;281.504
24 años;Hombres;1 de enero de 2024;266.212
24 años;Hombres;1 de enero de 2023;253.109
24 años;Hombres;1 de enero de 2022;247.100
24 años;Hombres;1 de enero de 2021;242.207
24 años;Hombres;1 de enero de 2020;241.628
24 años;Hombres;1 de enero de 2019;237.639
24 años;Hombres;1 de enero de 2018;240.689
24 años;Hombres;1 de enero de 2017;244.280
24 años;Hombres;1 de enero de 2016;242.513
24 años;Hombres;1 de enero de 2015;245.234
24 años;Mujeres;1 de enero de 2025;263.833
24 años;Mujeres;1 de enero de 2024;253.508
24 años;Mujeres;1 de enero de 2023;239.841
24 años;Mujeres;1 de enero de 2022;236.602
24 años;Mujeres;1 de enero de 2021;233.872
24 años;Mujeres;1 de enero de 2020;232.369
24 años;Mujeres;1 de enero de 2019;229.669
24 años;Mujeres;1 de enero de 2018;232.857
24 años;Mujeres;1 de enero de 2017;237.316
24 años;Mujeres;1 de enero de 2016;235.287
24 años;Mujeres;1 de enero de 2015;239.626
25 años;Total;1 de enero de 2025;538.328
25 años;Total;1 de enero de 2024;511.085
25 años;Total;1 de enero de 2023;504.965
25 años;Total;1 de enero de 2022;482.585
25 años;Total;1 de enero de 2021;482.112
25 años;Total;1 de enero de 2020;483.500
25 años;Total;1 de enero de 2019;487.082
25 años;Total;1 de enero de 2018;491.087
25 años;Total;1 de enero de 2017;483.148
25 años;Total;1 de enero de 2016;488.028
25 años;Total;1 de enero de 2015;499.099
25 años;Hombres;1 de enero de 2025;276.534
25 años;Hombres;1 de enero de 2024;262.384
25 años;Hombres;1 de enero de 2023;257.588
25 años;Hombres;1 de enero de 2022;245.778
25 años;Hombres;1 de enero de 2021;245.547
25 años;Hombres;1 de enero de 2020;245.707
25 años;Hombres;1 de enero de 2019;247.206
25 años;Hombres;1 de enero de 2018;248.583
25 años;Hombres;1 de enero de 2017;244.871
25 años;Hombres;1 de enero de 2016;246.319
25 años;Hombres;1 de enero de 2015;251.446
25 años;Mujeres;1 de enero de 2025;261.794
25 años;Mujeres;1 de enero de 2024;248.701
25 años;Mujeres;1 de enero de 2023;247.377
25 años;Mujeres;1 de enero de 2022;236.807
25 años;Mujeres;1 de enero de 2021;236.565
25 años;Mujeres;1 de enero de 2020;237.793
25 años;Mujeres;1 de enero de 2019;239.876
25 años;Mujeres;1 de enero de 2018;242.504
25 años;Mujeres;1 de enero de 2017;238.277
25 años;Mujeres;1 de enero de 2016;241.709
25 años;Mujeres;1 de enero de 2015;247.653
26 años;Total;1 de enero de 2025;530.132
26 años;Total;1 de enero de 2024;523.868
26 años;Total;1 de enero de 2023;503.929
26 años;Total;1 de enero de 2022;488.819
26 años;Total;1 de enero de 2021;492.226
26 años;Total;1 de enero de 2020;503.087
26 años;Total;1 de enero de 2019;504.272
26 años;Total;1 de enero de 2018;492.577
26 años;Total;1 de enero de 2017;493.187
26 años;Total;1 de enero de 2016;501.542
26 años;Total;1 de enero de 2015;513.657
26 años;Hombres;1 de enero de 2025;272.989
26 años;Hombres;1 de enero de 2024;267.232
26 años;Hombres;1 de enero de 2023;256.337
26 años;Hombres;1 de enero de 2022;249.076
26 años;Hombres;1 de enero de 2021;250.196
26 años;Hombres;1 de enero de 2020;255.477
26 años;Hombres;1 de enero de 2019;255.124
26 años;Hombres;1 de enero de 2018;249.280
26 años;Hombres;1 de enero de 2017;248.646
26 años;Hombres;1 de enero de 2016;252.454
26 años;Hombres;1 de enero de 2015;257.842
26 años;Mujeres;1 de enero de 2025;257.143
26 años;Mujeres;1 de enero de 2024;256.636
26 años;Mujeres;1 de enero de 2023;247.592
26 años;Mujeres;1 de enero de 2022;239.743
26 años;Mujeres;1 de enero de 2021;242.030
26 años;Mujeres;1 de enero de 2020;247.610
26 años;Mujeres;1 de enero de 2019;249.148
26 años;Mujeres;1 de enero de 2018;243.297
26 años;Mujeres;1 de enero de 2017;244.541
26 años;Mujeres;1 de enero de 2016;249.088
26 años;Mujeres;1 de enero de 2015;255.815
27 años;Total;1 de enero de 2025;542.646
27 años;Total;1 de enero de 2024;522.784
27 años;Total;1 de enero de 2023;510.027
27 años;Total;1 de enero de 2022;498.237
27 años;Total;1 de enero de 2021;511.441
27 años;Total;1 de enero de 2020;519.510
27 años;Total;1 de enero de 2019;504.929
27 años;Total;1 de enero de 2018;501.995
27 años;Total;1 de enero de 2017;506.048
27 años;Total;1 de enero de 2016;515.391
27 años;Total;1 de enero de 2015;526.579
27 años;Hombres;1 de enero de 2025;277.608
27 años;Hombres;1 de enero de 2024;265.894
27 años;Hombres;1 de enero de 2023;259.688
27 años;Hombres;1 de enero de 2022;253.322
27 años;Hombres;1 de enero de 2021;259.689
27 años;Hombres;1 de enero de 2020;262.919
27 años;Hombres;1 de enero de 2019;255.557
27 años;Hombres;1 de enero de 2018;252.901
27 años;Hombres;1 de enero de 2017;254.522
27 años;Hombres;1 de enero de 2016;258.465
27 años;Hombres;1 de enero de 2015;263.808
27 años;Mujeres;1 de enero de 2025;265.038
27 años;Mujeres;1 de enero de 2024;256.890
27 años;Mujeres;1 de enero de 2023;250.339
27 años;Mujeres;1 de enero de 2022;244.915
27 años;Mujeres;1 de enero de 2021;251.752
27 años;Mujeres;1 de enero de 2020;256.591
27 años;Mujeres;1 de enero de 2019;249.372
27 años;Mujeres;1 de enero de 2018;249.094
27 años;Mujeres;1 de enero de 2017;251.526
27 años;Mujeres;1 de enero de 2016;256.926
27 años;Mujeres;1 de enero de 2015;262.771
28 años;Total;1 de enero de 2025;540.956
28 años;Total;1 de enero de 2024;528.614
28 años;Total;1 de enero de 2023;518.897
28 años;Total;1 de enero de 2022;516.337
28 años;Total;1 de enero de 2021;527.352
28 años;Total;1 de enero de 2020;519.500
28 años;Total;1 de enero de 2019;514.285
28 años;Total;1 de enero de 2018;513.992
28 años;Total;1 de enero de 2017;519.310
28 años;Total;1 de enero de 2016;527.456
28 años;Total;1 de enero de 2015;545.306
28 años;Hombres;1 de enero de 2025;276.154
28 años;Hombres;1 de enero de 2024;269.105
28 años;Hombres;1 de enero de 2023;263.513
28 años;Hombres;1 de enero de 2022;262.305
28 años;Hombres;1 de enero de 2021;266.880
28 años;Hombres;1 de enero de 2020;263.092
28 años;Hombres;1 de enero de 2019;259.150
28 años;Hombres;1 de enero de 2018;258.301
28 años;Hombres;1 de enero de 2017;260.188
28 años;Hombres;1 de enero de 2016;263.846
28 años;Hombres;1 de enero de 2015;272.334
28 años;Mujeres;1 de enero de 2025;264.802
28 años;Mujeres;1 de enero de 2024;259.509
28 años;Mujeres;1 de enero de 2023;255.384
28 años;Mujeres;1 de enero de 2022;254.032
28 años;Mujeres;1 de enero de 2021;260.472
28 años;Mujeres;1 de enero de 2020;256.408
28 años;Mujeres;1 de enero de 2019;255.135
28 años;Mujeres;1 de enero de 2018;255.691
28 años;Mujeres;1 de enero de 2017;259.122
28 años;Mujeres;1 de enero de 2016;263.610
28 años;Mujeres;1 de enero de 2015;272.972
29 años;Total;1 de enero de 2025;545.909
29 años;Total;1 de enero de 2024;537.277
29 años;Total;1 de enero de 2023;535.654
29 años;Total;1 de enero de 2022;532.003
29 años;Total;1 de enero de 2021;526.720
29 años;Total;1 de enero de 2020;528.459
29 años;Total;1 de enero de 2019;525.521
29 años;Total;1 de enero de 2018;526.286
29 años;Total;1 de enero de 2017;530.744
29 años;Total;1 de enero de 2016;545.620
29 años;Total;1 de enero de 2015;567.532
29 años;Hombres;1 de enero de 2025;278.755
29 años;Hombres;1 de enero de 2024;273.054
29 años;Hombres;1 de enero de 2023;271.644
29 años;Hombres;1 de enero de 2022;269.428
29 años;Hombres;1 de enero de 2021;266.912
29 años;Hombres;1 de enero de 2020;266.520
29 años;Hombres;1 de enero de 2019;263.980
29 años;Hombres;1 de enero de 2018;263.601
29 años;Hombres;1 de enero de 2017;265.357
29 años;Hombres;1 de enero de 2016;272.217
29 años;Hombres;1 de enero de 2015;284.178
29 años;Mujeres;1 de enero de 2025;267.154
29 años;Mujeres;1 de enero de 2024;264.223
29 años;Mujeres;1 de enero de 2023;264.010
29 años;Mujeres;1 de enero de 2022;262.575
29 años;Mujeres;1 de enero de 2021;259.808
29 años;Mujeres;1 de enero de 2020;261.939
29 años;Mujeres;1 de enero de 2019;261.541
29 años;Mujeres;1 de enero de 2018;262.685
29 años;Mujeres;1 de enero de 2017;265.387
29 años;Mujeres;1 de enero de 2016;273.403
29 años;Mujeres;1 de enero de 2015;283.354
30 años;Total;1 de enero de 2025;554.625
30 años;Total;1 de enero de 2024;552.617
30 años;Total;1 de enero de 2023;550.920
30 años;Total;1 de enero de 2022;531.042
30 años;Total;1 de enero de 2021;535.612
30 años;Total;1 de enero de 2020;538.964
30 años;Total;1 de enero de 2019;537.524
30 años;Total;1 de enero de 2018;536.930
30 años;Total;1 de enero de 2017;547.975
30 años;Total;1 de enero de 2016;567.517
30 años;Total;1 de enero de 2015;594.234
30 años;Hombres;1 de enero de 2025;282.602
30 años;Hombres;1 de enero de 2024;280.434
30 años;Hombres;1 de enero de 2023;278.630
30 años;Hombres;1 de enero de 2022;269.215
30 años;Hombres;1 de enero de 2021;270.274
30 años;Hombres;1 de enero de 2020;270.851
30 años;Hombres;1 de enero de 2019;269.464
30 años;Hombres;1 de enero de 2018;268.468
30 años;Hombres;1 de enero de 2017;273.287
30 años;Hombres;1 de enero de 2016;283.929
30 años;Hombres;1 de enero de 2015;297.618
30 años;Mujeres;1 de enero de 2025;272.023
30 años;Mujeres;1 de enero de 2024;272.183
30 años;Mujeres;1 de enero de 2023;272.290
30 años;Mujeres;1 de enero de 2022;261.827
30 años;Mujeres;1 de enero de 2021;265.338
30 años;Mujeres;1 de enero de 2020;268.113
30 años;Mujeres;1 de enero de 2019;268.060
30 años;Mujeres;1 de enero de 2018;268.462
30 años;Mujeres;1 de enero de 2017;274.688
30 años;Mujeres;1 de enero de 2016;283.588
30 años;Mujeres;1 de enero de 2015;296.616
31 años;Total;1 de enero de 2025;569.020
31 años;Total;1 de enero de 2024;567.596
31 años;Total;1 de enero de 2023;549.577
31 años;Total;1 de enero de 2022;539.464
31 años;Total;1 de enero de 2021;545.673
31 años;Total;1 de enero de 2020;550.429
31 años;Total;1 de enero de 2019;546.897
31 años;Total;1 de enero de 2018;553.325
31 años;Total;1 de enero de 2017;569.602
31 años;Total;1 de enero de 2016;593.372
31 años;Total;1 de enero de 2015;617.792
31 años;Hombres;1 de enero de 2025;289.448
31 años;Hombres;1 de enero de 2024;287.049
31 años;Hombres;1 de enero de 2023;278.189
31 años;Hombres;1 de enero de 2022;272.307
31 años;Hombres;1 de enero de 2021;274.358
31 años;Hombres;1 de enero de 2020;276.087
31 años;Hombres;1 de enero de 2019;273.632
31 años;Hombres;1 de enero de 2018;275.833
31 años;Hombres;1 de enero de 2017;284.751
31 años;Hombres;1 de enero de 2016;296.890
31 años;Hombres;1 de enero de 2015;310.167
31 años;Mujeres;1 de enero de 2025;279.572
31 años;Mujeres;1 de enero de 2024;280.547
31 años;Mujeres;1 de enero de 2023;271.388
31 años;Mujeres;1 de enero de 2022;267.157
31 años;Mujeres;1 de enero de 2021;271.315
31 años;Mujeres;1 de enero de 2020;274.342
31 años;Mujeres;1 de enero de 2019;273.265
31 años;Mujeres;1 de enero de 2018;277.492
31 años;Mujeres;1 de enero de 2017;284.851
31 años;Mujeres;1 de enero de 2016;296.482
31 años;Mujeres;1 de enero de 2015;307.625
32 años;Total;1 de enero de 2025;583.227
32 años;Total;1 de enero de 2024;564.815
32 años;Total;1 de enero de 2023;557.026
32 años;Total;1 de enero de 2022;548.764
32 años;Total;1 de enero de 2021;556.926
32 años;Total;1 de enero de 2020;558.534
32 años;Total;1 de enero de 2019;562.320
32 años;Total;1 de enero de 2018;574.084
32 años;Total;1 de enero de 2017;595.160
32 años;Total;1 de enero de 2016;617.012
32 años;Total;1 de enero de 2015;657.554
32 años;Hombres;1 de enero de 2025;295.847
32 años;Hombres;1 de enero de 2024;286.021
32 años;Hombres;1 de enero de 2023;280.693
32 años;Hombres;1 de enero de 2022;275.809
32 años;Hombres;1 de enero de 2021;279.411
32 años;Hombres;1 de enero de 2020;279.697
32 años;Hombres;1 de enero de 2019;280.478
32 años;Hombres;1 de enero de 2018;286.723
32 años;Hombres;1 de enero de 2017;297.582
32 años;Hombres;1 de enero de 2016;309.353
32 años;Hombres;1 de enero de 2015;331.099
32 años;Mujeres;1 de enero de 2025;287.380
32 años;Mujeres;1 de enero de 2024;278.794
32 años;Mujeres;1 de enero de 2023;276.333
32 años;Mujeres;1 de enero de 2022;272.955
32 años;Mujeres;1 de enero de 2021;277.515
32 años;Mujeres;1 de enero de 2020;278.837
32 años;Mujeres;1 de enero de 2019;281.842
32 años;Mujeres;1 de enero de 2018;287.361
32 años;Mujeres;1 de enero de 2017;297.578
32 años;Mujeres;1 de enero de 2016;307.659
32 años;Mujeres;1 de enero de 2015;326.455
33 años;Total;1 de enero de 2025;579.789
33 años;Total;1 de enero de 2024;572.619
33 años;Total;1 de enero de 2023;565.983
33 años;Total;1 de enero de 2022;559.340
33 años;Total;1 de enero de 2021;564.503
33 años;Total;1 de enero de 2020;573.090
33 años;Total;1 de enero de 2019;582.482
33 años;Total;1 de enero de 2018;599.051
33 años;Total;1 de enero de 2017;618.074
33 años;Total;1 de enero de 2016;656.065
33 años;Total;1 de enero de 2015;689.532
33 años;Hombres;1 de enero de 2025;294.169
33 años;Hombres;1 de enero de 2024;288.620
33 años;Hombres;1 de enero de 2023;284.117
33 años;Hombres;1 de enero de 2022;280.453
33 años;Hombres;1 de enero de 2021;282.820
33 años;Hombres;1 de enero de 2020;285.923
33 años;Hombres;1 de enero de 2019;290.857
33 años;Hombres;1 de enero de 2018;299.367
33 años;Hombres;1 de enero de 2017;309.668
33 años;Hombres;1 de enero de 2016;329.957
33 años;Hombres;1 de enero de 2015;348.566
33 años;Mujeres;1 de enero de 2025;285.620
33 años;Mujeres;1 de enero de 2024;283.999
33 años;Mujeres;1 de enero de 2023;281.866
33 años;Mujeres;1 de enero de 2022;278.887
33 años;Mujeres;1 de enero de 2021;281.683
33 años;Mujeres;1 de enero de 2020;287.167
33 años;Mujeres;1 de enero de 2019;291.625
33 años;Mujeres;1 de enero de 2018;299.684
33 años;Mujeres;1 de enero de 2017;308.406
33 años;Mujeres;1 de enero de 2016;326.108
33 años;Mujeres;1 de enero de 2015;340.966
34 años;Total;1 de enero de 2025;587.025
34 años;Total;1 de enero de 2024;580.753
34 años;Total;1 de enero de 2023;575.973
34 años;Total;1 de enero de 2022;566.682
34 años;Total;1 de enero de 2021;578.945
34 años;Total;1 de enero de 2020;593.051
34 años;Total;1 de enero de 2019;606.552
34 años;Total;1 de enero de 2018;621.184
34 años;Total;1 de enero de 2017;656.780
34 años;Total;1 de enero de 2016;687.594
34 años;Total;1 de enero de 2015;726.794
34 años;Hombres;1 de enero de 2025;296.446
34 años;Hombres;1 de enero de 2024;291.510
34 años;Hombres;1 de enero de 2023;288.457
34 años;Hombres;1 de enero de 2022;283.984
34 años;Hombres;1 de enero de 2021;288.865
34 años;Hombres;1 de enero de 2020;296.145
34 años;Hombres;1 de enero de 2019;303.076
34 años;Hombres;1 de enero de 2018;310.886
34 años;Hombres;1 de enero de 2017;330.065
34 años;Hombres;1 de enero de 2016;347.285
34 años;Hombres;1 de enero de 2015;368.204
34 años;Mujeres;1 de enero de 2025;290.579
34 años;Mujeres;1 de enero de 2024;289.243
34 años;Mujeres;1 de enero de 2023;287.516
34 años;Mujeres;1 de enero de 2022;282.698
34 años;Mujeres;1 de enero de 2021;290.080
34 años;Mujeres;1 de enero de 2020;296.906
34 años;Mujeres;1 de enero de 2019;303.476
34 años;Mujeres;1 de enero de 2018;310.298
34 años;Mujeres;1 de enero de 2017;326.715
34 años;Mujeres;1 de enero de 2016;340.309
34 años;Mujeres;1 de enero de 2015;358.590
35 años;Total;1 de enero de 2025;594.234
35 años;Total;1 de enero de 2024;589.822
35 años;Total;1 de enero de 2023;582.479
35 años;Total;1 de enero de 2022;580.872
35 años;Total;1 de enero de 2021;598.460
35 años;Total;1 de enero de 2020;616.615
35 años;Total;1 de enero de 2019;628.229
35 años;Total;1 de enero de 2018;659.405
35 años;Total;1 de enero de 2017;688.019
35 años;Total;1 de enero de 2016;724.589
35 años;Total;1 de enero de 2015;750.305
35 años;Hombres;1 de enero de 2025;298.939
35 años;Hombres;1 de enero de 2024;295.467
35 años;Hombres;1 de enero de 2023;291.210
35 años;Hombres;1 de enero de 2022;289.648
35 años;Hombres;1 de enero de 2021;298.834
35 años;Hombres;1 de enero de 2020;308.087
35 años;Hombres;1 de enero de 2019;314.249
35 años;Hombres;1 de enero de 2018;331.032
35 años;Hombres;1 de enero de 2017;347.141
35 años;Hombres;1 de enero de 2016;366.593
35 años;Hombres;1 de enero de 2015;380.441
35 años;Mujeres;1 de enero de 2025;295.295
35 años;Mujeres;1 de enero de 2024;294.355
35 años;Mujeres;1 de enero de 2023;291.269
35 años;Mujeres;1 de enero de 2022;291.224
35 años;Mujeres;1 de enero de 2021;299.626
35 años;Mujeres;1 de enero de 2020;308.528
35 años;Mujeres;1 de enero de 2019;313.980
35 años;Mujeres;1 de enero de 2018;328.373
35 años;Mujeres;1 de enero de 2017;340.878
35 años;Mujeres;1 de enero de 2016;357.996
35 años;Mujeres;1 de enero de 2015;369.864
36 años;Total;1 de enero de 2025;602.862
36 años;Total;1 de enero de 2024;596.284
36 años;Total;1 de enero de 2023;595.609
36 años;Total;1 de enero de 2022;600.216
36 años;Total;1 de enero de 2021;621.758
36 años;Total;1 de enero de 2020;637.522
36 años;Total;1 de enero de 2019;665.875
36 años;Total;1 de enero de 2018;690.712
36 años;Total;1 de enero de 2017;724.992
36 años;Total;1 de enero de 2016;748.009
36 años;Total;1 de enero de 2015;786.532
36 años;Hombres;1 de enero de 2025;302.641
36 años;Hombres;1 de enero de 2024;298.027
36 años;Hombres;1 de enero de 2023;296.284
36 años;Hombres;1 de enero de 2022;299.564
36 años;Hombres;1 de enero de 2021;310.677
36 años;Hombres;1 de enero de 2020;318.861
36 años;Hombres;1 de enero de 2019;334.065
36 años;Hombres;1 de enero de 2018;348.127
36 años;Hombres;1 de enero de 2017;366.377
36 años;Hombres;1 de enero de 2016;378.902
36 años;Hombres;1 de enero de 2015;400.902
36 años;Mujeres;1 de enero de 2025;300.221
36 años;Mujeres;1 de enero de 2024;298.257
36 años;Mujeres;1 de enero de 2023;299.325
36 años;Mujeres;1 de enero de 2022;300.652
36 años;Mujeres;1 de enero de 2021;311.081
36 años;Mujeres;1 de enero de 2020;318.661
36 años;Mujeres;1 de enero de 2019;331.810
36 años;Mujeres;1 de enero de 2018;342.585
36 años;Mujeres;1 de enero de 2017;358.615
36 años;Mujeres;1 de enero de 2016;369.107
36 años;Mujeres;1 de enero de 2015;385.630
37 años;Total;1 de enero de 2025;608.299
37 años;Total;1 de enero de 2024;608.529
37 años;Total;1 de enero de 2023;614.539
37 años;Total;1 de enero de 2022;623.210
37 años;Total;1 de enero de 2021;642.557
37 años;Total;1 de enero de 2020;674.479
37 años;Total;1 de enero de 2019;696.761
37 años;Total;1 de enero de 2018;726.580
37 años;Total;1 de enero de 2017;747.805
37 años;Total;1 de enero de 2016;784.127
37 años;Total;1 de enero de 2015;798.979
37 años;Hombres;1 de enero de 2025;304.664
37 años;Hombres;1 de enero de 2024;302.844
37 años;Hombres;1 de enero de 2023;306.067
37 años;Hombres;1 de enero de 2022;311.142
37 años;Hombres;1 de enero de 2021;321.401
37 años;Hombres;1 de enero de 2020;338.236
37 años;Hombres;1 de enero de 2019;350.924
37 años;Hombres;1 de enero de 2018;366.775
37 años;Hombres;1 de enero de 2017;378.404
37 años;Hombres;1 de enero de 2016;399.232
37 años;Hombres;1 de enero de 2015;408.949
37 años;Mujeres;1 de enero de 2025;303.635
37 años;Mujeres;1 de enero de 2024;305.685
37 años;Mujeres;1 de enero de 2023;308.472
37 años;Mujeres;1 de enero de 2022;312.068
37 años;Mujeres;1 de enero de 2021;321.156
37 años;Mujeres;1 de enero de 2020;336.243
37 años;Mujeres;1 de enero de 2019;345.837
37 años;Mujeres;1 de enero de 2018;359.805
37 años;Mujeres;1 de enero de 2017;369.401
37 años;Mujeres;1 de enero de 2016;384.895
37 años;Mujeres;1 de enero de 2015;390.030
38 años;Total;1 de enero de 2025;619.875
38 años;Total;1 de enero de 2024;626.277
38 años;Total;1 de enero de 2023;636.381
38 años;Total;1 de enero de 2022;643.936
38 años;Total;1 de enero de 2021;678.878
38 años;Total;1 de enero de 2020;704.459
38 años;Total;1 de enero de 2019;732.194
38 años;Total;1 de enero de 2018;748.835
38 años;Total;1 de enero de 2017;783.525
38 años;Total;1 de enero de 2016;796.430
38 años;Total;1 de enero de 2015;814.016
38 años;Hombres;1 de enero de 2025;309.115
38 años;Hombres;1 de enero de 2024;311.846
38 años;Hombres;1 de enero de 2023;316.872
38 años;Hombres;1 de enero de 2022;321.936
38 años;Hombres;1 de enero de 2021;340.343
38 años;Hombres;1 de enero de 2020;354.503
38 años;Hombres;1 de enero de 2019;369.319
38 años;Hombres;1 de enero de 2018;378.443
38 años;Hombres;1 de enero de 2017;398.239
38 años;Hombres;1 de enero de 2016;407.148
38 años;Hombres;1 de enero de 2015;415.538
38 años;Mujeres;1 de enero de 2025;310.760
38 años;Mujeres;1 de enero de 2024;314.431
38 años;Mujeres;1 de enero de 2023;319.509
38 años;Mujeres;1 de enero de 2022;322.000
38 años;Mujeres;1 de enero de 2021;338.535
38 años;Mujeres;1 de enero de 2020;349.956
38 años;Mujeres;1 de enero de 2019;362.875
38 años;Mujeres;1 de enero de 2018;370.392
38 años;Mujeres;1 de enero de 2017;385.286
38 años;Mujeres;1 de enero de 2016;389.282
38 años;Mujeres;1 de enero de 2015;398.478
39 años;Total;1 de enero de 2025;636.872
39 años;Total;1 de enero de 2024;647.887
39 años;Total;1 de enero de 2023;656.590
39 años;Total;1 de enero de 2022;679.909
39 años;Total;1 de enero de 2021;708.224
39 años;Total;1 de enero de 2020;739.487
39 años;Total;1 de enero de 2019;753.390
39 años;Total;1 de enero de 2018;784.126
39 años;Total;1 de enero de 2017;795.438
39 años;Total;1 de enero de 2016;811.594
39 años;Total;1 de enero de 2015;809.157
39 años;Hombres;1 de enero de 2025;317.434
39 años;Hombres;1 de enero de 2024;322.319
39 años;Hombres;1 de enero de 2023;327.420
39 años;Hombres;1 de enero de 2022;340.484
39 años;Hombres;1 de enero de 2021;356.268
39 años;Hombres;1 de enero de 2020;372.760
39 años;Hombres;1 de enero de 2019;380.259
39 años;Hombres;1 de enero de 2018;397.920
39 años;Hombres;1 de enero de 2017;406.035
39 años;Hombres;1 de enero de 2016;413.692
39 años;Hombres;1 de enero de 2015;414.219
39 años;Mujeres;1 de enero de 2025;319.438
39 años;Mujeres;1 de enero de 2024;325.568
39 años;Mujeres;1 de enero de 2023;329.170
39 años;Mujeres;1 de enero de 2022;339.425
39 años;Mujeres;1 de enero de 2021;351.956
39 años;Mujeres;1 de enero de 2020;366.727
39 años;Mujeres;1 de enero de 2019;373.131
39 años;Mujeres;1 de enero de 2018;386.206
39 años;Mujeres;1 de enero de 2017;389.403
39 años;Mujeres;1 de enero de 2016;397.902
39 años;Mujeres;1 de enero de 2015;394.938
40 años;Total;1 de enero de 2025;657.661
40 años;Total;1 de enero de 2024;667.210
40 años;Total;1 de enero de 2023;691.759
40 años;Total;1 de enero de 2022;708.842
40 años;Total;1 de enero de 2021;742.702
40 años;Total;1 de enero de 2020;759.967
40 años;Total;1 de enero de 2019;787.883
40 años;Total;1 de enero de 2018;795.672
40 años;Total;1 de enero de 2017;810.344
40 años;Total;1 de enero de 2016;806.257
40 años;Total;1 de enero de 2015;803.698
40 años;Hombres;1 de enero de 2025;327.321
40 años;Hombres;1 de enero de 2024;332.436
40 años;Hombres;1 de enero de 2023;345.547
40 años;Hombres;1 de enero de 2022;356.151
40 años;Hombres;1 de enero de 2021;374.273
40 años;Hombres;1 de enero de 2020;383.201
40 años;Hombres;1 de enero de 2019;399.259
40 años;Hombres;1 de enero de 2018;405.455
40 años;Hombres;1 de enero de 2017;412.499
40 años;Hombres;1 de enero de 2016;412.268
40 años;Hombres;1 de enero de 2015;410.484
40 años;Mujeres;1 de enero de 2025;330.340
40 años;Mujeres;1 de enero de 2024;334.774
40 años;Mujeres;1 de enero de 2023;346.212
40 años;Mujeres;1 de enero de 2022;352.691
40 años;Mujeres;1 de enero de 2021;368.429
40 años;Mujeres;1 de enero de 2020;376.766
40 años;Mujeres;1 de enero de 2019;388.624
40 años;Mujeres;1 de enero de 2018;390.217
40 años;Mujeres;1 de enero de 2017;397.845
40 años;Mujeres;1 de enero de 2016;393.989
40 años;Mujeres;1 de enero de 2015;393.214
41 años;Total;1 de enero de 2025;675.794
41 años;Total;1 de enero de 2024;701.831
41 años;Total;1 de enero de 2023;719.685
41 años;Total;1 de enero de 2022;742.824
41 años;Total;1 de enero de 2021;762.849
41 años;Total;1 de enero de 2020;793.597
41 años;Total;1 de enero de 2019;798.635
41 años;Total;1 de enero de 2018;810.239
41 años;Total;1 de enero de 2017;805.001
41 años;Total;1 de enero de 2016;800.752
41 años;Total;1 de enero de 2015;783.654
41 años;Hombres;1 de enero de 2025;336.686
41 años;Hombres;1 de enero de 2024;350.331
41 años;Hombres;1 de enero de 2023;360.609
41 años;Hombres;1 de enero de 2022;373.841
41 años;Hombres;1 de enero de 2021;384.404
41 años;Hombres;1 de enero de 2020;401.696
41 años;Hombres;1 de enero de 2019;406.364
41 años;Hombres;1 de enero de 2018;411.754
41 años;Hombres;1 de enero de 2017;410.986
41 años;Hombres;1 de enero de 2016;408.345
41 años;Hombres;1 de enero de 2015;400.373
41 años;Mujeres;1 de enero de 2025;339.108
41 años;Mujeres;1 de enero de 2024;351.500
41 años;Mujeres;1 de enero de 2023;359.076
41 años;Mujeres;1 de enero de 2022;368.983
41 años;Mujeres;1 de enero de 2021;378.445
41 años;Mujeres;1 de enero de 2020;391.901
41 años;Mujeres;1 de enero de 2019;392.271
41 años;Mujeres;1 de enero de 2018;398.485
41 años;Mujeres;1 de enero de 2017;394.015
41 años;Mujeres;1 de enero de 2016;392.407
41 años;Mujeres;1 de enero de 2015;383.281
42 años;Total;1 de enero de 2025;709.711
42 años;Total;1 de enero de 2024;728.518
42 años;Total;1 de enero de 2023;752.774
42 años;Total;1 de enero de 2022;762.944
42 años;Total;1 de enero de 2021;796.015
42 años;Total;1 de enero de 2020;803.511
42 años;Total;1 de enero de 2019;812.759
42 años;Total;1 de enero de 2018;804.505
42 años;Total;1 de enero de 2017;799.428
42 años;Total;1 de enero de 2016;780.892
42 años;Total;1 de enero de 2015;780.482
42 años;Hombres;1 de enero de 2025;354.257
42 años;Hombres;1 de enero de 2024;364.650
42 años;Hombres;1 de enero de 2023;377.916
42 años;Hombres;1 de enero de 2022;384.028
42 años;Hombres;1 de enero de 2021;402.611
42 años;Hombres;1 de enero de 2020;408.318
42 años;Hombres;1 de enero de 2019;412.429
42 años;Hombres;1 de enero de 2018;409.950
42 años;Hombres;1 de enero de 2017;407.086
42 años;Hombres;1 de enero de 2016;398.318
42 años;Hombres;1 de enero de 2015;398.535
42 años;Mujeres;1 de enero de 2025;355.454
42 años;Mujeres;1 de enero de 2024;363.868
42 años;Mujeres;1 de enero de 2023;374.858
42 años;Mujeres;1 de enero de 2022;378.916
42 años;Mujeres;1 de enero de 2021;393.404
42 años;Mujeres;1 de enero de 2020;395.193
42 años;Mujeres;1 de enero de 2019;400.330
42 años;Mujeres;1 de enero de 2018;394.555
42 años;Mujeres;1 de enero de 2017;392.342
42 años;Mujeres;1 de enero de 2016;382.574
42 años;Mujeres;1 de enero de 2015;381.947
43 años;Total;1 de enero de 2025;736.060
43 años;Total;1 de enero de 2024;761.112
43 años;Total;1 de enero de 2023;771.629
43 años;Total;1 de enero de 2022;795.337
43 años;Total;1 de enero de 2021;805.438
43 años;Total;1 de enero de 2020;817.226
43 años;Total;1 de enero de 2019;806.577
43 años;Total;1 de enero de 2018;799.068
43 años;Total;1 de enero de 2017;779.370
43 años;Total;1 de enero de 2016;777.541
43 años;Total;1 de enero de 2015;767.018
43 años;Hombres;1 de enero de 2025;368.226
43 años;Hombres;1 de enero de 2024;381.506
43 años;Hombres;1 de enero de 2023;387.343
43 años;Hombres;1 de enero de 2022;401.675
43 años;Hombres;1 de enero de 2021;409.024
43 años;Hombres;1 de enero de 2020;414.116
43 años;Hombres;1 de enero de 2019;410.380
43 años;Hombres;1 de enero de 2018;406.071
43 años;Hombres;1 de enero de 2017;397.019
43 años;Hombres;1 de enero de 2016;396.304
43 años;Hombres;1 de enero de 2015;390.696
43 años;Mujeres;1 de enero de 2025;367.834
43 años;Mujeres;1 de enero de 2024;379.606
43 años;Mujeres;1 de enero de 2023;384.286
43 años;Mujeres;1 de enero de 2022;393.662
43 años;Mujeres;1 de enero de 2021;396.414
43 años;Mujeres;1 de enero de 2020;403.110
43 años;Mujeres;1 de enero de 2019;396.197
43 años;Mujeres;1 de enero de 2018;392.997
43 años;Mujeres;1 de enero de 2017;382.351
43 años;Mujeres;1 de enero de 2016;381.237
43 años;Mujeres;1 de enero de 2015;376.322
44 años;Total;1 de enero de 2025;767.655
44 años;Total;1 de enero de 2024;779.284
44 años;Total;1 de enero de 2023;803.474
44 años;Total;1 de enero de 2022;805.028
44 años;Total;1 de enero de 2021;818.852
44 años;Total;1 de enero de 2020;810.634
44 años;Total;1 de enero de 2019;801.065
44 años;Total;1 de enero de 2018;778.765
44 años;Total;1 de enero de 2017;776.128
44 años;Total;1 de enero de 2016;764.513
44 años;Total;1 de enero de 2015;757.054
44 años;Hombres;1 de enero de 2025;384.491
44 años;Hombres;1 de enero de 2024;390.542
44 años;Hombres;1 de enero de 2023;404.745
44 años;Hombres;1 de enero de 2022;408.027
44 años;Hombres;1 de enero de 2021;414.486
44 años;Hombres;1 de enero de 2020;411.792
44 años;Hombres;1 de enero de 2019;406.453
44 años;Hombres;1 de enero de 2018;395.941
44 años;Hombres;1 de enero de 2017;394.938
44 años;Hombres;1 de enero de 2016;388.864
44 años;Hombres;1 de enero de 2015;385.359
44 años;Mujeres;1 de enero de 2025;383.164
44 años;Mujeres;1 de enero de 2024;388.742
44 años;Mujeres;1 de enero de 2023;398.729
44 años;Mujeres;1 de enero de 2022;397.001
44 años;Mujeres;1 de enero de 2021;404.366
44 años;Mujeres;1 de enero de 2020;398.842
44 años;Mujeres;1 de enero de 2019;394.612
44 años;Mujeres;1 de enero de 2018;382.824
44 años;Mujeres;1 de enero de 2017;381.190
44 años;Mujeres;1 de enero de 2016;375.649
44 años;Mujeres;1 de enero de 2015;371.695
45 años;Total;1 de enero de 2025;785.222
45 años;Total;1 de enero de 2024;810.553
45 años;Total;1 de enero de 2023;812.657
45 años;Total;1 de enero de 2022;818.348
45 años;Total;1 de enero de 2021;811.900
45 años;Total;1 de enero de 2020;804.630
45 años;Total;1 de enero de 2019;780.336
45 años;Total;1 de enero de 2018;775.268
45 años;Total;1 de enero de 2017;763.035
45 años;Total;1 de enero de 2016;754.484
45 años;Total;1 de enero de 2015;749.441
45 años;Hombres;1 de enero de 2025;392.991
45 años;Hombres;1 de enero de 2024;407.620
45 años;Hombres;1 de enero de 2023;410.843
45 años;Hombres;1 de enero de 2022;413.703
45 años;Hombres;1 de enero de 2021;412.081
45 años;Hombres;1 de enero de 2020;407.819
45 años;Hombres;1 de enero de 2019;396.081
45 años;Hombres;1 de enero de 2018;393.873
45 años;Hombres;1 de enero de 2017;387.429
45 años;Hombres;1 de enero de 2016;383.398
45 años;Hombres;1 de enero de 2015;379.744
45 años;Mujeres;1 de enero de 2025;392.231
45 años;Mujeres;1 de enero de 2024;402.933
45 años;Mujeres;1 de enero de 2023;401.814
45 años;Mujeres;1 de enero de 2022;404.645
45 años;Mujeres;1 de enero de 2021;399.819
45 años;Mujeres;1 de enero de 2020;396.811
45 años;Mujeres;1 de enero de 2019;384.255
45 años;Mujeres;1 de enero de 2018;381.395
45 años;Mujeres;1 de enero de 2017;375.606
45 años;Mujeres;1 de enero de 2016;371.086
45 años;Mujeres;1 de enero de 2015;369.697
46 años;Total;1 de enero de 2025;815.933
46 años;Total;1 de enero de 2024;819.361
46 años;Total;1 de enero de 2023;825.323
46 años;Total;1 de enero de 2022;811.642
46 años;Total;1 de enero de 2021;805.736
46 años;Total;1 de enero de 2020;783.868
46 años;Total;1 de enero de 2019;776.698
46 años;Total;1 de enero de 2018;762.289
46 años;Total;1 de enero de 2017;752.921
46 años;Total;1 de enero de 2016;746.699
46 años;Total;1 de enero de 2015;743.405
46 años;Hombres;1 de enero de 2025;409.827
46 años;Hombres;1 de enero de 2024;413.649
46 años;Hombres;1 de enero de 2023;416.290
46 años;Hombres;1 de enero de 2022;411.361
46 años;Hombres;1 de enero de 2021;407.886
46 años;Hombres;1 de enero de 2020;397.336
46 años;Hombres;1 de enero de 2019;393.890
46 años;Hombres;1 de enero de 2018;386.244
46 años;Hombres;1 de enero de 2017;381.925
46 años;Hombres;1 de enero de 2016;377.725
46 años;Hombres;1 de enero de 2015;376.113
46 años;Mujeres;1 de enero de 2025;406.106
46 años;Mujeres;1 de enero de 2024;405.712
46 años;Mujeres;1 de enero de 2023;409.033
46 años;Mujeres;1 de enero de 2022;400.281
46 años;Mujeres;1 de enero de 2021;397.850
46 años;Mujeres;1 de enero de 2020;386.532
46 años;Mujeres;1 de enero de 2019;382.808
46 años;Mujeres;1 de enero de 2018;376.045
46 años;Mujeres;1 de enero de 2017;370.996
46 años;Mujeres;1 de enero de 2016;368.974
46 años;Mujeres;1 de enero de 2015;367.292
47 años;Total;1 de enero de 2025;824.326
47 años;Total;1 de enero de 2024;831.237
47 años;Total;1 de enero de 2023;817.976
47 años;Total;1 de enero de 2022;804.906
47 años;Total;1 de enero de 2021;784.525
47 años;Total;1 de enero de 2020;779.529
47 años;Total;1 de enero de 2019;763.445
47 años;Total;1 de enero de 2018;751.947
47 años;Total;1 de enero de 2017;744.901
47 años;Total;1 de enero de 2016;740.731
47 años;Total;1 de enero de 2015;747.084
47 años;Hombres;1 de enero de 2025;415.611
47 años;Hombres;1 de enero de 2024;418.570
47 años;Hombres;1 de enero de 2023;413.579
47 años;Hombres;1 de enero de 2022;406.796
47 años;Hombres;1 de enero de 2021;397.228
47 años;Hombres;1 de enero de 2020;394.496
47 años;Hombres;1 de enero de 2019;386.150
47 años;Hombres;1 de enero de 2018;380.504
47 años;Hombres;1 de enero de 2017;376.232
47 años;Hombres;1 de enero de 2016;374.035
47 años;Hombres;1 de enero de 2015;376.511
47 años;Mujeres;1 de enero de 2025;408.715
47 años;Mujeres;1 de enero de 2024;412.667
47 años;Mujeres;1 de enero de 2023;404.397
47 años;Mujeres;1 de enero de 2022;398.110
47 años;Mujeres;1 de enero de 2021;387.297
47 años;Mujeres;1 de enero de 2020;385.033
47 años;Mujeres;1 de enero de 2019;377.295
47 años;Mujeres;1 de enero de 2018;371.443
47 años;Mujeres;1 de enero de 2017;368.669
47 años;Mujeres;1 de enero de 2016;366.696
47 años;Mujeres;1 de enero de 2015;370.573
48 años;Total;1 de enero de 2025;835.442
48 años;Total;1 de enero de 2024;822.998
48 años;Total;1 de enero de 2023;810.687
48 años;Total;1 de enero de 2022;783.881
48 años;Total;1 de enero de 2021;780.114
48 años;Total;1 de enero de 2020;766.110
48 años;Total;1 de enero de 2019;752.916
48 años;Total;1 de enero de 2018;743.479
48 años;Total;1 de enero de 2017;738.825
48 años;Total;1 de enero de 2016;744.500
48 años;Total;1 de enero de 2015;727.431
48 años;Hombres;1 de enero de 2025;420.017
48 años;Hombres;1 de enero de 2024;415.406
48 años;Hombres;1 de enero de 2023;408.632
48 años;Hombres;1 de enero de 2022;396.303
48 años;Hombres;1 de enero de 2021;394.186
48 años;Hombres;1 de enero de 2020;386.816
48 años;Hombres;1 de enero de 2019;380.234
48 años;Hombres;1 de enero de 2018;374.801
48 años;Hombres;1 de enero de 2017;372.312
48 años;Hombres;1 de enero de 2016;374.512
48 años;Hombres;1 de enero de 2015;366.328
48 años;Mujeres;1 de enero de 2025;415.425
48 años;Mujeres;1 de enero de 2024;407.592
48 años;Mujeres;1 de enero de 2023;402.055
48 años;Mujeres;1 de enero de 2022;387.578
48 años;Mujeres;1 de enero de 2021;385.928
48 años;Mujeres;1 de enero de 2020;379.294
48 años;Mujeres;1 de enero de 2019;372.682
48 años;Mujeres;1 de enero de 2018;368.678
48 años;Mujeres;1 de enero de 2017;366.513
48 años;Mujeres;1 de enero de 2016;369.988
48 años;Mujeres;1 de enero de 2015;361.103
49 años;Total;1 de enero de 2025;826.362
49 años;Total;1 de enero de 2024;815.470
49 años;Total;1 de enero de 2023;788.721
49 años;Total;1 de enero de 2022;779.486
49 años;Total;1 de enero de 2021;766.331
49 años;Total;1 de enero de 2020;755.165
49 años;Total;1 de enero de 2019;744.070
49 años;Total;1 de enero de 2018;737.234
49 años;Total;1 de enero de 2017;742.650
49 años;Total;1 de enero de 2016;725.186
49 años;Total;1 de enero de 2015;721.450
49 años;Hombres;1 de enero de 2025;416.365
49 años;Hombres;1 de enero de 2024;410.241
49 años;Hombres;1 de enero de 2023;397.587
49 años;Hombres;1 de enero de 2022;393.296
49 años;Hombres;1 de enero de 2021;386.392
49 años;Hombres;1 de enero de 2020;380.636
49 años;Hombres;1 de enero de 2019;374.366
49 años;Hombres;1 de enero de 2018;370.662
49 años;Hombres;1 de enero de 2017;372.929
49 años;Hombres;1 de enero de 2016;364.646
49 años;Hombres;1 de enero de 2015;361.590
49 años;Mujeres;1 de enero de 2025;409.997
49 años;Mujeres;1 de enero de 2024;405.229
49 años;Mujeres;1 de enero de 2023;391.134
49 años;Mujeres;1 de enero de 2022;386.190
49 años;Mujeres;1 de enero de 2021;379.939
49 años;Mujeres;1 de enero de 2020;374.529
49 años;Mujeres;1 de enero de 2019;369.704
49 años;Mujeres;1 de enero de 2018;366.572
49 años;Mujeres;1 de enero de 2017;369.721
49 años;Mujeres;1 de enero de 2016;360.540
49 años;Mujeres;1 de enero de 2015;359.860
50 años;Total;1 de enero de 2025;818.832
50 años;Total;1 de enero de 2024;793.396
50 años;Total;1 de enero de 2023;784.338
50 años;Total;1 de enero de 2022;765.803
50 años;Total;1 de enero de 2021;755.136
50 años;Total;1 de enero de 2020;745.904
50 años;Total;1 de enero de 2019;737.504
50 años;Total;1 de enero de 2018;741.057
50 años;Total;1 de enero de 2017;723.398
50 años;Total;1 de enero de 2016;718.913
50 años;Total;1 de enero de 2015;730.277
50 años;Hombres;1 de enero de 2025;411.241
50 años;Hombres;1 de enero de 2024;399.116
50 años;Hombres;1 de enero de 2023;394.484
50 años;Hombres;1 de enero de 2022;385.576
50 años;Hombres;1 de enero de 2021;380.041
50 años;Hombres;1 de enero de 2020;374.407
50 años;Hombres;1 de enero de 2019;369.897
50 años;Hombres;1 de enero de 2018;371.219
50 años;Hombres;1 de enero de 2017;363.059
50 años;Hombres;1 de enero de 2016;359.594
50 años;Hombres;1 de enero de 2015;365.295
50 años;Mujeres;1 de enero de 2025;407.591
50 años;Mujeres;1 de enero de 2024;394.280
50 años;Mujeres;1 de enero de 2023;389.854
50 años;Mujeres;1 de enero de 2022;380.227
50 años;Mujeres;1 de enero de 2021;375.095
50 años;Mujeres;1 de enero de 2020;371.497
50 años;Mujeres;1 de enero de 2019;367.607
50 años;Mujeres;1 de enero de 2018;369.838
50 años;Mujeres;1 de enero de 2017;360.339
50 años;Mujeres;1 de enero de 2016;359.319
50 años;Mujeres;1 de enero de 2015;364.982
51 años;Total;1 de enero de 2025;796.048
51 años;Total;1 de enero de 2024;788.292
51 años;Total;1 de enero de 2023;770.121
51 años;Total;1 de enero de 2022;754.374
51 años;Total;1 de enero de 2021;745.552
51 años;Total;1 de enero de 2020;738.851
51 años;Total;1 de enero de 2019;741.160
51 años;Total;1 de enero de 2018;721.949
51 años;Total;1 de enero de 2017;716.994
51 años;Total;1 de enero de 2016;727.569
51 años;Total;1 de enero de 2015;694.207
51 años;Hombres;1 de enero de 2025;399.462
51 años;Hombres;1 de enero de 2024;395.582
51 años;Hombres;1 de enero de 2023;386.474
51 años;Hombres;1 de enero de 2022;379.096
51 años;Hombres;1 de enero de 2021;373.637
51 años;Hombres;1 de enero de 2020;369.646
51 años;Hombres;1 de enero de 2019;370.361
51 años;Hombres;1 de enero de 2018;361.507
51 años;Hombres;1 de enero de 2017;357.961
51 años;Hombres;1 de enero de 2016;363.263
51 años;Hombres;1 de enero de 2015;347.159
51 años;Mujeres;1 de enero de 2025;396.586
51 años;Mujeres;1 de enero de 2024;392.710
51 años;Mujeres;1 de enero de 2023;383.647
51 años;Mujeres;1 de enero de 2022;375.278
51 años;Mujeres;1 de enero de 2021;371.915
51 años;Mujeres;1 de enero de 2020;369.205
51 años;Mujeres;1 de enero de 2019;370.799
51 años;Mujeres;1 de enero de 2018;360.442
51 años;Mujeres;1 de enero de 2017;359.033
51 años;Mujeres;1 de enero de 2016;364.306
51 años;Mujeres;1 de enero de 2015;347.048
52 años;Total;1 de enero de 2025;790.695
52 años;Total;1 de enero de 2024;773.539
52 años;Total;1 de enero de 2023;758.169
52 años;Total;1 de enero de 2022;744.642
52 años;Total;1 de enero de 2021;738.460
52 años;Total;1 de enero de 2020;742.400
52 años;Total;1 de enero de 2019;721.775
52 años;Total;1 de enero de 2018;715.306
52 años;Total;1 de enero de 2017;725.363
52 años;Total;1 de enero de 2016;691.357
52 años;Total;1 de enero de 2015;670.662
52 años;Hombres;1 de enero de 2025;395.914
52 años;Hombres;1 de enero de 2024;387.238
52 años;Hombres;1 de enero de 2023;379.656
52 años;Hombres;1 de enero de 2022;372.582
52 años;Hombres;1 de enero de 2021;368.766
52 años;Hombres;1 de enero de 2020;370.104
52 años;Hombres;1 de enero de 2019;360.498
52 años;Hombres;1 de enero de 2018;356.189
52 años;Hombres;1 de enero de 2017;361.432
52 años;Hombres;1 de enero de 2016;345.068
52 años;Hombres;1 de enero de 2015;334.049
52 años;Mujeres;1 de enero de 2025;394.781
52 años;Mujeres;1 de enero de 2024;386.301
52 años;Mujeres;1 de enero de 2023;378.513
52 años;Mujeres;1 de enero de 2022;372.060
52 años;Mujeres;1 de enero de 2021;369.694
52 años;Mujeres;1 de enero de 2020;372.296
52 años;Mujeres;1 de enero de 2019;361.277
52 años;Mujeres;1 de enero de 2018;359.117
52 años;Mujeres;1 de enero de 2017;363.931
52 años;Mujeres;1 de enero de 2016;346.289
52 años;Mujeres;1 de enero de 2015;336.613
53 años;Total;1 de enero de 2025;775.670
53 años;Total;1 de enero de 2024;761.187
53 años;Total;1 de enero de 2023;747.933
53 años;Total;1 de enero de 2022;736.906
53 años;Total;1 de enero de 2021;741.484
53 años;Total;1 de enero de 2020;722.726
53 años;Total;1 de enero de 2019;714.836
53 años;Total;1 de enero de 2018;723.509
53 años;Total;1 de enero de 2017;689.099
53 años;Total;1 de enero de 2016;667.960
53 años;Total;1 de enero de 2015;654.124
53 años;Hombres;1 de enero de 2025;387.320
53 años;Hombres;1 de enero de 2024;380.304
53 años;Hombres;1 de enero de 2023;373.092
53 años;Hombres;1 de enero de 2022;367.384
53 años;Hombres;1 de enero de 2021;368.945
53 años;Hombres;1 de enero de 2020;360.078
53 años;Hombres;1 de enero de 2019;355.079
53 años;Hombres;1 de enero de 2018;359.576
53 años;Hombres;1 de enero de 2017;343.154
53 años;Hombres;1 de enero de 2016;331.991
53 años;Hombres;1 de enero de 2015;324.655
53 años;Mujeres;1 de enero de 2025;388.350
53 años;Mujeres;1 de enero de 2024;380.883
53 años;Mujeres;1 de enero de 2023;374.841
53 años;Mujeres;1 de enero de 2022;369.522
53 años;Mujeres;1 de enero de 2021;372.539
53 años;Mujeres;1 de enero de 2020;362.648
53 años;Mujeres;1 de enero de 2019;359.757
53 años;Mujeres;1 de enero de 2018;363.933
53 años;Mujeres;1 de enero de 2017;345.945
53 años;Mujeres;1 de enero de 2016;335.969
53 años;Mujeres;1 de enero de 2015;329.469
54 años;Total;1 de enero de 2025;762.736
54 años;Total;1 de enero de 2024;750.347
54 años;Total;1 de enero de 2023;739.547
54 años;Total;1 de enero de 2022;740.070
54 años;Total;1 de enero de 2021;721.627
54 años;Total;1 de enero de 2020;715.490
54 años;Total;1 de enero de 2019;722.747
54 años;Total;1 de enero de 2018;687.291
54 años;Total;1 de enero de 2017;665.555
54 años;Total;1 de enero de 2016;651.183
54 años;Total;1 de enero de 2015;656.081
54 años;Hombres;1 de enero de 2025;380.076
54 años;Hombres;1 de enero de 2024;373.412
54 años;Hombres;1 de enero de 2023;367.586
54 años;Hombres;1 de enero de 2022;367.545
54 años;Hombres;1 de enero de 2021;358.729
54 años;Hombres;1 de enero de 2020;354.566
54 años;Hombres;1 de enero de 2019;358.337
54 años;Hombres;1 de enero de 2018;341.401
54 años;Hombres;1 de enero de 2017;329.981
54 años;Hombres;1 de enero de 2016;322.513
54 años;Hombres;1 de enero de 2015;325.206
54 años;Mujeres;1 de enero de 2025;382.660
54 años;Mujeres;1 de enero de 2024;376.935
54 años;Mujeres;1 de enero de 2023;371.961
54 años;Mujeres;1 de enero de 2022;372.525
54 años;Mujeres;1 de enero de 2021;362.898
54 años;Mujeres;1 de enero de 2020;360.924
54 años;Mujeres;1 de enero de 2019;364.410
54 años;Mujeres;1 de enero de 2018;345.890
54 años;Mujeres;1 de enero de 2017;335.574
54 años;Mujeres;1 de enero de 2016;328.670
54 años;Mujeres;1 de enero de 2015;330.875
55 años;Total;1 de enero de 2025;751.501
55 años;Total;1 de enero de 2024;741.668
55 años;Total;1 de enero de 2023;742.333
55 años;Total;1 de enero de 2022;720.167
55 años;Total;1 de enero de 2021;714.344
55 años;Total;1 de enero de 2020;723.043
55 años;Total;1 de enero de 2019;686.295
55 años;Total;1 de enero de 2018;663.428
55 años;Total;1 de enero de 2017;648.740
55 años;Total;1 de enero de 2016;653.147
55 años;Total;1 de enero de 2015;637.181
55 años;Hombres;1 de enero de 2025;372.920
55 años;Hombres;1 de enero de 2024;367.721
55 años;Hombres;1 de enero de 2023;367.472
55 años;Hombres;1 de enero de 2022;357.401
55 años;Hombres;1 de enero de 2021;353.252
55 años;Hombres;1 de enero de 2020;357.484
55 años;Hombres;1 de enero de 2019;339.847
55 años;Hombres;1 de enero de 2018;328.022
55 años;Hombres;1 de enero de 2017;320.523
55 años;Hombres;1 de enero de 2016;323.044
55 años;Hombres;1 de enero de 2015;315.332
55 años;Mujeres;1 de enero de 2025;378.581
55 años;Mujeres;1 de enero de 2024;373.947
55 años;Mujeres;1 de enero de 2023;374.861
55 años;Mujeres;1 de enero de 2022;362.766
55 años;Mujeres;1 de enero de 2021;361.092
55 años;Mujeres;1 de enero de 2020;365.559
55 años;Mujeres;1 de enero de 2019;346.448
55 años;Mujeres;1 de enero de 2018;335.406
55 años;Mujeres;1 de enero de 2017;328.217
55 años;Mujeres;1 de enero de 2016;330.103
55 años;Mujeres;1 de enero de 2015;321.849
56 años;Total;1 de enero de 2025;742.011
56 años;Total;1 de enero de 2024;743.752
56 años;Total;1 de enero de 2023;722.010
56 años;Total;1 de enero de 2022;712.789
56 años;Total;1 de enero de 2021;721.817
56 años;Total;1 de enero de 2020;686.514
56 años;Total;1 de enero de 2019;662.503
56 años;Total;1 de enero de 2018;646.550
56 años;Total;1 de enero de 2017;650.663
56 años;Total;1 de enero de 2016;634.079
56 años;Total;1 de enero de 2015;622.044
56 años;Hombres;1 de enero de 2025;366.919
56 años;Hombres;1 de enero de 2024;367.360
56 años;Hombres;1 de enero de 2023;357.123
56 años;Hombres;1 de enero de 2022;351.782
56 años;Hombres;1 de enero de 2021;356.042
56 años;Hombres;1 de enero de 2020;338.989
56 años;Hombres;1 de enero de 2019;326.692
56 años;Hombres;1 de enero de 2018;318.601
56 años;Hombres;1 de enero de 2017;321.021
56 años;Hombres;1 de enero de 2016;313.010
56 años;Hombres;1 de enero de 2015;307.062
56 años;Mujeres;1 de enero de 2025;375.092
56 años;Mujeres;1 de enero de 2024;376.392
56 años;Mujeres;1 de enero de 2023;364.887
56 años;Mujeres;1 de enero de 2022;361.007
56 años;Mujeres;1 de enero de 2021;365.775
56 años;Mujeres;1 de enero de 2020;347.525
56 años;Mujeres;1 de enero de 2019;335.811
56 años;Mujeres;1 de enero de 2018;327.949
56 años;Mujeres;1 de enero de 2017;329.642
56 años;Mujeres;1 de enero de 2016;321.069
56 años;Mujeres;1 de enero de 2015;314.982
57 años;Total;1 de enero de 2025;743.726
57 años;Total;1 de enero de 2024;722.931
57 años;Total;1 de enero de 2023;714.154
57 años;Total;1 de enero de 2022;720.224
57 años;Total;1 de enero de 2021;684.897
57 años;Total;1 de enero de 2020;662.088
57 años;Total;1 de enero de 2019;645.244
57 años;Total;1 de enero de 2018;648.031
57 años;Total;1 de enero de 2017;631.286
57 años;Total;1 de enero de 2016;618.772
57 años;Total;1 de enero de 2015;605.170
57 años;Hombres;1 de enero de 2025;366.465
57 años;Hombres;1 de enero de 2024;356.639
57 años;Hombres;1 de enero de 2023;351.388
57 años;Hombres;1 de enero de 2022;354.613
57 años;Hombres;1 de enero de 2021;337.437
57 años;Hombres;1 de enero de 2020;325.525
57 años;Hombres;1 de enero de 2019;317.054
57 años;Hombres;1 de enero de 2018;318.803
57 años;Hombres;1 de enero de 2017;310.851
57 años;Hombres;1 de enero de 2016;304.776
57 años;Hombres;1 de enero de 2015;297.669
57 años;Mujeres;1 de enero de 2025;377.261
57 años;Mujeres;1 de enero de 2024;366.292
57 años;Mujeres;1 de enero de 2023;362.766
57 años;Mujeres;1 de enero de 2022;365.611
57 años;Mujeres;1 de enero de 2021;347.460
57 años;Mujeres;1 de enero de 2020;336.563
57 años;Mujeres;1 de enero de 2019;328.190
57 años;Mujeres;1 de enero de 2018;329.228
57 años;Mujeres;1 de enero de 2017;320.435
57 años;Mujeres;1 de enero de 2016;313.996
57 años;Mujeres;1 de enero de 2015;307.501
58 años;Total;1 de enero de 2025;722.822
58 años;Total;1 de enero de 2024;714.763
58 años;Total;1 de enero de 2023;721.119
58 años;Total;1 de enero de 2022;682.904
58 años;Total;1 de enero de 2021;660.394
58 años;Total;1 de enero de 2020;644.931
58 años;Total;1 de enero de 2019;646.367
58 años;Total;1 de enero de 2018;628.565
58 años;Total;1 de enero de 2017;615.994
58 años;Total;1 de enero de 2016;601.822
58 años;Total;1 de enero de 2015;563.943
58 años;Hombres;1 de enero de 2025;355.561
58 años;Hombres;1 de enero de 2024;350.699
58 años;Hombres;1 de enero de 2023;353.900
58 años;Hombres;1 de enero de 2022;335.894
58 años;Hombres;1 de enero de 2021;323.867
58 años;Hombres;1 de enero de 2020;316.132
58 años;Hombres;1 de enero de 2019;317.036
58 años;Hombres;1 de enero de 2018;308.660
58 años;Hombres;1 de enero de 2017;302.579
58 años;Hombres;1 de enero de 2016;295.254
58 años;Hombres;1 de enero de 2015;276.891
58 años;Mujeres;1 de enero de 2025;367.261
58 años;Mujeres;1 de enero de 2024;364.064
58 años;Mujeres;1 de enero de 2023;367.219
58 años;Mujeres;1 de enero de 2022;347.010
58 años;Mujeres;1 de enero de 2021;336.527
58 años;Mujeres;1 de enero de 2020;328.799
58 años;Mujeres;1 de enero de 2019;329.331
58 años;Mujeres;1 de enero de 2018;319.905
58 años;Mujeres;1 de enero de 2017;313.415
58 años;Mujeres;1 de enero de 2016;306.568
58 años;Mujeres;1 de enero de 2015;287.052
59 años;Total;1 de enero de 2025;713.889
59 años;Total;1 de enero de 2024;720.794
59 años;Total;1 de enero de 2023;683.482
59 años;Total;1 de enero de 2022;657.816
59 años;Total;1 de enero de 2021;642.976
59 años;Total;1 de enero de 2020;645.571
59 años;Total;1 de enero de 2019;626.709
59 años;Total;1 de enero de 2018;613.057
59 años;Total;1 de enero de 2017;599.054
59 años;Total;1 de enero de 2016;560.357
59 años;Total;1 de enero de 2015;545.630
59 años;Hombres;1 de enero de 2025;349.190
59 años;Hombres;1 de enero de 2024;352.766
59 años;Hombres;1 de enero de 2023;334.961
59 años;Hombres;1 de enero de 2022;321.964
59 años;Hombres;1 de enero de 2021;314.441
59 años;Hombres;1 de enero de 2020;315.739
59 años;Hombres;1 de enero de 2019;306.794
59 años;Hombres;1 de enero de 2018;300.236
59 años;Hombres;1 de enero de 2017;293.034
59 años;Hombres;1 de enero de 2016;274.399
59 años;Hombres;1 de enero de 2015;267.334
59 años;Mujeres;1 de enero de 2025;364.699
59 años;Mujeres;1 de enero de 2024;368.028
59 años;Mujeres;1 de enero de 2023;348.521
59 años;Mujeres;1 de enero de 2022;335.852
59 años;Mujeres;1 de enero de 2021;328.535
59 años;Mujeres;1 de enero de 2020;329.832
59 años;Mujeres;1 de enero de 2019;319.915
59 años;Mujeres;1 de enero de 2018;312.821
59 años;Mujeres;1 de enero de 2017;306.020
59 años;Mujeres;1 de enero de 2016;285.958
59 años;Mujeres;1 de enero de 2015;278.296
60 años;Total;1 de enero de 2025;719.621
60 años;Total;1 de enero de 2024;683.030
60 años;Total;1 de enero de 2023;658.162
60 años;Total;1 de enero de 2022;640.578
60 años;Total;1 de enero de 2021;643.008
60 años;Total;1 de enero de 2020;625.821
60 años;Total;1 de enero de 2019;610.903
60 años;Total;1 de enero de 2018;596.331
60 años;Total;1 de enero de 2017;557.452
60 años;Total;1 de enero de 2016;542.289
60 años;Total;1 de enero de 2015;519.178
60 años;Hombres;1 de enero de 2025;351.146
60 años;Hombres;1 de enero de 2024;333.881
60 años;Hombres;1 de enero de 2023;321.031
60 años;Hombres;1 de enero de 2022;312.590
60 años;Hombres;1 de enero de 2021;313.639
60 años;Hombres;1 de enero de 2020;305.464
60 años;Hombres;1 de enero de 2019;298.200
60 años;Hombres;1 de enero de 2018;290.778
60 años;Hombres;1 de enero de 2017;272.110
60 años;Hombres;1 de enero de 2016;264.925
60 años;Hombres;1 de enero de 2015;252.826
60 años;Mujeres;1 de enero de 2025;368.475
60 años;Mujeres;1 de enero de 2024;349.149
60 años;Mujeres;1 de enero de 2023;337.131
60 años;Mujeres;1 de enero de 2022;327.988
60 años;Mujeres;1 de enero de 2021;329.369
60 años;Mujeres;1 de enero de 2020;320.357
60 años;Mujeres;1 de enero de 2019;312.703
60 años;Mujeres;1 de enero de 2018;305.553
60 años;Mujeres;1 de enero de 2017;285.342
60 años;Mujeres;1 de enero de 2016;277.364
60 años;Mujeres;1 de enero de 2015;266.352
61 años;Total;1 de enero de 2025;681.641
61 años;Total;1 de enero de 2024;657.578
61 años;Total;1 de enero de 2023;640.309
61 años;Total;1 de enero de 2022;640.071
61 años;Total;1 de enero de 2021;623.113
61 años;Total;1 de enero de 2020;609.403
61 años;Total;1 de enero de 2019;594.260
61 años;Total;1 de enero de 2018;554.650
61 años;Total;1 de enero de 2017;539.393
61 años;Total;1 de enero de 2016;515.848
61 años;Total;1 de enero de 2015;518.778
61 años;Hombres;1 de enero de 2025;332.152
61 años;Hombres;1 de enero de 2024;319.702
61 años;Hombres;1 de enero de 2023;311.291
61 años;Hombres;1 de enero de 2022;311.450
61 años;Hombres;1 de enero de 2021;303.346
61 años;Hombres;1 de enero de 2020;296.649
61 años;Hombres;1 de enero de 2019;288.863
61 años;Hombres;1 de enero de 2018;269.836
61 años;Hombres;1 de enero de 2017;262.660
61 años;Hombres;1 de enero de 2016;250.410
61 años;Hombres;1 de enero de 2015;253.066
61 años;Mujeres;1 de enero de 2025;349.489
61 años;Mujeres;1 de enero de 2024;337.876
61 años;Mujeres;1 de enero de 2023;329.018
61 años;Mujeres;1 de enero de 2022;328.621
61 años;Mujeres;1 de enero de 2021;319.767
61 años;Mujeres;1 de enero de 2020;312.754
61 años;Mujeres;1 de enero de 2019;305.397
61 años;Mujeres;1 de enero de 2018;284.814
61 años;Mujeres;1 de enero de 2017;276.733
61 años;Mujeres;1 de enero de 2016;265.438
61 años;Mujeres;1 de enero de 2015;265.712
62 años;Total;1 de enero de 2025;655.831
62 años;Total;1 de enero de 2024;639.090
62 años;Total;1 de enero de 2023;639.470
62 años;Total;1 de enero de 2022;620.002
62 años;Total;1 de enero de 2021;606.309
62 años;Total;1 de enero de 2020;592.349
62 años;Total;1 de enero de 2019;552.321
62 años;Total;1 de enero de 2018;536.606
62 años;Total;1 de enero de 2017;512.880
62 años;Total;1 de enero de 2016;515.367
62 años;Total;1 de enero de 2015;515.134
62 años;Hombres;1 de enero de 2025;317.758
62 años;Hombres;1 de enero de 2024;309.673
62 años;Hombres;1 de enero de 2023;309.848
62 años;Hombres;1 de enero de 2022;301.110
62 años;Hombres;1 de enero de 2021;294.197
62 años;Hombres;1 de enero de 2020;286.980
62 años;Hombres;1 de enero de 2019;267.674
62 años;Hombres;1 de enero de 2018;260.396
62 años;Hombres;1 de enero de 2017;248.089
62 años;Hombres;1 de enero de 2016;250.484
62 años;Hombres;1 de enero de 2015;251.505
62 años;Mujeres;1 de enero de 2025;338.073
62 años;Mujeres;1 de enero de 2024;329.417
62 años;Mujeres;1 de enero de 2023;329.622
62 años;Mujeres;1 de enero de 2022;318.892
62 años;Mujeres;1 de enero de 2021;312.112
62 años;Mujeres;1 de enero de 2020;305.369
62 años;Mujeres;1 de enero de 2019;284.647
62 años;Mujeres;1 de enero de 2018;276.210
62 años;Mujeres;1 de enero de 2017;264.791
62 años;Mujeres;1 de enero de 2016;264.883
62 años;Mujeres;1 de enero de 2015;263.629
63 años;Total;1 de enero de 2025;636.746
63 años;Total;1 de enero de 2024;637.743
63 años;Total;1 de enero de 2023;618.932
63 años;Total;1 de enero de 2022;602.932
63 años;Total;1 de enero de 2021;589.121
63 años;Total;1 de enero de 2020;550.383
63 años;Total;1 de enero de 2019;534.078
63 años;Total;1 de enero de 2018;509.893
63 años;Total;1 de enero de 2017;512.187
63 años;Total;1 de enero de 2016;511.494
63 años;Total;1 de enero de 2015;481.086
63 años;Hombres;1 de enero de 2025;307.434
63 años;Hombres;1 de enero de 2024;308.095
63 años;Hombres;1 de enero de 2023;299.397
63 años;Hombres;1 de enero de 2022;291.584
63 años;Hombres;1 de enero de 2021;284.401
63 años;Hombres;1 de enero de 2020;265.851
63 años;Hombres;1 de enero de 2019;258.189
63 años;Hombres;1 de enero de 2018;245.783
63 años;Hombres;1 de enero de 2017;248.115
63 años;Hombres;1 de enero de 2016;248.876
63 años;Hombres;1 de enero de 2015;233.044
63 años;Mujeres;1 de enero de 2025;329.312
63 años;Mujeres;1 de enero de 2024;329.648
63 años;Mujeres;1 de enero de 2023;319.535
63 años;Mujeres;1 de enero de 2022;311.348
63 años;Mujeres;1 de enero de 2021;304.720
63 años;Mujeres;1 de enero de 2020;284.532
63 años;Mujeres;1 de enero de 2019;275.889
63 años;Mujeres;1 de enero de 2018;264.110
63 años;Mujeres;1 de enero de 2017;264.072
63 años;Mujeres;1 de enero de 2016;262.618
63 años;Mujeres;1 de enero de 2015;248.042
64 años;Total;1 de enero de 2025;634.978
64 años;Total;1 de enero de 2024;616.810
64 años;Total;1 de enero de 2023;601.261
64 años;Total;1 de enero de 2022;585.700
64 años;Total;1 de enero de 2021;546.765
64 años;Total;1 de enero de 2020;532.215
64 años;Total;1 de enero de 2019;507.173
64 años;Total;1 de enero de 2018;508.991
64 años;Total;1 de enero de 2017;507.896
64 años;Total;1 de enero de 2016;477.779
64 años;Total;1 de enero de 2015;469.041
64 años;Hombres;1 de enero de 2025;305.689
64 años;Hombres;1 de enero de 2024;297.360
64 años;Hombres;1 de enero de 2023;289.561
64 años;Hombres;1 de enero de 2022;281.908
64 años;Hombres;1 de enero de 2021;263.144
64 años;Hombres;1 de enero de 2020;256.207
64 años;Hombres;1 de enero de 2019;243.481
64 años;Hombres;1 de enero de 2018;245.586
64 años;Hombres;1 de enero de 2017;246.149
64 años;Hombres;1 de enero de 2016;230.620
64 años;Hombres;1 de enero de 2015;226.474
64 años;Mujeres;1 de enero de 2025;329.289
64 años;Mujeres;1 de enero de 2024;319.450
64 años;Mujeres;1 de enero de 2023;311.700
64 años;Mujeres;1 de enero de 2022;303.792
64 años;Mujeres;1 de enero de 2021;283.621
64 años;Mujeres;1 de enero de 2020;276.008
64 años;Mujeres;1 de enero de 2019;263.692
64 años;Mujeres;1 de enero de 2018;263.405
64 años;Mujeres;1 de enero de 2017;261.747
64 años;Mujeres;1 de enero de 2016;247.159
64 años;Mujeres;1 de enero de 2015;242.567
65 años;Total;1 de enero de 2025;614.009
65 años;Total;1 de enero de 2024;599.051
65 años;Total;1 de enero de 2023;583.381
65 años;Total;1 de enero de 2022;543.309
65 años;Total;1 de enero de 2021;528.239
65 años;Total;1 de enero de 2020;504.913
65 años;Total;1 de enero de 2019;506.173
65 años;Total;1 de enero de 2018;504.613
65 años;Total;1 de enero de 2017;474.413
65 años;Total;1 de enero de 2016;465.526
65 años;Total;1 de enero de 2015;486.035
65 años;Hombres;1 de enero de 2025;294.817
65 años;Hombres;1 de enero de 2024;287.299
65 años;Hombres;1 de enero de 2023;279.455
65 años;Hombres;1 de enero de 2022;260.438
65 años;Hombres;1 de enero de 2021;253.312
65 años;Hombres;1 de enero de 2020;241.386
65 años;Hombres;1 de enero de 2019;243.258
65 años;Hombres;1 de enero de 2018;243.629
65 años;Hombres;1 de enero de 2017;228.179
65 años;Hombres;1 de enero de 2016;223.932
65 años;Hombres;1 de enero de 2015;232.636
65 años;Mujeres;1 de enero de 2025;319.192
65 años;Mujeres;1 de enero de 2024;311.752
65 años;Mujeres;1 de enero de 2023;303.926
65 años;Mujeres;1 de enero de 2022;282.871
65 años;Mujeres;1 de enero de 2021;274.927
65 años;Mujeres;1 de enero de 2020;263.527
65 años;Mujeres;1 de enero de 2019;262.915
65 años;Mujeres;1 de enero de 2018;260.984
65 años;Mujeres;1 de enero de 2017;246.234
65 años;Mujeres;1 de enero de 2016;241.594
65 años;Mujeres;1 de enero de 2015;253.399
66 años;Total;1 de enero de 2025;596.437
66 años;Total;1 de enero de 2024;581.419
66 años;Total;1 de enero de 2023;540.238
66 años;Total;1 de enero de 2022;524.934
66 años;Total;1 de enero de 2021;501.139
66 años;Total;1 de enero de 2020;503.828
66 años;Total;1 de enero de 2019;501.520
66 años;Total;1 de enero de 2018;471.170
66 años;Total;1 de enero de 2017;461.791
66 años;Total;1 de enero de 2016;481.876
66 años;Total;1 de enero de 2015;507.311
66 años;Hombres;1 de enero de 2025;284.915
66 años;Hombres;1 de enero de 2024;277.498
66 años;Hombres;1 de enero de 2023;257.702
66 años;Hombres;1 de enero de 2022;250.674
66 años;Hombres;1 de enero de 2021;238.649
66 años;Hombres;1 de enero de 2020;241.208
66 años;Hombres;1 de enero de 2019;241.177
66 años;Hombres;1 de enero de 2018;225.660
66 años;Hombres;1 de enero de 2017;221.227
66 años;Hombres;1 de enero de 2016;229.816
66 años;Hombres;1 de enero de 2015;242.581
66 años;Mujeres;1 de enero de 2025;311.522
66 años;Mujeres;1 de enero de 2024;303.921
66 años;Mujeres;1 de enero de 2023;282.536
66 años;Mujeres;1 de enero de 2022;274.260
66 años;Mujeres;1 de enero de 2021;262.490
66 años;Mujeres;1 de enero de 2020;262.620
66 años;Mujeres;1 de enero de 2019;260.343
66 años;Mujeres;1 de enero de 2018;245.510
66 años;Mujeres;1 de enero de 2017;240.564
66 años;Mujeres;1 de enero de 2016;252.060
66 años;Mujeres;1 de enero de 2015;264.730
67 años;Total;1 de enero de 2025;578.177
67 años;Total;1 de enero de 2024;539.179
67 años;Total;1 de enero de 2023;522.117
67 años;Total;1 de enero de 2022;497.753
67 años;Total;1 de enero de 2021;499.477
67 años;Total;1 de enero de 2020;498.597
67 años;Total;1 de enero de 2019;467.787
67 años;Total;1 de enero de 2018;457.731
67 años;Total;1 de enero de 2017;477.473
67 años;Total;1 de enero de 2016;502.197
67 años;Total;1 de enero de 2015;462.059
67 años;Hombres;1 de enero de 2025;274.776
67 años;Hombres;1 de enero de 2024;256.259
67 años;Hombres;1 de enero de 2023;248.033
67 años;Hombres;1 de enero de 2022;236.132
67 años;Hombres;1 de enero de 2021;238.143
67 años;Hombres;1 de enero de 2020;238.682
67 años;Hombres;1 de enero de 2019;223.074
67 años;Hombres;1 de enero de 2018;218.314
67 años;Hombres;1 de enero de 2017;226.678
67 años;Hombres;1 de enero de 2016;239.068
67 años;Hombres;1 de enero de 2015;219.981
67 años;Mujeres;1 de enero de 2025;303.401
67 años;Mujeres;1 de enero de 2024;282.920
67 años;Mujeres;1 de enero de 2023;274.084
67 años;Mujeres;1 de enero de 2022;261.621
67 años;Mujeres;1 de enero de 2021;261.334
67 años;Mujeres;1 de enero de 2020;259.915
67 años;Mujeres;1 de enero de 2019;244.713
67 años;Mujeres;1 de enero de 2018;239.417
67 años;Mujeres;1 de enero de 2017;250.795
67 años;Mujeres;1 de enero de 2016;263.129
67 años;Mujeres;1 de enero de 2015;242.078
68 años;Total;1 de enero de 2025;535.483
68 años;Total;1 de enero de 2024;519.207
68 años;Total;1 de enero de 2023;494.675
68 años;Total;1 de enero de 2022;495.138
68 años;Total;1 de enero de 2021;493.384
68 años;Total;1 de enero de 2020;464.539
68 años;Total;1 de enero de 2019;453.855
68 años;Total;1 de enero de 2018;472.838
68 años;Total;1 de enero de 2017;496.944
68 años;Total;1 de enero de 2016;456.907
68 años;Total;1 de enero de 2015;439.612
68 años;Hombres;1 de enero de 2025;253.250
68 años;Hombres;1 de enero de 2024;245.534
68 años;Hombres;1 de enero de 2023;233.187
68 años;Hombres;1 de enero de 2022;234.920
68 años;Hombres;1 de enero de 2021;235.013
68 años;Hombres;1 de enero de 2020;220.490
68 años;Hombres;1 de enero de 2019;215.480
68 años;Hombres;1 de enero de 2018;223.451
68 años;Hombres;1 de enero de 2017;235.380
68 años;Hombres;1 de enero de 2016;216.438
68 años;Hombres;1 de enero de 2015;207.544
68 años;Mujeres;1 de enero de 2025;282.233
68 años;Mujeres;1 de enero de 2024;273.673
68 años;Mujeres;1 de enero de 2023;261.488
68 años;Mujeres;1 de enero de 2022;260.218
68 años;Mujeres;1 de enero de 2021;258.371
68 años;Mujeres;1 de enero de 2020;244.049
68 años;Mujeres;1 de enero de 2019;238.375
68 años;Mujeres;1 de enero de 2018;249.387
68 años;Mujeres;1 de enero de 2017;261.564
68 años;Mujeres;1 de enero de 2016;240.469
68 años;Mujeres;1 de enero de 2015;232.068
69 años;Total;1 de enero de 2025;514.981
69 años;Total;1 de enero de 2024;490.838
69 años;Total;1 de enero de 2023;491.240
69 años;Total;1 de enero de 2022;488.516
69 años;Total;1 de enero de 2021;459.444
69 años;Total;1 de enero de 2020;450.241
69 años;Total;1 de enero de 2019;468.157
69 años;Total;1 de enero de 2018;491.266
69 años;Total;1 de enero de 2017;451.553
69 años;Total;1 de enero de 2016;434.342
69 años;Total;1 de enero de 2015;456.627
69 años;Hombres;1 de enero de 2025;242.253
69 años;Hombres;1 de enero de 2024;230.186
69 años;Hombres;1 de enero de 2023;231.761
69 años;Hombres;1 de enero de 2022;231.578
69 años;Hombres;1 de enero de 2021;216.919
69 años;Hombres;1 de enero de 2020;212.639
69 años;Hombres;1 de enero de 2019;220.128
69 años;Hombres;1 de enero de 2018;231.423
69 años;Hombres;1 de enero de 2017;212.795
69 años;Hombres;1 de enero de 2016;203.937
69 años;Hombres;1 de enero de 2015;214.759
69 años;Mujeres;1 de enero de 2025;272.728
69 años;Mujeres;1 de enero de 2024;260.652
69 años;Mujeres;1 de enero de 2023;259.479
69 años;Mujeres;1 de enero de 2022;256.938
69 años;Mujeres;1 de enero de 2021;242.525
69 años;Mujeres;1 de enero de 2020;237.602
69 años;Mujeres;1 de enero de 2019;248.029
69 años;Mujeres;1 de enero de 2018;259.843
69 años;Mujeres;1 de enero de 2017;238.758
69 años;Mujeres;1 de enero de 2016;230.405
69 años;Mujeres;1 de enero de 2015;241.868
70 años;Total;1 de enero de 2025;486.267
70 años;Total;1 de enero de 2024;486.711
70 años;Total;1 de enero de 2023;484.348
70 años;Total;1 de enero de 2022;454.666
70 años;Total;1 de enero de 2021;444.415
70 años;Total;1 de enero de 2020;463.711
70 años;Total;1 de enero de 2019;485.688
70 años;Total;1 de enero de 2018;445.979
70 años;Total;1 de enero de 2017;428.767
70 años;Total;1 de enero de 2016;450.459
70 años;Total;1 de enero de 2015;431.994
70 años;Hombres;1 de enero de 2025;226.870
70 años;Hombres;1 de enero de 2024;228.297
70 años;Hombres;1 de enero de 2023;228.126
70 años;Hombres;1 de enero de 2022;213.483
70 años;Hombres;1 de enero de 2021;208.625
70 años;Hombres;1 de enero de 2020;216.966
70 años;Hombres;1 de enero de 2019;227.536
70 años;Hombres;1 de enero de 2018;209.105
70 años;Hombres;1 de enero de 2017;200.140
70 años;Hombres;1 de enero de 2016;210.527
70 años;Hombres;1 de enero de 2015;202.360
70 años;Mujeres;1 de enero de 2025;259.397
70 años;Mujeres;1 de enero de 2024;258.414
70 años;Mujeres;1 de enero de 2023;256.222
70 años;Mujeres;1 de enero de 2022;241.183
70 años;Mujeres;1 de enero de 2021;235.790
70 años;Mujeres;1 de enero de 2020;246.745
70 años;Mujeres;1 de enero de 2019;258.152
70 años;Mujeres;1 de enero de 2018;236.874
70 años;Mujeres;1 de enero de 2017;228.627
70 años;Mujeres;1 de enero de 2016;239.932
70 años;Mujeres;1 de enero de 2015;229.634
71 años;Total;1 de enero de 2025;481.403
71 años;Total;1 de enero de 2024;479.113
71 años;Total;1 de enero de 2023;450.128
71 años;Total;1 de enero de 2022;439.053
71 años;Total;1 de enero de 2021;457.088
71 años;Total;1 de enero de 2020;480.302
71 años;Total;1 de enero de 2019;440.245
71 años;Total;1 de enero de 2018;422.833
71 años;Total;1 de enero de 2017;444.214
71 años;Total;1 de enero de 2016;425.415
71 años;Total;1 de enero de 2015;421.736
71 años;Hombres;1 de enero de 2025;224.514
71 años;Hombres;1 de enero de 2024;224.326
71 años;Hombres;1 de enero de 2023;209.968
71 años;Hombres;1 de enero de 2022;204.986
71 años;Hombres;1 de enero de 2021;212.521
71 años;Hombres;1 de enero de 2020;223.645
71 años;Hombres;1 de enero de 2019;205.113
71 años;Hombres;1 de enero de 2018;196.214
71 años;Hombres;1 de enero de 2017;206.351
71 años;Hombres;1 de enero de 2016;197.982
71 años;Hombres;1 de enero de 2015;196.370
71 años;Mujeres;1 de enero de 2025;256.889
71 años;Mujeres;1 de enero de 2024;254.787
71 años;Mujeres;1 de enero de 2023;240.160
71 años;Mujeres;1 de enero de 2022;234.067
71 años;Mujeres;1 de enero de 2021;244.567
71 años;Mujeres;1 de enero de 2020;256.657
71 años;Mujeres;1 de enero de 2019;235.132
71 años;Mujeres;1 de enero de 2018;226.619
71 años;Mujeres;1 de enero de 2017;237.863
71 años;Mujeres;1 de enero de 2016;227.433
71 años;Mujeres;1 de enero de 2015;225.366
72 años;Total;1 de enero de 2025;473.159
72 años;Total;1 de enero de 2024;444.689
72 años;Total;1 de enero de 2023;433.769
72 años;Total;1 de enero de 2022;450.902
72 años;Total;1 de enero de 2021;472.417
72 años;Total;1 de enero de 2020;434.500
72 años;Total;1 de enero de 2019;416.695
72 años;Total;1 de enero de 2018;437.354
72 años;Total;1 de enero de 2017;418.757
72 años;Total;1 de enero de 2016;415.175
72 años;Total;1 de enero de 2015;360.898
72 años;Hombres;1 de enero de 2025;220.153
72 años;Hombres;1 de enero de 2024;206.188
72 años;Hombres;1 de enero de 2023;200.932
72 años;Hombres;1 de enero de 2022;208.239
72 años;Hombres;1 de enero de 2021;218.400
72 años;Hombres;1 de enero de 2020;201.065
72 años;Hombres;1 de enero de 2019;192.089
72 años;Hombres;1 de enero de 2018;201.759
72 años;Hombres;1 de enero de 2017;193.569
72 años;Hombres;1 de enero de 2016;192.031
72 años;Hombres;1 de enero de 2015;167.369
72 años;Mujeres;1 de enero de 2025;253.006
72 años;Mujeres;1 de enero de 2024;238.501
72 años;Mujeres;1 de enero de 2023;232.837
72 años;Mujeres;1 de enero de 2022;242.663
72 años;Mujeres;1 de enero de 2021;254.017
72 años;Mujeres;1 de enero de 2020;233.435
72 años;Mujeres;1 de enero de 2019;224.606
72 años;Mujeres;1 de enero de 2018;235.595
72 años;Mujeres;1 de enero de 2017;225.188
72 años;Mujeres;1 de enero de 2016;223.144
72 años;Mujeres;1 de enero de 2015;193.529
73 años;Total;1 de enero de 2025;438.480
73 años;Total;1 de enero de 2024;427.787
73 años;Total;1 de enero de 2023;444.919
73 años;Total;1 de enero de 2022;465.296
73 años;Total;1 de enero de 2021;426.705
73 años;Total;1 de enero de 2020;410.728
73 años;Total;1 de enero de 2019;430.381
73 años;Total;1 de enero de 2018;411.481
73 años;Total;1 de enero de 2017;407.971
73 años;Total;1 de enero de 2016;354.516
73 años;Total;1 de enero de 2015;329.515
73 años;Hombres;1 de enero de 2025;201.867
73 años;Hombres;1 de enero de 2024;196.774
73 años;Hombres;1 de enero de 2023;203.858
73 años;Hombres;1 de enero de 2022;213.482
73 años;Hombres;1 de enero de 2021;195.936
73 años;Hombres;1 de enero de 2020;188.081
73 años;Hombres;1 de enero de 2019;197.120
73 años;Hombres;1 de enero de 2018;188.810
73 años;Hombres;1 de enero de 2017;187.238
73 años;Hombres;1 de enero de 2016;163.167
73 años;Hombres;1 de enero de 2015;151.773
73 años;Mujeres;1 de enero de 2025;236.613
73 años;Mujeres;1 de enero de 2024;231.013
73 años;Mujeres;1 de enero de 2023;241.061
73 años;Mujeres;1 de enero de 2022;251.814
73 años;Mujeres;1 de enero de 2021;230.769
73 años;Mujeres;1 de enero de 2020;222.647
73 años;Mujeres;1 de enero de 2019;233.261
73 años;Mujeres;1 de enero de 2018;222.671
73 años;Mujeres;1 de enero de 2017;220.733
73 años;Mujeres;1 de enero de 2016;191.349
73 años;Mujeres;1 de enero de 2015;177.742
74 años;Total;1 de enero de 2025;421.282
74 años;Total;1 de enero de 2024;437.717
74 años;Total;1 de enero de 2023;458.095
74 años;Total;1 de enero de 2022;419.502
74 años;Total;1 de enero de 2021;402.442
74 años;Total;1 de enero de 2020;423.135
74 años;Total;1 de enero de 2019;404.038
74 años;Total;1 de enero de 2018;400.249
74 años;Total;1 de enero de 2017;347.651
74 años;Total;1 de enero de 2016;323.235
74 años;Total;1 de enero de 2015;399.580
74 años;Hombres;1 de enero de 2025;192.302
74 años;Hombres;1 de enero de 2024;199.059
74 años;Hombres;1 de enero de 2023;208.573
74 años;Hombres;1 de enero de 2022;191.231
74 años;Hombres;1 de enero de 2021;182.746
74 años;Hombres;1 de enero de 2020;192.303
74 años;Hombres;1 de enero de 2019;184.054
74 años;Hombres;1 de enero de 2018;182.227
74 años;Hombres;1 de enero de 2017;158.735
74 años;Hombres;1 de enero de 2016;147.713
74 años;Hombres;1 de enero de 2015;181.629
74 años;Mujeres;1 de enero de 2025;228.980
74 años;Mujeres;1 de enero de 2024;238.658
74 años;Mujeres;1 de enero de 2023;249.522
74 años;Mujeres;1 de enero de 2022;228.271
74 años;Mujeres;1 de enero de 2021;219.696
74 años;Mujeres;1 de enero de 2020;230.832
74 años;Mujeres;1 de enero de 2019;219.984
74 años;Mujeres;1 de enero de 2018;218.022
74 años;Mujeres;1 de enero de 2017;188.916
74 años;Mujeres;1 de enero de 2016;175.522
74 años;Mujeres;1 de enero de 2015;217.951
75 años;Total;1 de enero de 2025;429.812
75 años;Total;1 de enero de 2024;449.680
75 años;Total;1 de enero de 2023;412.103
75 años;Total;1 de enero de 2022;394.987
75 años;Total;1 de enero de 2021;413.442
75 años;Total;1 de enero de 2020;396.413
75 años;Total;1 de enero de 2019;392.331
75 años;Total;1 de enero de 2018;340.192
75 años;Total;1 de enero de 2017;316.286
75 años;Total;1 de enero de 2016;391.068
75 años;Total;1 de enero de 2015;262.313
75 años;Hombres;1 de enero de 2025;193.833
75 años;Hombres;1 de enero de 2024;203.048
75 años;Hombres;1 de enero de 2023;186.291
75 años;Hombres;1 de enero de 2022;177.870
75 años;Hombres;1 de enero de 2021;186.154
75 años;Hombres;1 de enero de 2020;179.132
75 años;Hombres;1 de enero de 2019;177.135
75 años;Hombres;1 de enero de 2018;154.054
75 años;Hombres;1 de enero de 2017;143.195
75 años;Hombres;1 de enero de 2016;176.120
75 años;Hombres;1 de enero de 2015;116.343
75 años;Mujeres;1 de enero de 2025;235.979
75 años;Mujeres;1 de enero de 2024;246.632
75 años;Mujeres;1 de enero de 2023;225.812
75 años;Mujeres;1 de enero de 2022;217.117
75 años;Mujeres;1 de enero de 2021;227.288
75 años;Mujeres;1 de enero de 2020;217.281
75 años;Mujeres;1 de enero de 2019;215.196
75 años;Mujeres;1 de enero de 2018;186.138
75 años;Mujeres;1 de enero de 2017;173.091
75 años;Mujeres;1 de enero de 2016;214.948
75 años;Mujeres;1 de enero de 2015;145.970
76 años;Total;1 de enero de 2025;440.715
76 años;Total;1 de enero de 2024;403.442
76 años;Total;1 de enero de 2023;386.918
76 años;Total;1 de enero de 2022;404.408
76 años;Total;1 de enero de 2021;386.217
76 años;Total;1 de enero de 2020;384.172
76 años;Total;1 de enero de 2019;332.426
76 años;Total;1 de enero de 2018;308.747
76 años;Total;1 de enero de 2017;381.883
76 años;Total;1 de enero de 2016;255.815
76 años;Total;1 de enero de 2015;293.119
76 años;Hombres;1 de enero de 2025;197.221
76 años;Hombres;1 de enero de 2024;180.597
76 años;Hombres;1 de enero de 2023;172.605
76 años;Hombres;1 de enero de 2022;180.497
76 años;Hombres;1 de enero de 2021;172.732
76 años;Hombres;1 de enero de 2020;171.952
76 años;Hombres;1 de enero de 2019;149.179
76 años;Hombres;1 de enero de 2018;138.486
76 años;Hombres;1 de enero de 2017;170.257
76 años;Hombres;1 de enero de 2016;112.352
76 años;Hombres;1 de enero de 2015;129.315
76 años;Mujeres;1 de enero de 2025;243.494
76 años;Mujeres;1 de enero de 2024;222.845
76 años;Mujeres;1 de enero de 2023;214.313
76 años;Mujeres;1 de enero de 2022;223.911
76 años;Mujeres;1 de enero de 2021;213.485
76 años;Mujeres;1 de enero de 2020;212.220
76 años;Mujeres;1 de enero de 2019;183.247
76 años;Mujeres;1 de enero de 2018;170.261
76 años;Mujeres;1 de enero de 2017;211.626
76 años;Mujeres;1 de enero de 2016;143.463
76 años;Mujeres;1 de enero de 2015;163.804
77 años;Total;1 de enero de 2025;394.677
77 años;Total;1 de enero de 2024;377.891
77 años;Total;1 de enero de 2023;394.960
77 años;Total;1 de enero de 2022;376.882
77 años;Total;1 de enero de 2021;373.110
77 años;Total;1 de enero de 2020;324.674
77 años;Total;1 de enero de 2019;300.824
77 años;Total;1 de enero de 2018;371.952
77 años;Total;1 de enero de 2017;248.958
77 años;Total;1 de enero de 2016;285.180
77 años;Total;1 de enero de 2015;322.424
77 años;Hombres;1 de enero de 2025;174.994
77 años;Hombres;1 de enero de 2024;166.992
77 años;Hombres;1 de enero de 2023;174.492
77 años;Hombres;1 de enero de 2022;166.806
77 años;Hombres;1 de enero de 2021;165.121
77 años;Hombres;1 de enero de 2020;144.427
77 años;Hombres;1 de enero de 2019;133.599
77 años;Hombres;1 de enero de 2018;164.121
77 años;Hombres;1 de enero de 2017;108.075
77 años;Hombres;1 de enero de 2016;124.404
77 años;Hombres;1 de enero de 2015;140.501
77 años;Mujeres;1 de enero de 2025;219.683
77 años;Mujeres;1 de enero de 2024;210.899
77 años;Mujeres;1 de enero de 2023;220.468
77 años;Mujeres;1 de enero de 2022;210.076
77 años;Mujeres;1 de enero de 2021;207.989
77 años;Mujeres;1 de enero de 2020;180.247
77 años;Mujeres;1 de enero de 2019;167.225
77 años;Mujeres;1 de enero de 2018;207.831
77 años;Mujeres;1 de enero de 2017;140.883
77 años;Mujeres;1 de enero de 2016;160.776
77 años;Mujeres;1 de enero de 2015;181.923
78 años;Total;1 de enero de 2025;368.513
78 años;Total;1 de enero de 2024;384.858
78 años;Total;1 de enero de 2023;367.056
78 años;Total;1 de enero de 2022;362.982
78 años;Total;1 de enero de 2021;314.298
78 años;Total;1 de enero de 2020;292.979
78 años;Total;1 de enero de 2019;361.290
78 años;Total;1 de enero de 2018;241.230
78 años;Total;1 de enero de 2017;276.815
78 años;Total;1 de enero de 2016;312.585
78 años;Total;1 de enero de 2015;344.589
78 años;Hombres;1 de enero de 2025;161.132
78 años;Hombres;1 de enero de 2024;168.294
78 años;Hombres;1 de enero de 2023;160.712
78 años;Hombres;1 de enero de 2022;158.944
78 años;Hombres;1 de enero de 2021;138.051
78 años;Hombres;1 de enero de 2020;128.775
78 años;Hombres;1 de enero de 2019;157.638
78 años;Hombres;1 de enero de 2018;103.460
78 años;Hombres;1 de enero de 2017;119.392
78 años;Hombres;1 de enero de 2016;134.574
78 años;Hombres;1 de enero de 2015;146.764
78 años;Mujeres;1 de enero de 2025;207.381
78 años;Mujeres;1 de enero de 2024;216.564
78 años;Mujeres;1 de enero de 2023;206.344
78 años;Mujeres;1 de enero de 2022;204.038
78 años;Mujeres;1 de enero de 2021;176.247
78 años;Mujeres;1 de enero de 2020;164.204
78 años;Mujeres;1 de enero de 2019;203.652
78 años;Mujeres;1 de enero de 2018;137.770
78 años;Mujeres;1 de enero de 2017;157.423
78 años;Mujeres;1 de enero de 2016;178.011
78 años;Mujeres;1 de enero de 2015;197.825
79 años;Total;1 de enero de 2025;374.227
79 años;Total;1 de enero de 2024;356.352
79 años;Total;1 de enero de 2023;351.975
79 años;Total;1 de enero de 2022;304.578
79 años;Total;1 de enero de 2021;282.591
79 años;Total;1 de enero de 2020;350.599
79 años;Total;1 de enero de 2019;233.201
79 años;Total;1 de enero de 2018;267.462
79 años;Total;1 de enero de 2017;302.460
79 años;Total;1 de enero de 2016;332.660
79 años;Total;1 de enero de 2015;325.712
79 años;Hombres;1 de enero de 2025;161.822
79 años;Hombres;1 de enero de 2024;154.301
79 años;Hombres;1 de enero de 2023;152.318
79 años;Hombres;1 de enero de 2022;132.197
79 años;Hombres;1 de enero de 2021;122.500
79 años;Hombres;1 de enero de 2020;151.167
79 años;Hombres;1 de enero de 2019;98.806
79 años;Hombres;1 de enero de 2018;113.885
79 años;Hombres;1 de enero de 2017;128.591
79 años;Hombres;1 de enero de 2016;139.718
79 años;Hombres;1 de enero de 2015;137.941
79 años;Mujeres;1 de enero de 2025;212.405
79 años;Mujeres;1 de enero de 2024;202.051
79 años;Mujeres;1 de enero de 2023;199.657
79 años;Mujeres;1 de enero de 2022;172.381
79 años;Mujeres;1 de enero de 2021;160.091
79 años;Mujeres;1 de enero de 2020;199.432
79 años;Mujeres;1 de enero de 2019;134.395
79 años;Mujeres;1 de enero de 2018;153.577
79 años;Mujeres;1 de enero de 2017;173.869
79 años;Mujeres;1 de enero de 2016;192.942
79 años;Mujeres;1 de enero de 2015;187.771
80 años;Total;1 de enero de 2025;345.232
80 años;Total;1 de enero de 2024;340.371
80 años;Total;1 de enero de 2023;294.214
80 años;Total;1 de enero de 2022;272.800
80 años;Total;1 de enero de 2021;336.309
80 años;Total;1 de enero de 2020;225.177
80 años;Total;1 de enero de 2019;257.425
80 años;Total;1 de enero de 2018;291.109
80 años;Total;1 de enero de 2017;320.387
80 años;Total;1 de enero de 2016;313.412
80 años;Total;1 de enero de 2015;313.089
80 años;Hombres;1 de enero de 2025;147.583
80 años;Hombres;1 de enero de 2024;145.529
80 años;Hombres;1 de enero de 2023;126.192
80 años;Hombres;1 de enero de 2022;116.855
80 años;Hombres;1 de enero de 2021;142.862
80 años;Hombres;1 de enero de 2020;94.232
80 años;Hombres;1 de enero de 2019;108.147
80 años;Hombres;1 de enero de 2018;122.005
80 años;Hombres;1 de enero de 2017;132.651
80 años;Hombres;1 de enero de 2016;130.892
80 años;Hombres;1 de enero de 2015;130.402
80 años;Mujeres;1 de enero de 2025;197.649
80 años;Mujeres;1 de enero de 2024;194.842
80 años;Mujeres;1 de enero de 2023;168.022
80 años;Mujeres;1 de enero de 2022;155.945
80 años;Mujeres;1 de enero de 2021;193.447
80 años;Mujeres;1 de enero de 2020;130.945
80 años;Mujeres;1 de enero de 2019;149.278
80 años;Mujeres;1 de enero de 2018;169.104
80 años;Mujeres;1 de enero de 2017;187.736
80 años;Mujeres;1 de enero de 2016;182.520
80 años;Mujeres;1 de enero de 2015;182.687
81 años;Total;1 de enero de 2025;328.082
81 años;Total;1 de enero de 2024;283.559
81 años;Total;1 de enero de 2023;262.571
81 años;Total;1 de enero de 2022;322.563
81 años;Total;1 de enero de 2021;214.453
81 años;Total;1 de enero de 2020;247.353
81 años;Total;1 de enero de 2019;279.101
81 años;Total;1 de enero de 2018;306.998
81 años;Total;1 de enero de 2017;300.757
81 años;Total;1 de enero de 2016;299.587
81 años;Total;1 de enero de 2015;308.365
81 años;Hombres;1 de enero de 2025;138.396
81 años;Hombres;1 de enero de 2024;120.040
81 años;Hombres;1 de enero de 2023;111.003
81 años;Hombres;1 de enero de 2022;135.118
81 años;Hombres;1 de enero de 2021;88.171
81 años;Hombres;1 de enero de 2020;102.381
81 años;Hombres;1 de enero de 2019;115.309
81 años;Hombres;1 de enero de 2018;125.152
81 años;Hombres;1 de enero de 2017;123.823
81 años;Hombres;1 de enero de 2016;122.957
81 años;Hombres;1 de enero de 2015;126.044
81 años;Mujeres;1 de enero de 2025;189.686
81 años;Mujeres;1 de enero de 2024;163.519
81 años;Mujeres;1 de enero de 2023;151.568
81 años;Mujeres;1 de enero de 2022;187.445
81 años;Mujeres;1 de enero de 2021;126.282
81 años;Mujeres;1 de enero de 2020;144.972
81 años;Mujeres;1 de enero de 2019;163.792
81 años;Mujeres;1 de enero de 2018;181.846
81 años;Mujeres;1 de enero de 2017;176.934
81 años;Mujeres;1 de enero de 2016;176.630
81 años;Mujeres;1 de enero de 2015;182.321
82 años;Total;1 de enero de 2025;272.004
82 años;Total;1 de enero de 2024;251.586
82 años;Total;1 de enero de 2023;308.468
82 años;Total;1 de enero de 2022;204.762
82 años;Total;1 de enero de 2021;234.217
82 años;Total;1 de enero de 2020;266.691
82 años;Total;1 de enero de 2019;292.631
82 años;Total;1 de enero de 2018;286.434
82 años;Total;1 de enero de 2017;285.722
82 años;Total;1 de enero de 2016;293.011
82 años;Total;1 de enero de 2015;291.740
82 años;Hombres;1 de enero de 2025;113.557
82 años;Hombres;1 de enero de 2024;104.897
82 años;Hombres;1 de enero de 2023;127.248
82 años;Hombres;1 de enero de 2022;82.911
82 años;Hombres;1 de enero de 2021;95.244
82 años;Hombres;1 de enero de 2020;108.467
82 años;Hombres;1 de enero de 2019;117.414
82 años;Hombres;1 de enero de 2018;116.020
82 años;Hombres;1 de enero de 2017;115.358
82 años;Hombres;1 de enero de 2016;117.849
82 años;Hombres;1 de enero de 2015;117.203
82 años;Mujeres;1 de enero de 2025;158.447
82 años;Mujeres;1 de enero de 2024;146.689
82 años;Mujeres;1 de enero de 2023;181.220
82 años;Mujeres;1 de enero de 2022;121.851
82 años;Mujeres;1 de enero de 2021;138.973
82 años;Mujeres;1 de enero de 2020;158.224
82 años;Mujeres;1 de enero de 2019;175.217
82 años;Mujeres;1 de enero de 2018;170.414
82 años;Mujeres;1 de enero de 2017;170.364
82 años;Mujeres;1 de enero de 2016;175.162
82 años;Mujeres;1 de enero de 2015;174.537
83 años;Total;1 de enero de 2025;240.262
83 años;Total;1 de enero de 2024;293.922
83 años;Total;1 de enero de 2023;194.324
83 años;Total;1 de enero de 2022;221.993
83 años;Total;1 de enero de 2021;250.908
83 años;Total;1 de enero de 2020;277.956
83 años;Total;1 de enero de 2019;271.264
83 años;Total;1 de enero de 2018;270.520
83 años;Total;1 de enero de 2017;277.555
83 años;Total;1 de enero de 2016;275.427
83 años;Total;1 de enero de 2015;262.244
83 años;Hombres;1 de enero de 2025;98.625
83 años;Hombres;1 de enero de 2024;119.254
83 años;Hombres;1 de enero de 2023;77.384
83 años;Hombres;1 de enero de 2022;88.758
83 años;Hombres;1 de enero de 2021;100.132
83 años;Hombres;1 de enero de 2020;109.611
83 años;Hombres;1 de enero de 2019;107.938
83 años;Hombres;1 de enero de 2018;107.311
83 años;Hombres;1 de enero de 2017;109.734
83 años;Hombres;1 de enero de 2016;108.636
83 años;Hombres;1 de enero de 2015;103.589
83 años;Mujeres;1 de enero de 2025;141.637
83 años;Mujeres;1 de enero de 2024;174.668
83 años;Mujeres;1 de enero de 2023;116.940
83 años;Mujeres;1 de enero de 2022;133.235
83 años;Mujeres;1 de enero de 2021;150.776
83 años;Mujeres;1 de enero de 2020;168.345
83 años;Mujeres;1 de enero de 2019;163.326
83 años;Mujeres;1 de enero de 2018;163.209
83 años;Mujeres;1 de enero de 2017;167.821
83 años;Mujeres;1 de enero de 2016;166.791
83 años;Mujeres;1 de enero de 2015;158.655
84 años;Total;1 de enero de 2025;278.573
84 años;Total;1 de enero de 2024;183.733
84 años;Total;1 de enero de 2023;209.200
84 años;Total;1 de enero de 2022;236.192
84 años;Total;1 de enero de 2021;259.304
84 años;Total;1 de enero de 2020;255.974
84 años;Total;1 de enero de 2019;254.562
84 años;Total;1 de enero de 2018;260.713
84 años;Total;1 de enero de 2017;259.030
84 años;Total;1 de enero de 2016;245.767
84 años;Total;1 de enero de 2015;247.213
84 años;Hombres;1 de enero de 2025;111.124
84 años;Hombres;1 de enero de 2024;71.935
84 años;Hombres;1 de enero de 2023;82.092
84 años;Hombres;1 de enero de 2022;92.383
84 años;Hombres;1 de enero de 2021;100.172
84 años;Hombres;1 de enero de 2020;100.032
84 años;Hombres;1 de enero de 2019;99.004
84 años;Hombres;1 de enero de 2018;101.172
84 años;Hombres;1 de enero de 2017;100.348
84 años;Hombres;1 de enero de 2016;95.369
84 años;Hombres;1 de enero de 2015;93.964
84 años;Mujeres;1 de enero de 2025;167.449
84 años;Mujeres;1 de enero de 2024;111.798
84 años;Mujeres;1 de enero de 2023;127.108
84 años;Mujeres;1 de enero de 2022;143.809
84 años;Mujeres;1 de enero de 2021;159.132
84 años;Mujeres;1 de enero de 2020;155.942
84 años;Mujeres;1 de enero de 2019;155.558
84 años;Mujeres;1 de enero de 2018;159.541
84 años;Mujeres;1 de enero de 2017;158.682
84 años;Mujeres;1 de enero de 2016;150.398
84 años;Mujeres;1 de enero de 2015;153.249
85 años;Total;1 de enero de 2025;172.754
85 años;Total;1 de enero de 2024;196.132
85 años;Total;1 de enero de 2023;220.461
85 años;Total;1 de enero de 2022;242.100
85 años;Total;1 de enero de 2021;236.390
85 años;Total;1 de enero de 2020;238.236
85 años;Total;1 de enero de 2019;242.829
85 años;Total;1 de enero de 2018;241.253
85 años;Total;1 de enero de 2017;228.890
85 años;Total;1 de enero de 2016;229.187
85 años;Total;1 de enero de 2015;216.729
85 años;Hombres;1 de enero de 2025;66.366
85 años;Hombres;1 de enero de 2024;75.591
85 años;Hombres;1 de enero de 2023;84.542
85 años;Hombres;1 de enero de 2022;91.732
85 años;Hombres;1 de enero de 2021;90.313
85 años;Hombres;1 de enero de 2020;90.919
85 años;Hombres;1 de enero de 2019;92.371
85 años;Hombres;1 de enero de 2018;91.525
85 años;Hombres;1 de enero de 2017;87.082
85 años;Hombres;1 de enero de 2016;85.264
85 años;Hombres;1 de enero de 2015;80.493
85 años;Mujeres;1 de enero de 2025;106.388
85 años;Mujeres;1 de enero de 2024;120.541
85 años;Mujeres;1 de enero de 2023;135.919
85 años;Mujeres;1 de enero de 2022;150.368
85 años;Mujeres;1 de enero de 2021;146.077
85 años;Mujeres;1 de enero de 2020;147.317
85 años;Mujeres;1 de enero de 2019;150.458
85 años;Mujeres;1 de enero de 2018;149.728
85 años;Mujeres;1 de enero de 2017;141.808
85 años;Mujeres;1 de enero de 2016;143.923
85 años;Mujeres;1 de enero de 2015;136.236
85 y más años;Total;1 de enero de 2025;1.566.850
85 y más años;Total;1 de enero de 2024;1.597.263
85 y más años;Total;1 de enero de 2023;1.603.077
85 y más años;Total;1 de enero de 2022;1.600.586
85 y más años;Total;1 de enero de 2021;1.561.885
85 y más años;Total;1 de enero de 2020;1.554.956
85 y más años;Total;1 de enero de 2019;1.507.329
85 y más años;Total;1 de enero de 2018;1.457.583
85 y más años;Total;1 de enero de 2017;1.404.912
85 y más años;Total;1 de enero de 2016;1.350.043
85 y más años;Total;1 de enero de 2015;1.298.439
85 y más años;Hombres;1 de enero de 2025;528.961
85 y más años;Hombres;1 de enero de 2024;540.162
85 y más años;Hombres;1 de enero de 2023;541.608
85 y más años;Hombres;1 de enero de 2022;540.401
85 y más años;Hombres;1 de enero de 2021;527.354
85 y más años;Hombres;1 de enero de 2020;525.275
85 y más años;Hombres;1 de enero de 2019;507.378
85 y más años;Hombres;1 de enero de 2018;488.232
85 y más años;Hombres;1 de enero de 2017;467.558
85 y más años;Hombres;1 de enero de 2016;445.389
85 y más años;Hombres;1 de enero de 2015;425.161
85 y más años;Mujeres;1 de enero de 2025;1.037.889
85 y más años;Mujeres;1 de enero de 2024;1.057.101
85 y más años;Mujeres;1 de enero de 2023;1.061.469
85 y más años;Mujeres;1 de enero de 2022;1.060.185
85 y más años;Mujeres;1 de enero de 2021;1.034.531
85 y más años;Mujeres;1 de enero de 2020;1.029.681
85 y más años;Mujeres;1 de enero de 2019;999.951
85 y más años;Mujeres;1 de enero de 2018;969.351
85 y más años;Mujeres;1 de enero de 2017;937.354
85 y más años;Mujeres;1 de enero de 2016;904.654
85 y más años;Mujeres;1 de enero de 2015;873.278
86 años;Total;1 de enero de 2025;182.772
86 años;Total;1 de enero de 2024;205.066
86 años;Total;1 de enero de 2023;223.812
86 años;Total;1 de enero de 2022;218.667
86 años;Total;1 de enero de 2021;217.753
86 años;Total;1 de enero de 2020;224.904
86 años;Total;1 de enero de 2019;222.739
86 años;Total;1 de enero de 2018;210.811
86 años;Total;1 de enero de 2017;211.192
86 años;Total;1 de enero de 2016;199.054
86 años;Total;1 de enero de 2015;196.721
86 años;Hombres;1 de enero de 2025;68.964
86 años;Hombres;1 de enero de 2024;77.151
86 años;Hombres;1 de enero de 2023;82.899
86 años;Hombres;1 de enero de 2022;81.686
86 años;Hombres;1 de enero de 2021;80.936
86 años;Hombres;1 de enero de 2020;83.655
86 años;Hombres;1 de enero de 2019;82.646
86 años;Hombres;1 de enero de 2018;78.464
86 años;Hombres;1 de enero de 2017;76.841
86 años;Hombres;1 de enero de 2016;72.331
86 años;Hombres;1 de enero de 2015;70.617
86 años;Mujeres;1 de enero de 2025;113.808
86 años;Mujeres;1 de enero de 2024;127.915
86 años;Mujeres;1 de enero de 2023;140.913
86 años;Mujeres;1 de enero de 2022;136.981
86 años;Mujeres;1 de enero de 2021;136.817
86 años;Mujeres;1 de enero de 2020;141.249
86 años;Mujeres;1 de enero de 2019;140.093
86 años;Mujeres;1 de enero de 2018;132.347
86 años;Mujeres;1 de enero de 2017;134.351
86 años;Mujeres;1 de enero de 2016;126.723
86 años;Mujeres;1 de enero de 2015;126.104
87 años;Total;1 de enero de 2025;189.025
87 años;Total;1 de enero de 2024;206.129
87 años;Total;1 de enero de 2023;200.095
87 años;Total;1 de enero de 2022;199.113
87 años;Total;1 de enero de 2021;202.786
87 años;Total;1 de enero de 2020;204.124
87 años;Total;1 de enero de 2019;192.113
87 años;Total;1 de enero de 2018;192.344
87 años;Total;1 de enero de 2017;181.753
87 años;Total;1 de enero de 2016;178.297
87 años;Total;1 de enero de 2015;166.766
87 años;Hombres;1 de enero de 2025;69.677
87 años;Hombres;1 de enero de 2024;74.733
87 años;Hombres;1 de enero de 2023;73.122
87 años;Hombres;1 de enero de 2022;72.312
87 años;Hombres;1 de enero de 2021;73.403
87 años;Hombres;1 de enero de 2020;74.005
87 años;Hombres;1 de enero de 2019;69.793
87 años;Hombres;1 de enero de 2018;68.283
87 años;Hombres;1 de enero de 2017;64.554
87 años;Hombres;1 de enero de 2016;62.592
87 años;Hombres;1 de enero de 2015;58.295
87 años;Mujeres;1 de enero de 2025;119.348
87 años;Mujeres;1 de enero de 2024;131.396
87 años;Mujeres;1 de enero de 2023;126.973
87 años;Mujeres;1 de enero de 2022;126.801
87 años;Mujeres;1 de enero de 2021;129.383
87 años;Mujeres;1 de enero de 2020;130.119
87 años;Mujeres;1 de enero de 2019;122.320
87 años;Mujeres;1 de enero de 2018;124.061
87 años;Mujeres;1 de enero de 2017;117.199
87 años;Mujeres;1 de enero de 2016;115.705
87 años;Mujeres;1 de enero de 2015;108.471
88 años;Total;1 de enero de 2025;187.740
88 años;Total;1 de enero de 2024;182.106
88 años;Total;1 de enero de 2023;179.452
88 años;Total;1 de enero de 2022;182.761
88 años;Total;1 de enero de 2021;181.732
88 años;Total;1 de enero de 2020;174.009
88 años;Total;1 de enero de 2019;173.114
88 años;Total;1 de enero de 2018;163.172
88 años;Total;1 de enero de 2017;160.638
88 años;Total;1 de enero de 2016;149.230
88 años;Total;1 de enero de 2015;148.866
88 años;Hombres;1 de enero de 2025;66.335
88 años;Hombres;1 de enero de 2024;65.063
88 años;Hombres;1 de enero de 2023;63.440
88 años;Hombres;1 de enero de 2022;64.381
88 años;Hombres;1 de enero de 2021;64.021
88 años;Hombres;1 de enero de 2020;61.648
88 años;Hombres;1 de enero de 2019;59.875
88 años;Hombres;1 de enero de 2018;56.405
88 años;Hombres;1 de enero de 2017;55.033
88 años;Hombres;1 de enero de 2016;50.839
88 años;Hombres;1 de enero de 2015;50.153
88 años;Mujeres;1 de enero de 2025;121.405
88 años;Mujeres;1 de enero de 2024;117.043
88 años;Mujeres;1 de enero de 2023;116.012
88 años;Mujeres;1 de enero de 2022;118.380
88 años;Mujeres;1 de enero de 2021;117.711
88 años;Mujeres;1 de enero de 2020;112.361
88 años;Mujeres;1 de enero de 2019;113.239
88 años;Mujeres;1 de enero de 2018;106.767
88 años;Mujeres;1 de enero de 2017;105.605
88 años;Mujeres;1 de enero de 2016;98.391
88 años;Mujeres;1 de enero de 2015;98.713
89 años;Total;1 de enero de 2025;163.947
89 años;Total;1 de enero de 2024;160.925
89 años;Total;1 de enero de 2023;161.976
89 años;Total;1 de enero de 2022;161.880
89 años;Total;1 de enero de 2021;152.188
89 años;Total;1 de enero de 2020;154.396
89 años;Total;1 de enero de 2019;144.692
89 años;Total;1 de enero de 2018;141.937
89 años;Total;1 de enero de 2017;132.386
89 años;Total;1 de enero de 2016;130.947
89 años;Total;1 de enero de 2015;124.450
89 años;Hombres;1 de enero de 2025;57.230
89 años;Hombres;1 de enero de 2024;55.502
89 años;Hombres;1 de enero de 2023;55.346
89 años;Hombres;1 de enero de 2022;55.429
89 años;Hombres;1 de enero de 2021;52.302
89 años;Hombres;1 de enero de 2020;51.924
89 años;Hombres;1 de enero de 2019;48.636
89 años;Hombres;1 de enero de 2018;47.215
89 años;Hombres;1 de enero de 2017;43.836
89 años;Hombres;1 de enero de 2016;42.916
89 años;Hombres;1 de enero de 2015;40.464
89 años;Mujeres;1 de enero de 2025;106.717
89 años;Mujeres;1 de enero de 2024;105.423
89 años;Mujeres;1 de enero de 2023;106.630
89 años;Mujeres;1 de enero de 2022;106.451
89 años;Mujeres;1 de enero de 2021;99.886
89 años;Mujeres;1 de enero de 2020;102.472
89 años;Mujeres;1 de enero de 2019;96.056
89 años;Mujeres;1 de enero de 2018;94.722
89 años;Mujeres;1 de enero de 2017;88.550
89 años;Mujeres;1 de enero de 2016;88.031
89 años;Mujeres;1 de enero de 2015;83.986
90 años;Total;1 de enero de 2025;142.421
90 años;Total;1 de enero de 2024;142.898
90 años;Total;1 de enero de 2023;140.983
90 años;Total;1 de enero de 2022;133.319
90 años;Total;1 de enero de 2021;132.455
90 años;Total;1 de enero de 2020;127.057
90 años;Total;1 de enero de 2019;123.650
90 años;Total;1 de enero de 2018;114.742
90 años;Total;1 de enero de 2017;114.233
90 años;Total;1 de enero de 2016;107.659
90 años;Total;1 de enero de 2015;105.687
90 años;Hombres;1 de enero de 2025;47.789
90 años;Hombres;1 de enero de 2024;47.552
90 años;Hombres;1 de enero de 2023;46.798
90 años;Hombres;1 de enero de 2022;44.435
90 años;Hombres;1 de enero de 2021;43.022
90 años;Hombres;1 de enero de 2020;41.510
90 años;Hombres;1 de enero de 2019;40.009
90 años;Hombres;1 de enero de 2018;36.906
90 años;Hombres;1 de enero de 2017;36.343
90 años;Hombres;1 de enero de 2016;33.984
90 años;Hombres;1 de enero de 2015;32.989
90 años;Mujeres;1 de enero de 2025;94.632
90 años;Mujeres;1 de enero de 2024;95.346
90 años;Mujeres;1 de enero de 2023;94.185
90 años;Mujeres;1 de enero de 2022;88.884
90 años;Mujeres;1 de enero de 2021;89.433
90 años;Mujeres;1 de enero de 2020;85.547
90 años;Mujeres;1 de enero de 2019;83.641
90 años;Mujeres;1 de enero de 2018;77.836
90 años;Mujeres;1 de enero de 2017;77.890
90 años;Mujeres;1 de enero de 2016;73.675
90 años;Mujeres;1 de enero de 2015;72.698
91 años;Total;1 de enero de 2025;124.131
91 años;Total;1 de enero de 2024;122.334
91 años;Total;1 de enero de 2023;113.705
91 años;Total;1 de enero de 2022;113.937
91 años;Total;1 de enero de 2021;106.697
91 años;Total;1 de enero de 2020;106.540
91 años;Total;1 de enero de 2019;97.910
91 años;Total;1 de enero de 2018;97.348
91 años;Total;1 de enero de 2017;92.238
91 años;Total;1 de enero de 2016;89.669
91 años;Total;1 de enero de 2015;86.681
91 años;Hombres;1 de enero de 2025;39.978
91 años;Hombres;1 de enero de 2024;39.346
91 años;Hombres;1 de enero de 2023;36.660
91 años;Hombres;1 de enero de 2022;35.855
91 años;Hombres;1 de enero de 2021;33.504
91 años;Hombres;1 de enero de 2020;33.500
91 años;Hombres;1 de enero de 2019;30.457
91 años;Hombres;1 de enero de 2018;30.073
91 años;Hombres;1 de enero de 2017;28.225
91 años;Hombres;1 de enero de 2016;27.078
91 años;Hombres;1 de enero de 2015;26.470
91 años;Mujeres;1 de enero de 2025;84.153
91 años;Mujeres;1 de enero de 2024;82.988
91 años;Mujeres;1 de enero de 2023;77.045
91 años;Mujeres;1 de enero de 2022;78.082
91 años;Mujeres;1 de enero de 2021;73.193
91 años;Mujeres;1 de enero de 2020;73.040
91 años;Mujeres;1 de enero de 2019;67.453
91 años;Mujeres;1 de enero de 2018;67.275
91 años;Mujeres;1 de enero de 2017;64.013
91 años;Mujeres;1 de enero de 2016;62.591
91 años;Mujeres;1 de enero de 2015;60.211
92 años;Total;1 de enero de 2025;104.209
92 años;Total;1 de enero de 2024;96.780
92 años;Total;1 de enero de 2023;95.452
92 años;Total;1 de enero de 2022;89.845
92 años;Total;1 de enero de 2021;87.490
92 años;Total;1 de enero de 2020;82.809
92 años;Total;1 de enero de 2019;81.600
92 años;Total;1 de enero de 2018;77.050
92 años;Total;1 de enero de 2017;75.404
92 años;Total;1 de enero de 2016;72.027
92 años;Total;1 de enero de 2015;70.896
92 años;Hombres;1 de enero de 2025;32.431
92 años;Hombres;1 de enero de 2024;30.211
92 años;Hombres;1 de enero de 2023;28.923
92 años;Hombres;1 de enero de 2022;27.200
92 años;Hombres;1 de enero de 2021;26.399
92 años;Hombres;1 de enero de 2020;24.865
92 años;Hombres;1 de enero de 2019;24.285
92 años;Hombres;1 de enero de 2018;22.820
92 años;Hombres;1 de enero de 2017;22.066
92 años;Hombres;1 de enero de 2016;21.339
92 años;Hombres;1 de enero de 2015;20.365
92 años;Mujeres;1 de enero de 2025;71.778
92 años;Mujeres;1 de enero de 2024;66.569
92 años;Mujeres;1 de enero de 2023;66.529
92 años;Mujeres;1 de enero de 2022;62.645
92 años;Mujeres;1 de enero de 2021;61.091
92 años;Mujeres;1 de enero de 2020;57.944
92 años;Mujeres;1 de enero de 2019;57.315
92 años;Mujeres;1 de enero de 2018;54.230
92 años;Mujeres;1 de enero de 2017;53.338
92 años;Mujeres;1 de enero de 2016;50.688
92 años;Mujeres;1 de enero de 2015;50.531
93 años;Total;1 de enero de 2025;80.717
93 años;Total;1 de enero de 2024;79.709
93 años;Total;1 de enero de 2023;73.321
93 años;Total;1 de enero de 2022;72.501
93 años;Total;1 de enero de 2021;66.413
93 años;Total;1 de enero de 2020;67.473
93 años;Total;1 de enero de 2019;63.292
93 años;Total;1 de enero de 2018;61.770
93 años;Total;1 de enero de 2017;59.397
93 años;Total;1 de enero de 2016;57.582
93 años;Total;1 de enero de 2015;52.979
93 años;Hombres;1 de enero de 2025;24.363
93 años;Hombres;1 de enero de 2024;23.246
93 años;Hombres;1 de enero de 2023;21.315
93 años;Hombres;1 de enero de 2022;21.030
93 años;Hombres;1 de enero de 2021;19.098
93 años;Hombres;1 de enero de 2020;19.317
93 años;Hombres;1 de enero de 2019;18.040
93 años;Hombres;1 de enero de 2018;17.371
93 años;Hombres;1 de enero de 2017;17.008
93 años;Hombres;1 de enero de 2016;15.990
93 años;Hombres;1 de enero de 2015;14.900
93 años;Mujeres;1 de enero de 2025;56.354
93 años;Mujeres;1 de enero de 2024;56.463
93 años;Mujeres;1 de enero de 2023;52.006
93 años;Mujeres;1 de enero de 2022;51.471
93 años;Mujeres;1 de enero de 2021;47.315
93 años;Mujeres;1 de enero de 2020;48.156
93 años;Mujeres;1 de enero de 2019;45.252
93 años;Mujeres;1 de enero de 2018;44.399
93 años;Mujeres;1 de enero de 2017;42.389
93 años;Mujeres;1 de enero de 2016;41.592
93 años;Mujeres;1 de enero de 2015;38.079
94 años;Total;1 de enero de 2025;65.130
94 años;Total;1 de enero de 2024;59.706
94 años;Total;1 de enero de 2023;57.958
94 años;Total;1 de enero de 2022;53.645
94 años;Total;1 de enero de 2021;52.782
94 años;Total;1 de enero de 2020;51.245
94 años;Total;1 de enero de 2019;49.298
94 años;Total;1 de enero de 2018;47.329
94 años;Total;1 de enero de 2017;46.380
94 años;Total;1 de enero de 2016;42.216
94 años;Total;1 de enero de 2015;39.752
94 años;Hombres;1 de enero de 2025;18.293
94 años;Hombres;1 de enero de 2024;16.715
94 años;Hombres;1 de enero de 2023;16.128
94 años;Hombres;1 de enero de 2022;14.709
94 años;Hombres;1 de enero de 2021;14.435
94 años;Hombres;1 de enero de 2020;14.056
94 años;Hombres;1 de enero de 2019;13.316
94 años;Hombres;1 de enero de 2018;13.035
94 años;Hombres;1 de enero de 2017;12.392
94 años;Hombres;1 de enero de 2016;11.434
94 años;Hombres;1 de enero de 2015;10.241
94 años;Mujeres;1 de enero de 2025;46.837
94 años;Mujeres;1 de enero de 2024;42.991
94 años;Mujeres;1 de enero de 2023;41.830
94 años;Mujeres;1 de enero de 2022;38.936
94 años;Mujeres;1 de enero de 2021;38.347
94 años;Mujeres;1 de enero de 2020;37.189
94 años;Mujeres;1 de enero de 2019;35.982
94 años;Mujeres;1 de enero de 2018;34.294
94 años;Mujeres;1 de enero de 2017;33.988
94 años;Mujeres;1 de enero de 2016;30.782
94 años;Mujeres;1 de enero de 2015;29.511
95 años;Total;1 de enero de 2025;47.673
95 años;Total;1 de enero de 2024;46.107
95 años;Total;1 de enero de 2023;41.723
95 años;Total;1 de enero de 2022;41.524
95 años;Total;1 de enero de 2021;38.909
95 años;Total;1 de enero de 2020;39.246
95 años;Total;1 de enero de 2019;37.057
95 años;Total;1 de enero de 2018;36.281
95 años;Total;1 de enero de 2017;33.221
95 años;Total;1 de enero de 2016;30.916
95 años;Total;1 de enero de 2015;26.744
95 años;Hombres;1 de enero de 2025;12.848
95 años;Hombres;1 de enero de 2024;12.331
95 años;Hombres;1 de enero de 2023;10.961
95 años;Hombres;1 de enero de 2022;10.861
95 años;Hombres;1 de enero de 2021;10.091
95 años;Hombres;1 de enero de 2020;10.240
95 años;Hombres;1 de enero de 2019;9.777
95 años;Hombres;1 de enero de 2018;9.300
95 años;Hombres;1 de enero de 2017;8.648
95 años;Hombres;1 de enero de 2016;7.805
95 años;Hombres;1 de enero de 2015;6.663
95 años;Mujeres;1 de enero de 2025;34.825
95 años;Mujeres;1 de enero de 2024;33.776
95 años;Mujeres;1 de enero de 2023;30.762
95 años;Mujeres;1 de enero de 2022;30.663
95 años;Mujeres;1 de enero de 2021;28.818
95 años;Mujeres;1 de enero de 2020;29.006
95 años;Mujeres;1 de enero de 2019;27.280
95 años;Mujeres;1 de enero de 2018;26.981
95 años;Mujeres;1 de enero de 2017;24.573
95 años;Mujeres;1 de enero de 2016;23.111
95 años;Mujeres;1 de enero de 2015;20.081
96 años;Total;1 de enero de 2025;35.879
96 años;Total;1 de enero de 2024;32.357
96 años;Total;1 de enero de 2023;31.332
96 años;Total;1 de enero de 2022;29.983
96 años;Total;1 de enero de 2021;29.037
96 años;Total;1 de enero de 2020;28.644
96 años;Total;1 de enero de 2019;27.545
96 años;Total;1 de enero de 2018;25.193
96 años;Total;1 de enero de 2017;24.009
96 años;Total;1 de enero de 2016;20.378
96 años;Total;1 de enero de 2015;20.090
96 años;Hombres;1 de enero de 2025;9.200
96 años;Hombres;1 de enero de 2024;8.097
96 años;Hombres;1 de enero de 2023;7.785
96 años;Hombres;1 de enero de 2022;7.381
96 años;Hombres;1 de enero de 2021;7.250
96 años;Hombres;1 de enero de 2020;7.307
96 años;Hombres;1 de enero de 2019;6.815
96 años;Hombres;1 de enero de 2018;6.328
96 años;Hombres;1 de enero de 2017;5.948
96 años;Hombres;1 de enero de 2016;4.915
96 años;Hombres;1 de enero de 2015;4.676
96 años;Mujeres;1 de enero de 2025;26.679
96 años;Mujeres;1 de enero de 2024;24.260
96 años;Mujeres;1 de enero de 2023;23.547
96 años;Mujeres;1 de enero de 2022;22.602
96 años;Mujeres;1 de enero de 2021;21.787
96 años;Mujeres;1 de enero de 2020;21.337
96 años;Mujeres;1 de enero de 2019;20.730
96 años;Mujeres;1 de enero de 2018;18.865
96 años;Mujeres;1 de enero de 2017;18.061
96 años;Mujeres;1 de enero de 2016;15.463
96 años;Mujeres;1 de enero de 2015;15.414
97 años;Total;1 de enero de 2025;24.450
97 años;Total;1 de enero de 2024;23.636
97 años;Total;1 de enero de 2023;21.992
97 años;Total;1 de enero de 2022;21.799
97 años;Total;1 de enero de 2021;20.556
97 años;Total;1 de enero de 2020;20.764
97 años;Total;1 de enero de 2019;18.653
97 años;Total;1 de enero de 2018;17.890
97 años;Total;1 de enero de 2017;15.573
97 años;Total;1 de enero de 2016;14.957
97 años;Total;1 de enero de 2015;14.237
97 años;Hombres;1 de enero de 2025;5.878
97 años;Hombres;1 de enero de 2024;5.617
97 años;Hombres;1 de enero de 2023;5.186
97 años;Hombres;1 de enero de 2022;5.179
97 años;Hombres;1 de enero de 2021;5.003
97 años;Hombres;1 de enero de 2020;4.897
97 años;Hombres;1 de enero de 2019;4.496
97 años;Hombres;1 de enero de 2018;4.329
97 años;Hombres;1 de enero de 2017;3.689
97 años;Hombres;1 de enero de 2016;3.408
97 años;Hombres;1 de enero de 2015;3.220
97 años;Mujeres;1 de enero de 2025;18.572
97 años;Mujeres;1 de enero de 2024;18.019
97 años;Mujeres;1 de enero de 2023;16.806
97 años;Mujeres;1 de enero de 2022;16.620
97 años;Mujeres;1 de enero de 2021;15.553
97 años;Mujeres;1 de enero de 2020;15.867
97 años;Mujeres;1 de enero de 2019;14.157
97 años;Mujeres;1 de enero de 2018;13.561
97 años;Mujeres;1 de enero de 2017;11.884
97 años;Mujeres;1 de enero de 2016;11.549
97 años;Mujeres;1 de enero de 2015;11.017
98 años;Total;1 de enero de 2025;17.279
98 años;Total;1 de enero de 2024;16.310
98 años;Total;1 de enero de 2023;15.541
98 años;Total;1 de enero de 2022;15.110
98 años;Total;1 de enero de 2021;14.545
98 años;Total;1 de enero de 2020;13.700
98 años;Total;1 de enero de 2019;13.152
98 años;Total;1 de enero de 2018;11.404
98 años;Total;1 de enero de 2017;11.130
98 años;Total;1 de enero de 2016;10.279
98 años;Total;1 de enero de 2015;10.067
98 años;Hombres;1 de enero de 2025;3.942
98 años;Hombres;1 de enero de 2024;3.702
98 años;Hombres;1 de enero de 2023;3.554
98 años;Hombres;1 de enero de 2022;3.511
98 años;Hombres;1 de enero de 2021;3.251
98 años;Hombres;1 de enero de 2020;3.154
98 años;Hombres;1 de enero de 2019;3.084
98 años;Hombres;1 de enero de 2018;2.634
98 años;Hombres;1 de enero de 2017;2.488
98 años;Hombres;1 de enero de 2016;2.227
98 años;Hombres;1 de enero de 2015;2.270
98 años;Mujeres;1 de enero de 2025;13.337
98 años;Mujeres;1 de enero de 2024;12.608
98 años;Mujeres;1 de enero de 2023;11.987
98 años;Mujeres;1 de enero de 2022;11.599
98 años;Mujeres;1 de enero de 2021;11.294
98 años;Mujeres;1 de enero de 2020;10.546
98 años;Mujeres;1 de enero de 2019;10.068
98 años;Mujeres;1 de enero de 2018;8.770
98 años;Mujeres;1 de enero de 2017;8.642
98 años;Mujeres;1 de enero de 2016;8.052
98 años;Mujeres;1 de enero de 2015;7.797
99 años;Total;1 de enero de 2025;11.685
99 años;Total;1 de enero de 2024;11.157
99 años;Total;1 de enero de 2023;10.614
99 años;Total;1 de enero de 2022;10.488
99 años;Total;1 de enero de 2021;9.396
99 años;Total;1 de enero de 2020;9.682
99 años;Total;1 de enero de 2019;8.298
99 años;Total;1 de enero de 2018;8.045
99 años;Total;1 de enero de 2017;7.525
99 años;Total;1 de enero de 2016;7.176
99 años;Total;1 de enero de 2015;7.267
99 años;Hombres;1 de enero de 2025;2.597
99 años;Hombres;1 de enero de 2024;2.477
99 años;Hombres;1 de enero de 2023;2.371
99 años;Hombres;1 de enero de 2022;2.262
99 años;Hombres;1 de enero de 2021;2.096
99 años;Hombres;1 de enero de 2020;2.226
99 años;Hombres;1 de enero de 2019;1.896
99 años;Hombres;1 de enero de 2018;1.749
99 años;Hombres;1 de enero de 2017;1.585
99 años;Hombres;1 de enero de 2016;1.573
99 años;Hombres;1 de enero de 2015;1.527
99 años;Mujeres;1 de enero de 2025;9.088
99 años;Mujeres;1 de enero de 2024;8.680
99 años;Mujeres;1 de enero de 2023;8.243
99 años;Mujeres;1 de enero de 2022;8.226
99 años;Mujeres;1 de enero de 2021;7.300
99 años;Mujeres;1 de enero de 2020;7.456
99 años;Mujeres;1 de enero de 2019;6.402
99 años;Mujeres;1 de enero de 2018;6.296
99 años;Mujeres;1 de enero de 2017;5.940
99 años;Mujeres;1 de enero de 2016;5.603
99 años;Mujeres;1 de enero de 2015;5.740
100 años;Total;1 de enero de 2025;6.968
100 años;Total;1 de enero de 2024;6.615
100 años;Total;1 de enero de 2023;6.303
100 años;Total;1 de enero de 2022;5.851
100 años;Total;1 de enero de 2021;5.435
100 años;Total;1 de enero de 2020;4.860
100 años;Total;1 de enero de 2019;4.656
100 años;Total;1 de enero de 2018;4.272
100 años;Total;1 de enero de 2017;4.246
100 años;Total;1 de enero de 2016;4.152
100 años;Total;1 de enero de 2015;4.525
100 años;Hombres;1 de enero de 2025;1.376
100 años;Hombres;1 de enero de 2024;1.300
100 años;Hombres;1 de enero de 2023;1.200
100 años;Hombres;1 de enero de 2022;1.128
100 años;Hombres;1 de enero de 2021;1.037
100 años;Hombres;1 de enero de 2020;907
100 años;Hombres;1 de enero de 2019;848
100 años;Hombres;1 de enero de 2018;751
100 años;Hombres;1 de enero de 2017;779
100 años;Hombres;1 de enero de 2016;711
100 años;Hombres;1 de enero de 2015;868
100 años;Mujeres;1 de enero de 2025;5.592
100 años;Mujeres;1 de enero de 2024;5.315
100 años;Mujeres;1 de enero de 2023;5.103
100 años;Mujeres;1 de enero de 2022;4.723
100 años;Mujeres;1 de enero de 2021;4.398
100 años;Mujeres;1 de enero de 2020;3.953
100 años;Mujeres;1 de enero de 2019;3.808
100 años;Mujeres;1 de enero de 2018;3.521
100 años;Mujeres;1 de enero de 2017;3.467
100 años;Mujeres;1 de enero de 2016;3.441
100 años;Mujeres;1 de enero de 2015;3.657
100 y más años;Total;1 de enero de 2025;17.038
100 y más años;Total;1 de enero de 2024;15.911
100 y más años;Total;1 de enero de 2023;14.660
100 y más años;Total;1 de enero de 2022;13.914
100 y más años;Total;1 de enero de 2021;12.756
100 y más años;Total;1 de enero de 2020;12.127
100 y más años;Total;1 de enero de 2019;11.387
100 y más años;Total;1 de enero de 2018;11.014
100 y más años;Total;1 de enero de 2017;10.943
100 y más años;Total;1 de enero de 2016;10.469
100 y más años;Total;1 de enero de 2015;10.507
100 y más años;Hombres;1 de enero de 2025;3.070
100 y más años;Hombres;1 de enero de 2024;2.828
100 y más años;Hombres;1 de enero de 2023;2.578
100 y más años;Hombres;1 de enero de 2022;2.438
100 y más años;Hombres;1 de enero de 2021;2.230
100 y más años;Hombres;1 de enero de 2020;2.052
100 y más años;Hombres;1 de enero de 2019;1.882
100 y más años;Hombres;1 de enero de 2018;1.795
100 y más años;Hombres;1 de enero de 2017;1.820
100 y más años;Hombres;1 de enero de 2016;1.694
100 y más años;Hombres;1 de enero de 2015;1.818
100 y más años;Mujeres;1 de enero de 2025;13.968
100 y más años;Mujeres;1 de enero de 2024;13.083
100 y más años;Mujeres;1 de enero de 2023;12.082
100 y más años;Mujeres;1 de enero de 2022;11.476
100 y más años;Mujeres;1 de enero de 2021;10.526
100 y más años;Mujeres;1 de enero de 2020;10.075
100 y más años;Mujeres;1 de enero de 2019;9.505
100 y más años;Mujeres;1 de enero de 2018;9.219
100 y más años;Mujeres;1 de enero de 2017;9.123
100 y más años;Mujeres;1 de enero de 2016;8.775
100 y más años;Mujeres;1 de enero de 2015;8.689
101 años;Total;1 de enero de 2025;4.364
101 años;Total;1 de enero de 2024;4.163
101 años;Total;1 de enero de 2023;3.675
101 años;Total;1 de enero de 2022;3.577
101 años;Total;1 de enero de 2021;2.979
101 años;Total;1 de enero de 2020;3.119
101 años;Total;1 de enero de 2019;2.768
101 años;Total;1 de enero de 2018;2.728
101 años;Total;1 de enero de 2017;2.774
101 años;Total;1 de enero de 2016;2.768
101 años;Total;1 de enero de 2015;2.537
101 años;Hombres;1 de enero de 2025;821
101 años;Hombres;1 de enero de 2024;720
101 años;Hombres;1 de enero de 2023;662
101 años;Hombres;1 de enero de 2022;630
101 años;Hombres;1 de enero de 2021;523
101 años;Hombres;1 de enero de 2020;523
101 años;Hombres;1 de enero de 2019;458
101 años;Hombres;1 de enero de 2018;445
101 años;Hombres;1 de enero de 2017;463
101 años;Hombres;1 de enero de 2016;469
101 años;Hombres;1 de enero de 2015;445
101 años;Mujeres;1 de enero de 2025;3.543
101 años;Mujeres;1 de enero de 2024;3.443
101 años;Mujeres;1 de enero de 2023;3.013
101 años;Mujeres;1 de enero de 2022;2.947
101 años;Mujeres;1 de enero de 2021;2.456
101 años;Mujeres;1 de enero de 2020;2.596
101 años;Mujeres;1 de enero de 2019;2.310
101 años;Mujeres;1 de enero de 2018;2.283
101 años;Mujeres;1 de enero de 2017;2.311
101 años;Mujeres;1 de enero de 2016;2.299
101 años;Mujeres;1 de enero de 2015;2.092
102 años;Total;1 de enero de 2025;2.668
102 años;Total;1 de enero de 2024;2.313
102 años;Total;1 de enero de 2023;2.183
102 años;Total;1 de enero de 2022;1.911
102 años;Total;1 de enero de 2021;1.889
102 años;Total;1 de enero de 2020;1.776
102 años;Total;1 de enero de 2019;1.664
102 años;Total;1 de enero de 2018;1.701
102 años;Total;1 de enero de 2017;1.779
102 años;Total;1 de enero de 2016;1.588
102 años;Total;1 de enero de 2015;1.516
102 años;Hombres;1 de enero de 2025;422
102 años;Hombres;1 de enero de 2024;391
102 años;Hombres;1 de enero de 2023;362
102 años;Hombres;1 de enero de 2022;307
102 años;Hombres;1 de enero de 2021;316
102 años;Hombres;1 de enero de 2020;279
102 años;Hombres;1 de enero de 2019;249
102 años;Hombres;1 de enero de 2018;265
102 años;Hombres;1 de enero de 2017;270
102 años;Hombres;1 de enero de 2016;239
102 años;Hombres;1 de enero de 2015;248
102 años;Mujeres;1 de enero de 2025;2.246
102 años;Mujeres;1 de enero de 2024;1.922
102 años;Mujeres;1 de enero de 2023;1.821
102 años;Mujeres;1 de enero de 2022;1.604
102 años;Mujeres;1 de enero de 2021;1.573
102 años;Mujeres;1 de enero de 2020;1.497
102 años;Mujeres;1 de enero de 2019;1.415
102 años;Mujeres;1 de enero de 2018;1.436
102 años;Mujeres;1 de enero de 2017;1.509
102 años;Mujeres;1 de enero de 2016;1.349
102 años;Mujeres;1 de enero de 2015;1.268
103 años;Total;1 de enero de 2025;1.404
103 años;Total;1 de enero de 2024;1.378
103 años;Total;1 de enero de 2023;1.121
103 años;Total;1 de enero de 2022;1.128
103 años;Total;1 de enero de 2021;1.055
103 años;Total;1 de enero de 2020;1.050
103 años;Total;1 de enero de 2019;987
103 años;Total;1 de enero de 2018;1.085
103 años;Total;1 de enero de 2017;1.022
103 años;Total;1 de enero de 2016;977
103 años;Total;1 de enero de 2015;825
103 años;Hombres;1 de enero de 2025;227
103 años;Hombres;1 de enero de 2024;211
103 años;Hombres;1 de enero de 2023;164
103 años;Hombres;1 de enero de 2022;178
103 años;Hombres;1 de enero de 2021;158
103 años;Hombres;1 de enero de 2020;156
103 años;Hombres;1 de enero de 2019;140
103 años;Hombres;1 de enero de 2018;160
103 años;Hombres;1 de enero de 2017;148
103 años;Hombres;1 de enero de 2016;153
103 años;Hombres;1 de enero de 2015;120
103 años;Mujeres;1 de enero de 2025;1.177
103 años;Mujeres;1 de enero de 2024;1.167
103 años;Mujeres;1 de enero de 2023;957
103 años;Mujeres;1 de enero de 2022;950
103 años;Mujeres;1 de enero de 2021;897
103 años;Mujeres;1 de enero de 2020;894
103 años;Mujeres;1 de enero de 2019;847
103 años;Mujeres;1 de enero de 2018;925
103 años;Mujeres;1 de enero de 2017;874
103 años;Mujeres;1 de enero de 2016;824
103 años;Mujeres;1 de enero de 2015;705
104 años;Total;1 de enero de 2025;824
104 años;Total;1 de enero de 2024;661
104 años;Total;1 de enero de 2023;620
104 años;Total;1 de enero de 2022;629
104 años;Total;1 de enero de 2021;623
104 años;Total;1 de enero de 2020;577
104 años;Total;1 de enero de 2019;639
104 años;Total;1 de enero de 2018;593
104 años;Total;1 de enero de 2017;590
104 años;Total;1 de enero de 2016;520
104 años;Total;1 de enero de 2015;503
104 años;Hombres;1 de enero de 2025;116
104 años;Hombres;1 de enero de 2024;101
104 años;Hombres;1 de enero de 2023;85
104 años;Hombres;1 de enero de 2022;75
104 años;Hombres;1 de enero de 2021;88
104 años;Hombres;1 de enero de 2020;80
104 años;Hombres;1 de enero de 2019;85
104 años;Hombres;1 de enero de 2018;86
104 años;Hombres;1 de enero de 2017;87
104 años;Hombres;1 de enero de 2016;68
104 años;Hombres;1 de enero de 2015;69
104 años;Mujeres;1 de enero de 2025;708
104 años;Mujeres;1 de enero de 2024;560
104 años;Mujeres;1 de enero de 2023;535
104 años;Mujeres;1 de enero de 2022;554
104 años;Mujeres;1 de enero de 2021;535
104 años;Mujeres;1 de enero de 2020;497
104 años;Mujeres;1 de enero de 2019;554
104 años;Mujeres;1 de enero de 2018;507
104 años;Mujeres;1 de enero de 2017;503
104 años;Mujeres;1 de enero de 2016;452
104 años;Mujeres;1 de enero de 2015;434
105 y más años;Total;1 de enero de 2025;810
105 y más años;Total;1 de enero de 2024;781
105 y más años;Total;1 de enero de 2023;758
105 y más años;Total;1 de enero de 2022;818
105 y más años;Total;1 de enero de 2021;775
105 y más años;Total;1 de enero de 2020;745
105 y más años;Total;1 de enero de 2019;673
105 y más años;Total;1 de enero de 2018;635
105 y más años;Total;1 de enero de 2017;532
105 y más años;Total;1 de enero de 2016;464
105 y más años;Total;1 de enero de 2015;601
105 y más años;Hombres;1 de enero de 2025;108
105 y más años;Hombres;1 de enero de 2024;105
105 y más años;Hombres;1 de enero de 2023;105
105 y más años;Hombres;1 de enero de 2022;120
105 y más años;Hombres;1 de enero de 2021;108
105 y más años;Hombres;1 de enero de 2020;107
105 y más años;Hombres;1 de enero de 2019;102
105 y más años;Hombres;1 de enero de 2018;88
105 y más años;Hombres;1 de enero de 2017;73
105 y más años;Hombres;1 de enero de 2016;54
105 y más años;Hombres;1 de enero de 2015;68
105 y más años;Mujeres;1 de enero de 2025;702
105 y más años;Mujeres;1 de enero de 2024;676
105 y más años;Mujeres;1 de enero de 2023;653
105 y más años;Mujeres;1 de enero de 2022;698
105 y más años;Mujeres;1 de enero de 2021;667
105 y más años;Mujeres;1 de enero de 2020;638
105 y más años;Mujeres;1 de enero de 2019;571
105 y más años;Mujeres;1 de enero de 2018;547
105 y más años;Mujeres;1 de enero de 2017;459
105 y más años;Mujeres;1 de enero de 2016;410
105 y más años;Mujeres;1 de enero de 2015;533
