Sexo;Edad;Funciones;Periodo;Total
Ambos sexos;0 años;Tasa de mortalidad;2024;3,014534
Ambos sexos;0 años;Tasa de mortalidad;2020;2,521610
Ambos sexos;0 años;Tasa de mortalidad;2019;2,598654
Ambos sexos;0 años;Promedio de años vividos el último año de vida;2024;0,109244
Ambos sexos;0 años;Promedio de años vividos el último año de vida;2020;0,127639
Ambos sexos;0 años;Promedio de años vividos el último año de vida;2019;0,116910
Ambos sexos;0 años;Riesgo de muerte;2024;3,006461
Ambos sexos;0 años;Riesgo de muerte;2020;2,516076
Ambos sexos;0 años;Riesgo de muerte;2019;2,592705
Ambos sexos;0 años;Supervivientes;2024;100.000,000000
Ambos sexos;0 años;Supervivientes;2020;100.000,000000
Ambos sexos;0 años;Supervivientes;2019;100.000,000000
Ambos sexos;0 años;Defunciones teóricas;2024;300,646117
Ambos sexos;0 años;Defunciones teóricas;2020;251,607550
Ambos sexos;0 años;Defunciones teóricas;2019;259,270450
Ambos sexos;0 años;Población estacionaria;2024;99.732,197762
Ambos sexos;0 años;Población estacionaria;2020;99.780,507295
Ambos sexos;0 años;Población estacionaria;2019;99.771,040955
Ambos sexos;0 años;Tiempo por vivir;2024;8.400.971,845000
Ambos sexos;0 años;Tiempo por vivir;2020;8.228.364,537700
Ambos sexos;0 años;Tiempo por vivir;2019;8.353.350,272600
Ambos sexos;0 años;Esperanza de vida;2024;84,009718
Ambos sexos;0 años;Esperanza de vida;2020;82,283645
Ambos sexos;0 años;Esperanza de vida;2019;83,533503
Ambos sexos;1 año;Tasa de mortalidad;2024;0,188692
Ambos sexos;1 año;Tasa de mortalidad;2020;0,200190
Ambos sexos;1 año;Tasa de mortalidad;2019;0,207707
Ambos sexos;1 año;Promedio de años vividos el último año de vida;2024;0,510755
Ambos sexos;1 año;Promedio de años vividos el último año de vida;2020;0,447940
Ambos sexos;1 año;Promedio de años vividos el último año de vida;2019;0,447603
Ambos sexos;1 año;Riesgo de muerte;2024;0,188674
Ambos sexos;1 año;Riesgo de muerte;2020;0,200168
Ambos sexos;1 año;Riesgo de muerte;2019;0,207683
Ambos sexos;1 año;Supervivientes;2024;99.699,353883
Ambos sexos;1 año;Supervivientes;2020;99.748,392450
Ambos sexos;1 año;Supervivientes;2019;99.740,729550
Ambos sexos;1 año;Defunciones teóricas;2024;18,810705
Ambos sexos;1 año;Defunciones teóricas;2020;19,966445
Ambos sexos;1 año;Defunciones teóricas;2019;20,714479
Ambos sexos;1 año;Población estacionaria;2024;99.690,150849
Ambos sexos;1 año;Población estacionaria;2020;99.737,369769
Ambos sexos;1 año;Población estacionaria;2019;99.729,286928
Ambos sexos;1 año;Tiempo por vivir;2024;8.301.239,647200
Ambos sexos;1 año;Tiempo por vivir;2020;8.128.584,030400
Ambos sexos;1 año;Tiempo por vivir;2019;8.253.579,231600
Ambos sexos;1 año;Esperanza de vida;2024;83,262723
Ambos sexos;1 año;Esperanza de vida;2020;81,490878
Ambos sexos;1 año;Esperanza de vida;2019;82,750339
Ambos sexos;2 años;Tasa de mortalidad;2024;0,143971
Ambos sexos;2 años;Tasa de mortalidad;2020;0,105360
Ambos sexos;2 años;Tasa de mortalidad;2019;0,136460
Ambos sexos;2 años;Promedio de años vividos el último año de vida;2024;0,472295
Ambos sexos;2 años;Promedio de años vividos el último año de vida;2020;0,492936
Ambos sexos;2 años;Promedio de años vividos el último año de vida;2019;0,503327
Ambos sexos;2 años;Riesgo de muerte;2024;0,143960
Ambos sexos;2 años;Riesgo de muerte;2020;0,105354
Ambos sexos;2 años;Riesgo de muerte;2019;0,136451
Ambos sexos;2 años;Supervivientes;2024;99.680,543178
Ambos sexos;2 años;Supervivientes;2020;99.728,426004
Ambos sexos;2 años;Supervivientes;2019;99.720,015070
Ambos sexos;2 años;Defunciones teóricas;2024;14,350043
Ambos sexos;2 años;Defunciones teóricas;2020;10,506780
Ambos sexos;2 años;Defunciones teóricas;2019;13,606869
Ambos sexos;2 años;Población estacionaria;2024;99.672,970590
Ambos sexos;2 años;Población estacionaria;2020;99.723,098396
Ambos sexos;2 años;Población estacionaria;2019;99.713,256903
Ambos sexos;2 años;Tiempo por vivir;2024;8.201.549,496400
Ambos sexos;2 años;Tiempo por vivir;2020;8.028.846,660600
Ambos sexos;2 años;Tiempo por vivir;2019;8.153.849,944700
Ambos sexos;2 años;Esperanza de vida;2024;82,278339
Ambos sexos;2 años;Esperanza de vida;2020;80,507103
Ambos sexos;2 años;Esperanza de vida;2019;81,767436
Ambos sexos;3 años;Tasa de mortalidad;2024;0,126234
Ambos sexos;3 años;Tasa de mortalidad;2020;0,108627
Ambos sexos;3 años;Tasa de mortalidad;2019;0,100656
Ambos sexos;3 años;Promedio de años vividos el último año de vida;2024;0,474560
Ambos sexos;3 años;Promedio de años vividos el último año de vida;2020;0,521433
Ambos sexos;3 años;Promedio de años vividos el último año de vida;2019;0,489009
Ambos sexos;3 años;Riesgo de muerte;2024;0,126226
Ambos sexos;3 años;Riesgo de muerte;2020;0,108622
Ambos sexos;3 años;Riesgo de muerte;2019;0,100651
Ambos sexos;3 años;Supervivientes;2024;99.666,193135
Ambos sexos;3 años;Supervivientes;2020;99.717,919224
Ambos sexos;3 años;Supervivientes;2019;99.706,408201
Ambos sexos;3 años;Defunciones teóricas;2024;12,580456
Ambos sexos;3 años;Defunciones teóricas;2020;10,831517
Ambos sexos;3 años;Defunciones teóricas;2019;10,035534
Ambos sexos;3 años;Población estacionaria;2024;99.659,582858
Ambos sexos;3 años;Población estacionaria;2020;99.712,735617
Ambos sexos;3 años;Población estacionaria;2019;99.701,280136
Ambos sexos;3 años;Tiempo por vivir;2024;8.101.876,525800
Ambos sexos;3 años;Tiempo por vivir;2020;7.929.123,562200
Ambos sexos;3 años;Tiempo por vivir;2019;8.054.136,687800
Ambos sexos;3 años;Esperanza de vida;2024;81,290117
Ambos sexos;3 años;Esperanza de vida;2020;79,515534
Ambos sexos;3 años;Esperanza de vida;2019;80,778526
Ambos sexos;4 años;Tasa de mortalidad;2024;0,088908
Ambos sexos;4 años;Tasa de mortalidad;2020;0,051003
Ambos sexos;4 años;Tasa de mortalidad;2019;0,100782
Ambos sexos;4 años;Promedio de años vividos el último año de vida;2024;0,454877
Ambos sexos;4 años;Promedio de años vividos el último año de vida;2020;0,516766
Ambos sexos;4 años;Promedio de años vividos el último año de vida;2019;0,453176
Ambos sexos;4 años;Riesgo de muerte;2024;0,088904
Ambos sexos;4 años;Riesgo de muerte;2020;0,051002
Ambos sexos;4 años;Riesgo de muerte;2019;0,100776
Ambos sexos;4 años;Supervivientes;2024;99.653,612679
Ambos sexos;4 años;Supervivientes;2020;99.707,087707
Ambos sexos;4 años;Supervivientes;2019;99.696,372668
Ambos sexos;4 años;Defunciones teóricas;2024;8,859592
Ambos sexos;4 años;Defunciones teóricas;2020;5,085212
Ambos sexos;4 años;Defunciones teóricas;2019;10,047029
Ambos sexos;4 años;Población estacionaria;2024;99.648,783108
Ambos sexos;4 años;Población estacionaria;2020;99.704,630360
Ambos sexos;4 años;Población estacionaria;2019;99.690,878707
Ambos sexos;4 años;Tiempo por vivir;2024;8.002.216,942900
Ambos sexos;4 años;Tiempo por vivir;2020;7.829.410,826600
Ambos sexos;4 años;Tiempo por vivir;2019;7.954.435,407700
Ambos sexos;4 años;Esperanza de vida;2024;80,300320
Ambos sexos;4 años;Esperanza de vida;2020;78,524115
Ambos sexos;4 años;Esperanza de vida;2019;79,786608
Ambos sexos;5 años;Tasa de mortalidad;2024;0,096993
Ambos sexos;5 años;Tasa de mortalidad;2020;0,065765
Ambos sexos;5 años;Tasa de mortalidad;2019;0,059259
Ambos sexos;5 años;Promedio de años vividos el último año de vida;2024;0,523152
Ambos sexos;5 años;Promedio de años vividos el último año de vida;2020;0,531939
Ambos sexos;5 años;Promedio de años vividos el último año de vida;2019;0,511064
Ambos sexos;5 años;Riesgo de muerte;2024;0,096989
Ambos sexos;5 años;Riesgo de muerte;2020;0,065763
Ambos sexos;5 años;Riesgo de muerte;2019;0,059258
Ambos sexos;5 años;Supervivientes;2024;99.644,753087
Ambos sexos;5 años;Supervivientes;2020;99.702,002496
Ambos sexos;5 años;Supervivientes;2019;99.686,325639
Ambos sexos;5 años;Defunciones teóricas;2024;9,664416
Ambos sexos;5 años;Defunciones teóricas;2020;6,556669
Ambos sexos;5 años;Defunciones teóricas;2019;5,907171
Ambos sexos;5 años;Población estacionaria;2024;99.640,144631
Ambos sexos;5 años;Población estacionaria;2020;99.698,933574
Ambos sexos;5 años;Población estacionaria;2019;99.683,437412
Ambos sexos;5 años;Tiempo por vivir;2024;7.902.568,159800
Ambos sexos;5 años;Tiempo por vivir;2020;7.729.706,196300
Ambos sexos;5 años;Tiempo por vivir;2019;7.854.744,529000
Ambos sexos;5 años;Esperanza de vida;2024;79,307419
Ambos sexos;5 años;Esperanza de vida;2020;77,528094
Ambos sexos;5 años;Esperanza de vida;2019;78,794604
Ambos sexos;6 años;Tasa de mortalidad;2024;0,067482
Ambos sexos;6 años;Tasa de mortalidad;2020;0,060966
Ambos sexos;6 años;Tasa de mortalidad;2019;0,055565
Ambos sexos;6 años;Promedio de años vividos el último año de vida;2024;0,513564
Ambos sexos;6 años;Promedio de años vividos el último año de vida;2020;0,446266
Ambos sexos;6 años;Promedio de años vividos el último año de vida;2019;0,578959
Ambos sexos;6 años;Riesgo de muerte;2024;0,067480
Ambos sexos;6 años;Riesgo de muerte;2020;0,060963
Ambos sexos;6 años;Riesgo de muerte;2019;0,055563
Ambos sexos;6 años;Supervivientes;2024;99.635,088671
Ambos sexos;6 años;Supervivientes;2020;99.695,445827
Ambos sexos;6 años;Supervivientes;2019;99.680,418468
Ambos sexos;6 años;Defunciones teóricas;2024;6,723339
Ambos sexos;6 años;Defunciones teóricas;2020;6,077783
Ambos sexos;6 años;Defunciones teóricas;2019;5,538573
Ambos sexos;6 años;Población estacionaria;2024;99.631,818194
Ambos sexos;6 años;Población estacionaria;2020;99.692,080351
Ambos sexos;6 años;Población estacionaria;2019;99.678,086501
Ambos sexos;6 años;Tiempo por vivir;2024;7.802.928,015200
Ambos sexos;6 años;Tiempo por vivir;2020;7.630.007,262700
Ambos sexos;6 años;Tiempo por vivir;2019;7.755.061,091600
Ambos sexos;6 años;Esperanza de vida;2024;78,315061
Ambos sexos;6 años;Esperanza de vida;2020;76,533158
Ambos sexos;6 años;Esperanza de vida;2019;77,799243
Ambos sexos;7 años;Tasa de mortalidad;2024;0,079583
Ambos sexos;7 años;Tasa de mortalidad;2020;0,061696
Ambos sexos;7 años;Tasa de mortalidad;2019;0,061716
Ambos sexos;7 años;Promedio de años vividos el último año de vida;2024;0,539422
Ambos sexos;7 años;Promedio de años vividos el último año de vida;2020;0,494633
Ambos sexos;7 años;Promedio de años vividos el último año de vida;2019;0,465659
Ambos sexos;7 años;Riesgo de muerte;2024;0,079580
Ambos sexos;7 años;Riesgo de muerte;2020;0,061694
Ambos sexos;7 años;Riesgo de muerte;2019;0,061714
Ambos sexos;7 años;Supervivientes;2024;99.628,365332
Ambos sexos;7 años;Supervivientes;2020;99.689,368044
Ambos sexos;7 años;Supervivientes;2019;99.674,879895
Ambos sexos;7 años;Defunciones teóricas;2024;7,928450
Ambos sexos;7 años;Defunciones teóricas;2020;6,150249
Ambos sexos;7 años;Defunciones teóricas;2019;6,151344
Ambos sexos;7 años;Población estacionaria;2024;99.624,713665
Ambos sexos;7 años;Población estacionaria;2020;99.686,259912
Ambos sexos;7 años;Población estacionaria;2019;99.671,592979
Ambos sexos;7 años;Tiempo por vivir;2024;7.703.296,197000
Ambos sexos;7 años;Tiempo por vivir;2020;7.530.315,182300
Ambos sexos;7 años;Tiempo por vivir;2019;7.655.383,005100
Ambos sexos;7 años;Esperanza de vida;2024;77,320311
Ambos sexos;7 años;Esperanza de vida;2020;75,537796
Ambos sexos;7 años;Esperanza de vida;2019;76,803534
Ambos sexos;8 años;Tasa de mortalidad;2024;0,076464
Ambos sexos;8 años;Tasa de mortalidad;2020;0,061225
Ambos sexos;8 años;Tasa de mortalidad;2019;0,049826
Ambos sexos;8 años;Promedio de años vividos el último año de vida;2024;0,434504
Ambos sexos;8 años;Promedio de años vividos el último año de vida;2020;0,516111
Ambos sexos;8 años;Promedio de años vividos el último año de vida;2019;0,437215
Ambos sexos;8 años;Riesgo de muerte;2024;0,076461
Ambos sexos;8 años;Riesgo de muerte;2020;0,061223
Ambos sexos;8 años;Riesgo de muerte;2019;0,049825
Ambos sexos;8 años;Supervivientes;2024;99.620,436883
Ambos sexos;8 años;Supervivientes;2020;99.683,217795
Ambos sexos;8 años;Supervivientes;2019;99.668,728551
Ambos sexos;8 años;Defunciones teóricas;2024;7,617083
Ambos sexos;8 años;Defunciones teóricas;2020;6,102911
Ambos sexos;8 años;Defunciones teóricas;2019;4,965984
Ambos sexos;8 años;Población estacionaria;2024;99.616,129455
Ambos sexos;8 años;Población estacionaria;2020;99.680,264663
Ambos sexos;8 años;Población estacionaria;2019;99.665,933768
Ambos sexos;8 años;Tiempo por vivir;2024;7.603.671,483300
Ambos sexos;8 años;Tiempo por vivir;2020;7.430.628,922400
Ambos sexos;8 años;Tiempo por vivir;2019;7.555.711,412100
Ambos sexos;8 años;Esperanza de vida;2024;76,326422
Ambos sexos;8 años;Esperanza de vida;2020;74,542426
Ambos sexos;8 años;Esperanza de vida;2019;75,808245
Ambos sexos;9 años;Tasa de mortalidad;2024;0,057654
Ambos sexos;9 años;Tasa de mortalidad;2020;0,041204
Ambos sexos;9 años;Tasa de mortalidad;2019;0,063021
Ambos sexos;9 años;Promedio de años vividos el último año de vida;2024;0,412670
Ambos sexos;9 años;Promedio de años vividos el último año de vida;2020;0,495628
Ambos sexos;9 años;Promedio de años vividos el último año de vida;2019;0,500574
Ambos sexos;9 años;Riesgo de muerte;2024;0,057652
Ambos sexos;9 años;Riesgo de muerte;2020;0,041203
Ambos sexos;9 años;Riesgo de muerte;2019;0,063020
Ambos sexos;9 años;Supervivientes;2024;99.612,819799
Ambos sexos;9 años;Supervivientes;2020;99.677,114884
Ambos sexos;9 años;Supervivientes;2019;99.663,762567
Ambos sexos;9 años;Defunciones teóricas;2024;5,742890
Ambos sexos;9 años;Defunciones teóricas;2020;4,106968
Ambos sexos;9 años;Defunciones teóricas;2019;6,280762
Ambos sexos;9 años;Población estacionaria;2024;99.609,446824
Ambos sexos;9 años;Población estacionaria;2020;99.675,043446
Ambos sexos;9 años;Población estacionaria;2019;99.660,625794
Ambos sexos;9 años;Tiempo por vivir;2024;7.504.055,353900
Ambos sexos;9 años;Tiempo por vivir;2020;7.330.948,657800
Ambos sexos;9 años;Tiempo por vivir;2019;7.456.045,478300
Ambos sexos;9 años;Esperanza de vida;2024;75,332225
Ambos sexos;9 años;Esperanza de vida;2020;73,546959
Ambos sexos;9 años;Esperanza de vida;2019;74,812001
Ambos sexos;10 años;Tasa de mortalidad;2024;0,065894
Ambos sexos;10 años;Tasa de mortalidad;2020;0,050441
Ambos sexos;10 años;Tasa de mortalidad;2019;0,076706
Ambos sexos;10 años;Promedio de años vividos el último año de vida;2024;0,404989
Ambos sexos;10 años;Promedio de años vividos el último año de vida;2020;0,566776
Ambos sexos;10 años;Promedio de años vividos el último año de vida;2019;0,515349
Ambos sexos;10 años;Riesgo de muerte;2024;0,065891
Ambos sexos;10 años;Riesgo de muerte;2020;0,050440
Ambos sexos;10 años;Riesgo de muerte;2019;0,076704
Ambos sexos;10 años;Supervivientes;2024;99.607,076909
Ambos sexos;10 años;Supervivientes;2020;99.673,007916
Ambos sexos;10 años;Supervivientes;2019;99.657,481805
Ambos sexos;10 años;Defunciones teóricas;2024;6,563258
Ambos sexos;10 años;Defunciones teóricas;2020;5,027458
Ambos sexos;10 años;Defunciones teóricas;2019;7,644086
Ambos sexos;10 años;Población estacionaria;2024;99.603,171695
Ambos sexos;10 años;Población estacionaria;2020;99.670,829901
Ambos sexos;10 años;Población estacionaria;2019;99.653,777095
Ambos sexos;10 años;Tiempo por vivir;2024;7.404.445,907100
Ambos sexos;10 años;Tiempo por vivir;2020;7.231.273,614300
Ambos sexos;10 años;Tiempo por vivir;2019;7.356.384,852500
Ambos sexos;10 años;Esperanza de vida;2024;74,336545
Ambos sexos;10 años;Esperanza de vida;2020;72,549969
Ambos sexos;10 años;Esperanza de vida;2019;73,816684
Ambos sexos;11 años;Tasa de mortalidad;2024;0,083101
Ambos sexos;11 años;Tasa de mortalidad;2020;0,082094
Ambos sexos;11 años;Tasa de mortalidad;2019;0,078280
Ambos sexos;11 años;Promedio de años vividos el último año de vida;2024;0,429303
Ambos sexos;11 años;Promedio de años vividos el último año de vida;2020;0,480289
Ambos sexos;11 años;Promedio de años vividos el último año de vida;2019;0,457329
Ambos sexos;11 años;Riesgo de muerte;2024;0,083097
Ambos sexos;11 años;Riesgo de muerte;2020;0,082090
Ambos sexos;11 años;Riesgo de muerte;2019;0,078277
Ambos sexos;11 años;Supervivientes;2024;99.600,513650
Ambos sexos;11 años;Supervivientes;2020;99.667,980458
Ambos sexos;11 años;Supervivientes;2019;99.649,837719
Ambos sexos;11 años;Defunciones teóricas;2024;8,276487
Ambos sexos;11 años;Defunciones teóricas;2020;8,181773
Ambos sexos;11 años;Defunciones teóricas;2019;7,800305
Ambos sexos;11 años;Población estacionaria;2024;99.595,790286
Ambos sexos;11 años;Población estacionaria;2020;99.663,728300
Ambos sexos;11 años;Población estacionaria;2019;99.645,604718
Ambos sexos;11 años;Tiempo por vivir;2024;7.304.842,735400
Ambos sexos;11 años;Tiempo por vivir;2020;7.131.602,784400
Ambos sexos;11 años;Tiempo por vivir;2019;7.256.731,075400
Ambos sexos;11 años;Esperanza de vida;2024;73,341416
Ambos sexos;11 años;Esperanza de vida;2020;71,553600
Ambos sexos;11 años;Esperanza de vida;2019;72,822307
Ambos sexos;12 años;Tasa de mortalidad;2024;0,063945
Ambos sexos;12 años;Tasa de mortalidad;2020;0,060328
Ambos sexos;12 años;Tasa de mortalidad;2019;0,045957
Ambos sexos;12 años;Promedio de años vividos el último año de vida;2024;0,538166
Ambos sexos;12 años;Promedio de años vividos el último año de vida;2020;0,362242
Ambos sexos;12 años;Promedio de años vividos el último año de vida;2019;0,514116
Ambos sexos;12 años;Riesgo de muerte;2024;0,063943
Ambos sexos;12 años;Riesgo de muerte;2020;0,060326
Ambos sexos;12 años;Riesgo de muerte;2019;0,045956
Ambos sexos;12 años;Supervivientes;2024;99.592,237163
Ambos sexos;12 años;Supervivientes;2020;99.659,798686
Ambos sexos;12 años;Supervivientes;2019;99.642,037414
Ambos sexos;12 años;Defunciones teóricas;2024;6,368275
Ambos sexos;12 años;Defunciones teóricas;2020;6,012078
Ambos sexos;12 años;Defunciones teóricas;2019;4,579109
Ambos sexos;12 años;Población estacionaria;2024;99.589,296078
Ambos sexos;12 años;Población estacionaria;2020;99.655,964436
Ambos sexos;12 años;Población estacionaria;2019;99.639,812496
Ambos sexos;12 años;Tiempo por vivir;2024;7.205.246,945100
Ambos sexos;12 años;Tiempo por vivir;2020;7.031.939,056100
Ambos sexos;12 años;Tiempo por vivir;2019;7.157.085,470700
Ambos sexos;12 años;Esperanza de vida;2024;72,347476
Ambos sexos;12 años;Esperanza de vida;2020;70,559435
Ambos sexos;12 años;Esperanza de vida;2019;71,827972
Ambos sexos;13 años;Tasa de mortalidad;2024;0,070317
Ambos sexos;13 años;Tasa de mortalidad;2020;0,073509
Ambos sexos;13 años;Tasa de mortalidad;2019;0,107098
Ambos sexos;13 años;Promedio de años vividos el último año de vida;2024;0,544247
Ambos sexos;13 años;Promedio de años vividos el último año de vida;2020;0,574140
Ambos sexos;13 años;Promedio de años vividos el último año de vida;2019;0,527268
Ambos sexos;13 años;Riesgo de muerte;2024;0,070315
Ambos sexos;13 años;Riesgo de muerte;2020;0,073506
Ambos sexos;13 años;Riesgo de muerte;2019;0,107093
Ambos sexos;13 años;Supervivientes;2024;99.585,868889
Ambos sexos;13 años;Supervivientes;2020;99.653,786608
Ambos sexos;13 años;Supervivientes;2019;99.637,458304
Ambos sexos;13 años;Defunciones teóricas;2024;7,002336
Ambos sexos;13 años;Defunciones teóricas;2020;7,325178
Ambos sexos;13 años;Defunciones teóricas;2019;10,670426
Ambos sexos;13 años;Población estacionaria;2024;99.582,677554
Ambos sexos;13 años;Población estacionaria;2020;99.650,667106
Ambos sexos;13 años;Población estacionaria;2019;99.632,414053
Ambos sexos;13 años;Tiempo por vivir;2024;7.105.657,649000
Ambos sexos;13 años;Tiempo por vivir;2020;6.932.283,091700
Ambos sexos;13 años;Tiempo por vivir;2019;7.057.445,658200
Ambos sexos;13 años;Esperanza de vida;2024;71,352068
Ambos sexos;13 años;Esperanza de vida;2020;69,563670
Ambos sexos;13 años;Esperanza de vida;2019;70,831249
Ambos sexos;14 años;Tasa de mortalidad;2024;0,113110
Ambos sexos;14 años;Tasa de mortalidad;2020;0,100440
Ambos sexos;14 años;Tasa de mortalidad;2019;0,106500
Ambos sexos;14 años;Promedio de años vividos el último año de vida;2024;0,566315
Ambos sexos;14 años;Promedio de años vividos el último año de vida;2020;0,449016
Ambos sexos;14 años;Promedio de años vividos el último año de vida;2019;0,513541
Ambos sexos;14 años;Riesgo de muerte;2024;0,113104
Ambos sexos;14 años;Riesgo de muerte;2020;0,100435
Ambos sexos;14 años;Riesgo de muerte;2019;0,106494
Ambos sexos;14 años;Supervivientes;2024;99.578,866553
Ambos sexos;14 años;Supervivientes;2020;99.646,461430
Ambos sexos;14 años;Supervivientes;2019;99.626,787879
Ambos sexos;14 años;Defunciones teóricas;2024;11,262776
Ambos sexos;14 años;Defunciones teóricas;2020;10,007970
Ambos sexos;14 años;Defunciones teóricas;2019;10,609684
Ambos sexos;14 años;Población estacionaria;2024;99.573,982052
Ambos sexos;14 años;Población estacionaria;2020;99.640,947203
Ambos sexos;14 años;Población estacionaria;2019;99.621,626698
Ambos sexos;14 años;Tiempo por vivir;2024;7.006.074,971500
Ambos sexos;14 años;Tiempo por vivir;2020;6.832.632,424600
Ambos sexos;14 años;Tiempo por vivir;2019;6.957.813,244200
Ambos sexos;14 años;Esperanza de vida;2024;70,357047
Ambos sexos;14 años;Esperanza de vida;2020;68,568741
Ambos sexos;14 años;Esperanza de vida;2019;69,838779
Ambos sexos;15 años;Tasa de mortalidad;2024;0,130225
Ambos sexos;15 años;Tasa de mortalidad;2020;0,105774
Ambos sexos;15 años;Tasa de mortalidad;2019;0,103566
Ambos sexos;15 años;Promedio de años vividos el último año de vida;2024;0,536612
Ambos sexos;15 años;Promedio de años vividos el último año de vida;2020;0,469735
Ambos sexos;15 años;Promedio de años vividos el último año de vida;2019;0,505534
Ambos sexos;15 años;Riesgo de muerte;2024;0,130217
Ambos sexos;15 años;Riesgo de muerte;2020;0,105768
Ambos sexos;15 años;Riesgo de muerte;2019;0,103561
Ambos sexos;15 años;Supervivientes;2024;99.567,603776
Ambos sexos;15 años;Supervivientes;2020;99.636,453460
Ambos sexos;15 años;Supervivientes;2019;99.616,178194
Ambos sexos;15 años;Defunciones teóricas;2024;12,965425
Ambos sexos;15 años;Defunciones teóricas;2020;10,538381
Ambos sexos;15 años;Defunciones teóricas;2019;10,316369
Ambos sexos;15 años;Población estacionaria;2024;99.561,595754
Ambos sexos;15 años;Población estacionaria;2020;99.630,865328
Ambos sexos;15 años;Población estacionaria;2019;99.611,077103
Ambos sexos;15 años;Tiempo por vivir;2024;6.906.500,989400
Ambos sexos;15 años;Tiempo por vivir;2020;6.732.991,477400
Ambos sexos;15 años;Tiempo por vivir;2019;6.858.191,617500
Ambos sexos;15 años;Esperanza de vida;2024;69,364941
Ambos sexos;15 años;Esperanza de vida;2020;67,575583
Ambos sexos;15 años;Esperanza de vida;2019;68,846163
Ambos sexos;16 años;Tasa de mortalidad;2024;0,129958
Ambos sexos;16 años;Tasa de mortalidad;2020;0,125402
Ambos sexos;16 años;Tasa de mortalidad;2019;0,144331
Ambos sexos;16 años;Promedio de años vividos el último año de vida;2024;0,491257
Ambos sexos;16 años;Promedio de años vividos el último año de vida;2020;0,458524
Ambos sexos;16 años;Promedio de años vividos el último año de vida;2019;0,507897
Ambos sexos;16 años;Riesgo de muerte;2024;0,129949
Ambos sexos;16 años;Riesgo de muerte;2020;0,125394
Ambos sexos;16 años;Riesgo de muerte;2019;0,144320
Ambos sexos;16 años;Supervivientes;2024;99.554,638351
Ambos sexos;16 años;Supervivientes;2020;99.625,915079
Ambos sexos;16 años;Supervivientes;2019;99.605,861826
Ambos sexos;16 años;Defunciones teóricas;2024;12,937060
Ambos sexos;16 años;Defunciones teóricas;2020;12,492445
Ambos sexos;16 años;Defunciones teóricas;2019;14,375166
Ambos sexos;16 años;Población estacionaria;2024;99.548,056710
Ambos sexos;16 años;Población estacionaria;2020;99.619,150716
Ambos sexos;16 años;Población estacionaria;2019;99.598,787761
Ambos sexos;16 años;Tiempo por vivir;2024;6.806.939,393600
Ambos sexos;16 años;Tiempo por vivir;2020;6.633.360,612000
Ambos sexos;16 años;Tiempo por vivir;2019;6.758.580,540400
Ambos sexos;16 años;Esperanza de vida;2024;68,373905
Ambos sexos;16 años;Esperanza de vida;2020;66,582682
Ambos sexos;16 años;Esperanza de vida;2019;67,853241
Ambos sexos;17 años;Tasa de mortalidad;2024;0,158581
Ambos sexos;17 años;Tasa de mortalidad;2020;0,147190
Ambos sexos;17 años;Tasa de mortalidad;2019;0,155535
Ambos sexos;17 años;Promedio de años vividos el último año de vida;2024;0,525631
Ambos sexos;17 años;Promedio de años vividos el último año de vida;2020;0,501874
Ambos sexos;17 años;Promedio de años vividos el último año de vida;2019;0,483295
Ambos sexos;17 años;Riesgo de muerte;2024;0,158570
Ambos sexos;17 años;Riesgo de muerte;2020;0,147179
Ambos sexos;17 años;Riesgo de muerte;2019;0,155522
Ambos sexos;17 años;Supervivientes;2024;99.541,701291
Ambos sexos;17 años;Supervivientes;2020;99.613,422634
Ambos sexos;17 años;Supervivientes;2019;99.591,486659
Ambos sexos;17 años;Defunciones teóricas;2024;15,784278
Ambos sexos;17 años;Defunciones teóricas;2020;14,661005
Ambos sexos;17 años;Defunciones teóricas;2019;15,488667
Ambos sexos;17 años;Población estacionaria;2024;99.534,213719
Ambos sexos;17 años;Población estacionaria;2020;99.606,119600
Ambos sexos;17 años;Población estacionaria;2019;99.583,483592
Ambos sexos;17 años;Tiempo por vivir;2024;6.707.391,336900
Ambos sexos;17 años;Tiempo por vivir;2020;6.533.741,461300
Ambos sexos;17 años;Tiempo por vivir;2019;6.658.981,752600
Ambos sexos;17 años;Esperanza de vida;2024;67,382728
Ambos sexos;17 años;Esperanza de vida;2020;65,590974
Ambos sexos;17 años;Esperanza de vida;2019;66,862962
Ambos sexos;18 años;Tasa de mortalidad;2024;0,173016
Ambos sexos;18 años;Tasa de mortalidad;2020;0,182814
Ambos sexos;18 años;Tasa de mortalidad;2019;0,188592
Ambos sexos;18 años;Promedio de años vividos el último año de vida;2024;0,547933
Ambos sexos;18 años;Promedio de años vividos el último año de vida;2020;0,520460
Ambos sexos;18 años;Promedio de años vividos el último año de vida;2019;0,498755
Ambos sexos;18 años;Riesgo de muerte;2024;0,173003
Ambos sexos;18 años;Riesgo de muerte;2020;0,182798
Ambos sexos;18 años;Riesgo de muerte;2019;0,188574
Ambos sexos;18 años;Supervivientes;2024;99.525,917013
Ambos sexos;18 años;Supervivientes;2020;99.598,761629
Ambos sexos;18 años;Supervivientes;2019;99.575,997992
Ambos sexos;18 años;Defunciones teóricas;2024;17,218248
Ambos sexos;18 años;Defunciones teóricas;2020;18,206405
Ambos sexos;18 años;Defunciones teóricas;2019;18,777456
Ambos sexos;18 años;Población estacionaria;2024;99.518,133212
Ambos sexos;18 años;Población estacionaria;2020;99.590,030930
Ambos sexos;18 años;Población estacionaria;2019;99.566,585879
Ambos sexos;18 años;Tiempo por vivir;2024;6.607.857,123200
Ambos sexos;18 años;Tiempo por vivir;2020;6.434.135,341700
Ambos sexos;18 años;Tiempo por vivir;2019;6.559.398,269000
Ambos sexos;18 años;Esperanza de vida;2024;66,393331
Ambos sexos;18 años;Esperanza de vida;2020;64,600556
Ambos sexos;18 años;Esperanza de vida;2019;65,873287
Ambos sexos;19 años;Tasa de mortalidad;2024;0,176198
Ambos sexos;19 años;Tasa de mortalidad;2020;0,218591
Ambos sexos;19 años;Tasa de mortalidad;2019;0,205819
Ambos sexos;19 años;Promedio de años vividos el último año de vida;2024;0,501163
Ambos sexos;19 años;Promedio de años vividos el último año de vida;2020;0,488546
Ambos sexos;19 años;Promedio de años vividos el último año de vida;2019;0,539640
Ambos sexos;19 años;Riesgo de muerte;2024;0,176183
Ambos sexos;19 años;Riesgo de muerte;2020;0,218566
Ambos sexos;19 años;Riesgo de muerte;2019;0,205800
Ambos sexos;19 años;Supervivientes;2024;99.508,698766
Ambos sexos;19 años;Supervivientes;2020;99.580,555224
Ambos sexos;19 años;Supervivientes;2019;99.557,220535
Ambos sexos;19 años;Defunciones teóricas;2024;17,531696
Ambos sexos;19 años;Defunciones teóricas;2020;21,764964
Ambos sexos;19 años;Defunciones teóricas;2019;20,488858
Ambos sexos;19 años;Población estacionaria;2024;99.499,953301
Ambos sexos;19 años;Población estacionaria;2020;99.569,423438
Ambos sexos;19 años;Población estacionaria;2019;99.547,788293
Ambos sexos;19 años;Tiempo por vivir;2024;6.508.338,990000
Ambos sexos;19 años;Tiempo por vivir;2020;6.334.545,310800
Ambos sexos;19 años;Tiempo por vivir;2019;6.459.831,683100
Ambos sexos;19 años;Esperanza de vida;2024;65,404724
Ambos sexos;19 años;Esperanza de vida;2020;63,612271
Ambos sexos;19 años;Esperanza de vida;2019;64,885617
Ambos sexos;20 años;Tasa de mortalidad;2024;0,256518
Ambos sexos;20 años;Tasa de mortalidad;2020;0,252293
Ambos sexos;20 años;Tasa de mortalidad;2019;0,214064
Ambos sexos;20 años;Promedio de años vividos el último año de vida;2024;0,492302
Ambos sexos;20 años;Promedio de años vividos el último año de vida;2020;0,444558
Ambos sexos;20 años;Promedio de años vividos el último año de vida;2019;0,475398
Ambos sexos;20 años;Riesgo de muerte;2024;0,256484
Ambos sexos;20 años;Riesgo de muerte;2020;0,252258
Ambos sexos;20 años;Riesgo de muerte;2019;0,214040
Ambos sexos;20 años;Supervivientes;2024;99.491,167070
Ambos sexos;20 años;Supervivientes;2020;99.558,790260
Ambos sexos;20 años;Supervivientes;2019;99.536,731677
Ambos sexos;20 años;Defunciones teóricas;2024;25,517941
Ambos sexos;20 años;Defunciones teóricas;2020;25,114492
Ambos sexos;20 años;Defunciones teóricas;2019;21,304883
Ambos sexos;20 años;Población estacionaria;2024;99.478,211658
Ambos sexos;20 años;Población estacionaria;2020;99.544,840624
Ambos sexos;20 años;Población estacionaria;2019;99.525,555101
Ambos sexos;20 años;Tiempo por vivir;2024;6.408.839,036700
Ambos sexos;20 años;Tiempo por vivir;2020;6.234.975,887400
Ambos sexos;20 años;Tiempo por vivir;2019;6.360.283,894800
Ambos sexos;20 años;Esperanza de vida;2024;64,416161
Ambos sexos;20 años;Esperanza de vida;2020;62,626071
Ambos sexos;20 años;Esperanza de vida;2019;63,898862
Ambos sexos;21 años;Tasa de mortalidad;2024;0,229344
Ambos sexos;21 años;Tasa de mortalidad;2020;0,226910
Ambos sexos;21 años;Tasa de mortalidad;2019;0,220960
Ambos sexos;21 años;Promedio de años vividos el último año de vida;2024;0,480219
Ambos sexos;21 años;Promedio de años vividos el último año de vida;2020;0,491855
Ambos sexos;21 años;Promedio de años vividos el último año de vida;2019;0,506008
Ambos sexos;21 años;Riesgo de muerte;2024;0,229317
Ambos sexos;21 años;Riesgo de muerte;2020;0,226884
Ambos sexos;21 años;Riesgo de muerte;2019;0,220935
Ambos sexos;21 años;Supervivientes;2024;99.465,649129
Ambos sexos;21 años;Supervivientes;2020;99.533,675768
Ambos sexos;21 años;Supervivientes;2019;99.515,426794
Ambos sexos;21 años;Defunciones teóricas;2024;22,809115
Ambos sexos;21 años;Defunciones teóricas;2020;22,582632
Ambos sexos;21 años;Defunciones teóricas;2019;21,986482
Ambos sexos;21 años;Población estacionaria;2024;99.453,793395
Ambos sexos;21 años;Población estacionaria;2020;99.522,200513
Ambos sexos;21 años;Población estacionaria;2019;99.504,565657
Ambos sexos;21 años;Tiempo por vivir;2024;6.309.360,825000
Ambos sexos;21 años;Tiempo por vivir;2020;6.135.431,046700
Ambos sexos;21 años;Tiempo por vivir;2019;6.260.758,339700
Ambos sexos;21 años;Esperanza de vida;2024;63,432561
Ambos sexos;21 años;Esperanza de vida;2020;61,641761
Ambos sexos;21 años;Esperanza de vida;2019;62,912440
Ambos sexos;22 años;Tasa de mortalidad;2024;0,210046
Ambos sexos;22 años;Tasa de mortalidad;2020;0,233188
Ambos sexos;22 años;Tasa de mortalidad;2019;0,221047
Ambos sexos;22 años;Promedio de años vividos el último año de vida;2024;0,486985
Ambos sexos;22 años;Promedio de años vividos el último año de vida;2020;0,449140
Ambos sexos;22 años;Promedio de años vividos el último año de vida;2019;0,481843
Ambos sexos;22 años;Riesgo de muerte;2024;0,210023
Ambos sexos;22 años;Riesgo de muerte;2020;0,233158
Ambos sexos;22 años;Riesgo de muerte;2019;0,221022
Ambos sexos;22 años;Supervivientes;2024;99.442,840014
Ambos sexos;22 años;Supervivientes;2020;99.511,093136
Ambos sexos;22 años;Supervivientes;2019;99.493,440312
Ambos sexos;22 años;Defunciones teóricas;2024;20,885278
Ambos sexos;22 años;Defunciones teóricas;2020;23,201839
Ambos sexos;22 años;Defunciones teóricas;2019;21,990244
Ambos sexos;22 años;Población estacionaria;2024;99.432,125545
Ambos sexos;22 años;Población estacionaria;2020;99.498,312177
Ambos sexos;22 años;Población estacionaria;2019;99.482,045904
Ambos sexos;22 años;Tiempo por vivir;2024;6.209.907,031600
Ambos sexos;22 años;Tiempo por vivir;2020;6.035.908,846200
Ambos sexos;22 años;Tiempo por vivir;2019;6.161.253,774100
Ambos sexos;22 años;Esperanza de vida;2024;62,447000
Ambos sexos;22 años;Esperanza de vida;2020;60,655638
Ambos sexos;22 años;Esperanza de vida;2019;61,926231
Ambos sexos;23 años;Tasa de mortalidad;2024;0,211186
Ambos sexos;23 años;Tasa de mortalidad;2020;0,287704
Ambos sexos;23 años;Tasa de mortalidad;2019;0,246065
Ambos sexos;23 años;Promedio de años vividos el último año de vida;2024;0,547692
Ambos sexos;23 años;Promedio de años vividos el último año de vida;2020;0,459217
Ambos sexos;23 años;Promedio de años vividos el último año de vida;2019;0,538981
Ambos sexos;23 años;Riesgo de muerte;2024;0,211166
Ambos sexos;23 años;Riesgo de muerte;2020;0,287659
Ambos sexos;23 años;Riesgo de muerte;2019;0,246037
Ambos sexos;23 años;Supervivientes;2024;99.421,954736
Ambos sexos;23 años;Supervivientes;2020;99.487,891298
Ambos sexos;23 años;Supervivientes;2019;99.471,450067
Ambos sexos;23 años;Defunciones teóricas;2024;20,994560
Ambos sexos;23 años;Defunciones teóricas;2020;28,618637
Ambos sexos;23 años;Defunciones teóricas;2019;24,473668
Ambos sexos;23 años;Población estacionaria;2024;99.412,458734
Ambos sexos;23 años;Población estacionaria;2020;99.472,414834
Ambos sexos;23 años;Población estacionaria;2019;99.460,167242
Ambos sexos;23 años;Tiempo por vivir;2024;6.110.474,906100
Ambos sexos;23 años;Tiempo por vivir;2020;5.936.410,534000
Ambos sexos;23 años;Tiempo por vivir;2019;6.061.771,728200
Ambos sexos;23 años;Esperanza de vida;2024;61,460016
Ambos sexos;23 años;Esperanza de vida;2020;59,669679
Ambos sexos;23 años;Esperanza de vida;2019;60,939815
Ambos sexos;24 años;Tasa de mortalidad;2024;0,223459
Ambos sexos;24 años;Tasa de mortalidad;2020;0,235763
Ambos sexos;24 años;Tasa de mortalidad;2019;0,254959
Ambos sexos;24 años;Promedio de años vividos el último año de vida;2024;0,506383
Ambos sexos;24 años;Promedio de años vividos el último año de vida;2020;0,535983
Ambos sexos;24 años;Promedio de años vividos el último año de vida;2019;0,556781
Ambos sexos;24 años;Riesgo de muerte;2024;0,223434
Ambos sexos;24 años;Riesgo de muerte;2020;0,235737
Ambos sexos;24 años;Riesgo de muerte;2019;0,254930
Ambos sexos;24 años;Supervivientes;2024;99.400,960176
Ambos sexos;24 años;Supervivientes;2020;99.459,272661
Ambos sexos;24 años;Supervivientes;2019;99.446,976399
Ambos sexos;24 años;Defunciones teóricas;2024;22,209561
Ambos sexos;24 años;Defunciones teóricas;2020;23,446237
Ambos sexos;24 años;Defunciones teóricas;2019;25,352007
Ambos sexos;24 años;Población estacionaria;2024;99.389,997157
Ambos sexos;24 años;Población estacionaria;2020;99.448,393200
Ambos sexos;24 años;Población estacionaria;2019;99.435,739903
Ambos sexos;24 años;Tiempo por vivir;2024;6.011.062,447400
Ambos sexos;24 años;Tiempo por vivir;2020;5.836.938,119200
Ambos sexos;24 años;Tiempo por vivir;2019;5.962.311,560900
Ambos sexos;24 años;Esperanza de vida;2024;60,472881
Ambos sexos;24 años;Esperanza de vida;2020;58,686716
Ambos sexos;24 años;Esperanza de vida;2019;59,954679
Ambos sexos;25 años;Tasa de mortalidad;2024;0,287770
Ambos sexos;25 años;Tasa de mortalidad;2020;0,341747
Ambos sexos;25 años;Tasa de mortalidad;2019;0,296724
Ambos sexos;25 años;Promedio de años vividos el último año de vida;2024;0,478594
Ambos sexos;25 años;Promedio de años vividos el último año de vida;2020;0,431959
Ambos sexos;25 años;Promedio de años vividos el último año de vida;2019;0,466971
Ambos sexos;25 años;Riesgo de muerte;2024;0,287726
Ambos sexos;25 años;Riesgo de muerte;2020;0,341681
Ambos sexos;25 años;Riesgo de muerte;2019;0,296677
Ambos sexos;25 años;Supervivientes;2024;99.378,750615
Ambos sexos;25 años;Supervivientes;2020;99.435,826424
Ambos sexos;25 años;Supervivientes;2019;99.421,624392
Ambos sexos;25 años;Defunciones teóricas;2024;28,593897
Ambos sexos;25 años;Defunciones teóricas;2020;33,975309
Ambos sexos;25 años;Defunciones teóricas;2019;29,496081
Ambos sexos;25 años;Población estacionaria;2024;99.363,841598
Ambos sexos;25 años;Población estacionaria;2020;99.416,527053
Ambos sexos;25 años;Población estacionaria;2019;99.405,902128
Ambos sexos;25 años;Tiempo por vivir;2024;5.911.672,450200
Ambos sexos;25 años;Tiempo por vivir;2020;5.737.489,726000
Ambos sexos;25 años;Tiempo por vivir;2019;5.862.875,821000
Ambos sexos;25 años;Esperanza de vida;2024;59,486283
Ambos sexos;25 años;Esperanza de vida;2020;57,700428
Ambos sexos;25 años;Esperanza de vida;2019;58,969825
Ambos sexos;26 años;Tasa de mortalidad;2024;0,280828
Ambos sexos;26 años;Tasa de mortalidad;2020;0,285331
Ambos sexos;26 años;Tasa de mortalidad;2019;0,262065
Ambos sexos;26 años;Promedio de años vividos el último año de vida;2024;0,512480
Ambos sexos;26 años;Promedio de años vividos el último año de vida;2020;0,531517
Ambos sexos;26 años;Promedio de años vividos el último año de vida;2019;0,519012
Ambos sexos;26 años;Riesgo de muerte;2024;0,280789
Ambos sexos;26 años;Riesgo de muerte;2020;0,285293
Ambos sexos;26 años;Riesgo de muerte;2019;0,262032
Ambos sexos;26 años;Supervivientes;2024;99.350,156718
Ambos sexos;26 años;Supervivientes;2020;99.401,851115
Ambos sexos;26 años;Supervivientes;2019;99.392,128311
Ambos sexos;26 años;Defunciones teóricas;2024;27,896455
Ambos sexos;26 años;Defunciones teóricas;2020;28,358663
Ambos sexos;26 años;Defunciones teóricas;2019;26,043924
Ambos sexos;26 años;Población estacionaria;2024;99.336,556630
Ambos sexos;26 años;Población estacionaria;2020;99.388,565563
Ambos sexos;26 años;Población estacionaria;2019;99.379,601497
Ambos sexos;26 años;Tiempo por vivir;2024;5.812.308,608600
Ambos sexos;26 años;Tiempo por vivir;2020;5.638.073,199000
Ambos sexos;26 años;Tiempo por vivir;2019;5.763.469,918900
Ambos sexos;26 años;Esperanza de vida;2024;58,503266
Ambos sexos;26 años;Esperanza de vida;2020;56,720002
Ambos sexos;26 años;Esperanza de vida;2019;57,987187
Ambos sexos;27 años;Tasa de mortalidad;2024;0,262799
Ambos sexos;27 años;Tasa de mortalidad;2020;0,314268
Ambos sexos;27 años;Tasa de mortalidad;2019;0,302596
Ambos sexos;27 años;Promedio de años vividos el último año de vida;2024;0,525449
Ambos sexos;27 años;Promedio de años vividos el último año de vida;2020;0,489796
Ambos sexos;27 años;Promedio de años vividos el último año de vida;2019;0,499160
Ambos sexos;27 años;Riesgo de muerte;2024;0,262767
Ambos sexos;27 años;Riesgo de muerte;2020;0,314218
Ambos sexos;27 años;Riesgo de muerte;2019;0,302550
Ambos sexos;27 años;Supervivientes;2024;99.322,260263
Ambos sexos;27 años;Supervivientes;2020;99.373,492452
Ambos sexos;27 años;Supervivientes;2019;99.366,084387
Ambos sexos;27 años;Defunciones teóricas;2024;26,098565
Ambos sexos;27 años;Defunciones teóricas;2020;31,224947
Ambos sexos;27 años;Defunciones teóricas;2019;30,063209
Ambos sexos;27 años;Población estacionaria;2024;99.309,875160
Ambos sexos;27 años;Población estacionaria;2020;99.357,561368
Ambos sexos;27 años;Población estacionaria;2019;99.351,027542
Ambos sexos;27 años;Tiempo por vivir;2024;5.712.972,052000
Ambos sexos;27 años;Tiempo por vivir;2020;5.538.684,633400
Ambos sexos;27 años;Tiempo por vivir;2019;5.664.090,317400
Ambos sexos;27 años;Esperanza de vida;2024;57,519553
Ambos sexos;27 años;Esperanza de vida;2020;55,736037
Ambos sexos;27 años;Esperanza de vida;2019;57,002249
Ambos sexos;28 años;Tasa de mortalidad;2024;0,265525
Ambos sexos;28 años;Tasa de mortalidad;2020;0,309495
Ambos sexos;28 años;Tasa de mortalidad;2019;0,280517
Ambos sexos;28 años;Promedio de años vividos el último año de vida;2024;0,501789
Ambos sexos;28 años;Promedio de años vividos el último año de vida;2020;0,505481
Ambos sexos;28 años;Promedio de años vividos el último año de vida;2019;0,514804
Ambos sexos;28 años;Riesgo de muerte;2024;0,265490
Ambos sexos;28 años;Riesgo de muerte;2020;0,309447
Ambos sexos;28 años;Riesgo de muerte;2019;0,280479
Ambos sexos;28 años;Supervivientes;2024;99.296,161699
Ambos sexos;28 años;Supervivientes;2020;99.342,267505
Ambos sexos;28 años;Supervivientes;2019;99.336,021178
Ambos sexos;28 años;Defunciones teóricas;2024;26,362114
Ambos sexos;28 años;Defunciones teóricas;2020;30,741193
Ambos sexos;28 años;Defunciones teóricas;2019;27,861641
Ambos sexos;28 años;Población estacionaria;2024;99.283,027814
Ambos sexos;28 años;Población estacionaria;2020;99.327,065412
Ambos sexos;28 años;Población estacionaria;2019;99.322,502821
Ambos sexos;28 años;Tiempo por vivir;2024;5.613.662,176800
Ambos sexos;28 años;Tiempo por vivir;2020;5.439.327,072000
Ambos sexos;28 años;Tiempo por vivir;2019;5.564.739,289900
Ambos sexos;28 años;Esperanza de vida;2024;56,534533
Ambos sexos;28 años;Esperanza de vida;2020;54,753402
Ambos sexos;28 años;Esperanza de vida;2019;56,019350
Ambos sexos;29 años;Tasa de mortalidad;2024;0,304646
Ambos sexos;29 años;Tasa de mortalidad;2020;0,316526
Ambos sexos;29 años;Tasa de mortalidad;2019;0,299810
Ambos sexos;29 años;Promedio de años vividos el último año de vida;2024;0,488160
Ambos sexos;29 años;Promedio de años vividos el último año de vida;2020;0,531854
Ambos sexos;29 años;Promedio de años vividos el último año de vida;2019;0,494815
Ambos sexos;29 años;Riesgo de muerte;2024;0,304598
Ambos sexos;29 años;Riesgo de muerte;2020;0,316479
Ambos sexos;29 años;Riesgo de muerte;2019;0,299765
Ambos sexos;29 años;Supervivientes;2024;99.269,799584
Ambos sexos;29 años;Supervivientes;2020;99.311,526312
Ambos sexos;29 años;Supervivientes;2019;99.308,159538
Ambos sexos;29 años;Defunciones teóricas;2024;30,237421
Ambos sexos;29 años;Defunciones teóricas;2020;31,430039
Ambos sexos;29 años;Defunciones teóricas;2019;29,769075
Ambos sexos;29 años;Población estacionaria;2024;99.254,322872
Ambos sexos;29 años;Población estacionaria;2020;99.296,812475
Ambos sexos;29 años;Población estacionaria;2019;99.293,120657
Ambos sexos;29 años;Tiempo por vivir;2024;5.514.379,149000
Ambos sexos;29 años;Tiempo por vivir;2020;5.340.000,006600
Ambos sexos;29 años;Tiempo por vivir;2019;5.465.416,787000
Ambos sexos;29 años;Esperanza de vida;2024;55,549414
Ambos sexos;29 años;Esperanza de vida;2020;53,770194
Ambos sexos;29 años;Esperanza de vida;2019;55,034922
Ambos sexos;30 años;Tasa de mortalidad;2024;0,330543
Ambos sexos;30 años;Tasa de mortalidad;2020;0,385250
Ambos sexos;30 años;Tasa de mortalidad;2019;0,334415
Ambos sexos;30 años;Promedio de años vividos el último año de vida;2024;0,496551
Ambos sexos;30 años;Promedio de años vividos el último año de vida;2020;0,503762
Ambos sexos;30 años;Promedio de años vividos el último año de vida;2019;0,460944
Ambos sexos;30 años;Riesgo de muerte;2024;0,330488
Ambos sexos;30 años;Riesgo de muerte;2020;0,385176
Ambos sexos;30 años;Riesgo de muerte;2019;0,334354
Ambos sexos;30 años;Supervivientes;2024;99.239,562163
Ambos sexos;30 años;Supervivientes;2020;99.280,096273
Ambos sexos;30 años;Supervivientes;2019;99.278,390463
Ambos sexos;30 años;Defunciones teóricas;2024;32,797520
Ambos sexos;30 años;Defunciones teóricas;2020;38,240349
Ambos sexos;30 años;Defunciones teóricas;2019;33,194152
Ambos sexos;30 años;Población estacionaria;2024;99.223,050288
Ambos sexos;30 años;Población estacionaria;2020;99.261,119950
Ambos sexos;30 años;Población estacionaria;2019;99.260,496945
Ambos sexos;30 años;Tiempo por vivir;2024;5.415.124,826100
Ambos sexos;30 años;Tiempo por vivir;2020;5.240.703,194100
Ambos sexos;30 años;Tiempo por vivir;2019;5.366.123,666400
Ambos sexos;30 años;Esperanza de vida;2024;54,566190
Ambos sexos;30 años;Esperanza de vida;2020;52,787048
Ambos sexos;30 años;Esperanza de vida;2019;54,051276
Ambos sexos;31 años;Tasa de mortalidad;2024;0,318481
Ambos sexos;31 años;Tasa de mortalidad;2020;0,419648
Ambos sexos;31 años;Tasa de mortalidad;2019;0,371803
Ambos sexos;31 años;Promedio de años vividos el último año de vida;2024;0,515775
Ambos sexos;31 años;Promedio de años vividos el último año de vida;2020;0,490437
Ambos sexos;31 años;Promedio de años vividos el último año de vida;2019;0,470118
Ambos sexos;31 años;Riesgo de muerte;2024;0,318431
Ambos sexos;31 años;Riesgo de muerte;2020;0,419559
Ambos sexos;31 años;Riesgo de muerte;2019;0,371729
Ambos sexos;31 años;Supervivientes;2024;99.206,764643
Ambos sexos;31 años;Supervivientes;2020;99.241,855924
Ambos sexos;31 años;Supervivientes;2019;99.245,196311
Ambos sexos;31 años;Defunciones teóricas;2024;31,590556
Ambos sexos;31 años;Defunciones teóricas;2020;41,637773
Ambos sexos;31 años;Defunciones teóricas;2019;36,892364
Ambos sexos;31 años;Población estacionaria;2024;99.191,467692
Ambos sexos;31 años;Población estacionaria;2020;99.220,638862
Ambos sexos;31 años;Población estacionaria;2019;99.225,647718
Ambos sexos;31 años;Tiempo por vivir;2024;5.315.901,775900
Ambos sexos;31 años;Tiempo por vivir;2020;5.141.442,074200
Ambos sexos;31 años;Tiempo por vivir;2019;5.266.863,169400
Ambos sexos;31 años;Esperanza de vida;2024;53,584066
Ambos sexos;31 años;Esperanza de vida;2020;51,807194
Ambos sexos;31 años;Esperanza de vida;2019;53,069200
Ambos sexos;32 años;Tasa de mortalidad;2024;0,339697
Ambos sexos;32 años;Tasa de mortalidad;2020;0,453604
Ambos sexos;32 años;Tasa de mortalidad;2019;0,363993
Ambos sexos;32 años;Promedio de años vividos el último año de vida;2024;0,522334
Ambos sexos;32 años;Promedio de años vividos el último año de vida;2020;0,514482
Ambos sexos;32 años;Promedio de años vividos el último año de vida;2019;0,527666
Ambos sexos;32 años;Riesgo de muerte;2024;0,339641
Ambos sexos;32 años;Riesgo de muerte;2020;0,453504
Ambos sexos;32 años;Riesgo de muerte;2019;0,363931
Ambos sexos;32 años;Supervivientes;2024;99.175,174087
Ambos sexos;32 años;Supervivientes;2020;99.200,218151
Ambos sexos;32 años;Supervivientes;2019;99.208,303947
Ambos sexos;32 años;Defunciones teóricas;2024;33,683997
Ambos sexos;32 años;Defunciones teóricas;2020;44,987681
Ambos sexos;32 años;Defunciones teóricas;2019;36,104966
Ambos sexos;32 años;Población estacionaria;2024;99.159,084398
Ambos sexos;32 años;Población estacionaria;2020;99.178,375819
Ambos sexos;32 años;Población estacionaria;2019;99.191,250338
Ambos sexos;32 años;Tiempo por vivir;2024;5.216.710,308200
Ambos sexos;32 años;Tiempo por vivir;2020;5.042.221,435300
Ambos sexos;32 años;Tiempo por vivir;2019;5.167.637,521700
Ambos sexos;32 años;Esperanza de vida;2024;52,600970
Ambos sexos;32 años;Esperanza de vida;2020;50,828733
Ambos sexos;32 años;Esperanza de vida;2019;52,088760
Ambos sexos;33 años;Tasa de mortalidad;2024;0,350565
Ambos sexos;33 años;Tasa de mortalidad;2020;0,428973
Ambos sexos;33 años;Tasa de mortalidad;2019;0,344412
Ambos sexos;33 años;Promedio de años vividos el último año de vida;2024;0,489125
Ambos sexos;33 años;Promedio de años vividos el último año de vida;2020;0,484502
Ambos sexos;33 años;Promedio de años vividos el último año de vida;2019;0,515702
Ambos sexos;33 años;Riesgo de muerte;2024;0,350502
Ambos sexos;33 años;Riesgo de muerte;2020;0,428878
Ambos sexos;33 años;Riesgo de muerte;2019;0,344354
Ambos sexos;33 años;Supervivientes;2024;99.141,490091
Ambos sexos;33 años;Supervivientes;2020;99.155,230469
Ambos sexos;33 años;Supervivientes;2019;99.172,198980
Ambos sexos;33 años;Defunciones teóricas;2024;34,749276
Ambos sexos;33 años;Defunciones teóricas;2020;42,525477
Ambos sexos;33 años;Defunciones teóricas;2019;34,150378
Ambos sexos;33 años;Población estacionaria;2024;99.123,737559
Ambos sexos;33 años;Población estacionaria;2020;99.133,308687
Ambos sexos;33 años;Población estacionaria;2019;99.155,660013
Ambos sexos;33 años;Tiempo por vivir;2024;5.117.551,223800
Ambos sexos;33 años;Tiempo por vivir;2020;4.943.043,059500
Ambos sexos;33 años;Tiempo por vivir;2019;5.068.446,271400
Ambos sexos;33 años;Esperanza de vida;2024;51,618664
Ambos sexos;33 años;Esperanza de vida;2020;49,851561
Ambos sexos;33 años;Esperanza de vida;2019;51,107531
Ambos sexos;34 años;Tasa de mortalidad;2024;0,481237
Ambos sexos;34 años;Tasa de mortalidad;2020;0,430021
Ambos sexos;34 años;Tasa de mortalidad;2019;0,406786
Ambos sexos;34 años;Promedio de años vividos el último año de vida;2024;0,530327
Ambos sexos;34 años;Promedio de años vividos el último año de vida;2020;0,514171
Ambos sexos;34 años;Promedio de años vividos el último año de vida;2019;0,567011
Ambos sexos;34 años;Riesgo de muerte;2024;0,481128
Ambos sexos;34 años;Riesgo de muerte;2020;0,429931
Ambos sexos;34 años;Riesgo de muerte;2019;0,406714
Ambos sexos;34 años;Supervivientes;2024;99.106,740815
Ambos sexos;34 años;Supervivientes;2020;99.112,704992
Ambos sexos;34 años;Supervivientes;2019;99.138,048602
Ambos sexos;34 años;Defunciones teóricas;2024;47,683049
Ambos sexos;34 años;Defunciones teóricas;2020;42,611625
Ambos sexos;34 años;Defunciones teóricas;2019;40,320829
Ambos sexos;34 años;Población estacionaria;2024;99.084,345369
Ambos sexos;34 años;Población estacionaria;2020;99.092,003019
Ambos sexos;34 años;Población estacionaria;2019;99.120,590126
Ambos sexos;34 años;Tiempo por vivir;2024;5.018.427,486200
Ambos sexos;34 años;Tiempo por vivir;2020;4.843.909,750800
Ambos sexos;34 años;Tiempo por vivir;2019;4.969.290,611400
Ambos sexos;34 años;Esperanza de vida;2024;50,636591
Ambos sexos;34 años;Esperanza de vida;2020;48,872743
Ambos sexos;34 años;Esperanza de vida;2019;50,124959
Ambos sexos;35 años;Tasa de mortalidad;2024;0,457734
Ambos sexos;35 años;Tasa de mortalidad;2020;0,444400
Ambos sexos;35 años;Tasa de mortalidad;2019;0,422526
Ambos sexos;35 años;Promedio de años vividos el último año de vida;2024;0,520940
Ambos sexos;35 años;Promedio de años vividos el último año de vida;2020;0,477413
Ambos sexos;35 años;Promedio de años vividos el último año de vida;2019;0,492619
Ambos sexos;35 años;Riesgo de muerte;2024;0,457634
Ambos sexos;35 años;Riesgo de muerte;2020;0,444297
Ambos sexos;35 años;Riesgo de muerte;2019;0,422435
Ambos sexos;35 años;Supervivientes;2024;99.059,057766
Ambos sexos;35 años;Supervivientes;2020;99.070,093367
Ambos sexos;35 años;Supervivientes;2019;99.097,727772
Ambos sexos;35 años;Defunciones teóricas;2024;45,332770
Ambos sexos;35 años;Defunciones teóricas;2020;44,016515
Ambos sexos;35 años;Defunciones teóricas;2019;41,862365
Ambos sexos;35 años;Población estacionaria;2024;99.037,340670
Ambos sexos;35 años;Población estacionaria;2020;99.047,090929
Ambos sexos;35 años;Población estacionaria;2019;99.076,487621
Ambos sexos;35 años;Tiempo por vivir;2024;4.919.343,140800
Ambos sexos;35 años;Tiempo por vivir;2020;4.744.817,747800
Ambos sexos;35 años;Tiempo por vivir;2019;4.870.170,021200
Ambos sexos;35 años;Esperanza de vida;2024;49,660710
Ambos sexos;35 años;Esperanza de vida;2020;47,893543
Ambos sexos;35 años;Esperanza de vida;2019;49,145123
Ambos sexos;36 años;Tasa de mortalidad;2024;0,471994
Ambos sexos;36 años;Tasa de mortalidad;2020;0,520914
Ambos sexos;36 años;Tasa de mortalidad;2019;0,438835
Ambos sexos;36 años;Promedio de años vividos el último año de vida;2024;0,483114
Ambos sexos;36 años;Promedio de años vividos el último año de vida;2020;0,513844
Ambos sexos;36 años;Promedio de años vividos el último año de vida;2019;0,537762
Ambos sexos;36 años;Riesgo de muerte;2024;0,471879
Ambos sexos;36 años;Riesgo de muerte;2020;0,520783
Ambos sexos;36 años;Riesgo de muerte;2019;0,438746
Ambos sexos;36 años;Supervivientes;2024;99.013,724996
Ambos sexos;36 años;Supervivientes;2020;99.026,076851
Ambos sexos;36 años;Supervivientes;2019;99.055,865407
Ambos sexos;36 años;Defunciones teóricas;2024;46,722456
Ambos sexos;36 años;Defunciones teóricas;2020;51,571059
Ambos sexos;36 años;Defunciones teóricas;2019;43,460405
Ambos sexos;36 años;Población estacionaria;2024;98.989,574821
Ambos sexos;36 años;Población estacionaria;2020;99.001,005295
Ambos sexos;36 años;Población estacionaria;2019;99.035,776367
Ambos sexos;36 años;Tiempo por vivir;2024;4.820.305,800200
Ambos sexos;36 años;Tiempo por vivir;2020;4.645.770,656900
Ambos sexos;36 años;Tiempo por vivir;2019;4.771.093,533600
Ambos sexos;36 años;Esperanza de vida;2024;48,683208
Ambos sexos;36 años;Esperanza de vida;2020;46,914619
Ambos sexos;36 años;Esperanza de vida;2019;48,165684
Ambos sexos;37 años;Tasa de mortalidad;2024;0,525934
Ambos sexos;37 años;Tasa de mortalidad;2020;0,589179
Ambos sexos;37 años;Tasa de mortalidad;2019;0,513384
Ambos sexos;37 años;Promedio de años vividos el último año de vida;2024;0,508248
Ambos sexos;37 años;Promedio de años vividos el último año de vida;2020;0,493183
Ambos sexos;37 años;Promedio de años vividos el último año de vida;2019;0,499354
Ambos sexos;37 años;Riesgo de muerte;2024;0,525798
Ambos sexos;37 años;Riesgo de muerte;2020;0,589003
Ambos sexos;37 años;Riesgo de muerte;2019;0,513252
Ambos sexos;37 años;Supervivientes;2024;98.967,002540
Ambos sexos;37 años;Supervivientes;2020;98.974,505792
Ambos sexos;37 años;Supervivientes;2019;99.012,405002
Ambos sexos;37 años;Defunciones teóricas;2024;52,036682
Ambos sexos;37 años;Defunciones teóricas;2020;58,296270
Ambos sexos;37 años;Defunciones teóricas;2019;50,818276
Ambos sexos;37 años;Población estacionaria;2024;98.941,413395
Ambos sexos;37 años;Población estacionaria;2020;98.944,960280
Ambos sexos;37 años;Población estacionaria;2019;98.986,963035
Ambos sexos;37 años;Tiempo por vivir;2024;4.721.316,225300
Ambos sexos;37 años;Tiempo por vivir;2020;4.546.769,651600
Ambos sexos;37 años;Tiempo por vivir;2019;4.672.057,757200
Ambos sexos;37 años;Esperanza de vida;2024;47,705964
Ambos sexos;37 años;Esperanza de vida;2020;45,938796
Ambos sexos;37 años;Esperanza de vida;2019;47,186590
Ambos sexos;38 años;Tasa de mortalidad;2024;0,542439
Ambos sexos;38 años;Tasa de mortalidad;2020;0,588409
Ambos sexos;38 años;Tasa de mortalidad;2019;0,573527
Ambos sexos;38 años;Promedio de años vividos el último año de vida;2024;0,517315
Ambos sexos;38 años;Promedio de años vividos el último año de vida;2020;0,497946
Ambos sexos;38 años;Promedio de años vividos el último año de vida;2019;0,509729
Ambos sexos;38 años;Riesgo de muerte;2024;0,542297
Ambos sexos;38 años;Riesgo de muerte;2020;0,588235
Ambos sexos;38 años;Riesgo de muerte;2019;0,573365
Ambos sexos;38 años;Supervivientes;2024;98.914,965858
Ambos sexos;38 años;Supervivientes;2020;98.916,209523
Ambos sexos;38 años;Supervivientes;2019;98.961,586726
Ambos sexos;38 años;Defunciones teóricas;2024;53,641248
Ambos sexos;38 años;Defunciones teóricas;2020;58,185971
Ambos sexos;38 años;Defunciones teóricas;2019;56,741138
Ambos sexos;38 años;Población estacionaria;2024;98.889,074031
Ambos sexos;38 años;Población estacionaria;2020;98.886,997011
Ambos sexos;38 años;Población estacionaria;2019;98.933,768174
Ambos sexos;38 años;Tiempo por vivir;2024;4.622.374,811900
Ambos sexos;38 años;Tiempo por vivir;2020;4.447.824,691300
Ambos sexos;38 años;Tiempo por vivir;2019;4.573.070,794200
Ambos sexos;38 años;Esperanza de vida;2024;46,730793
Ambos sexos;38 años;Esperanza de vida;2020;44,965580
Ambos sexos;38 años;Esperanza de vida;2019;46,210565
Ambos sexos;39 años;Tasa de mortalidad;2024;0,635098
Ambos sexos;39 años;Tasa de mortalidad;2020;0,696236
Ambos sexos;39 años;Tasa de mortalidad;2019;0,643029
Ambos sexos;39 años;Promedio de años vividos el último año de vida;2024;0,474546
Ambos sexos;39 años;Promedio de años vividos el último año de vida;2020;0,505855
Ambos sexos;39 años;Promedio de años vividos el último año de vida;2019;0,506119
Ambos sexos;39 años;Riesgo de muerte;2024;0,634886
Ambos sexos;39 años;Riesgo de muerte;2020;0,695996
Ambos sexos;39 años;Riesgo de muerte;2019;0,642824
Ambos sexos;39 años;Supervivientes;2024;98.861,324610
Ambos sexos;39 años;Supervivientes;2020;98.858,023552
Ambos sexos;39 años;Supervivientes;2019;98.904,845588
Ambos sexos;39 años;Defunciones teóricas;2024;62,765678
Ambos sexos;39 años;Defunciones teóricas;2020;68,804805
Ambos sexos;39 años;Defunciones teóricas;2019;63,578449
Ambos sexos;39 años;Población estacionaria;2024;98.828,344131
Ambos sexos;39 años;Población estacionaria;2020;98.824,023988
Ambos sexos;39 años;Población estacionaria;2019;98.873,445383
Ambos sexos;39 años;Tiempo por vivir;2024;4.523.485,737900
Ambos sexos;39 años;Tiempo por vivir;2020;4.348.937,694300
Ambos sexos;39 años;Tiempo por vivir;2019;4.474.137,026000
Ambos sexos;39 años;Esperanza de vida;2024;45,755868
Ambos sexos;39 años;Esperanza de vida;2020;43,991752
Ambos sexos;39 años;Esperanza de vida;2019;45,236783
Ambos sexos;40 años;Tasa de mortalidad;2024;0,670219
Ambos sexos;40 años;Tasa de mortalidad;2020;0,758599
Ambos sexos;40 años;Tasa de mortalidad;2019;0,630515
Ambos sexos;40 años;Promedio de años vividos el último año de vida;2024;0,514061
Ambos sexos;40 años;Promedio de años vividos el último año de vida;2020;0,517923
Ambos sexos;40 años;Promedio de años vividos el último año de vida;2019;0,531119
Ambos sexos;40 años;Riesgo de muerte;2024;0,670001
Ambos sexos;40 años;Riesgo de muerte;2020;0,758322
Ambos sexos;40 años;Riesgo de muerte;2019;0,630329
Ambos sexos;40 años;Supervivientes;2024;98.798,558932
Ambos sexos;40 años;Supervivientes;2020;98.789,218747
Ambos sexos;40 años;Supervivientes;2019;98.841,267139
Ambos sexos;40 años;Defunciones teóricas;2024;66,195089
Ambos sexos;40 años;Defunciones teóricas;2020;74,914055
Ambos sexos;40 años;Defunciones teóricas;2019;62,302530
Ambos sexos;40 años;Población estacionaria;2024;98.766,392170
Ambos sexos;40 años;Población estacionaria;2020;98.753,104369
Ambos sexos;40 años;Población estacionaria;2019;98.812,054696
Ambos sexos;40 años;Tiempo por vivir;2024;4.424.657,393800
Ambos sexos;40 años;Tiempo por vivir;2020;4.250.113,670300
Ambos sexos;40 años;Tiempo por vivir;2019;4.375.263,580700
Ambos sexos;40 años;Esperanza de vida;2024;44,784635
Ambos sexos;40 años;Esperanza de vida;2020;43,022039
Ambos sexos;40 años;Esperanza de vida;2019;44,265555
Ambos sexos;41 años;Tasa de mortalidad;2024;0,736004
Ambos sexos;41 años;Tasa de mortalidad;2020;0,768366
Ambos sexos;41 años;Tasa de mortalidad;2019;0,685786
Ambos sexos;41 años;Promedio de años vividos el último año de vida;2024;0,511565
Ambos sexos;41 años;Promedio de años vividos el último año de vida;2020;0,509138
Ambos sexos;41 años;Promedio de años vividos el último año de vida;2019;0,511817
Ambos sexos;41 años;Riesgo de muerte;2024;0,735740
Ambos sexos;41 años;Riesgo de muerte;2020;0,768076
Ambos sexos;41 años;Riesgo de muerte;2019;0,685557
Ambos sexos;41 años;Supervivientes;2024;98.732,363844
Ambos sexos;41 años;Supervivientes;2020;98.714,304691
Ambos sexos;41 años;Supervivientes;2019;98.778,964609
Ambos sexos;41 años;Defunciones teóricas;2024;72,641344
Ambos sexos;41 años;Defunciones teóricas;2020;75,820120
Ambos sexos;41 años;Defunciones teóricas;2019;67,718607
Ambos sexos;41 años;Población estacionaria;2024;98.696,883259
Ambos sexos;41 años;Población estacionaria;2020;98.677,087470
Ambos sexos;41 años;Población estacionaria;2019;98.745,905533
Ambos sexos;41 años;Tiempo por vivir;2024;4.325.891,001600
Ambos sexos;41 años;Tiempo por vivir;2020;4.151.360,565900
Ambos sexos;41 años;Tiempo por vivir;2019;4.276.451,526000
Ambos sexos;41 años;Esperanza de vida;2024;43,814316
Ambos sexos;41 años;Esperanza de vida;2020;42,054296
Ambos sexos;41 años;Esperanza de vida;2019;43,293140
Ambos sexos;42 años;Tasa de mortalidad;2024;0,844025
Ambos sexos;42 años;Tasa de mortalidad;2020;0,872689
Ambos sexos;42 años;Tasa de mortalidad;2019;0,794367
Ambos sexos;42 años;Promedio de años vividos el último año de vida;2024;0,509988
Ambos sexos;42 años;Promedio de años vividos el último año de vida;2020;0,494007
Ambos sexos;42 años;Promedio de años vividos el último año de vida;2019;0,515457
Ambos sexos;42 años;Riesgo de muerte;2024;0,843676
Ambos sexos;42 años;Riesgo de muerte;2020;0,872304
Ambos sexos;42 años;Riesgo de muerte;2019;0,794061
Ambos sexos;42 años;Supervivientes;2024;98.659,722500
Ambos sexos;42 años;Supervivientes;2020;98.638,484572
Ambos sexos;42 años;Supervivientes;2019;98.711,246002
Ambos sexos;42 años;Defunciones teóricas;2024;83,236814
Ambos sexos;42 años;Defunciones teóricas;2020;86,042708
Ambos sexos;42 años;Defunciones teóricas;2019;78,382773
Ambos sexos;42 años;Población estacionaria;2024;98.618,935479
Ambos sexos;42 años;Población estacionaria;2020;98.594,947570
Ambos sexos;42 años;Población estacionaria;2019;98.673,266165
Ambos sexos;42 años;Tiempo por vivir;2024;4.227.194,118400
Ambos sexos;42 años;Tiempo por vivir;2020;4.052.683,478500
Ambos sexos;42 años;Tiempo por vivir;2019;4.177.705,620400
Ambos sexos;42 años;Esperanza de vida;2024;42,846199
Ambos sexos;42 años;Esperanza de vida;2020;41,086230
Ambos sexos;42 años;Esperanza de vida;2019;42,322489
Ambos sexos;43 años;Tasa de mortalidad;2024;0,921671
Ambos sexos;43 años;Tasa de mortalidad;2020;0,977312
Ambos sexos;43 años;Tasa de mortalidad;2019;0,883044
Ambos sexos;43 años;Promedio de años vividos el último año de vida;2024;0,505061
Ambos sexos;43 años;Promedio de años vividos el último año de vida;2020;0,521910
Ambos sexos;43 años;Promedio de años vividos el último año de vida;2019;0,508676
Ambos sexos;43 años;Riesgo de muerte;2024;0,921251
Ambos sexos;43 años;Riesgo de muerte;2020;0,976856
Ambos sexos;43 años;Riesgo de muerte;2019;0,882661
Ambos sexos;43 años;Supervivientes;2024;98.576,485686
Ambos sexos;43 años;Supervivientes;2020;98.552,441863
Ambos sexos;43 años;Supervivientes;2019;98.632,863229
Ambos sexos;43 años;Defunciones teóricas;2024;90,813665
Ambos sexos;43 años;Defunciones teóricas;2020;96,271516
Ambos sexos;43 años;Defunciones teóricas;2019;87,059361
Ambos sexos;43 años;Población estacionaria;2024;98.531,538423
Ambos sexos;43 años;Población estacionaria;2020;98.506,415376
Ambos sexos;43 años;Población estacionaria;2019;98.590,088857
Ambos sexos;43 años;Tiempo por vivir;2024;4.128.575,182900
Ambos sexos;43 años;Tiempo por vivir;2020;3.954.088,530900
Ambos sexos;43 años;Tiempo por vivir;2019;4.079.032,354300
Ambos sexos;43 años;Esperanza de vida;2024;41,881947
Ambos sexos;43 años;Esperanza de vida;2020;40,121670
Ambos sexos;43 años;Esperanza de vida;2019;41,355713
Ambos sexos;44 años;Tasa de mortalidad;2024;0,941143
Ambos sexos;44 años;Tasa de mortalidad;2020;1,044388
Ambos sexos;44 años;Tasa de mortalidad;2019;0,918243
Ambos sexos;44 años;Promedio de años vividos el último año de vida;2024;0,497347
Ambos sexos;44 años;Promedio de años vividos el último año de vida;2020;0,507423
Ambos sexos;44 años;Promedio de años vividos el último año de vida;2019;0,505594
Ambos sexos;44 años;Riesgo de muerte;2024;0,940698
Ambos sexos;44 años;Riesgo de muerte;2020;1,043851
Ambos sexos;44 años;Riesgo de muerte;2019;0,917826
Ambos sexos;44 años;Supervivientes;2024;98.485,672021
Ambos sexos;44 años;Supervivientes;2020;98.456,170347
Ambos sexos;44 años;Supervivientes;2019;98.545,803867
Ambos sexos;44 años;Defunciones teóricas;2024;92,645279
Ambos sexos;44 años;Defunciones teóricas;2020;102,773588
Ambos sexos;44 años;Defunciones teóricas;2019;90,447945
Ambos sexos;44 años;Población estacionaria;2024;98.439,103554
Ambos sexos;44 años;Población estacionaria;2020;98.405,546437
Ambos sexos;44 años;Población estacionaria;2019;98.501,085881
Ambos sexos;44 años;Tiempo por vivir;2024;4.030.043,644500
Ambos sexos;44 años;Tiempo por vivir;2020;3.855.582,115500
Ambos sexos;44 años;Tiempo por vivir;2019;3.980.442,265400
Ambos sexos;44 años;Esperanza de vida;2024;40,920101
Ambos sexos;44 años;Esperanza de vida;2020;39,160391
Ambos sexos;44 años;Esperanza de vida;2019;40,391799
Ambos sexos;45 años;Tasa de mortalidad;2024;1,096538
Ambos sexos;45 años;Tasa de mortalidad;2020;1,233381
Ambos sexos;45 años;Tasa de mortalidad;2019;1,104043
Ambos sexos;45 años;Promedio de años vividos el último año de vida;2024;0,509133
Ambos sexos;45 años;Promedio de años vividos el último año de vida;2020;0,497736
Ambos sexos;45 años;Promedio de años vividos el último año de vida;2019;0,504031
Ambos sexos;45 años;Riesgo de muerte;2024;1,095948
Ambos sexos;45 años;Riesgo de muerte;2020;1,232617
Ambos sexos;45 años;Riesgo de muerte;2019;1,103438
Ambos sexos;45 años;Supervivientes;2024;98.393,026742
Ambos sexos;45 años;Supervivientes;2020;98.353,396759
Ambos sexos;45 años;Supervivientes;2019;98.455,355922
Ambos sexos;45 años;Defunciones teóricas;2024;107,833659
Ambos sexos;45 años;Defunciones teóricas;2020;121,232103
Ambos sexos;45 años;Defunciones teóricas;2019;108,639423
Ambos sexos;45 años;Población estacionaria;2024;98.340,094810
Ambos sexos;45 años;Población estacionaria;2020;98.292,506284
Ambos sexos;45 años;Población estacionaria;2019;98.401,474170
Ambos sexos;45 años;Tiempo por vivir;2024;3.931.604,540900
Ambos sexos;45 años;Tiempo por vivir;2020;3.757.176,569100
Ambos sexos;45 años;Tiempo por vivir;2019;3.881.941,179500
Ambos sexos;45 años;Esperanza de vida;2024;39,958162
Ambos sexos;45 años;Esperanza de vida;2020;38,200781
Ambos sexos;45 años;Esperanza de vida;2019;39,428441
Ambos sexos;46 años;Tasa de mortalidad;2024;1,164199
Ambos sexos;46 años;Tasa de mortalidad;2020;1,270644
Ambos sexos;46 años;Tasa de mortalidad;2019;1,255836
Ambos sexos;46 años;Promedio de años vividos el último año de vida;2024;0,489295
Ambos sexos;46 años;Promedio de años vividos el último año de vida;2020;0,520413
Ambos sexos;46 años;Promedio de años vividos el último año de vida;2019;0,508812
Ambos sexos;46 años;Riesgo de muerte;2024;1,163507
Ambos sexos;46 años;Riesgo de muerte;2020;1,269871
Ambos sexos;46 años;Riesgo de muerte;2019;1,255062
Ambos sexos;46 años;Supervivientes;2024;98.285,193083
Ambos sexos;46 años;Supervivientes;2020;98.232,164656
Ambos sexos;46 años;Supervivientes;2019;98.346,716499
Ambos sexos;46 años;Defunciones teóricas;2024;114,355545
Ambos sexos;46 años;Defunciones teóricas;2020;124,742129
Ambos sexos;46 años;Defunciones teóricas;2019;123,431241
Ambos sexos;46 años;Población estacionaria;2024;98.226,791123
Ambos sexos;46 años;Población estacionaria;2020;98.172,339996
Ambos sexos;46 años;Población estacionaria;2019;98.286,088537
Ambos sexos;46 años;Tiempo por vivir;2024;3.833.264,446100
Ambos sexos;46 años;Tiempo por vivir;2020;3.658.884,062800
Ambos sexos;46 años;Tiempo por vivir;2019;3.783.539,705400
Ambos sexos;46 años;Esperanza de vida;2024;39,001444
Ambos sexos;46 años;Esperanza de vida;2020;37,247312
Ambos sexos;46 años;Esperanza de vida;2019;38,471439
Ambos sexos;47 años;Tasa de mortalidad;2024;1,268326
Ambos sexos;47 años;Tasa de mortalidad;2020;1,504923
Ambos sexos;47 años;Tasa de mortalidad;2019;1,494313
Ambos sexos;47 años;Promedio de años vividos el último año de vida;2024;0,513201
Ambos sexos;47 años;Promedio de años vividos el último año de vida;2020;0,501627
Ambos sexos;47 años;Promedio de años vividos el último año de vida;2019;0,495294
Ambos sexos;47 años;Riesgo de muerte;2024;1,267543
Ambos sexos;47 años;Riesgo de muerte;2020;1,503795
Ambos sexos;47 años;Riesgo de muerte;2019;1,493187
Ambos sexos;47 años;Supervivientes;2024;98.170,837538
Ambos sexos;47 años;Supervivientes;2020;98.107,422527
Ambos sexos;47 años;Supervivientes;2019;98.223,285258
Ambos sexos;47 años;Defunciones teóricas;2024;124,435761
Ambos sexos;47 años;Defunciones teóricas;2020;147,533463
Ambos sexos;47 años;Defunciones teóricas;2019;146,665703
Ambos sexos;47 años;Población estacionaria;2024;98.110,262287
Ambos sexos;47 años;Población estacionaria;2020;98.033,895872
Ambos sexos;47 años;Población estacionaria;2019;98.149,262197
Ambos sexos;47 años;Tiempo por vivir;2024;3.735.037,655000
Ambos sexos;47 años;Tiempo por vivir;2020;3.560.711,722800
Ambos sexos;47 años;Tiempo por vivir;2019;3.685.253,616800
Ambos sexos;47 años;Esperanza de vida;2024;38,046305
Ambos sexos;47 años;Esperanza de vida;2020;36,294009
Ambos sexos;47 años;Esperanza de vida;2019;37,519144
Ambos sexos;48 años;Tasa de mortalidad;2024;1,442189
Ambos sexos;48 años;Tasa de mortalidad;2020;1,727831
Ambos sexos;48 años;Tasa de mortalidad;2019;1,662668
Ambos sexos;48 años;Promedio de años vividos el último año de vida;2024;0,496635
Ambos sexos;48 años;Promedio de años vividos el último año de vida;2020;0,497795
Ambos sexos;48 años;Promedio de años vividos el último año de vida;2019;0,498522
Ambos sexos;48 años;Riesgo de muerte;2024;1,441143
Ambos sexos;48 años;Riesgo de muerte;2020;1,726333
Ambos sexos;48 años;Riesgo de muerte;2019;1,661282
Ambos sexos;48 años;Supervivientes;2024;98.046,401777
Ambos sexos;48 años;Supervivientes;2020;97.959,889064
Ambos sexos;48 años;Supervivientes;2019;98.076,619555
Ambos sexos;48 años;Defunciones teóricas;2024;141,298862
Ambos sexos;48 años;Defunciones teóricas;2020;169,111437
Ambos sexos;48 años;Defunciones teóricas;2019;162,932966
Ambos sexos;48 años;Población estacionaria;2024;97.975,276869
Ambos sexos;48 años;Población estacionaria;2020;97.874,960521
Ambos sexos;48 años;Población estacionaria;2019;97.994,912204
Ambos sexos;48 años;Tiempo por vivir;2024;3.636.927,392700
Ambos sexos;48 años;Tiempo por vivir;2020;3.462.677,826900
Ambos sexos;48 años;Tiempo por vivir;2019;3.587.104,354600
Ambos sexos;48 años;Esperanza de vida;2024;37,093940
Ambos sexos;48 años;Esperanza de vida;2020;35,347915
Ambos sexos;48 años;Esperanza de vida;2019;36,574511
Ambos sexos;49 años;Tasa de mortalidad;2024;1,539534
Ambos sexos;49 años;Tasa de mortalidad;2020;1,929370
Ambos sexos;49 años;Tasa de mortalidad;2019;1,906011
Ambos sexos;49 años;Promedio de años vividos el último año de vida;2024;0,506422
Ambos sexos;49 años;Promedio de años vividos el último año de vida;2020;0,499056
Ambos sexos;49 años;Promedio de años vividos el último año de vida;2019;0,506746
Ambos sexos;49 años;Riesgo de muerte;2024;1,538365
Ambos sexos;49 años;Riesgo de muerte;2020;1,927507
Ambos sexos;49 años;Riesgo de muerte;2019;1,904220
Ambos sexos;49 años;Supervivientes;2024;97.905,102915
Ambos sexos;49 años;Supervivientes;2020;97.790,777627
Ambos sexos;49 años;Supervivientes;2019;97.913,686589
Ambos sexos;49 años;Defunciones teóricas;2024;150,613754
Ambos sexos;49 años;Defunciones teóricas;2020;188,492431
Ambos sexos;49 años;Defunciones teóricas;2019;186,449237
Ambos sexos;49 años;Población estacionaria;2024;97.830,763289
Ambos sexos;49 años;Población estacionaria;2020;97.696,353544
Ambos sexos;49 años;Población estacionaria;2019;97.821,719717
Ambos sexos;49 años;Tiempo por vivir;2024;3.538.952,115800
Ambos sexos;49 años;Tiempo por vivir;2020;3.364.802,866400
Ambos sexos;49 años;Tiempo por vivir;2019;3.489.109,442400
Ambos sexos;49 años;Esperanza de vida;2024;36,146759
Ambos sexos;49 años;Esperanza de vida;2020;34,408182
Ambos sexos;49 años;Esperanza de vida;2019;35,634543
Ambos sexos;50 años;Tasa de mortalidad;2024;1,736507
Ambos sexos;50 años;Tasa de mortalidad;2020;2,155438
Ambos sexos;50 años;Tasa de mortalidad;2019;2,058377
Ambos sexos;50 años;Promedio de años vividos el último año de vida;2024;0,498240
Ambos sexos;50 años;Promedio de años vividos el último año de vida;2020;0,509889
Ambos sexos;50 años;Promedio de años vividos el último año de vida;2019;0,520613
Ambos sexos;50 años;Riesgo de muerte;2024;1,734995
Ambos sexos;50 años;Riesgo de muerte;2020;2,153163
Ambos sexos;50 años;Riesgo de muerte;2019;2,056348
Ambos sexos;50 años;Supervivientes;2024;97.754,489161
Ambos sexos;50 años;Supervivientes;2020;97.602,285195
Ambos sexos;50 años;Supervivientes;2019;97.727,237352
Ambos sexos;50 años;Defunciones teóricas;2024;169,603572
Ambos sexos;50 años;Defunciones teóricas;2020;210,153656
Ambos sexos;50 años;Defunciones teóricas;2019;200,961164
Ambos sexos;50 años;Población estacionaria;2024;97.669,388815
Ambos sexos;50 años;Población estacionaria;2020;97.499,286524
Ambos sexos;50 años;Población estacionaria;2019;97.630,899089
Ambos sexos;50 años;Tiempo por vivir;2024;3.441.121,352500
Ambos sexos;50 años;Tiempo por vivir;2020;3.267.106,512900
Ambos sexos;50 años;Tiempo por vivir;2019;3.391.287,722700
Ambos sexos;50 años;Esperanza de vida;2024;35,201671
Ambos sexos;50 años;Esperanza de vida;2020;33,473668
Ambos sexos;50 años;Esperanza de vida;2019;34,701561
Ambos sexos;51 años;Tasa de mortalidad;2024;1,986668
Ambos sexos;51 años;Tasa de mortalidad;2020;2,374955
Ambos sexos;51 años;Tasa de mortalidad;2019;2,411662
Ambos sexos;51 años;Promedio de años vividos el último año de vida;2024;0,504124
Ambos sexos;51 años;Promedio de años vividos el último año de vida;2020;0,520381
Ambos sexos;51 años;Promedio de años vividos el último año de vida;2019;0,509996
Ambos sexos;51 años;Riesgo de muerte;2024;1,984713
Ambos sexos;51 años;Riesgo de muerte;2020;2,372253
Ambos sexos;51 años;Riesgo de muerte;2019;2,408816
Ambos sexos;51 años;Supervivientes;2024;97.584,885589
Ambos sexos;51 años;Supervivientes;2020;97.392,131539
Ambos sexos;51 años;Supervivientes;2019;97.526,276188
Ambos sexos;51 años;Defunciones teóricas;2024;193,677995
Ambos sexos;51 años;Defunciones teóricas;2020;231,038765
Ambos sexos;51 años;Defunciones teóricas;2019;234,922830
Ambos sexos;51 años;Población estacionaria;2024;97.488,845397
Ambos sexos;51 años;Población estacionaria;2020;97.281,320956
Ambos sexos;51 años;Población estacionaria;2019;97.411,163010
Ambos sexos;51 años;Tiempo por vivir;2024;3.343.451,963700
Ambos sexos;51 años;Tiempo por vivir;2020;3.169.607,226300
Ambos sexos;51 años;Tiempo por vivir;2019;3.293.656,823600
Ambos sexos;51 años;Esperanza de vida;2024;34,261986
Ambos sexos;51 años;Esperanza de vida;2020;32,544798
Ambos sexos;51 años;Esperanza de vida;2019;33,771994
Ambos sexos;52 años;Tasa de mortalidad;2024;2,198815
Ambos sexos;52 años;Tasa de mortalidad;2020;2,872086
Ambos sexos;52 años;Tasa de mortalidad;2019;2,659034
Ambos sexos;52 años;Promedio de años vividos el último año de vida;2024;0,509517
Ambos sexos;52 años;Promedio de años vividos el último año de vida;2020;0,504929
Ambos sexos;52 años;Promedio de años vividos el último año de vida;2019;0,489267
Ambos sexos;52 años;Riesgo de muerte;2024;2,196446
Ambos sexos;52 años;Riesgo de muerte;2020;2,868008
Ambos sexos;52 años;Riesgo de muerte;2019;2,655427
Ambos sexos;52 años;Supervivientes;2024;97.391,207594
Ambos sexos;52 años;Supervivientes;2020;97.161,092774
Ambos sexos;52 años;Supervivientes;2019;97.291,353358
Ambos sexos;52 años;Defunciones teóricas;2024;213,914528
Ambos sexos;52 años;Defunciones teóricas;2020;278,658794
Ambos sexos;52 años;Defunciones teóricas;2019;258,350124
Ambos sexos;52 años;Población estacionaria;2024;97.286,286107
Ambos sexos;52 años;Población estacionaria;2020;97.023,136837
Ambos sexos;52 años;Población estacionaria;2019;97.159,405410
Ambos sexos;52 años;Tiempo por vivir;2024;3.245.963,118300
Ambos sexos;52 años;Tiempo por vivir;2020;3.072.325,905400
Ambos sexos;52 años;Tiempo por vivir;2019;3.196.245,660600
Ambos sexos;52 años;Esperanza de vida;2024;33,329119
Ambos sexos;52 años;Esperanza de vida;2020;31,620948
Ambos sexos;52 años;Esperanza de vida;2019;32,852310
Ambos sexos;53 años;Tasa de mortalidad;2024;2,487752
Ambos sexos;53 años;Tasa de mortalidad;2020;3,203777
Ambos sexos;53 años;Tasa de mortalidad;2019;2,929265
Ambos sexos;53 años;Promedio de años vividos el último año de vida;2024;0,499380
Ambos sexos;53 años;Promedio de años vividos el último año de vida;2020;0,506996
Ambos sexos;53 años;Promedio de años vividos el último año de vida;2019;0,509767
Ambos sexos;53 años;Riesgo de muerte;2024;2,484658
Ambos sexos;53 años;Riesgo de muerte;2020;3,198724
Ambos sexos;53 años;Riesgo de muerte;2019;2,925065
Ambos sexos;53 años;Supervivientes;2024;97.177,293066
Ambos sexos;53 años;Supervivientes;2020;96.882,433980
Ambos sexos;53 años;Supervivientes;2019;97.033,003234
Ambos sexos;53 años;Defunciones teóricas;2024;241,452313
Ambos sexos;53 años;Defunciones teóricas;2020;309,900201
Ambos sexos;53 años;Defunciones teóricas;2019;283,827794
Ambos sexos;53 años;Población estacionaria;2024;97.056,417165
Ambos sexos;53 años;Población estacionaria;2020;96.729,651935
Ambos sexos;53 años;Población estacionaria;2019;96.893,861559
Ambos sexos;53 años;Tiempo por vivir;2024;3.148.676,832200
Ambos sexos;53 años;Tiempo por vivir;2020;2.975.302,768500
Ambos sexos;53 años;Tiempo por vivir;2019;3.099.086,255200
Ambos sexos;53 años;Esperanza de vida;2024;32,401364
Ambos sexos;53 años;Esperanza de vida;2020;30,710446
Ambos sexos;53 años;Esperanza de vida;2019;31,938476
Ambos sexos;54 años;Tasa de mortalidad;2024;2,751479
Ambos sexos;54 años;Tasa de mortalidad;2020;3,422473
Ambos sexos;54 años;Tasa de mortalidad;2019;3,333896
Ambos sexos;54 años;Promedio de años vividos el último año de vida;2024;0,504497
Ambos sexos;54 años;Promedio de años vividos el último año de vida;2020;0,506627
Ambos sexos;54 años;Promedio de años vividos el último año de vida;2019;0,511173
Ambos sexos;54 años;Riesgo de muerte;2024;2,747733
Ambos sexos;54 años;Riesgo de muerte;2020;3,416703
Ambos sexos;54 años;Riesgo de muerte;2019;3,328472
Ambos sexos;54 años;Supervivientes;2024;96.935,840753
Ambos sexos;54 años;Supervivientes;2020;96.572,533779
Ambos sexos;54 años;Supervivientes;2019;96.749,175440
Ambos sexos;54 años;Defunciones teóricas;2024;266,353814
Ambos sexos;54 años;Defunciones teóricas;2020;329,959698
Ambos sexos;54 años;Defunciones teóricas;2019;322,026884
Ambos sexos;54 años;Población estacionaria;2024;96.803,861721
Ambos sexos;54 años;Población estacionaria;2020;96.409,740688
Ambos sexos;54 años;Población estacionaria;2019;96.591,759860
Ambos sexos;54 años;Tiempo por vivir;2024;3.051.620,415000
Ambos sexos;54 años;Tiempo por vivir;2020;2.878.573,116600
Ambos sexos;54 años;Tiempo por vivir;2019;3.002.192,393600
Ambos sexos;54 años;Esperanza de vida;2024;31,480827
Ambos sexos;54 años;Esperanza de vida;2020;29,807369
Ambos sexos;54 años;Esperanza de vida;2019;31,030677
Ambos sexos;55 años;Tasa de mortalidad;2024;3,066780
Ambos sexos;55 años;Tasa de mortalidad;2020;3,842049
Ambos sexos;55 años;Tasa de mortalidad;2019;3,574991
Ambos sexos;55 años;Promedio de años vividos el último año de vida;2024;0,510593
Ambos sexos;55 años;Promedio de años vividos el último año de vida;2020;0,504138
Ambos sexos;55 años;Promedio de años vividos el último año de vida;2019;0,498088
Ambos sexos;55 años;Riesgo de muerte;2024;3,062184
Ambos sexos;55 años;Riesgo de muerte;2020;3,834744
Ambos sexos;55 años;Riesgo de muerte;2019;3,568588
Ambos sexos;55 años;Supervivientes;2024;96.669,486940
Ambos sexos;55 años;Supervivientes;2020;96.242,574081
Ambos sexos;55 años;Supervivientes;2019;96.427,148556
Ambos sexos;55 años;Defunciones teóricas;2024;296,019786
Ambos sexos;55 años;Defunciones teóricas;2020;369,065613
Ambos sexos;55 años;Defunciones teóricas;2019;344,108777
Ambos sexos;55 años;Población estacionaria;2024;96.524,612637
Ambos sexos;55 años;Población estacionaria;2020;96.059,568441
Ambos sexos;55 años;Población estacionaria;2019;96.254,436104
Ambos sexos;55 años;Tiempo por vivir;2024;2.954.816,553300
Ambos sexos;55 años;Tiempo por vivir;2020;2.782.163,375900
Ambos sexos;55 años;Tiempo por vivir;2019;2.905.600,633800
Ambos sexos;55 años;Esperanza de vida;2024;30,566176
Ambos sexos;55 años;Esperanza de vida;2020;28,907824
Ambos sexos;55 años;Esperanza de vida;2019;30,132599
Ambos sexos;56 años;Tasa de mortalidad;2024;3,637476
Ambos sexos;56 años;Tasa de mortalidad;2020;4,217598
Ambos sexos;56 años;Tasa de mortalidad;2019;4,074420
Ambos sexos;56 años;Promedio de años vividos el último año de vida;2024;0,505877
Ambos sexos;56 años;Promedio de años vividos el último año de vida;2020;0,500585
Ambos sexos;56 años;Promedio de años vividos el último año de vida;2019;0,503297
Ambos sexos;56 años;Riesgo de muerte;2024;3,630949
Ambos sexos;56 años;Riesgo de muerte;2020;4,208733
Ambos sexos;56 años;Riesgo de muerte;2019;4,066191
Ambos sexos;56 años;Supervivientes;2024;96.373,467154
Ambos sexos;56 años;Supervivientes;2020;95.873,508467
Ambos sexos;56 años;Supervivientes;2019;96.083,039779
Ambos sexos;56 años;Defunciones teóricas;2024;349,927186
Ambos sexos;56 años;Defunciones teóricas;2020;403,505970
Ambos sexos;56 años;Defunciones teóricas;2019;390,691970
Ambos sexos;56 años;Población estacionaria;2024;96.200,560046
Ambos sexos;56 años;Población estacionaria;2020;95.671,991488
Ambos sexos;56 años;Población estacionaria;2019;95.888,982038
Ambos sexos;56 años;Tiempo por vivir;2024;2.858.291,940700
Ambos sexos;56 años;Tiempo por vivir;2020;2.686.103,807500
Ambos sexos;56 años;Tiempo por vivir;2019;2.809.346,197700
Ambos sexos;56 años;Esperanza de vida;2024;29,658494
Ambos sexos;56 años;Esperanza de vida;2020;28,017164
Ambos sexos;56 años;Esperanza de vida;2019;29,238731
Ambos sexos;57 años;Tasa de mortalidad;2024;3,837511
Ambos sexos;57 años;Tasa de mortalidad;2020;4,651537
Ambos sexos;57 años;Tasa de mortalidad;2019;4,320187
Ambos sexos;57 años;Promedio de años vividos el último año de vida;2024;0,510292
Ambos sexos;57 años;Promedio de años vividos el último año de vida;2020;0,503502
Ambos sexos;57 años;Promedio de años vividos el último año de vida;2019;0,498921
Ambos sexos;57 años;Riesgo de muerte;2024;3,830313
Ambos sexos;57 años;Riesgo de muerte;2020;4,640819
Ambos sexos;57 años;Riesgo de muerte;2019;4,310855
Ambos sexos;57 años;Supervivientes;2024;96.023,539968
Ambos sexos;57 años;Supervivientes;2020;95.470,002497
Ambos sexos;57 años;Supervivientes;2019;95.692,347809
Ambos sexos;57 años;Defunciones teóricas;2024;367,800204
Ambos sexos;57 años;Defunciones teóricas;2020;443,058973
Ambos sexos;57 años;Defunciones teóricas;2019;412,515831
Ambos sexos;57 años;Población estacionaria;2024;95.843,425357
Ambos sexos;57 años;Población estacionaria;2020;95.250,024623
Ambos sexos;57 años;Población estacionaria;2019;95.485,644822
Ambos sexos;57 años;Tiempo por vivir;2024;2.762.091,380600
Ambos sexos;57 años;Tiempo por vivir;2020;2.590.431,816000
Ambos sexos;57 años;Tiempo por vivir;2019;2.713.457,215600
Ambos sexos;57 años;Esperanza de vida;2024;28,764732
Ambos sexos;57 años;Esperanza de vida;2020;27,133463
Ambos sexos;57 años;Esperanza de vida;2019;28,356052
Ambos sexos;58 años;Tasa de mortalidad;2024;4,265628
Ambos sexos;58 años;Tasa de mortalidad;2020;5,162757
Ambos sexos;58 años;Tasa de mortalidad;2019;4,524097
Ambos sexos;58 años;Promedio de años vividos el último año de vida;2024;0,501889
Ambos sexos;58 años;Promedio de años vividos el último año de vida;2020;0,508716
Ambos sexos;58 años;Promedio de años vividos el último año de vida;2019;0,514281
Ambos sexos;58 años;Riesgo de muerte;2024;4,256584
Ambos sexos;58 años;Riesgo de muerte;2020;5,149696
Ambos sexos;58 años;Riesgo de muerte;2019;4,514177
Ambos sexos;58 años;Supervivientes;2024;95.655,739764
Ambos sexos;58 años;Supervivientes;2020;95.026,943524
Ambos sexos;58 años;Supervivientes;2019;95.279,831978
Ambos sexos;58 años;Defunciones teóricas;2024;407,166681
Ambos sexos;58 años;Defunciones teóricas;2020;489,359846
Ambos sexos;58 años;Defunciones teóricas;2019;430,110044
Ambos sexos;58 años;Población estacionaria;2024;95.452,925763
Ambos sexos;58 años;Población estacionaria;2020;94.786,528989
Ambos sexos;58 años;Población estacionaria;2019;95.070,919311
Ambos sexos;58 años;Tiempo por vivir;2024;2.666.247,955300
Ambos sexos;58 años;Tiempo por vivir;2020;2.495.181,791400
Ambos sexos;58 años;Tiempo por vivir;2019;2.617.971,570800
Ambos sexos;58 años;Esperanza de vida;2024;27,873371
Ambos sexos;58 años;Esperanza de vida;2020;26,257624
Ambos sexos;58 años;Esperanza de vida;2019;27,476660
Ambos sexos;59 años;Tasa de mortalidad;2024;4,625119
Ambos sexos;59 años;Tasa de mortalidad;2020;5,470788
Ambos sexos;59 años;Tasa de mortalidad;2019;5,156959
Ambos sexos;59 años;Promedio de años vividos el último año de vida;2024;0,504715
Ambos sexos;59 años;Promedio de años vividos el último año de vida;2020;0,504136
Ambos sexos;59 años;Promedio de años vividos el último año de vida;2019;0,502803
Ambos sexos;59 años;Riesgo de muerte;2024;4,614548
Ambos sexos;59 años;Riesgo de muerte;2020;5,455987
Ambos sexos;59 años;Riesgo de muerte;2019;5,143770
Ambos sexos;59 años;Supervivientes;2024;95.248,573083
Ambos sexos;59 años;Supervivientes;2020;94.537,583679
Ambos sexos;59 años;Supervivientes;2019;94.849,721934
Ambos sexos;59 años;Defunciones teóricas;2024;439,529090
Ambos sexos;59 años;Defunciones teóricas;2020;515,795809
Ambos sexos;59 años;Defunciones teóricas;2019;487,885201
Ambos sexos;59 años;Población estacionaria;2024;95.030,880713
Ambos sexos;59 años;Población estacionaria;2020;94.281,819276
Ambos sexos;59 años;Población estacionaria;2019;94.607,146958
Ambos sexos;59 años;Tiempo por vivir;2024;2.570.795,029500
Ambos sexos;59 años;Tiempo por vivir;2020;2.400.395,262400
Ambos sexos;59 años;Tiempo por vivir;2019;2.522.900,651500
Ambos sexos;59 años;Esperanza de vida;2024;26,990378
Ambos sexos;59 años;Esperanza de vida;2020;25,390910
Ambos sexos;59 años;Esperanza de vida;2019;26,598925
Ambos sexos;60 años;Tasa de mortalidad;2024;5,125134
Ambos sexos;60 años;Tasa de mortalidad;2020;6,145147
Ambos sexos;60 años;Tasa de mortalidad;2019;5,638289
Ambos sexos;60 años;Promedio de años vividos el último año de vida;2024;0,502859
Ambos sexos;60 años;Promedio de años vividos el último año de vida;2020;0,499924
Ambos sexos;60 años;Promedio de años vividos el último año de vida;2019;0,508473
Ambos sexos;60 años;Riesgo de muerte;2024;5,112108
Ambos sexos;60 años;Riesgo de muerte;2020;6,126320
Ambos sexos;60 años;Riesgo de muerte;2019;5,622707
Ambos sexos;60 años;Supervivientes;2024;94.809,043993
Ambos sexos;60 años;Supervivientes;2020;94.021,787870
Ambos sexos;60 años;Supervivientes;2019;94.361,836733
Ambos sexos;60 años;Defunciones teóricas;2024;484,674102
Ambos sexos;60 años;Defunciones teóricas;2020;576,007566
Ambos sexos;60 años;Defunciones teóricas;2019;530,568944
Ambos sexos;60 años;Población estacionaria;2024;94.568,092687
Ambos sexos;60 años;Población estacionaria;2020;93.733,740113
Ambos sexos;60 años;Población estacionaria;2019;94.101,047711
Ambos sexos;60 años;Tiempo por vivir;2024;2.475.764,148800
Ambos sexos;60 años;Tiempo por vivir;2020;2.306.113,443100
Ambos sexos;60 años;Tiempo por vivir;2019;2.428.293,504500
Ambos sexos;60 años;Esperanza de vida;2024;26,113164
Ambos sexos;60 años;Esperanza de vida;2020;24,527437
Ambos sexos;60 años;Esperanza de vida;2019;25,733852
Ambos sexos;61 años;Tasa de mortalidad;2024;5,748496
Ambos sexos;61 años;Tasa de mortalidad;2020;6,711193
Ambos sexos;61 años;Tasa de mortalidad;2019;6,224957
Ambos sexos;61 años;Promedio de años vividos el último año de vida;2024;0,495322
Ambos sexos;61 años;Promedio de años vividos el último año de vida;2020;0,499716
Ambos sexos;61 años;Promedio de años vividos el último año de vida;2019;0,508816
Ambos sexos;61 años;Riesgo de muerte;2024;5,731867
Ambos sexos;61 años;Riesgo de muerte;2020;6,688736
Ambos sexos;61 años;Riesgo de muerte;2019;6,205982
Ambos sexos;61 años;Supervivientes;2024;94.324,369891
Ambos sexos;61 años;Supervivientes;2020;93.445,780304
Ambos sexos;61 años;Supervivientes;2019;93.831,267789
Ambos sexos;61 años;Defunciones teóricas;2024;540,654750
Ambos sexos;61 años;Defunciones teóricas;2020;625,034139
Ambos sexos;61 años;Defunciones teóricas;2019;582,315155
Ambos sexos;61 años;Población estacionaria;2024;94.051,513134
Ambos sexos;61 años;Población estacionaria;2020;93.133,085775
Ambos sexos;61 años;Población estacionaria;2019;93.545,244129
Ambos sexos;61 años;Tiempo por vivir;2024;2.381.196,056100
Ambos sexos;61 años;Tiempo por vivir;2020;2.212.379,703000
Ambos sexos;61 años;Tiempo por vivir;2019;2.334.192,456800
Ambos sexos;61 años;Esperanza de vida;2024;25,244760
Ambos sexos;61 años;Esperanza de vida;2020;23,675544
Ambos sexos;61 años;Esperanza de vida;2019;24,876489
Ambos sexos;62 años;Tasa de mortalidad;2024;6,409655
Ambos sexos;62 años;Tasa de mortalidad;2020;7,351462
Ambos sexos;62 años;Tasa de mortalidad;2019;6,651480
Ambos sexos;62 años;Promedio de años vividos el último año de vida;2024;0,500336
Ambos sexos;62 años;Promedio de años vividos el último año de vida;2020;0,497321
Ambos sexos;62 años;Promedio de años vividos el último año de vida;2019;0,503307
Ambos sexos;62 años;Riesgo de muerte;2024;6,389193
Ambos sexos;62 años;Riesgo de muerte;2020;7,324395
Ambos sexos;62 años;Riesgo de muerte;2019;6,629577
Ambos sexos;62 años;Supervivientes;2024;93.783,715140
Ambos sexos;62 años;Supervivientes;2020;92.820,746165
Ambos sexos;62 años;Supervivientes;2019;93.248,952633
Ambos sexos;62 años;Defunciones teóricas;2024;599,202246
Ambos sexos;62 años;Defunciones teóricas;2020;679,855803
Ambos sexos;62 años;Defunciones teóricas;2019;618,201147
Ambos sexos;62 años;Población estacionaria;2024;93.484,315114
Ambos sexos;62 años;Población estacionaria;2020;92.478,996966
Ambos sexos;62 años;Población estacionaria;2019;92.941,896374
Ambos sexos;62 años;Tiempo por vivir;2024;2.287.144,543000
Ambos sexos;62 años;Tiempo por vivir;2020;2.119.246,617200
Ambos sexos;62 años;Tiempo por vivir;2019;2.240.647,212700
Ambos sexos;62 años;Esperanza de vida;2024;24,387438
Ambos sexos;62 años;Esperanza de vida;2020;22,831605
Ambos sexos;62 años;Esperanza de vida;2019;24,028658
Ambos sexos;63 años;Tasa de mortalidad;2024;6,946684
Ambos sexos;63 años;Tasa de mortalidad;2020;8,090995
Ambos sexos;63 años;Tasa de mortalidad;2019;7,158837
Ambos sexos;63 años;Promedio de años vividos el último año de vida;2024;0,507154
Ambos sexos;63 años;Promedio de años vividos el último año de vida;2020;0,499627
Ambos sexos;63 años;Promedio de años vividos el último año de vida;2019;0,502404
Ambos sexos;63 años;Riesgo de muerte;2024;6,922983
Ambos sexos;63 años;Riesgo de muerte;2020;8,058371
Ambos sexos;63 años;Riesgo de muerte;2019;7,133426
Ambos sexos;63 años;Supervivientes;2024;93.184,512894
Ambos sexos;63 años;Supervivientes;2020;92.140,890362
Ambos sexos;63 años;Supervivientes;2019;92.630,751486
Ambos sexos;63 años;Defunciones teóricas;2024;645,114753
Ambos sexos;63 años;Defunciones teóricas;2020;742,505445
Ambos sexos;63 años;Defunciones teóricas;2019;660,774589
Ambos sexos;63 años;Población estacionaria;2024;92.866,570376
Ambos sexos;63 años;Población estacionaria;2020;91.769,361018
Ambos sexos;63 años;Población estacionaria;2019;92.301,952668
Ambos sexos;63 años;Tiempo por vivir;2024;2.193.660,227900
Ambos sexos;63 años;Tiempo por vivir;2020;2.026.767,620300
Ambos sexos;63 años;Tiempo por vivir;2019;2.147.705,316300
Ambos sexos;63 años;Esperanza de vida;2024;23,541039
Ambos sexos;63 años;Esperanza de vida;2020;21,996397
Ambos sexos;63 años;Esperanza de vida;2019;23,185662
Ambos sexos;64 años;Tasa de mortalidad;2024;7,465068
Ambos sexos;64 años;Tasa de mortalidad;2020;8,831238
Ambos sexos;64 años;Tasa de mortalidad;2019;7,884699
Ambos sexos;64 años;Promedio de años vividos el último año de vida;2024;0,507428
Ambos sexos;64 años;Promedio de años vividos el último año de vida;2020;0,507158
Ambos sexos;64 años;Promedio de años vividos el último año de vida;2019;0,508470
Ambos sexos;64 años;Riesgo de muerte;2024;7,437719
Ambos sexos;64 años;Riesgo de muerte;2020;8,792967
Ambos sexos;64 años;Riesgo de muerte;2019;7,854260
Ambos sexos;64 años;Supervivientes;2024;92.539,398141
Ambos sexos;64 años;Supervivientes;2020;91.398,384917
Ambos sexos;64 años;Supervivientes;2019;91.969,976897
Ambos sexos;64 años;Defunciones teóricas;2024;688,282013
Ambos sexos;64 años;Defunciones teóricas;2020;803,663002
Ambos sexos;64 años;Defunciones teóricas;2019;722,356089
Ambos sexos;64 años;Población estacionaria;2024;92.200,369420
Ambos sexos;64 años;Población estacionaria;2020;91.002,305879
Ambos sexos;64 años;Población estacionaria;2019;91.614,917037
Ambos sexos;64 años;Tiempo por vivir;2024;2.100.793,657500
Ambos sexos;64 años;Tiempo por vivir;2020;1.934.998,259200
Ambos sexos;64 años;Tiempo por vivir;2019;2.055.403,363700
Ambos sexos;64 años;Esperanza de vida;2024;22,701614
Ambos sexos;64 años;Esperanza de vida;2020;21,171033
Ambos sexos;64 años;Esperanza de vida;2019;22,348634
Ambos sexos;65 años;Tasa de mortalidad;2024;8,239509
Ambos sexos;65 años;Tasa de mortalidad;2020;9,589216
Ambos sexos;65 años;Tasa de mortalidad;2019;8,403319
Ambos sexos;65 años;Promedio de años vividos el último año de vida;2024;0,504514
Ambos sexos;65 años;Promedio de años vividos el último año de vida;2020;0,495740
Ambos sexos;65 años;Promedio de años vividos el último año de vida;2019;0,499017
Ambos sexos;65 años;Riesgo de muerte;2024;8,206008
Ambos sexos;65 años;Riesgo de muerte;2020;9,543071
Ambos sexos;65 años;Riesgo de muerte;2019;8,368090
Ambos sexos;65 años;Supervivientes;2024;91.851,116129
Ambos sexos;65 años;Supervivientes;2020;90.594,721915
Ambos sexos;65 años;Supervivientes;2019;91.247,620807
Ambos sexos;65 años;Defunciones teóricas;2024;753,730962
Ambos sexos;65 años;Defunciones teóricas;2020;864,551888
Ambos sexos;65 años;Defunciones teóricas;2019;763,568325
Ambos sexos;65 años;Población estacionaria;2024;91.477,653289
Ambos sexos;65 años;Población estacionaria;2020;90.158,762654
Ambos sexos;65 años;Población estacionaria;2019;90.865,085928
Ambos sexos;65 años;Tiempo por vivir;2024;2.008.593,288100
Ambos sexos;65 años;Tiempo por vivir;2020;1.843.995,953400
Ambos sexos;65 años;Tiempo por vivir;2019;1.963.788,446600
Ambos sexos;65 años;Esperanza de vida;2024;21,867925
Ambos sexos;65 años;Esperanza de vida;2020;20,354342
Ambos sexos;65 años;Esperanza de vida;2019;21,521530
Ambos sexos;66 años;Tasa de mortalidad;2024;8,839936
Ambos sexos;66 años;Tasa de mortalidad;2020;10,125759
Ambos sexos;66 años;Tasa de mortalidad;2019;9,168250
Ambos sexos;66 años;Promedio de años vividos el último año de vida;2024;0,508090
Ambos sexos;66 años;Promedio de años vividos el último año de vida;2020;0,503784
Ambos sexos;66 años;Promedio de años vividos el último año de vida;2019;0,501136
Ambos sexos;66 años;Riesgo de muerte;2024;8,801662
Ambos sexos;66 años;Riesgo de muerte;2020;10,075136
Ambos sexos;66 años;Riesgo de muerte;2019;9,126508
Ambos sexos;66 años;Supervivientes;2024;91.097,385167
Ambos sexos;66 años;Supervivientes;2020;89.730,170027
Ambos sexos;66 años;Supervivientes;2019;90.484,052482
Ambos sexos;66 años;Defunciones teóricas;2024;801,808425
Ambos sexos;66 años;Defunciones teóricas;2020;904,043623
Ambos sexos;66 años;Defunciones teóricas;2019;825,803435
Ambos sexos;66 años;Población estacionaria;2024;90.702,967376
Ambos sexos;66 años;Población estacionaria;2020;89.281,569051
Ambos sexos;66 años;Población estacionaria;2019;90.072,089211
Ambos sexos;66 años;Tiempo por vivir;2024;1.917.115,634800
Ambos sexos;66 años;Tiempo por vivir;2020;1.753.837,190700
Ambos sexos;66 años;Tiempo por vivir;2019;1.872.923,360700
Ambos sexos;66 años;Esperanza de vida;2024;21,044683
Ambos sexos;66 años;Esperanza de vida;2020;19,545680
Ambos sexos;66 años;Esperanza de vida;2019;20,698933
Ambos sexos;67 años;Tasa de mortalidad;2024;9,396406
Ambos sexos;67 años;Tasa de mortalidad;2020;11,275833
Ambos sexos;67 años;Tasa de mortalidad;2019;9,921292
Ambos sexos;67 años;Promedio de años vividos el último año de vida;2024;0,489074
Ambos sexos;67 años;Promedio de años vividos el último año de vida;2020;0,507885
Ambos sexos;67 años;Promedio de años vividos el último año de vida;2019;0,501295
Ambos sexos;67 años;Riesgo de muerte;2024;9,351510
Ambos sexos;67 años;Riesgo de muerte;2020;11,213609
Ambos sexos;67 años;Riesgo de muerte;2019;9,872445
Ambos sexos;67 años;Supervivientes;2024;90.295,576742
Ambos sexos;67 años;Supervivientes;2020;88.826,126404
Ambos sexos;67 años;Supervivientes;2019;89.658,249047
Ambos sexos;67 años;Defunciones teóricas;2024;844,400005
Ambos sexos;67 años;Defunciones teóricas;2020;996,061422
Ambos sexos;67 años;Defunciones teóricas;2019;885,146126
Ambos sexos;67 años;Población estacionaria;2024;89.864,150520
Ambos sexos;67 años;Población estacionaria;2020;88.335,949422
Ambos sexos;67 años;Población estacionaria;2019;89.216,822301
Ambos sexos;67 años;Tiempo por vivir;2024;1.826.412,667400
Ambos sexos;67 años;Tiempo por vivir;2020;1.664.555,621600
Ambos sexos;67 años;Tiempo por vivir;2019;1.782.851,271500
Ambos sexos;67 años;Esperanza de vida;2024;20,227045
Ambos sexos;67 años;Esperanza de vida;2020;18,739482
Ambos sexos;67 años;Esperanza de vida;2019;19,884966
Ambos sexos;68 años;Tasa de mortalidad;2024;10,369530
Ambos sexos;68 años;Tasa de mortalidad;2020;11,910843
Ambos sexos;68 años;Tasa de mortalidad;2019;10,322105
Ambos sexos;68 años;Promedio de años vividos el último año de vida;2024;0,503492
Ambos sexos;68 años;Promedio de años vividos el último año de vida;2020;0,493094
Ambos sexos;68 años;Promedio de años vividos el último año de vida;2019;0,499142
Ambos sexos;68 años;Riesgo de muerte;2024;10,316415
Ambos sexos;68 años;Riesgo de muerte;2020;11,839361
Ambos sexos;68 años;Riesgo de muerte;2019;10,269015
Ambos sexos;68 años;Supervivientes;2024;89.451,176737
Ambos sexos;68 años;Supervivientes;2020;87.830,064982
Ambos sexos;68 años;Supervivientes;2019;88.773,102921
Ambos sexos;68 años;Defunciones teóricas;2024;922,815448
Ambos sexos;68 años;Defunciones teóricas;2020;1.039,851836
Ambos sexos;68 años;Defunciones teóricas;2019;911,612355
Ambos sexos;68 años;Población estacionaria;2024;88.992,991075
Ambos sexos;68 años;Población estacionaria;2020;87.302,957400
Ambos sexos;68 años;Población estacionaria;2019;88.316,514937
Ambos sexos;68 años;Tiempo por vivir;2024;1.736.548,516900
Ambos sexos;68 años;Tiempo por vivir;2020;1.576.219,672200
Ambos sexos;68 años;Tiempo por vivir;2019;1.693.634,449200
Ambos sexos;68 años;Esperanza de vida;2024;19,413367
Ambos sexos;68 años;Esperanza de vida;2020;17,946243
Ambos sexos;68 años;Esperanza de vida;2019;19,078239
Ambos sexos;69 años;Tasa de mortalidad;2024;11,413103
Ambos sexos;69 años;Tasa de mortalidad;2020;13,199008
Ambos sexos;69 años;Tasa de mortalidad;2019;11,302249
Ambos sexos;69 años;Promedio de años vividos el último año de vida;2024;0,500668
Ambos sexos;69 años;Promedio de años vividos el último año de vida;2020;0,503161
Ambos sexos;69 años;Promedio de años vividos el último año de vida;2019;0,507075
Ambos sexos;69 años;Riesgo de muerte;2024;11,348429
Ambos sexos;69 años;Riesgo de muerte;2020;13,113016
Ambos sexos;69 años;Riesgo de muerte;2019;11,239631
Ambos sexos;69 años;Supervivientes;2024;88.528,361289
Ambos sexos;69 años;Supervivientes;2020;86.790,213146
Ambos sexos;69 años;Supervivientes;2019;87.861,490566
Ambos sexos;69 años;Defunciones teóricas;2024;1.004,657793
Ambos sexos;69 años;Defunciones teóricas;2020;1.138,081436
Ambos sexos;69 años;Defunciones teóricas;2019;987,530724
Ambos sexos;69 años;Población estacionaria;2024;88.026,703225
Ambos sexos;69 años;Población estacionaria;2020;86.224,769838
Ambos sexos;69 años;Población estacionaria;2019;87.374,712058
Ambos sexos;69 años;Tiempo por vivir;2024;1.647.555,525800
Ambos sexos;69 años;Tiempo por vivir;2020;1.488.916,714800
Ambos sexos;69 años;Tiempo por vivir;2019;1.605.317,934200
Ambos sexos;69 años;Esperanza de vida;2024;18,610483
Ambos sexos;69 años;Esperanza de vida;2020;17,155353
Ambos sexos;69 años;Esperanza de vida;2019;18,271007
Ambos sexos;70 años;Tasa de mortalidad;2024;12,217012
Ambos sexos;70 años;Tasa de mortalidad;2020;14,318045
Ambos sexos;70 años;Tasa de mortalidad;2019;12,184546
Ambos sexos;70 años;Promedio de años vividos el último año de vida;2024;0,509828
Ambos sexos;70 años;Promedio de años vividos el último año de vida;2020;0,512538
Ambos sexos;70 años;Promedio de años vividos el último año de vida;2019;0,511776
Ambos sexos;70 años;Riesgo de muerte;2024;12,144287
Ambos sexos;70 años;Riesgo de muerte;2020;14,218805
Ambos sexos;70 años;Riesgo de muerte;2019;12,112491
Ambos sexos;70 años;Supervivientes;2024;87.523,703496
Ambos sexos;70 años;Supervivientes;2020;85.652,131709
Ambos sexos;70 años;Supervivientes;2019;86.873,959841
Ambos sexos;70 años;Defunciones teóricas;2024;1.062,912963
Ambos sexos;70 años;Defunciones teóricas;2020;1.217,870973
Ambos sexos;70 años;Defunciones teóricas;2019;1.052,260067
Ambos sexos;70 años;Población estacionaria;2024;87.002,692914
Ambos sexos;70 años;Población estacionaria;2020;85.058,465576
Ambos sexos;70 años;Población estacionaria;2019;86.360,221715
Ambos sexos;70 años;Tiempo por vivir;2024;1.559.528,822600
Ambos sexos;70 años;Tiempo por vivir;2020;1.402.691,945000
Ambos sexos;70 años;Tiempo por vivir;2019;1.517.943,222200
Ambos sexos;70 años;Esperanza de vida;2024;17,818360
Ambos sexos;70 años;Esperanza de vida;2020;16,376615
Ambos sexos;70 años;Esperanza de vida;2019;17,472937
Ambos sexos;71 años;Tasa de mortalidad;2024;13,411702
Ambos sexos;71 años;Tasa de mortalidad;2020;15,418763
Ambos sexos;71 años;Tasa de mortalidad;2019;14,023273
Ambos sexos;71 años;Promedio de años vividos el último año de vida;2024;0,508800
Ambos sexos;71 años;Promedio de años vividos el último año de vida;2020;0,513220
Ambos sexos;71 años;Promedio de años vividos el último año de vida;2019;0,502277
Ambos sexos;71 años;Riesgo de muerte;2024;13,323927
Ambos sexos;71 años;Riesgo de muerte;2020;15,303899
Ambos sexos;71 años;Riesgo de muerte;2019;13,926073
Ambos sexos;71 años;Supervivientes;2024;86.460,790533
Ambos sexos;71 años;Supervivientes;2020;84.434,260736
Ambos sexos;71 años;Supervivientes;2019;85.821,699775
Ambos sexos;71 años;Defunciones teóricas;2024;1.151,997219
Ambos sexos;71 años;Defunciones teóricas;2020;1.292,173391
Ambos sexos;71 años;Defunciones teóricas;2019;1.195,159282
Ambos sexos;71 años;Población estacionaria;2024;85.894,929148
Ambos sexos;71 años;Población estacionaria;2020;83.805,257211
Ambos sexos;71 años;Población estacionaria;2019;85.226,841207
Ambos sexos;71 años;Tiempo por vivir;2024;1.472.526,129700
Ambos sexos;71 años;Tiempo por vivir;2020;1.317.633,479400
Ambos sexos;71 años;Tiempo por vivir;2019;1.431.583,000500
Ambos sexos;71 años;Esperanza de vida;2024;17,031143
Ambos sexos;71 años;Esperanza de vida;2020;15,605436
Ambos sexos;71 años;Esperanza de vida;2019;16,680898
Ambos sexos;72 años;Tasa de mortalidad;2024;14,432674
Ambos sexos;72 años;Tasa de mortalidad;2020;17,832533
Ambos sexos;72 años;Tasa de mortalidad;2019;14,789091
Ambos sexos;72 años;Promedio de años vividos el último año de vida;2024;0,502646
Ambos sexos;72 años;Promedio de años vividos el último año de vida;2020;0,494785
Ambos sexos;72 años;Promedio de años vividos el último año de vida;2019;0,500839
Ambos sexos;72 años;Riesgo de muerte;2024;14,329813
Ambos sexos;72 años;Riesgo de muerte;2020;17,673310
Ambos sexos;72 años;Riesgo de muerte;2019;14,680716
Ambos sexos;72 años;Supervivientes;2024;85.308,793314
Ambos sexos;72 años;Supervivientes;2020;83.142,087345
Ambos sexos;72 años;Supervivientes;2019;84.626,540492
Ambos sexos;72 años;Defunciones teóricas;2024;1.222,459044
Ambos sexos;72 años;Defunciones teóricas;2020;1.469,395846
Ambos sexos;72 años;Defunciones teóricas;2019;1.242,378225
Ambos sexos;72 años;Población estacionaria;2024;84.700,798066
Ambos sexos;72 años;Población estacionaria;2020;82.399,726265
Ambos sexos;72 años;Población estacionaria;2019;84.006,393148
Ambos sexos;72 años;Tiempo por vivir;2024;1.386.631,200500
Ambos sexos;72 años;Tiempo por vivir;2020;1.233.828,222200
Ambos sexos;72 años;Tiempo por vivir;2019;1.346.356,159300
Ambos sexos;72 años;Esperanza de vida;2024;16,254259
Ambos sexos;72 años;Esperanza de vida;2020;14,839996
Ambos sexos;72 años;Esperanza de vida;2019;15,909384
Ambos sexos;73 años;Tasa de mortalidad;2024;15,738311
Ambos sexos;73 años;Tasa de mortalidad;2020;18,318086
Ambos sexos;73 años;Tasa de mortalidad;2019;16,779475
Ambos sexos;73 años;Promedio de años vividos el último año de vida;2024;0,502794
Ambos sexos;73 años;Promedio de años vividos el último año de vida;2020;0,500637
Ambos sexos;73 años;Promedio de años vividos el último año de vida;2019;0,510075
Ambos sexos;73 años;Riesgo de muerte;2024;15,616112
Ambos sexos;73 años;Riesgo de muerte;2020;18,152042
Ambos sexos;73 años;Riesgo de muerte;2019;16,642661
Ambos sexos;73 años;Supervivientes;2024;84.086,334270
Ambos sexos;73 años;Supervivientes;2020;81.672,691499
Ambos sexos;73 años;Supervivientes;2019;83.384,162267
Ambos sexos;73 años;Defunciones teóricas;2024;1.313,101616
Ambos sexos;73 años;Defunciones teóricas;2020;1.482,526132
Ambos sexos;73 años;Defunciones teóricas;2019;1.387,734318
Ambos sexos;73 años;Población estacionaria;2024;83.433,452125
Ambos sexos;73 años;Población estacionaria;2020;80.932,372522
Ambos sexos;73 años;Población estacionaria;2019;82.704,276449
Ambos sexos;73 años;Tiempo por vivir;2024;1.301.930,402500
Ambos sexos;73 años;Tiempo por vivir;2020;1.151.428,495900
Ambos sexos;73 años;Tiempo por vivir;2019;1.262.349,766100
Ambos sexos;73 años;Esperanza de vida;2024;15,483258
Ambos sexos;73 años;Esperanza de vida;2020;14,098084
Ambos sexos;73 años;Esperanza de vida;2019;15,138963
Ambos sexos;74 años;Tasa de mortalidad;2024;17,175491
Ambos sexos;74 años;Tasa de mortalidad;2020;22,063158
Ambos sexos;74 años;Tasa de mortalidad;2019;18,297041
Ambos sexos;74 años;Promedio de años vividos el último año de vida;2024;0,517584
Ambos sexos;74 años;Promedio de años vividos el último año de vida;2020;0,511196
Ambos sexos;74 años;Promedio de años vividos el último año de vida;2019;0,500903
Ambos sexos;74 años;Riesgo de muerte;2024;17,034349
Ambos sexos;74 años;Riesgo de muerte;2020;21,827756
Ambos sexos;74 años;Riesgo de muerte;2019;18,131464
Ambos sexos;74 años;Supervivientes;2024;82.773,232654
Ambos sexos;74 años;Supervivientes;2020;80.190,165367
Ambos sexos;74 años;Supervivientes;2019;81.996,427950
Ambos sexos;74 años;Defunciones teóricas;2024;1.409,988152
Ambos sexos;74 años;Defunciones teóricas;2020;1.750,371345
Ambos sexos;74 años;Defunciones teóricas;2019;1.486,715284
Ambos sexos;74 años;Población estacionaria;2024;82.093,031826
Ambos sexos;74 años;Población estacionaria;2020;79.334,577140
Ambos sexos;74 años;Población estacionaria;2019;81.254,412360
Ambos sexos;74 años;Tiempo por vivir;2024;1.218.496,950300
Ambos sexos;74 años;Tiempo por vivir;2020;1.070.496,123400
Ambos sexos;74 años;Tiempo por vivir;2019;1.179.645,489700
Ambos sexos;74 años;Esperanza de vida;2024;14,720906
Ambos sexos;74 años;Esperanza de vida;2020;13,349469
Ambos sexos;74 años;Esperanza de vida;2019;14,386547
Ambos sexos;75 años;Tasa de mortalidad;2024;19,364278
Ambos sexos;75 años;Tasa de mortalidad;2020;23,816008
Ambos sexos;75 años;Tasa de mortalidad;2019;20,350003
Ambos sexos;75 años;Promedio de años vividos el último año de vida;2024;0,510200
Ambos sexos;75 años;Promedio de años vividos el último año de vida;2020;0,506579
Ambos sexos;75 años;Promedio de años vividos el último año de vida;2019;0,505073
Ambos sexos;75 años;Riesgo de muerte;2024;19,182341
Ambos sexos;75 años;Riesgo de muerte;2020;23,539389
Ambos sexos;75 años;Riesgo de muerte;2019;20,147086
Ambos sexos;75 años;Supervivientes;2024;81.363,244502
Ambos sexos;75 años;Supervivientes;2020;78.439,794022
Ambos sexos;75 años;Supervivientes;2019;80.509,712666
Ambos sexos;75 años;Defunciones teóricas;2024;1.560,737502
Ambos sexos;75 años;Defunciones teóricas;2020;1.846,424851
Ambos sexos;75 años;Defunciones teóricas;2019;1.622,036134
Ambos sexos;75 años;Población estacionaria;2024;80.598,794908
Ambos sexos;75 años;Población estacionaria;2020;77.528,729609
Ambos sexos;75 años;Población estacionaria;2019;79.706,922735
Ambos sexos;75 años;Tiempo por vivir;2024;1.136.403,918500
Ambos sexos;75 años;Tiempo por vivir;2020;991.161,546270
Ambos sexos;75 años;Tiempo por vivir;2019;1.098.391,077300
Ambos sexos;75 años;Esperanza de vida;2024;13,967043
Ambos sexos;75 años;Esperanza de vida;2020;12,635953
Ambos sexos;75 años;Esperanza de vida;2019;13,642964
Ambos sexos;76 años;Tasa de mortalidad;2024;21,995269
Ambos sexos;76 años;Tasa de mortalidad;2020;26,690599
Ambos sexos;76 años;Tasa de mortalidad;2019;22,478159
Ambos sexos;76 años;Promedio de años vividos el último año de vida;2024;0,495832
Ambos sexos;76 años;Promedio de años vividos el último año de vida;2020;0,504506
Ambos sexos;76 años;Promedio de años vividos el último año de vida;2019;0,488380
Ambos sexos;76 años;Riesgo de muerte;2024;21,754032
Ambos sexos;76 años;Riesgo de muerte;2020;26,342222
Ambos sexos;76 años;Riesgo de muerte;2019;22,222593
Ambos sexos;76 años;Supervivientes;2024;79.802,507000
Ambos sexos;76 años;Supervivientes;2020;76.593,369171
Ambos sexos;76 años;Supervivientes;2019;78.887,676532
Ambos sexos;76 años;Defunciones teóricas;2024;1.736,026289
Ambos sexos;76 años;Defunciones teóricas;2020;2.017,639514
Ambos sexos;76 años;Defunciones teóricas;2019;1.753,088722
Ambos sexos;76 años;Población estacionaria;2024;78.927,257633
Ambos sexos;76 años;Población estacionaria;2020;75.593,639978
Ambos sexos;76 años;Población estacionaria;2019;77.990,760571
Ambos sexos;76 años;Tiempo por vivir;2024;1.055.805,123600
Ambos sexos;76 años;Tiempo por vivir;2020;913.632,816660
Ambos sexos;76 años;Tiempo por vivir;2019;1.018.684,154600
Ambos sexos;76 años;Esperanza de vida;2024;13,230225
Ambos sexos;76 años;Esperanza de vida;2020;11,928354
Ambos sexos;76 años;Esperanza de vida;2019;12,913096
Ambos sexos;77 años;Tasa de mortalidad;2024;23,121037
Ambos sexos;77 años;Tasa de mortalidad;2020;30,670984
Ambos sexos;77 años;Tasa de mortalidad;2019;23,838301
Ambos sexos;77 años;Promedio de años vividos el último año de vida;2024;0,498392
Ambos sexos;77 años;Promedio de años vividos el último año de vida;2020;0,492361
Ambos sexos;77 años;Promedio de años vividos el último año de vida;2019;0,504262
Ambos sexos;77 años;Riesgo de muerte;2024;22,855961
Ambos sexos;77 años;Riesgo de muerte;2020;30,200765
Ambos sexos;77 años;Riesgo de muerte;2019;23,559881
Ambos sexos;77 años;Supervivientes;2024;78.066,480711
Ambos sexos;77 años;Supervivientes;2020;74.575,729658
Ambos sexos;77 años;Supervivientes;2019;77.134,587811
Ambos sexos;77 años;Defunciones teóricas;2024;1.784,284449
Ambos sexos;77 años;Defunciones teóricas;2020;2.252,244086
Ambos sexos;77 años;Defunciones teóricas;2019;1.817,281692
Ambos sexos;77 años;Población estacionaria;2024;77.171,470111
Ambos sexos;77 años;Población estacionaria;2020;73.432,403830
Ambos sexos;77 años;Población estacionaria;2019;76.233,691923
Ambos sexos;77 años;Tiempo por vivir;2024;976.877,865960
Ambos sexos;77 años;Tiempo por vivir;2020;838.039,176690
Ambos sexos;77 años;Tiempo por vivir;2019;940.693,394000
Ambos sexos;77 años;Esperanza de vida;2024;12,513410
Ambos sexos;77 años;Esperanza de vida;2020;11,237425
Ambos sexos;77 años;Esperanza de vida;2019;12,195481
Ambos sexos;78 años;Tasa de mortalidad;2024;26,857742
Ambos sexos;78 años;Tasa de mortalidad;2020;31,801891
Ambos sexos;78 años;Tasa de mortalidad;2019;27,461457
Ambos sexos;78 años;Promedio de años vividos el último año de vida;2024;0,508447
Ambos sexos;78 años;Promedio de años vividos el último año de vida;2020;0,495895
Ambos sexos;78 años;Promedio de años vividos el último año de vida;2019;0,527713
Ambos sexos;78 años;Riesgo de muerte;2024;26,507786
Ambos sexos;78 años;Riesgo de muerte;2020;31,300104
Ambos sexos;78 años;Riesgo de muerte;2019;27,109851
Ambos sexos;78 años;Supervivientes;2024;76.282,196262
Ambos sexos;78 años;Supervivientes;2020;72.323,485572
Ambos sexos;78 años;Supervivientes;2019;75.317,306119
Ambos sexos;78 años;Defunciones teóricas;2024;2.022,072151
Ambos sexos;78 años;Defunciones teóricas;2020;2.263,732589
Ambos sexos;78 años;Defunciones teóricas;2019;2.041,840929
Ambos sexos;78 años;Población estacionaria;2024;75.288,240914
Ambos sexos;78 años;Población estacionaria;2020;71.182,326664
Ambos sexos;78 años;Población estacionaria;2019;74.352,971495
Ambos sexos;78 años;Tiempo por vivir;2024;899.706,395850
Ambos sexos;78 años;Tiempo por vivir;2020;764.606,772860
Ambos sexos;78 años;Tiempo por vivir;2019;864.459,702080
Ambos sexos;78 años;Esperanza de vida;2024;11,794448
Ambos sexos;78 años;Esperanza de vida;2020;10,572040
Ambos sexos;78 años;Esperanza de vida;2019;11,477571
Ambos sexos;79 años;Tasa de mortalidad;2024;29,700838
Ambos sexos;79 años;Tasa de mortalidad;2020;37,312706
Ambos sexos;79 años;Tasa de mortalidad;2019;31,505253
Ambos sexos;79 años;Promedio de años vividos el último año de vida;2024;0,499137
Ambos sexos;79 años;Promedio de años vividos el último año de vida;2020;0,529183
Ambos sexos;79 años;Promedio de años vividos el último año de vida;2019;0,473139
Ambos sexos;79 años;Riesgo de muerte;2024;29,265483
Ambos sexos;79 años;Riesgo de muerte;2020;36,668533
Ambos sexos;79 años;Riesgo de muerte;2019;30,990840
Ambos sexos;79 años;Supervivientes;2024;74.260,124111
Ambos sexos;79 años;Supervivientes;2020;70.059,752982
Ambos sexos;79 años;Supervivientes;2019;73.275,465190
Ambos sexos;79 años;Defunciones teóricas;2024;2.173,258415
Ambos sexos;79 años;Defunciones teóricas;2020;2.568,988382
Ambos sexos;79 años;Defunciones teóricas;2019;2.270,868195
Ambos sexos;79 años;Población estacionaria;2024;73.171,618639
Ambos sexos;79 años;Población estacionaria;2020;68.850,229572
Ambos sexos;79 años;Población estacionaria;2019;72.079,034105
Ambos sexos;79 años;Tiempo por vivir;2024;824.418,154940
Ambos sexos;79 años;Tiempo por vivir;2020;693.424,446190
Ambos sexos;79 años;Tiempo por vivir;2019;790.106,730580
Ambos sexos;79 años;Esperanza de vida;2024;11,101761
Ambos sexos;79 años;Esperanza de vida;2020;9,897615
Ambos sexos;79 años;Esperanza de vida;2019;10,782691
Ambos sexos;80 años;Tasa de mortalidad;2024;34,280904
Ambos sexos;80 años;Tasa de mortalidad;2020;43,597078
Ambos sexos;80 años;Tasa de mortalidad;2019;36,432332
Ambos sexos;80 años;Promedio de años vividos el último año de vida;2024;0,507632
Ambos sexos;80 años;Promedio de años vividos el último año de vida;2020;0,469512
Ambos sexos;80 años;Promedio de años vividos el último año de vida;2019;0,525260
Ambos sexos;80 años;Riesgo de muerte;2024;33,711887
Ambos sexos;80 años;Riesgo de muerte;2020;42,611569
Ambos sexos;80 años;Riesgo de muerte;2019;35,812916
Ambos sexos;80 años;Supervivientes;2024;72.086,865696
Ambos sexos;80 años;Supervivientes;2020;67.490,764601
Ambos sexos;80 años;Supervivientes;2019;71.004,596995
Ambos sexos;80 años;Defunciones teóricas;2024;2.430,184264
Ambos sexos;80 años;Defunciones teóricas;2020;2.875,887372
Ambos sexos;80 años;Defunciones teóricas;2019;2.542,881662
Ambos sexos;80 años;Población estacionaria;2024;70.890,320609
Ambos sexos;80 años;Población estacionaria;2020;65.965,140721
Ambos sexos;80 años;Población estacionaria;2019;69.797,390242
Ambos sexos;80 años;Tiempo por vivir;2024;751.246,536300
Ambos sexos;80 años;Tiempo por vivir;2020;624.574,216620
Ambos sexos;80 años;Tiempo por vivir;2019;718.027,696480
Ambos sexos;80 años;Esperanza de vida;2024;10,421407
Ambos sexos;80 años;Esperanza de vida;2020;9,254218
Ambos sexos;80 años;Esperanza de vida;2019;10,112411
Ambos sexos;81 años;Tasa de mortalidad;2024;38,927341
Ambos sexos;81 años;Tasa de mortalidad;2020;49,742853
Ambos sexos;81 años;Tasa de mortalidad;2019;41,424339
Ambos sexos;81 años;Promedio de años vividos el último año de vida;2024;0,491668
Ambos sexos;81 años;Promedio de años vividos el último año de vida;2020;0,517019
Ambos sexos;81 años;Promedio de años vividos el último año de vida;2019;0,515867
Ambos sexos;81 años;Riesgo de muerte;2024;38,171993
Ambos sexos;81 años;Riesgo de muerte;2020;48,575827
Ambos sexos;81 años;Riesgo de muerte;2019;40,609913
Ambos sexos;81 años;Supervivientes;2024;69.656,681432
Ambos sexos;81 años;Supervivientes;2020;64.614,877228
Ambos sexos;81 años;Supervivientes;2019;68.461,715333
Ambos sexos;81 años;Defunciones teóricas;2024;2.658,934365
Ambos sexos;81 años;Defunciones teóricas;2020;3.138,721073
Ambos sexos;81 años;Defunciones teóricas;2019;2.780,224282
Ambos sexos;81 años;Población estacionaria;2024;68.305,060783
Ambos sexos;81 años;Población estacionaria;2020;63.098,935324
Ambos sexos;81 años;Población estacionaria;2019;67.115,718391
Ambos sexos;81 años;Tiempo por vivir;2024;680.356,215690
Ambos sexos;81 años;Tiempo por vivir;2020;558.609,075900
Ambos sexos;81 años;Tiempo por vivir;2019;648.230,306240
Ambos sexos;81 años;Esperanza de vida;2024;9,767279
Ambos sexos;81 años;Esperanza de vida;2020;8,645208
Ambos sexos;81 años;Esperanza de vida;2019;9,468508
Ambos sexos;82 años;Tasa de mortalidad;2024;41,567603
Ambos sexos;82 años;Tasa de mortalidad;2020;56,994963
Ambos sexos;82 años;Tasa de mortalidad;2019;47,168454
Ambos sexos;82 años;Promedio de años vividos el último año de vida;2024;0,500355
Ambos sexos;82 años;Promedio de años vividos el último año de vida;2020;0,515573
Ambos sexos;82 años;Promedio de años vividos el último año de vida;2019;0,511282
Ambos sexos;82 años;Riesgo de muerte;2024;40,721849
Ambos sexos;82 años;Riesgo de muerte;2020;55,463619
Ambos sexos;82 años;Riesgo de muerte;2019;46,105622
Ambos sexos;82 años;Supervivientes;2024;66.997,747067
Ambos sexos;82 años;Supervivientes;2020;61.476,156155
Ambos sexos;82 años;Supervivientes;2019;65.681,491051
Ambos sexos;82 años;Defunciones teóricas;2024;2.728,272150
Ambos sexos;82 años;Defunciones teóricas;2020;3.409,690107
Ambos sexos;82 años;Defunciones teóricas;2019;3.028,286031
Ambos sexos;82 años;Población estacionaria;2024;65.634,580085
Ambos sexos;82 años;Población estacionaria;2020;59.824,411467
Ambos sexos;82 años;Población estacionaria;2019;64.201,511918
Ambos sexos;82 años;Tiempo por vivir;2024;612.051,154910
Ambos sexos;82 años;Tiempo por vivir;2020;495.510,140580
Ambos sexos;82 años;Tiempo por vivir;2019;581.114,587850
Ambos sexos;82 años;Esperanza de vida;2024;9,135399
Ambos sexos;82 años;Esperanza de vida;2020;8,060200
Ambos sexos;82 años;Esperanza de vida;2019;8,847463
Ambos sexos;83 años;Tasa de mortalidad;2024;48,473527
Ambos sexos;83 años;Tasa de mortalidad;2020;63,045560
Ambos sexos;83 años;Tasa de mortalidad;2019;53,509223
Ambos sexos;83 años;Promedio de años vividos el último año de vida;2024;0,519214
Ambos sexos;83 años;Promedio de años vividos el último año de vida;2020;0,508294
Ambos sexos;83 años;Promedio de años vividos el último año de vida;2019;0,504224
Ambos sexos;83 años;Riesgo de muerte;2024;47,369561
Ambos sexos;83 años;Riesgo de muerte;2020;61,149919
Ambos sexos;83 años;Riesgo de muerte;2019;52,126384
Ambos sexos;83 años;Supervivientes;2024;64.269,474918
Ambos sexos;83 años;Supervivientes;2020;58.066,466048
Ambos sexos;83 años;Supervivientes;2019;62.653,205020
Ambos sexos;83 años;Defunciones teóricas;2024;3.044,416827
Ambos sexos;83 años;Defunciones teóricas;2020;3.550,759683
Ambos sexos;83 años;Defunciones teóricas;2019;3.265,885034
Ambos sexos;83 años;Población estacionaria;2024;62.805,763035
Ambos sexos;83 años;Población estacionaria;2020;56.320,535207
Ambos sexos;83 años;Población estacionaria;2019;61.034,058182
Ambos sexos;83 años;Tiempo por vivir;2024;546.416,574820
Ambos sexos;83 años;Tiempo por vivir;2020;435.685,729110
Ambos sexos;83 años;Tiempo por vivir;2019;516.913,075930
Ambos sexos;83 años;Esperanza de vida;2024;8,501961
Ambos sexos;83 años;Esperanza de vida;2020;7,503224
Ambos sexos;83 años;Esperanza de vida;2019;8,250385
Ambos sexos;84 años;Tasa de mortalidad;2024;56,856592
Ambos sexos;84 años;Tasa de mortalidad;2020;73,438819
Ambos sexos;84 años;Tasa de mortalidad;2019;61,087636
Ambos sexos;84 años;Promedio de años vividos el último año de vida;2024;0,470527
Ambos sexos;84 años;Promedio de años vividos el último año de vida;2020;0,502514
Ambos sexos;84 años;Promedio de años vividos el último año de vida;2019;0,499385
Ambos sexos;84 años;Riesgo de muerte;2024;55,195001
Ambos sexos;84 años;Riesgo de muerte;2020;70,850319
Ambos sexos;84 años;Riesgo de muerte;2019;59,274925
Ambos sexos;84 años;Supervivientes;2024;61.225,058090
Ambos sexos;84 años;Supervivientes;2020;54.515,706366
Ambos sexos;84 años;Supervivientes;2019;59.387,319987
Ambos sexos;84 años;Defunciones teóricas;2024;3.379,317163
Ambos sexos;84 años;Defunciones teóricas;2020;3.862,455163
Ambos sexos;84 años;Defunciones teóricas;2019;3.520,178957
Ambos sexos;84 años;Población estacionaria;2024;59.435,801855
Ambos sexos;84 años;Población estacionaria;2020;52.594,189774
Ambos sexos;84 años;Población estacionaria;2019;57.625,064154
Ambos sexos;84 años;Tiempo por vivir;2024;483.610,811790
Ambos sexos;84 años;Tiempo por vivir;2020;379.365,193900
Ambos sexos;84 años;Tiempo por vivir;2019;455.879,017750
Ambos sexos;84 años;Esperanza de vida;2024;7,898903
Ambos sexos;84 años;Esperanza de vida;2020;6,958824
Ambos sexos;84 años;Esperanza de vida;2019;7,676370
Ambos sexos;85 años;Tasa de mortalidad;2024;64,734417
Ambos sexos;85 años;Tasa de mortalidad;2020;82,827394
Ambos sexos;85 años;Tasa de mortalidad;2019;70,582746
Ambos sexos;85 años;Promedio de años vividos el último año de vida;2024;0,515104
Ambos sexos;85 años;Promedio de años vividos el último año de vida;2020;0,503784
Ambos sexos;85 años;Promedio de años vividos el último año de vida;2019;0,507707
Ambos sexos;85 años;Riesgo de muerte;2024;62,764279
Ambos sexos;85 años;Riesgo de muerte;2020;79,557559
Ambos sexos;85 años;Riesgo de muerte;2019;68,212536
Ambos sexos;85 años;Supervivientes;2024;57.845,740927
Ambos sexos;85 años;Supervivientes;2020;50.653,251202
Ambos sexos;85 años;Supervivientes;2019;55.867,141030
Ambos sexos;85 años;Defunciones teóricas;2024;3.630,646227
Ambos sexos;85 años;Defunciones teóricas;2020;4.029,849028
Ambos sexos;85 años;Defunciones teóricas;2019;3.810,839397
Ambos sexos;85 años;Población estacionaria;2024;56.085,254347
Ambos sexos;85 años;Población estacionaria;2020;48.653,577542
Ambos sexos;85 años;Población estacionaria;2019;53.991,090382
Ambos sexos;85 años;Tiempo por vivir;2024;424.175,009930
Ambos sexos;85 años;Tiempo por vivir;2020;326.771,004130
Ambos sexos;85 años;Tiempo por vivir;2019;398.253,953590
Ambos sexos;85 años;Esperanza de vida;2024;7,332865
Ambos sexos;85 años;Esperanza de vida;2020;6,451136
Ambos sexos;85 años;Esperanza de vida;2019;7,128590
Ambos sexos;86 años;Tasa de mortalidad;2024;75,375552
Ambos sexos;86 años;Tasa de mortalidad;2020;94,964620
Ambos sexos;86 años;Tasa de mortalidad;2019;80,626143
Ambos sexos;86 años;Promedio de años vividos el último año de vida;2024;0,514093
Ambos sexos;86 años;Promedio de años vividos el último año de vida;2020;0,506478
Ambos sexos;86 años;Promedio de años vividos el último año de vida;2019;0,504845
Ambos sexos;86 años;Riesgo de muerte;2024;72,712422
Ambos sexos;86 años;Riesgo de muerte;2020;90,713153
Ambos sexos;86 años;Riesgo de muerte;2019;77,530918
Ambos sexos;86 años;Supervivientes;2024;54.215,094700
Ambos sexos;86 años;Supervivientes;2020;46.623,402174
Ambos sexos;86 años;Supervivientes;2019;52.056,301634
Ambos sexos;86 años;Defunciones teóricas;2024;3.942,110823
Ambos sexos;86 años;Defunciones teóricas;2020;4.229,355835
Ambos sexos;86 años;Defunciones teóricas;2019;4.035,972874
Ambos sexos;86 años;Población estacionaria;2024;52.299,594724
Ambos sexos;86 años;Población estacionaria;2020;44.536,121336
Ambos sexos;86 años;Población estacionaria;2019;50.057,868928
Ambos sexos;86 años;Tiempo por vivir;2024;368.089,755590
Ambos sexos;86 años;Tiempo por vivir;2020;278.117,426590
Ambos sexos;86 años;Tiempo por vivir;2019;344.262,863210
Ambos sexos;86 años;Esperanza de vida;2024;6,789433
Ambos sexos;86 años;Esperanza de vida;2020;5,965189
Ambos sexos;86 años;Esperanza de vida;2019;6,613279
Ambos sexos;87 años;Tasa de mortalidad;2024;85,852854
Ambos sexos;87 años;Tasa de mortalidad;2020;108,487134
Ambos sexos;87 años;Tasa de mortalidad;2019;91,886675
Ambos sexos;87 años;Promedio de años vividos el último año de vida;2024;0,509615
Ambos sexos;87 años;Promedio de años vividos el último año de vida;2020;0,496444
Ambos sexos;87 años;Promedio de años vividos el último año de vida;2019;0,491651
Ambos sexos;87 años;Riesgo de muerte;2024;82,384394
Ambos sexos;87 años;Riesgo de muerte;2020;102,867543
Ambos sexos;87 años;Riesgo de muerte;2019;87,786138
Ambos sexos;87 años;Supervivientes;2024;50.272,983876
Ambos sexos;87 años;Supervivientes;2020;42.394,046340
Ambos sexos;87 años;Supervivientes;2019;48.020,328759
Ambos sexos;87 años;Defunciones teóricas;2024;4.141,709336
Ambos sexos;87 años;Defunciones teóricas;2020;4.360,971395
Ambos sexos;87 años;Defunciones teóricas;2019;4.215,519191
Ambos sexos;87 años;Población estacionaria;2024;48.241,952673
Ambos sexos;87 años;Población estacionaria;2020;40.198,051626
Ambos sexos;87 años;Población estacionaria;2019;45.877,372081
Ambos sexos;87 años;Tiempo por vivir;2024;315.790,160860
Ambos sexos;87 años;Tiempo por vivir;2020;233.581,305250
Ambos sexos;87 años;Tiempo por vivir;2019;294.204,994280
Ambos sexos;87 años;Esperanza de vida;2024;6,281508
Ambos sexos;87 años;Esperanza de vida;2020;5,509767
Ambos sexos;87 años;Esperanza de vida;2019;6,126676
Ambos sexos;88 años;Tasa de mortalidad;2024;98,994521
Ambos sexos;88 años;Tasa de mortalidad;2020;123,728962
Ambos sexos;88 años;Tasa de mortalidad;2019;105,799836
Ambos sexos;88 años;Promedio de años vividos el último año de vida;2024;0,501009
Ambos sexos;88 años;Promedio de años vividos el último año de vida;2020;0,498825
Ambos sexos;88 años;Promedio de años vividos el último año de vida;2019;0,503608
Ambos sexos;88 años;Riesgo de muerte;2024;94,334639
Ambos sexos;88 años;Riesgo de muerte;2020;116,504531
Ambos sexos;88 años;Riesgo de muerte;2019;100,520667
Ambos sexos;88 años;Supervivientes;2024;46.131,274540
Ambos sexos;88 años;Supervivientes;2020;38.033,074945
Ambos sexos;88 años;Supervivientes;2019;43.804,809568
Ambos sexos;88 años;Defunciones teóricas;2024;4.351,777121
Ambos sexos;88 años;Defunciones teóricas;2020;4.431,025571
Ambos sexos;88 años;Defunciones teóricas;2019;4.403,288690
Ambos sexos;88 años;Población estacionaria;2024;43.959,777738
Ambos sexos;88 años;Población estacionaria;2020;35.812,355541
Ambos sexos;88 años;Población estacionaria;2019;41.619,050374
Ambos sexos;88 años;Tiempo por vivir;2024;267.548,208190
Ambos sexos;88 años;Tiempo por vivir;2020;193.383,253620
Ambos sexos;88 años;Tiempo por vivir;2019;248.327,622200
Ambos sexos;88 años;Esperanza de vida;2024;5,799714
Ambos sexos;88 años;Esperanza de vida;2020;5,084607
Ambos sexos;88 años;Esperanza de vida;2019;5,668958
Ambos sexos;89 años;Tasa de mortalidad;2024;110,530544
Ambos sexos;89 años;Tasa de mortalidad;2020;141,529990
Ambos sexos;89 años;Tasa de mortalidad;2019;118,648426
Ambos sexos;89 años;Promedio de años vividos el último año de vida;2024;0,498352
Ambos sexos;89 años;Promedio de años vividos el último año de vida;2020;0,498962
Ambos sexos;89 años;Promedio de años vividos el último año de vida;2019;0,495502
Ambos sexos;89 años;Riesgo de muerte;2024;104,723874
Ambos sexos;89 años;Riesgo de muerte;2020;132,158390
Ambos sexos;89 años;Riesgo de muerte;2019;111,947479
Ambos sexos;89 años;Supervivientes;2024;41.779,497419
Ambos sexos;89 años;Supervivientes;2020;33.602,049374
Ambos sexos;89 años;Supervivientes;2019;39.401,520878
Ambos sexos;89 años;Defunciones teóricas;2024;4.375,310809
Ambos sexos;89 años;Defunciones teóricas;2020;4.440,792755
Ambos sexos;89 años;Defunciones teóricas;2019;4.410,900936
Ambos sexos;89 años;Población estacionaria;2024;39.584,631161
Ambos sexos;89 años;Población estacionaria;2020;31.377,044133
Ambos sexos;89 años;Población estacionaria;2019;37.176,228130
Ambos sexos;89 años;Tiempo por vivir;2024;223.588,430450
Ambos sexos;89 años;Tiempo por vivir;2020;157.570,898080
Ambos sexos;89 años;Tiempo por vivir;2019;206.708,571830
Ambos sexos;89 años;Esperanza de vida;2024;5,351630
Ambos sexos;89 años;Esperanza de vida;2020;4,689324
Ambos sexos;89 años;Esperanza de vida;2019;5,246208
Ambos sexos;90 años;Tasa de mortalidad;2024;130,771359
Ambos sexos;90 años;Tasa de mortalidad;2020;161,074950
Ambos sexos;90 años;Tasa de mortalidad;2019;138,432873
Ambos sexos;90 años;Promedio de años vividos el último año de vida;2024;0,501442
Ambos sexos;90 años;Promedio de años vividos el último año de vida;2020;0,490496
Ambos sexos;90 años;Promedio de años vividos el último año de vida;2019;0,497224
Ambos sexos;90 años;Riesgo de muerte;2024;122,767292
Ambos sexos;90 años;Riesgo de muerte;2020;148,858391
Ambos sexos;90 años;Riesgo de muerte;2019;129,424807
Ambos sexos;90 años;Supervivientes;2024;37.404,186611
Ambos sexos;90 años;Supervivientes;2020;29.161,256620
Ambos sexos;90 años;Supervivientes;2019;34.990,619943
Ambos sexos;90 años;Defunciones teóricas;2024;4.592,010711
Ambos sexos;90 años;Defunciones teóricas;2020;4.340,897740
Ambos sexos;90 años;Defunciones teóricas;2019;4.528,654225
Ambos sexos;90 años;Población estacionaria;2024;35.114,804451
Ambos sexos;90 años;Población estacionaria;2020;26.949,552022
Ambos sexos;90 años;Población estacionaria;2019;32.713,719807
Ambos sexos;90 años;Tiempo por vivir;2024;184.003,799290
Ambos sexos;90 años;Tiempo por vivir;2020;126.193,853950
Ambos sexos;90 años;Tiempo por vivir;2019;169.532,343700
Ambos sexos;90 años;Esperanza de vida;2024;4,919337
Ambos sexos;90 años;Esperanza de vida;2020;4,327449
Ambos sexos;90 años;Esperanza de vida;2019;4,845080
Ambos sexos;91 años;Tasa de mortalidad;2024;147,487839
Ambos sexos;91 años;Tasa de mortalidad;2020;182,184188
Ambos sexos;91 años;Tasa de mortalidad;2019;154,236600
Ambos sexos;91 años;Promedio de años vividos el último año de vida;2024;0,496980
Ambos sexos;91 años;Promedio de años vividos el último año de vida;2020;0,490968
Ambos sexos;91 años;Promedio de años vividos el último año de vida;2019;0,485931
Ambos sexos;91 años;Riesgo de muerte;2024;137,301529
Ambos sexos;91 años;Riesgo de muerte;2020;166,722724
Ambos sexos;91 años;Riesgo de muerte;2019;142,905835
Ambos sexos;91 años;Supervivientes;2024;32.812,175899
Ambos sexos;91 años;Supervivientes;2020;24.820,358879
Ambos sexos;91 años;Supervivientes;2019;30.461,965718
Ambos sexos;91 años;Defunciones teóricas;2024;4.505,161928
Ambos sexos;91 años;Defunciones teóricas;2020;4.138,117847
Ambos sexos;91 años;Defunciones teóricas;2019;4.353,192646
Ambos sexos;91 años;Población estacionaria;2024;30.545,989234
Ambos sexos;91 años;Población estacionaria;2020;22.713,924247
Ambos sexos;91 años;Población estacionaria;2019;28.224,122172
Ambos sexos;91 años;Tiempo por vivir;2024;148.888,994840
Ambos sexos;91 años;Tiempo por vivir;2020;99.244,301928
Ambos sexos;91 años;Tiempo por vivir;2019;136.818,623890
Ambos sexos;91 años;Esperanza de vida;2024;4,537614
Ambos sexos;91 años;Esperanza de vida;2020;3,998504
Ambos sexos;91 años;Esperanza de vida;2019;4,491457
Ambos sexos;92 años;Tasa de mortalidad;2024;166,473620
Ambos sexos;92 años;Tasa de mortalidad;2020;204,114660
Ambos sexos;92 años;Tasa de mortalidad;2019;175,927827
Ambos sexos;92 años;Promedio de años vividos el último año de vida;2024;0,488853
Ambos sexos;92 años;Promedio de años vividos el último año de vida;2020;0,487153
Ambos sexos;92 años;Promedio de años vividos el último año de vida;2019;0,491760
Ambos sexos;92 años;Riesgo de muerte;2024;153,418834
Ambos sexos;92 años;Riesgo de muerte;2020;184,772717
Ambos sexos;92 años;Riesgo de muerte;2019;161,488561
Ambos sexos;92 años;Supervivientes;2024;28.307,013971
Ambos sexos;92 años;Supervivientes;2020;20.682,241032
Ambos sexos;92 años;Supervivientes;2019;26.108,773072
Ambos sexos;92 años;Defunciones teóricas;2024;4.342,829085
Ambos sexos;92 años;Defunciones teóricas;2020;3.821,513874
Ambos sexos;92 años;Defunciones teóricas;2019;4.216,268194
Ambos sexos;92 años;Población estacionaria;2024;26.087,190785
Ambos sexos;92 años;Población estacionaria;2020;18.722,388071
Ambos sexos;92 años;Población estacionaria;2019;23.965,897073
Ambos sexos;92 años;Tiempo por vivir;2024;118.343,005610
Ambos sexos;92 años;Tiempo por vivir;2020;76.530,377681
Ambos sexos;92 años;Tiempo por vivir;2019;108.594,501720
Ambos sexos;92 años;Esperanza de vida;2024;4,180695
Ambos sexos;92 años;Esperanza de vida;2020;3,700294
Ambos sexos;92 años;Esperanza de vida;2019;4,159311
Ambos sexos;93 años;Tasa de mortalidad;2024;190,401235
Ambos sexos;93 años;Tasa de mortalidad;2020;228,123031
Ambos sexos;93 años;Tasa de mortalidad;2019;194,423472
Ambos sexos;93 años;Promedio de años vividos el último año de vida;2024;0,488584
Ambos sexos;93 años;Promedio de años vividos el último año de vida;2020;0,489257
Ambos sexos;93 años;Promedio de años vividos el último año de vida;2019;0,486979
Ambos sexos;93 años;Riesgo de muerte;2024;173,506188
Ambos sexos;93 años;Riesgo de muerte;2020;204,317546
Ambos sexos;93 años;Riesgo de muerte;2019;176,789854
Ambos sexos;93 años;Supervivientes;2024;23.964,184886
Ambos sexos;93 años;Supervivientes;2020;16.860,727159
Ambos sexos;93 años;Supervivientes;2019;21.892,504877
Ambos sexos;93 años;Defunciones teóricas;2024;4.157,934361
Ambos sexos;93 años;Defunciones teóricas;2020;3.444,942395
Ambos sexos;93 años;Defunciones teóricas;2019;3.870,372748
Ambos sexos;93 años;Población estacionaria;2024;21.837,748952
Ambos sexos;93 años;Población estacionaria;2020;15.101,247659
Ambos sexos;93 años;Población estacionaria;2019;19.906,921237
Ambos sexos;93 años;Tiempo por vivir;2024;92.255,814822
Ambos sexos;93 años;Tiempo por vivir;2020;57.807,989609
Ambos sexos;93 años;Tiempo por vivir;2019;84.628,604643
Ambos sexos;93 años;Esperanza de vida;2024;3,849737
Ambos sexos;93 años;Esperanza de vida;2020;3,428559
Ambos sexos;93 años;Esperanza de vida;2019;3,865643
Ambos sexos;94 años;Tasa de mortalidad;2024;209,052689
Ambos sexos;94 años;Tasa de mortalidad;2020;249,110584
Ambos sexos;94 años;Tasa de mortalidad;2019;212,509118
Ambos sexos;94 años;Promedio de años vividos el último año de vida;2024;0,481957
Ambos sexos;94 años;Promedio de años vividos el último año de vida;2020;0,480071
Ambos sexos;94 años;Promedio de años vividos el último año de vida;2019;0,483277
Ambos sexos;94 años;Riesgo de muerte;2024;188,624936
Ambos sexos;94 años;Riesgo de muerte;2020;220,545576
Ambos sexos;94 años;Riesgo de muerte;2019;191,482731
Ambos sexos;94 años;Supervivientes;2024;19.806,250525
Ambos sexos;94 años;Supervivientes;2020;13.415,784763
Ambos sexos;94 años;Supervivientes;2019;18.022,132130
Ambos sexos;94 años;Defunciones teóricas;2024;3.735,952747
Ambos sexos;94 años;Defunciones teóricas;2020;2.958,791975
Ambos sexos;94 años;Defunciones teóricas;2019;3.450,927071
Ambos sexos;94 años;Población estacionaria;2024;17.870,866778
Ambos sexos;94 años;Población estacionaria;2020;11.877,423796
Ambos sexos;94 años;Población estacionaria;2019;16.238,960037
Ambos sexos;94 años;Tiempo por vivir;2024;70.418,065870
Ambos sexos;94 años;Tiempo por vivir;2020;42.706,741951
Ambos sexos;94 años;Tiempo por vivir;2019;64.721,683407
Ambos sexos;94 años;Esperanza de vida;2024;3,555346
Ambos sexos;94 años;Esperanza de vida;2020;3,183320
Ambos sexos;94 años;Esperanza de vida;2019;3,591233
Ambos sexos;95 años;Tasa de mortalidad;2024;235,446143
Ambos sexos;95 años;Tasa de mortalidad;2020;281,805562
Ambos sexos;95 años;Tasa de mortalidad;2019;236,401777
Ambos sexos;95 años;Promedio de años vividos el último año de vida;2024;0,484895
Ambos sexos;95 años;Promedio de años vividos el último año de vida;2020;0,480907
Ambos sexos;95 años;Promedio de años vividos el último año de vida;2019;0,481651
Ambos sexos;95 años;Riesgo de muerte;2024;209,979877
Ambos sexos;95 años;Riesgo de muerte;2020;245,842837
Ambos sexos;95 años;Riesgo de muerte;2019;210,595673
Ambos sexos;95 años;Supervivientes;2024;16.070,297778
Ambos sexos;95 años;Supervivientes;2020;10.456,992788
Ambos sexos;95 años;Supervivientes;2019;14.571,205059
Ambos sexos;95 años;Defunciones teóricas;2024;3.374,439150
Ambos sexos;95 años;Defunciones teóricas;2020;2.570,776776
Ambos sexos;95 años;Defunciones teóricas;2019;3.068,632740
Ambos sexos;95 años;Población estacionaria;2024;14.332,106324
Ambos sexos;95 años;Población estacionaria;2020;9.122,519637
Ambos sexos;95 años;Población estacionaria;2019;12.980,582366
Ambos sexos;95 años;Tiempo por vivir;2024;52.547,199092
Ambos sexos;95 años;Tiempo por vivir;2020;30.829,318155
Ambos sexos;95 años;Tiempo por vivir;2019;48.482,723370
Ambos sexos;95 años;Esperanza de vida;2024;3,269834
Ambos sexos;95 años;Esperanza de vida;2020;2,948201
Ambos sexos;95 años;Esperanza de vida;2019;3,327297
Ambos sexos;96 años;Tasa de mortalidad;2024;254,527882
Ambos sexos;96 años;Tasa de mortalidad;2020;307,931354
Ambos sexos;96 años;Tasa de mortalidad;2019;259,390091
Ambos sexos;96 años;Promedio de años vividos el último año de vida;2024;0,478741
Ambos sexos;96 años;Promedio de años vividos el último año de vida;2020;0,474827
Ambos sexos;96 años;Promedio de años vividos el último año de vida;2019;0,483191
Ambos sexos;96 años;Riesgo de muerte;2024;224,713979
Ambos sexos;96 años;Riesgo de muerte;2020;265,065703
Ambos sexos;96 años;Riesgo de muerte;2019;228,727951
Ambos sexos;96 años;Supervivientes;2024;12.695,858627
Ambos sexos;96 años;Supervivientes;2020;7.886,216013
Ambos sexos;96 años;Supervivientes;2019;11.502,572319
Ambos sexos;96 años;Defunciones teóricas;2024;2.852,936904
Ambos sexos;96 años;Defunciones teóricas;2020;2.090,365390
Ambos sexos;96 años;Defunciones teóricas;2019;2.630,959798
Ambos sexos;96 años;Población estacionaria;2024;11.208,740216
Ambos sexos;96 años;Población estacionaria;2020;6.788,413586
Ambos sexos;96 años;Población estacionaria;2019;10.142,869317
Ambos sexos;96 años;Tiempo por vivir;2024;38.215,092768
Ambos sexos;96 años;Tiempo por vivir;2020;21.706,798518
Ambos sexos;96 años;Tiempo por vivir;2019;35.502,141004
Ambos sexos;96 años;Esperanza de vida;2024;3,010044
Ambos sexos;96 años;Esperanza de vida;2020;2,752499
Ambos sexos;96 años;Esperanza de vida;2019;3,086452
Ambos sexos;97 años;Tasa de mortalidad;2024;291,338214
Ambos sexos;97 años;Tasa de mortalidad;2020;334,913290
Ambos sexos;97 años;Tasa de mortalidad;2019;288,019171
Ambos sexos;97 años;Promedio de años vividos el último año de vida;2024;0,477665
Ambos sexos;97 años;Promedio de años vividos el último año de vida;2020;0,475125
Ambos sexos;97 años;Promedio de años vividos el último año de vida;2019;0,474677
Ambos sexos;97 años;Riesgo de muerte;2024;252,859092
Ambos sexos;97 años;Riesgo de muerte;2020;284,841681
Ambos sexos;97 años;Riesgo de muerte;2019;250,168002
Ambos sexos;97 años;Supervivientes;2024;9.842,921723
Ambos sexos;97 años;Supervivientes;2020;5.795,850622
Ambos sexos;97 años;Supervivientes;2019;8.871,612521
Ambos sexos;97 años;Defunciones teóricas;2024;2.488,872251
Ambos sexos;97 años;Defunciones teóricas;2020;1.650,899836
Ambos sexos;97 años;Defunciones teóricas;2019;2.219,393577
Ambos sexos;97 años;Población estacionaria;2024;8.542,896652
Ambos sexos;97 años;Población estacionaria;2020;4.929,335106
Ambos sexos;97 años;Población estacionaria;2019;7.705,714767
Ambos sexos;97 años;Tiempo por vivir;2024;27.006,352551
Ambos sexos;97 años;Tiempo por vivir;2020;14.918,384932
Ambos sexos;97 años;Tiempo por vivir;2019;25.359,271688
Ambos sexos;97 años;Esperanza de vida;2024;2,743733
Ambos sexos;97 años;Esperanza de vida;2020;2,573977
Ambos sexos;97 años;Esperanza de vida;2019;2,858474
Ambos sexos;98 años;Tasa de mortalidad;2024;311,485500
Ambos sexos;98 años;Tasa de mortalidad;2020;346,732001
Ambos sexos;98 años;Tasa de mortalidad;2019;295,785973
Ambos sexos;98 años;Promedio de años vividos el último año de vida;2024;0,477853
Ambos sexos;98 años;Promedio de años vividos el último año de vida;2020;0,469782
Ambos sexos;98 años;Promedio de años vividos el último año de vida;2019;0,473217
Ambos sexos;98 años;Riesgo de muerte;2024;267,911951
Ambos sexos;98 años;Riesgo de muerte;2020;292,886633
Ambos sexos;98 años;Riesgo de muerte;2019;255,911144
Ambos sexos;98 años;Supervivientes;2024;7.354,049472
Ambos sexos;98 años;Supervivientes;2020;4.144,950786
Ambos sexos;98 años;Supervivientes;2019;6.652,218944
Ambos sexos;98 años;Defunciones teóricas;2024;1.970,237739
Ambos sexos;98 años;Defunciones teóricas;2020;1.214,000680
Ambos sexos;98 años;Defunciones teóricas;2019;1.702,376962
Ambos sexos;98 años;Población estacionaria;2024;6.325,295209
Ambos sexos;98 años;Población estacionaria;2020;3.501,265176
Ambos sexos;98 años;Población estacionaria;2019;5.755,435071
Ambos sexos;98 años;Tiempo por vivir;2024;18.463,455899
Ambos sexos;98 años;Tiempo por vivir;2020;9.989,049826
Ambos sexos;98 años;Tiempo por vivir;2019;17.653,556920
Ambos sexos;98 años;Esperanza de vida;2024;2,510652
Ambos sexos;98 años;Esperanza de vida;2020;2,409932
Ambos sexos;98 años;Esperanza de vida;2019;2,653785
Ambos sexos;99 años;Tasa de mortalidad;2024;334,250545
Ambos sexos;99 años;Tasa de mortalidad;2020;358,709775
Ambos sexos;99 años;Tasa de mortalidad;2019;306,836985
Ambos sexos;99 años;Promedio de años vividos el último año de vida;2024;0,476295
Ambos sexos;99 años;Promedio de años vividos el último año de vida;2020;0,462516
Ambos sexos;99 años;Promedio de años vividos el último año de vida;2019;0,461945
Ambos sexos;99 años;Riesgo de muerte;2024;284,456729
Ambos sexos;99 años;Riesgo de muerte;2020;300,728969
Ambos sexos;99 años;Riesgo de muerte;2019;263,357873
Ambos sexos;99 años;Supervivientes;2024;5.383,811734
Ambos sexos;99 años;Supervivientes;2020;2.930,950106
Ambos sexos;99 años;Supervivientes;2019;4.949,841982
Ambos sexos;99 años;Defunciones teóricas;2024;1.531,461475
Ambos sexos;99 años;Defunciones teóricas;2020;881,421605
Ambos sexos;99 años;Defunciones teóricas;2019;1.303,579857
Ambos sexos;99 años;Población estacionaria;2024;4.581,777051
Ambos sexos;99 años;Población estacionaria;2020;2.457,199845
Ambos sexos;99 años;Población estacionaria;2019;4.248,444363
Ambos sexos;99 años;Tiempo por vivir;2024;12.138,160690
Ambos sexos;99 años;Tiempo por vivir;2020;6.487,784650
Ambos sexos;99 años;Tiempo por vivir;2019;11.898,121849
Ambos sexos;99 años;Esperanza de vida;2024;2,254566
Ambos sexos;99 años;Esperanza de vida;2020;2,213543
Ambos sexos;99 años;Esperanza de vida;2019;2,403738
Ambos sexos;100 y más años;Tasa de mortalidad;2024;441,384062
Ambos sexos;100 y más años;Tasa de mortalidad;2020;503,470468
Ambos sexos;100 y más años;Tasa de mortalidad;2019;436,300793
Ambos sexos;100 y más años;Promedio de años vividos el último año de vida;2024;1,961500
Ambos sexos;100 y más años;Promedio de años vividos el último año de vida;2020;1,966591
Ambos sexos;100 y más años;Promedio de años vividos el último año de vida;2019;2,097951
Ambos sexos;100 y más años;Riesgo de muerte;2024;1.000,000000
Ambos sexos;100 y más años;Riesgo de muerte;2020;1.000,000000
Ambos sexos;100 y más años;Riesgo de muerte;2019;1.000,000000
Ambos sexos;100 y más años;Supervivientes;2024;3.852,350259
Ambos sexos;100 y más años;Supervivientes;2020;2.049,528502
Ambos sexos;100 y más años;Supervivientes;2019;3.646,262124
Ambos sexos;100 y más años;Defunciones teóricas;2024;3.852,350259
Ambos sexos;100 y más años;Defunciones teóricas;2020;2.049,528502
Ambos sexos;100 y más años;Defunciones teóricas;2019;3.646,262124
Ambos sexos;100 y más años;Población estacionaria;2024;7.556,383640
Ambos sexos;100 y más años;Población estacionaria;2020;4.030,584805
Ambos sexos;100 y más años;Población estacionaria;2019;7.649,677487
Ambos sexos;100 y más años;Tiempo por vivir;2024;7.556,383640
Ambos sexos;100 y más años;Tiempo por vivir;2020;4.030,584805
Ambos sexos;100 y más años;Tiempo por vivir;2019;7.649,677487
Ambos sexos;100 y más años;Esperanza de vida;2024;1,961500
Ambos sexos;100 y más años;Esperanza de vida;2020;1,966591
Ambos sexos;100 y más años;Esperanza de vida;2019;2,097951
Hombres;0 años;Tasa de mortalidad;2024;3,363329
Hombres;0 años;Tasa de mortalidad;2020;2,732600
Hombres;0 años;Tasa de mortalidad;2019;2,845375
Hombres;0 años;Promedio de años vividos el último año de vida;2024;0,104418
Hombres;0 años;Promedio de años vividos el último año de vida;2020;0,124398
Hombres;0 años;Promedio de años vividos el último año de vida;2019;0,130281
Hombres;0 años;Riesgo de muerte;2024;3,353229
Hombres;0 años;Riesgo de muerte;2020;2,726078
Hombres;0 años;Riesgo de muerte;2019;2,838351
Hombres;0 años;Supervivientes;2024;100.000,000000
Hombres;0 años;Supervivientes;2020;100.000,000000
Hombres;0 años;Supervivientes;2019;100.000,000000
Hombres;0 años;Defunciones teóricas;2024;335,322869
Hombres;0 años;Defunciones teóricas;2020;272,607787
Hombres;0 años;Defunciones teóricas;2019;283,835064
Hombres;0 años;Población estacionaria;2024;99.699,690884
Hombres;0 años;Población estacionaria;2020;99.761,303975
Hombres;0 años;Población estacionaria;2019;99.753,143150
Hombres;0 años;Tiempo por vivir;2024;8.138.476,595500
Hombres;0 años;Tiempo por vivir;2020;7.951.702,746800
Hombres;0 años;Tiempo por vivir;2019;8.078.310,772000
Hombres;0 años;Esperanza de vida;2024;81,384766
Hombres;0 años;Esperanza de vida;2020;79,517027
Hombres;0 años;Esperanza de vida;2019;80,783108
Hombres;1 año;Tasa de mortalidad;2024;0,209922
Hombres;1 año;Tasa de mortalidad;2020;0,226378
Hombres;1 año;Tasa de mortalidad;2019;0,227184
Hombres;1 año;Promedio de años vividos el último año de vida;2024;0,498786
Hombres;1 año;Promedio de años vividos el último año de vida;2020;0,448723
Hombres;1 año;Promedio de años vividos el último año de vida;2019;0,409559
Hombres;1 año;Riesgo de muerte;2024;0,209900
Hombres;1 año;Riesgo de muerte;2020;0,226350
Hombres;1 año;Riesgo de muerte;2019;0,227153
Hombres;1 año;Supervivientes;2024;99.664,677131
Hombres;1 año;Supervivientes;2020;99.727,392213
Hombres;1 año;Supervivientes;2019;99.716,164936
Hombres;1 año;Defunciones teóricas;2024;20,919607
Hombres;1 año;Defunciones teóricas;2020;22,573308
Hombres;1 año;Defunciones teóricas;2019;22,650852
Hombres;1 año;Población estacionaria;2024;99.654,191924
Hombres;1 año;Población estacionaria;2020;99.714,948064
Hombres;1 año;Población estacionaria;2019;99.702,790935
Hombres;1 año;Tiempo por vivir;2024;8.038.776,904600
Hombres;1 año;Tiempo por vivir;2020;7.851.941,442900
Hombres;1 año;Tiempo por vivir;2019;7.978.557,628800
Hombres;1 año;Esperanza de vida;2024;80,658235
Hombres;1 año;Esperanza de vida;2020;78,734050
Hombres;1 año;Esperanza de vida;2019;80,012680
Hombres;2 años;Tasa de mortalidad;2024;0,150954
Hombres;2 años;Tasa de mortalidad;2020;0,124928
Hombres;2 años;Tasa de mortalidad;2019;0,151546
Hombres;2 años;Promedio de años vividos el último año de vida;2024;0,417830
Hombres;2 años;Promedio de años vividos el último año de vida;2020;0,415191
Hombres;2 años;Promedio de años vividos el último año de vida;2019;0,556764
Hombres;2 años;Riesgo de muerte;2024;0,150941
Hombres;2 años;Riesgo de muerte;2020;0,124919
Hombres;2 años;Riesgo de muerte;2019;0,151535
Hombres;2 años;Supervivientes;2024;99.643,757524
Hombres;2 años;Supervivientes;2020;99.704,818905
Hombres;2 años;Supervivientes;2019;99.693,514084
Hombres;2 años;Defunciones teóricas;2024;15,040294
Hombres;2 años;Defunciones teóricas;2020;12,455042
Hombres;2 años;Defunciones teóricas;2019;15,107099
Hombres;2 años;Población estacionaria;2024;99.635,001522
Hombres;2 años;Población estacionaria;2020;99.697,535088
Hombres;2 años;Población estacionaria;2019;99.686,818069
Hombres;2 años;Tiempo por vivir;2024;7.939.122,712600
Hombres;2 años;Tiempo por vivir;2020;7.752.226,494800
Hombres;2 años;Tiempo por vivir;2019;7.878.854,837900
Hombres;2 años;Esperanza de vida;2024;79,675064
Hombres;2 años;Esperanza de vida;2020;77,751773
Hombres;2 años;Esperanza de vida;2019;79,030767
Hombres;3 años;Tasa de mortalidad;2024;0,136589
Hombres;3 años;Tasa de mortalidad;2020;0,121946
Hombres;3 años;Tasa de mortalidad;2019;0,091024
Hombres;3 años;Promedio de años vividos el último año de vida;2024;0,463607
Hombres;3 años;Promedio de años vividos el último año de vida;2020;0,477512
Hombres;3 años;Promedio de años vividos el último año de vida;2019;0,444932
Hombres;3 años;Riesgo de muerte;2024;0,136579
Hombres;3 años;Riesgo de muerte;2020;0,121938
Hombres;3 años;Riesgo de muerte;2019;0,091020
Hombres;3 años;Supervivientes;2024;99.628,717230
Hombres;3 años;Supervivientes;2020;99.692,363864
Hombres;3 años;Supervivientes;2019;99.678,406985
Hombres;3 años;Defunciones teóricas;2024;13,607187
Hombres;3 años;Defunciones teóricas;2020;12,156309
Hombres;3 años;Defunciones teóricas;2019;9,072710
Hombres;3 años;Población estacionaria;2024;99.621,418424
Hombres;3 años;Población estacionaria;2020;99.686,012333
Hombres;3 años;Población estacionaria;2019;99.673,371009
Hombres;3 años;Tiempo por vivir;2024;7.839.487,711100
Hombres;3 años;Tiempo por vivir;2020;7.652.528,959700
Hombres;3 años;Tiempo por vivir;2019;7.779.168,019800
Hombres;3 años;Esperanza de vida;2024;78,687028
Hombres;3 años;Esperanza de vida;2020;76,761436
Hombres;3 años;Esperanza de vida;2019;78,042660
Hombres;4 años;Tasa de mortalidad;2024;0,094592
Hombres;4 años;Tasa de mortalidad;2020;0,081129
Hombres;4 años;Tasa de mortalidad;2019;0,111136
Hombres;4 años;Promedio de años vividos el último año de vida;2024;0,486491
Hombres;4 años;Promedio de años vividos el último año de vida;2020;0,479205
Hombres;4 años;Promedio de años vividos el último año de vida;2019;0,431452
Hombres;4 años;Riesgo de muerte;2024;0,094587
Hombres;4 años;Riesgo de muerte;2020;0,081125
Hombres;4 años;Riesgo de muerte;2019;0,111129
Hombres;4 años;Supervivientes;2024;99.615,110042
Hombres;4 años;Supervivientes;2020;99.680,207554
Hombres;4 años;Supervivientes;2019;99.669,334275
Hombres;4 años;Defunciones teóricas;2024;9,422330
Hombres;4 años;Defunciones teóricas;2020;8,086597
Hombres;4 años;Defunciones teóricas;2019;11,076149
Hombres;4 años;Población estacionaria;2024;99.610,271587
Hombres;4 años;Población estacionaria;2020;99.675,996092
Hombres;4 años;Población estacionaria;2019;99.663,036953
Hombres;4 años;Tiempo por vivir;2024;7.739.866,292700
Hombres;4 años;Tiempo por vivir;2020;7.552.842,947400
Hombres;4 años;Tiempo por vivir;2019;7.679.494,648800
Hombres;4 años;Esperanza de vida;2024;77,697714
Hombres;4 años;Esperanza de vida;2020;75,770739
Hombres;4 años;Esperanza de vida;2019;77,049724
Hombres;5 años;Tasa de mortalidad;2024;0,119393
Hombres;5 años;Tasa de mortalidad;2020;0,079237
Hombres;5 años;Tasa de mortalidad;2019;0,066351
Hombres;5 años;Promedio de años vividos el último año de vida;2024;0,594035
Hombres;5 años;Promedio de años vividos el último año de vida;2020;0,502277
Hombres;5 años;Promedio de años vividos el último año de vida;2019;0,627215
Hombres;5 años;Riesgo de muerte;2024;0,119387
Hombres;5 años;Riesgo de muerte;2020;0,079233
Hombres;5 años;Riesgo de muerte;2019;0,066350
Hombres;5 años;Supervivientes;2024;99.605,687712
Hombres;5 años;Supervivientes;2020;99.672,120958
Hombres;5 años;Supervivientes;2019;99.658,258126
Hombres;5 años;Defunciones teóricas;2024;11,891623
Hombres;5 años;Defunciones teóricas;2020;7,897361
Hombres;5 años;Defunciones teóricas;2019;6,612278
Hombres;5 años;Población estacionaria;2024;99.600,860124
Hombres;5 años;Población estacionaria;2020;99.668,190258
Hombres;5 años;Población estacionaria;2019;99.655,793165
Hombres;5 años;Tiempo por vivir;2024;7.640.256,021100
Hombres;5 años;Tiempo por vivir;2020;7.453.166,951300
Hombres;5 años;Tiempo por vivir;2019;7.579.831,611800
Hombres;5 años;Esperanza de vida;2024;76,705018
Hombres;5 años;Esperanza de vida;2020;74,776847
Hombres;5 años;Esperanza de vida;2019;76,058239
Hombres;6 años;Tasa de mortalidad;2024;0,098472
Hombres;6 años;Tasa de mortalidad;2020;0,061347
Hombres;6 años;Tasa de mortalidad;2019;0,060423
Hombres;6 años;Promedio de años vividos el último año de vida;2024;0,514442
Hombres;6 años;Promedio de años vividos el último año de vida;2020;0,454918
Hombres;6 años;Promedio de años vividos el último año de vida;2019;0,463796
Hombres;6 años;Riesgo de muerte;2024;0,098467
Hombres;6 años;Riesgo de muerte;2020;0,061345
Hombres;6 años;Riesgo de muerte;2019;0,060421
Hombres;6 años;Supervivientes;2024;99.593,796089
Hombres;6 años;Supervivientes;2020;99.664,223596
Hombres;6 años;Supervivientes;2019;99.651,645848
Hombres;6 años;Defunciones teóricas;2024;9,806744
Hombres;6 años;Defunciones teóricas;2020;6,113905
Hombres;6 años;Defunciones teóricas;2019;6,021046
Hombres;6 años;Población estacionaria;2024;99.589,034344
Hombres;6 años;Población estacionaria;2020;99.660,891017
Hombres;6 años;Población estacionaria;2019;99.648,417342
Hombres;6 años;Tiempo por vivir;2024;7.540.655,161000
Hombres;6 años;Tiempo por vivir;2020;7.353.498,761000
Hombres;6 años;Tiempo por vivir;2019;7.480.175,818700
Hombres;6 años;Esperanza de vida;2024;75,714105
Hombres;6 años;Esperanza de vida;2020;73,782733
Hombres;6 años;Esperanza de vida;2019;75,063244
Hombres;7 años;Tasa de mortalidad;2024;0,079570
Hombres;7 años;Tasa de mortalidad;2020;0,047076
Hombres;7 años;Tasa de mortalidad;2019;0,066073
Hombres;7 años;Promedio de años vividos el último año de vida;2024;0,506375
Hombres;7 años;Promedio de años vividos el último año de vida;2020;0,513413
Hombres;7 años;Promedio de años vividos el último año de vida;2019;0,357192
Hombres;7 años;Riesgo de muerte;2024;0,079566
Hombres;7 años;Riesgo de muerte;2020;0,047075
Hombres;7 años;Riesgo de muerte;2019;0,066070
Hombres;7 años;Supervivientes;2024;99.583,989345
Hombres;7 años;Supervivientes;2020;99.658,109692
Hombres;7 años;Supervivientes;2019;99.645,624802
Hombres;7 años;Defunciones teóricas;2024;7,923547
Hombres;7 años;Defunciones teóricas;2020;4,691402
Hombres;7 años;Defunciones teóricas;2019;6,583591
Hombres;7 años;Población estacionaria;2024;99.580,078086
Hombres;7 años;Población estacionaria;2020;99.655,826916
Hombres;7 años;Población estacionaria;2019;99.641,392816
Hombres;7 años;Tiempo por vivir;2024;7.441.066,126600
Hombres;7 años;Tiempo por vivir;2020;7.253.837,870000
Hombres;7 años;Tiempo por vivir;2019;7.380.527,401300
Hombres;7 años;Esperanza de vida;2024;74,721511
Hombres;7 años;Esperanza de vida;2020;72,787231
Hombres;7 años;Esperanza de vida;2019;74,067752
Hombres;8 años;Tasa de mortalidad;2024;0,085006
Hombres;8 años;Tasa de mortalidad;2020;0,040967
Hombres;8 años;Tasa de mortalidad;2019;0,056420
Hombres;8 años;Promedio de años vividos el último año de vida;2024;0,343169
Hombres;8 años;Promedio de años vividos el último año de vida;2020;0,494809
Hombres;8 años;Promedio de años vividos el último año de vida;2019;0,410763
Hombres;8 años;Riesgo de muerte;2024;0,085001
Hombres;8 años;Riesgo de muerte;2020;0,040966
Hombres;8 años;Riesgo de muerte;2019;0,056418
Hombres;8 años;Supervivientes;2024;99.576,065798
Hombres;8 años;Supervivientes;2020;99.653,418290
Hombres;8 años;Supervivientes;2019;99.639,041212
Hombres;8 años;Defunciones teóricas;2024;8,464113
Hombres;8 años;Defunciones teóricas;2020;4,082443
Hombres;8 años;Defunciones teóricas;2019;5,621485
Hombres;8 años;Población estacionaria;2024;99.570,506309
Hombres;8 años;Población estacionaria;2020;99.651,355875
Hombres;8 años;Población estacionaria;2019;99.635,728826
Hombres;8 años;Tiempo por vivir;2024;7.341.486,048600
Hombres;8 años;Tiempo por vivir;2020;7.154.182,043100
Hombres;8 años;Tiempo por vivir;2019;7.280.886,008500
Hombres;8 años;Esperanza de vida;2024;73,727416
Hombres;8 años;Esperanza de vida;2020;71,790634
Hombres;8 años;Esperanza de vida;2019;73,072622
Hombres;9 años;Tasa de mortalidad;2024;0,078837
Hombres;9 años;Tasa de mortalidad;2020;0,043996
Hombres;9 años;Tasa de mortalidad;2019;0,055195
Hombres;9 años;Promedio de años vividos el último año de vida;2024;0,373167
Hombres;9 años;Promedio de años vividos el último año de vida;2020;0,557625
Hombres;9 años;Promedio de años vividos el último año de vida;2019;0,457730
Hombres;9 años;Riesgo de muerte;2024;0,078834
Hombres;9 años;Riesgo de muerte;2020;0,043995
Hombres;9 años;Riesgo de muerte;2019;0,055193
Hombres;9 años;Supervivientes;2024;99.567,601685
Hombres;9 años;Supervivientes;2020;99.649,335847
Hombres;9 años;Supervivientes;2019;99.633,419727
Hombres;9 años;Defunciones teóricas;2024;7,849267
Hombres;9 años;Defunciones teóricas;2020;4,384093
Hombres;9 años;Defunciones teóricas;2019;5,499094
Hombres;9 años;Población estacionaria;2024;99.562,681501
Hombres;9 años;Población estacionaria;2020;99.647,396436
Hombres;9 años;Población estacionaria;2019;99.630,437733
Hombres;9 años;Tiempo por vivir;2024;7.241.915,542300
Hombres;9 años;Tiempo por vivir;2020;7.054.530,687200
Hombres;9 años;Tiempo por vivir;2019;7.181.250,279700
Hombres;9 años;Esperanza de vida;2024;72,733655
Hombres;9 años;Esperanza de vida;2020;70,793554
Hombres;9 años;Esperanza de vida;2019;72,076722
Hombres;10 años;Tasa de mortalidad;2024;0,074329
Hombres;10 años;Tasa de mortalidad;2020;0,054785
Hombres;10 años;Tasa de mortalidad;2019;0,076213
Hombres;10 años;Promedio de años vividos el último año de vida;2024;0,320735
Hombres;10 años;Promedio de años vividos el último año de vida;2020;0,535324
Hombres;10 años;Promedio de años vividos el último año de vida;2019;0,535342
Hombres;10 años;Riesgo de muerte;2024;0,074326
Hombres;10 años;Riesgo de muerte;2020;0,054783
Hombres;10 años;Riesgo de muerte;2019;0,076210
Hombres;10 años;Supervivientes;2024;99.559,752418
Hombres;10 años;Supervivientes;2020;99.644,951754
Hombres;10 años;Supervivientes;2019;99.627,920633
Hombres;10 años;Defunciones teóricas;2024;7,399838
Hombres;10 años;Defunciones teóricas;2020;5,458877
Hombres;10 años;Defunciones teóricas;2019;7,592693
Hombres;10 años;Población estacionaria;2024;99.554,725964
Hombres;10 años;Población estacionaria;2020;99.642,415145
Hombres;10 años;Población estacionaria;2019;99.624,392631
Hombres;10 años;Tiempo por vivir;2024;7.142.352,860800
Hombres;10 años;Tiempo por vivir;2020;6.954.883,290800
Hombres;10 años;Tiempo por vivir;2019;7.081.619,842000
Hombres;10 años;Esperanza de vida;2024;71,739359
Hombres;10 años;Esperanza de vida;2020;69,796645
Hombres;10 años;Esperanza de vida;2019;71,080675
Hombres;11 años;Tasa de mortalidad;2024;0,084734
Hombres;11 años;Tasa de mortalidad;2020;0,094711
Hombres;11 años;Tasa de mortalidad;2019;0,110135
Hombres;11 años;Promedio de años vividos el último año de vida;2024;0,469945
Hombres;11 años;Promedio de años vividos el último año de vida;2020;0,487322
Hombres;11 años;Promedio de años vividos el último año de vida;2019;0,423240
Hombres;11 años;Riesgo de muerte;2024;0,084730
Hombres;11 años;Riesgo de muerte;2020;0,094706
Hombres;11 años;Riesgo de muerte;2019;0,110128
Hombres;11 años;Supervivientes;2024;99.552,352580
Hombres;11 años;Supervivientes;2020;99.639,492877
Hombres;11 años;Supervivientes;2019;99.620,327940
Hombres;11 años;Defunciones teóricas;2024;8,435107
Hombres;11 años;Defunciones teóricas;2020;9,436462
Hombres;11 años;Defunciones teóricas;2019;10,970962
Hombres;11 años;Población estacionaria;2024;99.547,881512
Hombres;11 años;Población estacionaria;2020;99.634,655014
Hombres;11 años;Población estacionaria;2019;99.614,000333
Hombres;11 años;Tiempo por vivir;2024;7.042.798,134800
Hombres;11 años;Tiempo por vivir;2020;6.855.240,875600
Hombres;11 años;Tiempo por vivir;2019;6.981.995,449300
Hombres;11 años;Esperanza de vida;2024;70,744668
Hombres;11 años;Esperanza de vida;2020;68,800439
Hombres;11 años;Esperanza de vida;2019;70,086052
Hombres;12 años;Tasa de mortalidad;2024;0,065919
Hombres;12 años;Tasa de mortalidad;2020;0,060425
Hombres;12 años;Tasa de mortalidad;2019;0,054328
Hombres;12 años;Promedio de años vividos el último año de vida;2024;0,461909
Hombres;12 años;Promedio de años vividos el último año de vida;2020;0,374146
Hombres;12 años;Promedio de años vividos el último año de vida;2019;0,641879
Hombres;12 años;Riesgo de muerte;2024;0,065917
Hombres;12 años;Riesgo de muerte;2020;0,060423
Hombres;12 años;Riesgo de muerte;2019;0,054327
Hombres;12 años;Supervivientes;2024;99.543,917472
Hombres;12 años;Supervivientes;2020;99.630,056415
Hombres;12 años;Supervivientes;2019;99.609,356978
Hombres;12 años;Defunciones teóricas;2024;6,561624
Hombres;12 años;Defunciones teóricas;2020;6,019945
Hombres;12 años;Defunciones teóricas;2019;5,411452
Hombres;12 años;Población estacionaria;2024;99.540,386724
Hombres;12 años;Población estacionaria;2020;99.626,288809
Hombres;12 años;Población estacionaria;2019;99.607,419021
Hombres;12 años;Tiempo por vivir;2024;6.943.250,253300
Hombres;12 años;Tiempo por vivir;2020;6.755.606,220600
Hombres;12 años;Tiempo por vivir;2019;6.882.381,449000
Hombres;12 años;Esperanza de vida;2024;69,750623
Hombres;12 años;Esperanza de vida;2020;67,806910
Hombres;12 años;Esperanza de vida;2019;69,093724
Hombres;13 años;Tasa de mortalidad;2024;0,075850
Hombres;13 años;Tasa de mortalidad;2020;0,096504
Hombres;13 años;Tasa de mortalidad;2019;0,121968
Hombres;13 años;Promedio de años vividos el último año de vida;2024;0,480601
Hombres;13 años;Promedio de años vividos el último año de vida;2020;0,553443
Hombres;13 años;Promedio de años vividos el último año de vida;2019;0,516571
Hombres;13 años;Riesgo de muerte;2024;0,075847
Hombres;13 años;Riesgo de muerte;2020;0,096500
Hombres;13 años;Riesgo de muerte;2019;0,121961
Hombres;13 años;Supervivientes;2024;99.537,355848
Hombres;13 años;Supervivientes;2020;99.624,036470
Hombres;13 años;Supervivientes;2019;99.603,945525
Hombres;13 años;Defunciones teóricas;2024;7,549590
Hombres;13 años;Defunciones teóricas;2020;9,613739
Hombres;13 años;Defunciones teóricas;2019;12,147751
Hombres;13 años;Población estacionaria;2024;99.533,434599
Hombres;13 años;Población estacionaria;2020;99.619,743383
Hombres;13 años;Población estacionaria;2019;99.598,072950
Hombres;13 años;Tiempo por vivir;2024;6.843.709,866600
Hombres;13 años;Tiempo por vivir;2020;6.655.979,931800
Hombres;13 años;Tiempo por vivir;2019;6.782.774,030000
Hombres;13 años;Esperanza de vida;2024;68,755191
Hombres;13 años;Esperanza de vida;2020;66,810984
Hombres;13 años;Esperanza de vida;2019;68,097443
Hombres;14 años;Tasa de mortalidad;2024;0,141350
Hombres;14 años;Tasa de mortalidad;2020;0,101702
Hombres;14 años;Tasa de mortalidad;2019;0,111639
Hombres;14 años;Promedio de años vividos el último año de vida;2024;0,585778
Hombres;14 años;Promedio de años vividos el último año de vida;2020;0,453657
Hombres;14 años;Promedio de años vividos el último año de vida;2019;0,513796
Hombres;14 años;Riesgo de muerte;2024;0,141342
Hombres;14 años;Riesgo de muerte;2020;0,101697
Hombres;14 años;Riesgo de muerte;2019;0,111633
Hombres;14 años;Supervivientes;2024;99.529,806258
Hombres;14 años;Supervivientes;2020;99.614,422730
Hombres;14 años;Supervivientes;2019;99.591,797775
Hombres;14 años;Defunciones teóricas;2024;14,067736
Hombres;14 años;Defunciones teóricas;2020;10,130457
Hombres;14 años;Defunciones teóricas;2019;11,117747
Hombres;14 años;Población estacionaria;2024;99.523,979092
Hombres;14 años;Población estacionaria;2020;99.608,888026
Hombres;14 años;Población estacionaria;2019;99.586,392287
Hombres;14 años;Tiempo por vivir;2024;6.744.176,432000
Hombres;14 años;Tiempo por vivir;2020;6.556.360,188400
Hombres;14 años;Tiempo por vivir;2019;6.683.175,957000
Hombres;14 años;Esperanza de vida;2024;67,760369
Hombres;14 años;Esperanza de vida;2020;65,817379
Hombres;14 años;Esperanza de vida;2019;67,105686
Hombres;15 años;Tasa de mortalidad;2024;0,158650
Hombres;15 años;Tasa de mortalidad;2020;0,098993
Hombres;15 años;Tasa de mortalidad;2019;0,145168
Hombres;15 años;Promedio de años vividos el último año de vida;2024;0,529496
Hombres;15 años;Promedio de años vividos el último año de vida;2020;0,460984
Hombres;15 años;Promedio de años vividos el último año de vida;2019;0,492466
Hombres;15 años;Riesgo de muerte;2024;0,158638
Hombres;15 años;Riesgo de muerte;2020;0,098988
Hombres;15 años;Riesgo de muerte;2019;0,145158
Hombres;15 años;Supervivientes;2024;99.515,738522
Hombres;15 años;Supervivientes;2020;99.604,292273
Hombres;15 años;Supervivientes;2019;99.580,680028
Hombres;15 años;Defunciones teóricas;2024;15,786997
Hombres;15 años;Defunciones teóricas;2020;9,859612
Hombres;15 años;Defunciones teóricas;2019;14,454905
Hombres;15 años;Población estacionaria;2024;99.508,310673
Hombres;15 años;Población estacionaria;2020;99.598,977781
Hombres;15 años;Población estacionaria;2019;99.573,343669
Hombres;15 años;Tiempo por vivir;2024;6.644.652,452900
Hombres;15 años;Tiempo por vivir;2020;6.456.751,300400
Hombres;15 años;Tiempo por vivir;2019;6.583.589,564700
Hombres;15 años;Esperanza de vida;2024;66,769865
Hombres;15 años;Esperanza de vida;2020;64,824027
Hombres;15 años;Esperanza de vida;2019;66,113121
Hombres;16 años;Tasa de mortalidad;2024;0,140211
Hombres;16 años;Tasa de mortalidad;2020;0,139946
Hombres;16 años;Tasa de mortalidad;2019;0,173372
Hombres;16 años;Promedio de años vividos el último año de vida;2024;0,462519
Hombres;16 años;Promedio de años vividos el último año de vida;2020;0,476737
Hombres;16 años;Promedio de años vividos el último año de vida;2019;0,527528
Hombres;16 años;Riesgo de muerte;2024;0,140201
Hombres;16 años;Riesgo de muerte;2020;0,139936
Hombres;16 años;Riesgo de muerte;2019;0,173358
Hombres;16 años;Supervivientes;2024;99.499,951525
Hombres;16 años;Supervivientes;2020;99.594,432661
Hombres;16 años;Supervivientes;2019;99.566,225124
Hombres;16 años;Defunciones teóricas;2024;13,949969
Hombres;16 años;Defunciones teóricas;2020;13,936834
Hombres;16 años;Defunciones teóricas;2019;17,260613
Hombres;16 años;Población estacionaria;2024;99.492,453685
Hombres;16 años;Población estacionaria;2020;99.587,140031
Hombres;16 años;Población estacionaria;2019;99.558,069962
Hombres;16 años;Tiempo por vivir;2024;6.545.144,142200
Hombres;16 años;Tiempo por vivir;2020;6.357.152,322600
Hombres;16 años;Tiempo por vivir;2019;6.484.016,221100
Hombres;16 años;Esperanza de vida;2024;65,780375
Hombres;16 años;Esperanza de vida;2020;63,830398
Hombres;16 años;Esperanza de vida;2019;65,122648
Hombres;17 años;Tasa de mortalidad;2024;0,218691
Hombres;17 años;Tasa de mortalidad;2020;0,167249
Hombres;17 años;Tasa de mortalidad;2019;0,192667
Hombres;17 años;Promedio de años vividos el último año de vida;2024;0,517486
Hombres;17 años;Promedio de años vividos el último año de vida;2020;0,454818
Hombres;17 años;Promedio de años vividos el último año de vida;2019;0,430852
Hombres;17 años;Riesgo de muerte;2024;0,218668
Hombres;17 años;Riesgo de muerte;2020;0,167234
Hombres;17 años;Riesgo de muerte;2019;0,192646
Hombres;17 años;Supervivientes;2024;99.486,001556
Hombres;17 años;Supervivientes;2020;99.580,495827
Hombres;17 años;Supervivientes;2019;99.548,964510
Hombres;17 años;Defunciones teóricas;2024;21,754361
Hombres;17 años;Defunciones teóricas;2020;16,653224
Hombres;17 años;Defunciones teóricas;2019;19,177723
Hombres;17 años;Población estacionaria;2024;99.475,504780
Hombres;17 años;Población estacionaria;2020;99.571,416791
Hombres;17 años;Población estacionaria;2019;99.538,049542
Hombres;17 años;Tiempo por vivir;2024;6.445.651,688500
Hombres;17 años;Tiempo por vivir;2020;6.257.565,182600
Hombres;17 años;Tiempo por vivir;2019;6.384.458,151100
Hombres;17 años;Esperanza de vida;2024;64,789534
Hombres;17 años;Esperanza de vida;2020;62,839265
Hombres;17 años;Esperanza de vida;2019;64,133848
Hombres;18 años;Tasa de mortalidad;2024;0,239622
Hombres;18 años;Tasa de mortalidad;2020;0,242558
Hombres;18 años;Tasa de mortalidad;2019;0,273491
Hombres;18 años;Promedio de años vividos el último año de vida;2024;0,567437
Hombres;18 años;Promedio de años vividos el último año de vida;2020;0,507456
Hombres;18 años;Promedio de años vividos el último año de vida;2019;0,514861
Hombres;18 años;Riesgo de muerte;2024;0,239597
Hombres;18 años;Riesgo de muerte;2020;0,242529
Hombres;18 años;Riesgo de muerte;2019;0,273454
Hombres;18 años;Supervivientes;2024;99.464,247195
Hombres;18 años;Supervivientes;2020;99.563,842603
Hombres;18 años;Supervivientes;2019;99.529,786787
Hombres;18 años;Defunciones teóricas;2024;23,831311
Hombres;18 años;Defunciones teóricas;2020;24,147094
Hombres;18 años;Defunciones teóricas;2019;27,216850
Hombres;18 años;Población estacionaria;2024;99.453,938643
Hombres;18 años;Población estacionaria;2020;99.551,949091
Hombres;18 años;Población estacionaria;2019;99.516,582830
Hombres;18 años;Tiempo por vivir;2024;6.346.176,183700
Hombres;18 años;Tiempo por vivir;2020;6.157.993,765800
Hombres;18 años;Tiempo por vivir;2019;6.284.920,101600
Hombres;18 años;Esperanza de vida;2024;63,803591
Hombres;18 años;Esperanza de vida;2020;61,849700
Hombres;18 años;Esperanza de vida;2019;63,146122
Hombres;19 años;Tasa de mortalidad;2024;0,231993
Hombres;19 años;Tasa de mortalidad;2020;0,316909
Hombres;19 años;Tasa de mortalidad;2019;0,261636
Hombres;19 años;Promedio de años vividos el último año de vida;2024;0,472464
Hombres;19 años;Promedio de años vividos el último año de vida;2020;0,482871
Hombres;19 años;Promedio de años vividos el último año de vida;2019;0,565514
Hombres;19 años;Riesgo de muerte;2024;0,231964
Hombres;19 años;Riesgo de muerte;2020;0,316857
Hombres;19 años;Riesgo de muerte;2019;0,261606
Hombres;19 años;Supervivientes;2024;99.440,415884
Hombres;19 años;Supervivientes;2020;99.539,695509
Hombres;19 años;Supervivientes;2019;99.502,569937
Hombres;19 años;Defunciones teóricas;2024;23,066642
Hombres;19 años;Defunciones teóricas;2020;31,539827
Hombres;19 años;Defunciones teóricas;2019;26,030516
Hombres;19 años;Población estacionaria;2024;99.428,247403
Hombres;19 años;Población estacionaria;2020;99.523,385348
Hombres;19 años;Población estacionaria;2019;99.491,260049
Hombres;19 años;Tiempo por vivir;2024;6.246.722,245100
Hombres;19 años;Tiempo por vivir;2020;6.058.441,816700
Hombres;19 años;Tiempo por vivir;2019;6.185.403,518700
Hombres;19 años;Esperanza de vida;2024;62,818746
Hombres;19 años;Esperanza de vida;2020;60,864581
Hombres;19 años;Esperanza de vida;2019;62,163254
Hombres;20 años;Tasa de mortalidad;2024;0,322850
Hombres;20 años;Tasa de mortalidad;2020;0,379126
Hombres;20 años;Tasa de mortalidad;2019;0,275748
Hombres;20 años;Promedio de años vividos el último año de vida;2024;0,496899
Hombres;20 años;Promedio de años vividos el último año de vida;2020;0,434221
Hombres;20 años;Promedio de años vividos el último año de vida;2019;0,459979
Hombres;20 años;Riesgo de muerte;2024;0,322797
Hombres;20 años;Riesgo de muerte;2020;0,379045
Hombres;20 años;Riesgo de muerte;2019;0,275706
Hombres;20 años;Supervivientes;2024;99.417,349242
Hombres;20 años;Supervivientes;2020;99.508,155682
Hombres;20 años;Supervivientes;2019;99.476,539422
Hombres;20 años;Defunciones teóricas;2024;32,091657
Hombres;20 años;Defunciones teóricas;2020;37,718078
Hombres;20 años;Defunciones teóricas;2019;27,426325
Hombres;20 años;Población estacionaria;2024;99.401,203909
Hombres;20 años;Población estacionaria;2020;99.486,815570
Hombres;20 años;Población estacionaria;2019;99.461,728628
Hombres;20 años;Tiempo por vivir;2024;6.147.293,997700
Hombres;20 años;Tiempo por vivir;2020;5.958.918,431400
Hombres;20 años;Tiempo por vivir;2019;6.085.912,258700
Hombres;20 años;Esperanza de vida;2024;61,833212
Hombres;20 años;Esperanza de vida;2020;59,883719
Hombres;20 años;Esperanza de vida;2019;61,179372
Hombres;21 años;Tasa de mortalidad;2024;0,323314
Hombres;21 años;Tasa de mortalidad;2020;0,341162
Hombres;21 años;Tasa de mortalidad;2019;0,310837
Hombres;21 años;Promedio de años vividos el último año de vida;2024;0,444486
Hombres;21 años;Promedio de años vividos el último año de vida;2020;0,504598
Hombres;21 años;Promedio de años vividos el último año de vida;2019;0,531507
Hombres;21 años;Riesgo de muerte;2024;0,323256
Hombres;21 años;Riesgo de muerte;2020;0,341104
Hombres;21 años;Riesgo de muerte;2019;0,310792
Hombres;21 años;Supervivientes;2024;99.385,257585
Hombres;21 años;Supervivientes;2020;99.470,437604
Hombres;21 años;Supervivientes;2019;99.449,113097
Hombres;21 años;Defunciones teóricas;2024;32,126912
Hombres;21 años;Defunciones teóricas;2020;33,929810
Hombres;21 años;Defunciones teóricas;2019;30,908012
Hombres;21 años;Población estacionaria;2024;99.367,410631
Hombres;21 años;Población estacionaria;2020;99.453,628714
Hombres;21 años;Población estacionaria;2019;99.434,632905
Hombres;21 años;Tiempo por vivir;2024;6.047.892,793800
Hombres;21 años;Tiempo por vivir;2020;5.859.431,615800
Hombres;21 años;Tiempo por vivir;2019;5.986.450,530100
Hombres;21 años;Esperanza de vida;2024;60,853017
Hombres;21 años;Esperanza de vida;2020;58,906262
Hombres;21 años;Esperanza de vida;2019;60,196118
Hombres;22 años;Tasa de mortalidad;2024;0,284926
Hombres;22 años;Tasa de mortalidad;2020;0,342037
Hombres;22 años;Tasa de mortalidad;2019;0,301444
Hombres;22 años;Promedio de años vividos el último año de vida;2024;0,468632
Hombres;22 años;Promedio de años vividos el último año de vida;2020;0,443323
Hombres;22 años;Promedio de años vividos el último año de vida;2019;0,495196
Hombres;22 años;Riesgo de muerte;2024;0,284883
Hombres;22 años;Riesgo de muerte;2020;0,341972
Hombres;22 años;Riesgo de muerte;2019;0,301398
Hombres;22 años;Supervivientes;2024;99.353,130673
Hombres;22 años;Supervivientes;2020;99.436,507794
Hombres;22 años;Supervivientes;2019;99.418,205085
Hombres;22 años;Defunciones teóricas;2024;28,303969
Hombres;22 años;Defunciones teóricas;2020;34,004488
Hombres;22 años;Defunciones teóricas;2019;29,964472
Hombres;22 años;Población estacionaria;2024;99.338,090863
Hombres;22 años;Población estacionaria;2020;99.417,578267
Hombres;22 años;Población estacionaria;2019;99.403,078895
Hombres;22 años;Tiempo por vivir;2024;5.948.525,383100
Hombres;22 años;Tiempo por vivir;2020;5.759.977,987100
Hombres;22 años;Tiempo por vivir;2019;5.887.015,897200
Hombres;22 años;Esperanza de vida;2024;59,872551
Hombres;22 años;Esperanza de vida;2020;57,926189
Hombres;22 años;Esperanza de vida;2019;59,214667
Hombres;23 años;Tasa de mortalidad;2024;0,303745
Hombres;23 años;Tasa de mortalidad;2020;0,427365
Hombres;23 años;Tasa de mortalidad;2019;0,368520
Hombres;23 años;Promedio de años vividos el último año de vida;2024;0,562249
Hombres;23 años;Promedio de años vividos el último año de vida;2020;0,472067
Hombres;23 años;Promedio de años vividos el último año de vida;2019;0,524705
Hombres;23 años;Riesgo de muerte;2024;0,303705
Hombres;23 años;Riesgo de muerte;2020;0,427269
Hombres;23 años;Riesgo de muerte;2019;0,368455
Hombres;23 años;Supervivientes;2024;99.324,826704
Hombres;23 años;Supervivientes;2020;99.402,503306
Hombres;23 años;Supervivientes;2019;99.388,240613
Hombres;23 años;Defunciones teóricas;2024;30,165405
Hombres;23 años;Defunciones teóricas;2020;42,471610
Hombres;23 años;Defunciones teóricas;2019;36,620136
Hombres;23 años;Población estacionaria;2024;99.311,621768
Hombres;23 años;Población estacionaria;2020;99.380,081162
Hombres;23 años;Población estacionaria;2019;99.370,835237
Hombres;23 años;Tiempo por vivir;2024;5.849.187,292300
Hombres;23 años;Tiempo por vivir;2020;5.660.560,408800
Hombres;23 años;Tiempo por vivir;2019;5.787.612,818300
Hombres;23 años;Esperanza de vida;2024;58,889479
Hombres;23 años;Esperanza de vida;2020;56,945854
Hombres;23 años;Esperanza de vida;2019;58,232370
Hombres;24 años;Tasa de mortalidad;2024;0,299418
Hombres;24 años;Tasa de mortalidad;2020;0,310008
Hombres;24 años;Tasa de mortalidad;2019;0,350524
Hombres;24 años;Promedio de años vividos el último año de vida;2024;0,511962
Hombres;24 años;Promedio de años vividos el último año de vida;2020;0,544117
Hombres;24 años;Promedio de años vividos el último año de vida;2019;0,574592
Hombres;24 años;Riesgo de muerte;2024;0,299374
Hombres;24 años;Riesgo de muerte;2020;0,309964
Hombres;24 años;Riesgo de muerte;2019;0,350471
Hombres;24 años;Supervivientes;2024;99.294,661299
Hombres;24 años;Supervivientes;2020;99.360,031697
Hombres;24 años;Supervivientes;2019;99.351,620477
Hombres;24 años;Defunciones teóricas;2024;29,726272
Hombres;24 años;Defunciones teóricas;2020;30,798023
Hombres;24 años;Defunciones teóricas;2019;34,819899
Hombres;24 años;Población estacionaria;2024;99.280,153745
Hombres;24 años;Población estacionaria;2020;99.345,991388
Hombres;24 años;Población estacionaria;2019;99.336,807824
Hombres;24 años;Tiempo por vivir;2024;5.749.875,670500
Hombres;24 años;Tiempo por vivir;2020;5.561.180,327600
Hombres;24 años;Tiempo por vivir;2019;5.688.241,983000
Hombres;24 años;Esperanza de vida;2024;57,907199
Hombres;24 años;Esperanza de vida;2020;55,969993
Hombres;24 años;Esperanza de vida;2019;57,253641
Hombres;25 años;Tasa de mortalidad;2024;0,397073
Hombres;25 años;Tasa de mortalidad;2020;0,504819
Hombres;25 años;Tasa de mortalidad;2019;0,421966
Hombres;25 años;Promedio de años vividos el último año de vida;2024;0,467954
Hombres;25 años;Promedio de años vividos el último año de vida;2020;0,424643
Hombres;25 años;Promedio de años vividos el último año de vida;2019;0,466702
Hombres;25 años;Riesgo de muerte;2024;0,396989
Hombres;25 años;Riesgo de muerte;2020;0,504672
Hombres;25 años;Riesgo de muerte;2019;0,421871
Hombres;25 años;Supervivientes;2024;99.264,935027
Hombres;25 años;Supervivientes;2020;99.329,233673
Hombres;25 años;Supervivientes;2019;99.316,800578
Hombres;25 años;Defunciones teóricas;2024;39,407068
Hombres;25 años;Defunciones teóricas;2020;50,128682
Hombres;25 años;Defunciones teóricas;2019;41,898850
Hombres;25 años;Población estacionaria;2024;99.243,968640
Hombres;25 años;Población estacionaria;2020;99.300,391788
Hombres;25 años;Población estacionaria;2019;99.294,455997
Hombres;25 años;Tiempo por vivir;2024;5.650.595,516800
Hombres;25 años;Tiempo por vivir;2020;5.461.834,336300
Hombres;25 años;Tiempo por vivir;2019;5.588.905,175200
Hombres;25 años;Esperanza de vida;2024;56,924386
Hombres;25 años;Esperanza de vida;2020;54,987179
Hombres;25 años;Esperanza de vida;2019;56,273512
Hombres;26 años;Tasa de mortalidad;2024;0,396121
Hombres;26 años;Tasa de mortalidad;2020;0,375733
Hombres;26 años;Tasa de mortalidad;2019;0,360346
Hombres;26 años;Promedio de años vividos el último año de vida;2024;0,520479
Hombres;26 años;Promedio de años vividos el último año de vida;2020;0,538309
Hombres;26 años;Promedio de años vividos el último año de vida;2019;0,539756
Hombres;26 años;Riesgo de muerte;2024;0,396046
Hombres;26 años;Riesgo de muerte;2020;0,375668
Hombres;26 años;Riesgo de muerte;2019;0,360287
Hombres;26 años;Supervivientes;2024;99.225,527960
Hombres;26 años;Supervivientes;2020;99.279,104992
Hombres;26 años;Supervivientes;2019;99.274,901728
Hombres;26 años;Defunciones teóricas;2024;39,297887
Hombres;26 años;Defunciones teóricas;2020;37,295954
Hombres;26 años;Defunciones teóricas;2019;35,767428
Hombres;26 años;Población estacionaria;2024;99.206,683799
Hombres;26 años;Población estacionaria;2020;99.261,885781
Hombres;26 años;Población estacionaria;2019;99.258,439977
Hombres;26 años;Tiempo por vivir;2024;5.551.351,548100
Hombres;26 años;Tiempo por vivir;2020;5.362.533,944500
Hombres;26 años;Tiempo por vivir;2019;5.489.610,719200
Hombres;26 años;Esperanza de vida;2024;55,946808
Hombres;26 años;Esperanza de vida;2020;54,014729
Hombres;26 años;Esperanza de vida;2019;55,297065
Hombres;27 años;Tasa de mortalidad;2024;0,360617
Hombres;27 años;Tasa de mortalidad;2020;0,428615
Hombres;27 años;Tasa de mortalidad;2019;0,428161
Hombres;27 años;Promedio de años vividos el último año de vida;2024;0,539004
Hombres;27 años;Promedio de años vividos el último año de vida;2020;0,510392
Hombres;27 años;Promedio de años vividos el último año de vida;2019;0,505689
Hombres;27 años;Riesgo de muerte;2024;0,360557
Hombres;27 años;Riesgo de muerte;2020;0,428525
Hombres;27 años;Riesgo de muerte;2019;0,428070
Hombres;27 años;Supervivientes;2024;99.186,230073
Hombres;27 años;Supervivientes;2020;99.241,809037
Hombres;27 años;Supervivientes;2019;99.239,134300
Hombres;27 años;Defunciones teóricas;2024;35,762279
Hombres;27 años;Defunciones teóricas;2020;42,527579
Hombres;27 años;Defunciones teóricas;2019;42,481323
Hombres;27 años;Población estacionaria;2024;99.169,743810
Hombres;27 años;Población estacionaria;2020;99.220,987206
Hombres;27 años;Población estacionaria;2019;99.218,135326
Hombres;27 años;Tiempo por vivir;2024;5.452.144,864300
Hombres;27 años;Tiempo por vivir;2020;5.263.272,058700
Hombres;27 años;Tiempo por vivir;2019;5.390.352,279200
Hombres;27 años;Esperanza de vida;2024;54,968768
Hombres;27 años;Esperanza de vida;2020;53,034826
Hombres;27 años;Esperanza de vida;2019;54,316801
Hombres;28 años;Tasa de mortalidad;2024;0,359458
Hombres;28 años;Tasa de mortalidad;2020;0,418881
Hombres;28 años;Tasa de mortalidad;2019;0,390614
Hombres;28 años;Promedio de años vividos el último año de vida;2024;0,494536
Hombres;28 años;Promedio de años vividos el último año de vida;2020;0,514670
Hombres;28 años;Promedio de años vividos el último año de vida;2019;0,522133
Hombres;28 años;Riesgo de muerte;2024;0,359393
Hombres;28 años;Riesgo de muerte;2020;0,418796
Hombres;28 años;Riesgo de muerte;2019;0,390541
Hombres;28 años;Supervivientes;2024;99.150,467794
Hombres;28 años;Supervivientes;2020;99.199,281458
Hombres;28 años;Supervivientes;2019;99.196,652978
Hombres;28 años;Defunciones teóricas;2024;35,633939
Hombres;28 años;Defunciones teóricas;2020;41,544258
Hombres;28 años;Defunciones teóricas;2019;38,740361
Hombres;28 años;Población estacionaria;2024;99.132,456103
Hombres;28 años;Población estacionaria;2020;99.179,118800
Hombres;28 años;Población estacionaria;2019;99.178,140225
Hombres;28 años;Tiempo por vivir;2024;5.352.975,120500
Hombres;28 años;Tiempo por vivir;2020;5.164.051,071500
Hombres;28 años;Tiempo por vivir;2019;5.291.134,143900
Hombres;28 años;Esperanza de vida;2024;53,988400
Hombres;28 años;Esperanza de vida;2020;52,057344
Hombres;28 años;Esperanza de vida;2019;53,339846
Hombres;29 años;Tasa de mortalidad;2024;0,391423
Hombres;29 años;Tasa de mortalidad;2020;0,442400
Hombres;29 años;Tasa de mortalidad;2019;0,392074
Hombres;29 años;Promedio de años vividos el último año de vida;2024;0,505085
Hombres;29 años;Promedio de años vividos el último año de vida;2020;0,511045
Hombres;29 años;Promedio de años vividos el último año de vida;2019;0,513514
Hombres;29 años;Riesgo de muerte;2024;0,391347
Hombres;29 años;Riesgo de muerte;2020;0,442304
Hombres;29 años;Riesgo de muerte;2019;0,391999
Hombres;29 años;Supervivientes;2024;99.114,833855
Hombres;29 años;Supervivientes;2020;99.157,737200
Hombres;29 años;Supervivientes;2019;99.157,912617
Hombres;29 años;Defunciones teóricas;2024;38,788295
Hombres;29 años;Defunciones teóricas;2020;43,857870
Hombres;29 años;Defunciones teóricas;2019;38,869798
Hombres;29 años;Población estacionaria;2024;99.095,636946
Hombres;29 años;Población estacionaria;2020;99.136,292664
Hombres;29 años;Población estacionaria;2019;99.139,003013
Hombres;29 años;Tiempo por vivir;2024;5.253.842,664400
Hombres;29 años;Tiempo por vivir;2020;5.064.871,952700
Hombres;29 años;Tiempo por vivir;2019;5.191.956,003700
Hombres;29 años;Esperanza de vida;2024;53,007632
Hombres;29 años;Esperanza de vida;2020;51,078938
Hombres;29 años;Esperanza de vida;2019;52,360481
Hombres;30 años;Tasa de mortalidad;2024;0,479525
Hombres;30 años;Tasa de mortalidad;2020;0,550669
Hombres;30 años;Tasa de mortalidad;2019;0,470078
Hombres;30 años;Promedio de años vividos el último año de vida;2024;0,497531
Hombres;30 años;Promedio de años vividos el último año de vida;2020;0,480691
Hombres;30 años;Promedio de años vividos el último año de vida;2019;0,474102
Hombres;30 años;Riesgo de muerte;2024;0,479410
Hombres;30 años;Riesgo de muerte;2020;0,550512
Hombres;30 años;Riesgo de muerte;2019;0,469962
Hombres;30 años;Supervivientes;2024;99.076,045560
Hombres;30 años;Supervivientes;2020;99.113,879330
Hombres;30 años;Supervivientes;2019;99.119,042818
Hombres;30 años;Defunciones teóricas;2024;47,498002
Hombres;30 años;Defunciones teóricas;2020;54,563362
Hombres;30 años;Defunciones teóricas;2019;46,582176
Hombres;30 años;Población estacionaria;2024;99.052,179280
Hombres;30 años;Población estacionaria;2020;99.085,544082
Hombres;30 años;Población estacionaria;2019;99.094,545347
Hombres;30 años;Tiempo por vivir;2024;5.154.747,027500
Hombres;30 años;Tiempo por vivir;2020;4.965.735,660000
Hombres;30 años;Tiempo por vivir;2019;5.092.817,000700
Hombres;30 años;Esperanza de vida;2024;52,028187
Hombres;30 años;Esperanza de vida;2020;50,101315
Hombres;30 años;Esperanza de vida;2019;51,380813
Hombres;31 años;Tasa de mortalidad;2024;0,433638
Hombres;31 años;Tasa de mortalidad;2020;0,577669
Hombres;31 años;Tasa de mortalidad;2019;0,498415
Hombres;31 años;Promedio de años vividos el último año de vida;2024;0,504415
Hombres;31 años;Promedio de años vividos el último año de vida;2020;0,483263
Hombres;31 años;Promedio de años vividos el último año de vida;2019;0,483992
Hombres;31 años;Riesgo de muerte;2024;0,433545
Hombres;31 años;Riesgo de muerte;2020;0,577496
Hombres;31 años;Riesgo de muerte;2019;0,498287
Hombres;31 años;Supervivientes;2024;99.028,547558
Hombres;31 años;Supervivientes;2020;99.059,315968
Hombres;31 años;Supervivientes;2019;99.072,460642
Hombres;31 años;Defunciones teóricas;2024;42,933351
Hombres;31 años;Defunciones teóricas;2020;57,206395
Hombres;31 años;Defunciones teóricas;2019;49,366490
Hombres;31 años;Población estacionaria;2024;99.007,270446
Hombres;31 años;Población estacionaria;2020;99.029,755300
Hombres;31 años;Población estacionaria;2019;99.046,987118
Hombres;31 años;Tiempo por vivir;2024;5.055.694,848200
Hombres;31 años;Tiempo por vivir;2020;4.866.650,115900
Hombres;31 años;Tiempo por vivir;2019;4.993.722,455300
Hombres;31 años;Esperanza de vida;2024;51,052903
Hombres;31 años;Esperanza de vida;2020;49,128646
Hombres;31 años;Esperanza de vida;2019;50,404748
Hombres;32 años;Tasa de mortalidad;2024;0,426200
Hombres;32 años;Tasa de mortalidad;2020;0,615227
Hombres;32 años;Tasa de mortalidad;2019;0,510525
Hombres;32 años;Promedio de años vividos el último año de vida;2024;0,534307
Hombres;32 años;Promedio de años vividos el último año de vida;2020;0,528037
Hombres;32 años;Promedio de años vividos el último año de vida;2019;0,528882
Hombres;32 años;Riesgo de muerte;2024;0,426115
Hombres;32 años;Riesgo de muerte;2020;0,615049
Hombres;32 años;Riesgo de muerte;2019;0,510402
Hombres;32 años;Supervivientes;2024;98.985,614207
Hombres;32 años;Supervivientes;2020;99.002,109573
Hombres;32 años;Supervivientes;2019;99.023,094152
Hombres;32 años;Defunciones teóricas;2024;42,179272
Hombres;32 años;Defunciones teóricas;2020;60,891132
Hombres;32 años;Defunciones teóricas;2019;50,541580
Hombres;32 años;Población estacionaria;2024;98.965,971625
Hombres;32 años;Población estacionaria;2020;98.973,371226
Hombres;32 años;Población estacionaria;2019;98.999,283108
Hombres;32 años;Tiempo por vivir;2024;4.956.687,577700
Hombres;32 años;Tiempo por vivir;2020;4.767.620,360600
Hombres;32 años;Tiempo por vivir;2019;4.894.675,468200
Hombres;32 años;Esperanza de vida;2024;50,074828
Hombres;32 años;Esperanza de vida;2020;48,156755
Hombres;32 años;Esperanza de vida;2019;49,429636
Hombres;33 años;Tasa de mortalidad;2024;0,470142
Hombres;33 años;Tasa de mortalidad;2020;0,569668
Hombres;33 años;Tasa de mortalidad;2019;0,468108
Hombres;33 años;Promedio de años vividos el último año de vida;2024;0,469227
Hombres;33 años;Promedio de años vividos el último año de vida;2020;0,457583
Hombres;33 años;Promedio de años vividos el último año de vida;2019;0,501918
Hombres;33 años;Riesgo de muerte;2024;0,470025
Hombres;33 años;Riesgo de muerte;2020;0,569492
Hombres;33 años;Riesgo de muerte;2019;0,467998
Hombres;33 años;Supervivientes;2024;98.943,434935
Hombres;33 años;Supervivientes;2020;98.941,218441
Hombres;33 años;Supervivientes;2019;98.972,552572
Hombres;33 años;Defunciones teóricas;2024;46,505901
Hombres;33 años;Defunciones teóricas;2020;56,346223
Hombres;33 años;Defunciones teóricas;2019;46,318995
Hombres;33 años;Población estacionaria;2024;98.918,750877
Hombres;33 años;Población estacionaria;2020;98.910,655282
Hombres;33 años;Población estacionaria;2019;98.949,481906
Hombres;33 años;Tiempo por vivir;2024;4.857.721,606100
Hombres;33 años;Tiempo por vivir;2020;4.668.646,989400
Hombres;33 años;Tiempo por vivir;2019;4.795.676,185100
Hombres;33 años;Esperanza de vida;2024;49,095947
Hombres;33 años;Esperanza de vida;2020;47,186067
Hombres;33 años;Esperanza de vida;2019;48,454607
Hombres;34 años;Tasa de mortalidad;2024;0,632668
Hombres;34 años;Tasa de mortalidad;2020;0,598245
Hombres;34 años;Tasa de mortalidad;2019;0,523987
Hombres;34 años;Promedio de años vividos el último año de vida;2024;0,513485
Hombres;34 años;Promedio de años vividos el último año de vida;2020;0,498033
Hombres;34 años;Promedio de años vividos el último año de vida;2019;0,571416
Hombres;34 años;Riesgo de muerte;2024;0,632473
Hombres;34 años;Riesgo de muerte;2020;0,598066
Hombres;34 años;Riesgo de muerte;2019;0,523870
Hombres;34 años;Supervivientes;2024;98.896,929034
Hombres;34 años;Supervivientes;2020;98.884,872219
Hombres;34 años;Supervivientes;2019;98.926,233578
Hombres;34 años;Defunciones teóricas;2024;62,549675
Hombres;34 años;Defunciones teóricas;2020;59,139653
Hombres;34 años;Defunciones teóricas;2019;51,824456
Hombres;34 años;Población estacionaria;2024;98.866,497674
Hombres;34 años;Población estacionaria;2020;98.855,186052
Hombres;34 años;Población estacionaria;2019;98.904,022451
Hombres;34 años;Tiempo por vivir;2024;4.758.802,855200
Hombres;34 años;Tiempo por vivir;2020;4.569.736,334100
Hombres;34 años;Tiempo por vivir;2019;4.696.726,703200
Hombres;34 años;Esperanza de vida;2024;48,118813
Hombres;34 años;Esperanza de vida;2020;46,212694
Hombres;34 años;Esperanza de vida;2019;47,477060
Hombres;35 años;Tasa de mortalidad;2024;0,608992
Hombres;35 años;Tasa de mortalidad;2020;0,553588
Hombres;35 años;Tasa de mortalidad;2019;0,543077
Hombres;35 años;Promedio de años vividos el último año de vida;2024;0,530704
Hombres;35 años;Promedio de años vividos el último año de vida;2020;0,464725
Hombres;35 años;Promedio de años vividos el último año de vida;2019;0,505212
Hombres;35 años;Riesgo de muerte;2024;0,608818
Hombres;35 años;Riesgo de muerte;2020;0,553424
Hombres;35 años;Riesgo de muerte;2019;0,542931
Hombres;35 años;Supervivientes;2024;98.834,379358
Hombres;35 años;Supervivientes;2020;98.825,732566
Hombres;35 años;Supervivientes;2019;98.874,409121
Hombres;35 años;Defunciones teóricas;2024;60,172160
Hombres;35 años;Defunciones teóricas;2020;54,692576
Hombres;35 años;Defunciones teóricas;2019;53,682000
Hombres;35 años;Población estacionaria;2024;98.806,140789
Hombres;35 años;Población estacionaria;2020;98.796,456987
Hombres;35 años;Población estacionaria;2019;98.847,847910
Hombres;35 años;Tiempo por vivir;2024;4.659.936,357600
Hombres;35 años;Tiempo por vivir;2020;4.470.881,148100
Hombres;35 años;Tiempo por vivir;2019;4.597.822,680700
Hombres;35 años;Esperanza de vida;2024;47,148941
Hombres;35 años;Esperanza de vida;2020;45,240051
Hombres;35 años;Esperanza de vida;2019;46,501645
Hombres;36 años;Tasa de mortalidad;2024;0,629290
Hombres;36 años;Tasa de mortalidad;2020;0,651242
Hombres;36 años;Tasa de mortalidad;2019;0,603400
Hombres;36 años;Promedio de años vividos el último año de vida;2024;0,484561
Hombres;36 años;Promedio de años vividos el último año de vida;2020;0,506238
Hombres;36 años;Promedio de años vividos el último año de vida;2019;0,517794
Hombres;36 años;Riesgo de muerte;2024;0,629086
Hombres;36 años;Riesgo de muerte;2020;0,651033
Hombres;36 años;Riesgo de muerte;2019;0,603224
Hombres;36 años;Supervivientes;2024;98.774,207198
Hombres;36 años;Supervivientes;2020;98.771,039990
Hombres;36 años;Supervivientes;2019;98.820,727122
Hombres;36 años;Defunciones teóricas;2024;62,137477
Hombres;36 años;Defunciones teóricas;2020;64,303212
Hombres;36 años;Defunciones teóricas;2019;59,611050
Hombres;36 años;Población estacionaria;2024;98.742,179098
Hombres;36 años;Población estacionaria;2020;98.739,289476
Hombres;36 años;Población estacionaria;2019;98.791,982334
Hombres;36 años;Tiempo por vivir;2024;4.561.130,216800
Hombres;36 años;Tiempo por vivir;2020;4.372.084,691100
Hombres;36 años;Tiempo por vivir;2019;4.498.974,832800
Hombres;36 años;Esperanza de vida;2024;46,177341
Hombres;36 años;Esperanza de vida;2020;44,264844
Hombres;36 años;Esperanza de vida;2019;45,526632
Hombres;37 años;Tasa de mortalidad;2024;0,711048
Hombres;37 años;Tasa de mortalidad;2020;0,730671
Hombres;37 años;Tasa de mortalidad;2019;0,658741
Hombres;37 años;Promedio de años vividos el último año de vida;2024;0,505199
Hombres;37 años;Promedio de años vividos el último año de vida;2020;0,489695
Hombres;37 años;Promedio de años vividos el último año de vida;2019;0,494237
Hombres;37 años;Riesgo de muerte;2024;0,710798
Hombres;37 años;Riesgo de muerte;2020;0,730399
Hombres;37 años;Riesgo de muerte;2019;0,658522
Hombres;37 años;Supervivientes;2024;98.712,069721
Hombres;37 años;Supervivientes;2020;98.706,736778
Hombres;37 años;Supervivientes;2019;98.761,116071
Hombres;37 años;Defunciones teóricas;2024;70,164373
Hombres;37 años;Defunciones teóricas;2020;72,095261
Hombres;37 años;Defunciones teóricas;2019;65,036345
Hombres;37 años;Población estacionaria;2024;98.677,352308
Hombres;37 años;Población estacionaria;2020;98.669,946176
Hombres;37 años;Población estacionaria;2019;98.728,223089
Hombres;37 años;Tiempo por vivir;2024;4.462.388,037700
Hombres;37 años;Tiempo por vivir;2020;4.273.345,401600
Hombres;37 años;Tiempo por vivir;2019;4.400.182,850500
Hombres;37 años;Esperanza de vida;2024;45,206103
Hombres;37 años;Esperanza de vida;2020;43,293351
Hombres;37 años;Esperanza de vida;2019;44,553798
Hombres;38 años;Tasa de mortalidad;2024;0,760042
Hombres;38 años;Tasa de mortalidad;2020;0,754082
Hombres;38 años;Tasa de mortalidad;2019;0,723889
Hombres;38 años;Promedio de años vividos el último año de vida;2024;0,521893
Hombres;38 años;Promedio de años vividos el último año de vida;2020;0,495453
Hombres;38 años;Promedio de años vividos el último año de vida;2019;0,511137
Hombres;38 años;Riesgo de muerte;2024;0,759766
Hombres;38 años;Riesgo de muerte;2020;0,753795
Hombres;38 años;Riesgo de muerte;2019;0,723633
Hombres;38 años;Supervivientes;2024;98.641,905347
Hombres;38 años;Supervivientes;2020;98.634,641517
Hombres;38 años;Supervivientes;2019;98.696,079726
Hombres;38 años;Defunciones teóricas;2024;74,944741
Hombres;38 años;Defunciones teóricas;2020;74,350287
Hombres;38 años;Defunciones teóricas;2019;71,419697
Hombres;38 años;Población estacionaria;2024;98.606,073716
Hombres;38 años;Población estacionaria;2020;98.597,128319
Hombres;38 años;Población estacionaria;2019;98.661,165255
Hombres;38 años;Tiempo por vivir;2024;4.363.710,685400
Hombres;38 años;Tiempo por vivir;2020;4.174.675,455400
Hombres;38 años;Tiempo por vivir;2019;4.301.454,627400
Hombres;38 años;Esperanza de vida;2024;44,237899
Hombres;38 años;Esperanza de vida;2020;42,324638
Hombres;38 años;Esperanza de vida;2019;43,582832
Hombres;39 años;Tasa de mortalidad;2024;0,869005
Hombres;39 años;Tasa de mortalidad;2020;0,946404
Hombres;39 años;Tasa de mortalidad;2019;0,849850
Hombres;39 años;Promedio de años vividos el último año de vida;2024;0,480638
Hombres;39 años;Promedio de años vividos el último año de vida;2020;0,508276
Hombres;39 años;Promedio de años vividos el último año de vida;2019;0,494195
Hombres;39 años;Riesgo de muerte;2024;0,868613
Hombres;39 años;Riesgo de muerte;2020;0,945964
Hombres;39 años;Riesgo de muerte;2019;0,849485
Hombres;39 años;Supervivientes;2024;98.566,960606
Hombres;39 años;Supervivientes;2020;98.560,291230
Hombres;39 años;Supervivientes;2019;98.624,660029
Hombres;39 años;Defunciones teóricas;2024;85,616523
Hombres;39 años;Defunciones teóricas;2020;93,234447
Hombres;39 años;Defunciones teóricas;2019;83,780133
Hombres;39 años;Población estacionaria;2024;98.522,494675
Hombres;39 años;Población estacionaria;2020;98.514,445607
Hombres;39 años;Población estacionaria;2019;98.582,283636
Hombres;39 años;Tiempo por vivir;2024;4.265.104,611700
Hombres;39 años;Tiempo por vivir;2020;4.076.078,327100
Hombres;39 años;Tiempo por vivir;2019;4.202.793,462100
Hombres;39 años;Esperanza de vida;2024;43,271139
Hombres;39 años;Esperanza de vida;2020;41,356192
Hombres;39 años;Esperanza de vida;2019;42,614022
Hombres;40 años;Tasa de mortalidad;2024;0,854821
Hombres;40 años;Tasa de mortalidad;2020;0,929315
Hombres;40 años;Tasa de mortalidad;2019;0,753975
Hombres;40 años;Promedio de años vividos el último año de vida;2024;0,496212
Hombres;40 años;Promedio de años vividos el último año de vida;2020;0,515322
Hombres;40 años;Promedio de años vividos el último año de vida;2019;0,535983
Hombres;40 años;Riesgo de muerte;2024;0,854453
Hombres;40 años;Riesgo de muerte;2020;0,928897
Hombres;40 años;Riesgo de muerte;2019;0,753711
Hombres;40 años;Supervivientes;2024;98.481,344084
Hombres;40 años;Supervivientes;2020;98.467,056783
Hombres;40 años;Supervivientes;2019;98.540,879896
Hombres;40 años;Defunciones teóricas;2024;84,147674
Hombres;40 años;Defunciones teóricas;2020;91,465737
Hombres;40 años;Defunciones teóricas;2019;74,271350
Hombres;40 años;Población estacionaria;2024;98.438,951468
Hombres;40 años;Población estacionaria;2020;98.422,725379
Hombres;40 años;Población estacionaria;2019;98.506,416748
Hombres;40 años;Tiempo por vivir;2024;4.166.582,117000
Hombres;40 años;Tiempo por vivir;2020;3.977.563,881500
Hombres;40 años;Tiempo por vivir;2019;4.104.211,178500
Hombres;40 años;Esperanza de vida;2024;42,308339
Hombres;40 años;Esperanza de vida;2020;40,394869
Hombres;40 años;Esperanza de vida;2019;41,649833
Hombres;41 años;Tasa de mortalidad;2024;0,989704
Hombres;41 años;Tasa de mortalidad;2020;1,012496
Hombres;41 años;Tasa de mortalidad;2019;0,895886
Hombres;41 años;Promedio de años vividos el último año de vida;2024;0,520990
Hombres;41 años;Promedio de años vividos el último año de vida;2020;0,512007
Hombres;41 años;Promedio de años vividos el último año de vida;2019;0,513381
Hombres;41 años;Riesgo de muerte;2024;0,989235
Hombres;41 años;Riesgo de muerte;2020;1,011996
Hombres;41 años;Riesgo de muerte;2019;0,895496
Hombres;41 años;Supervivientes;2024;98.397,196409
Hombres;41 años;Supervivientes;2020;98.375,591046
Hombres;41 años;Supervivientes;2019;98.466,608546
Hombres;41 años;Defunciones teóricas;2024;97,337985
Hombres;41 años;Defunciones teóricas;2020;99,555738
Hombres;41 años;Defunciones teóricas;2019;88,176460
Hombres;41 años;Población estacionaria;2024;98.350,570545
Hombres;41 años;Población estacionaria;2020;98.327,008519
Hombres;41 años;Población estacionaria;2019;98.423,700184
Hombres;41 años;Tiempo por vivir;2024;4.068.143,165500
Hombres;41 años;Tiempo por vivir;2020;3.879.141,156100
Hombres;41 años;Tiempo por vivir;2019;4.005.704,761800
Hombres;41 años;Esperanza de vida;2024;41,344096
Hombres;41 años;Esperanza de vida;2020;39,431948
Hombres;41 años;Esperanza de vida;2019;40,680844
Hombres;42 años;Tasa de mortalidad;2024;1,137700
Hombres;42 años;Tasa de mortalidad;2020;1,072746
Hombres;42 años;Tasa de mortalidad;2019;1,018495
Hombres;42 años;Promedio de años vividos el último año de vida;2024;0,502906
Hombres;42 años;Promedio de años vividos el último año de vida;2020;0,494850
Hombres;42 años;Promedio de años vividos el último año de vida;2019;0,506410
Hombres;42 años;Riesgo de muerte;2024;1,137057
Hombres;42 años;Riesgo de muerte;2020;1,072165
Hombres;42 años;Riesgo de muerte;2019;1,017983
Hombres;42 años;Supervivientes;2024;98.299,858425
Hombres;42 años;Supervivientes;2020;98.276,035308
Hombres;42 años;Supervivientes;2019;98.378,432086
Hombres;42 años;Defunciones teóricas;2024;111,772564
Hombres;42 años;Defunciones teóricas;2020;105,368162
Hombres;42 años;Defunciones teóricas;2019;100,147553
Hombres;42 años;Población estacionaria;2024;98.244,296946
Hombres;42 años;Población estacionaria;2020;98.222,808536
Hombres;42 años;Población estacionaria;2019;98.329,000272
Hombres;42 años;Tiempo por vivir;2024;3.969.792,595000
Hombres;42 años;Tiempo por vivir;2020;3.780.814,147600
Hombres;42 años;Tiempo por vivir;2019;3.907.281,061600
Hombres;42 años;Esperanza de vida;2024;40,384520
Hombres;42 años;Esperanza de vida;2020;38,471374
Hombres;42 años;Esperanza de vida;2019;39,716846
Hombres;43 años;Tasa de mortalidad;2024;1,168298
Hombres;43 años;Tasa de mortalidad;2020;1,234162
Hombres;43 años;Tasa de mortalidad;2019;1,098764
Hombres;43 años;Promedio de años vividos el último año de vida;2024;0,499794
Hombres;43 años;Promedio de años vividos el último año de vida;2020;0,521320
Hombres;43 años;Promedio de años vividos el último año de vida;2019;0,497269
Hombres;43 años;Riesgo de muerte;2024;1,167616
Hombres;43 años;Riesgo de muerte;2020;1,233433
Hombres;43 años;Riesgo de muerte;2019;1,098157
Hombres;43 años;Supervivientes;2024;98.188,085861
Hombres;43 años;Supervivientes;2020;98.170,667146
Hombres;43 años;Supervivientes;2019;98.278,284532
Hombres;43 años;Defunciones teóricas;2024;114,645946
Hombres;43 años;Defunciones teóricas;2020;121,086936
Hombres;43 años;Defunciones teóricas;2019;107,925017
Hombres;43 años;Población estacionaria;2024;98.130,739288
Hombres;43 años;Población estacionaria;2020;98.112,705261
Hombres;43 años;Población estacionaria;2019;98.224,027318
Hombres;43 años;Tiempo por vivir;2024;3.871.548,298000
Hombres;43 años;Tiempo por vivir;2020;3.682.591,339100
Hombres;43 años;Tiempo por vivir;2019;3.808.952,061300
Hombres;43 años;Esperanza de vida;2024;39,429919
Hombres;43 años;Esperanza de vida;2020;37,512135
Hombres;43 años;Esperanza de vida;2019;38,756802
Hombres;44 años;Tasa de mortalidad;2024;1,248841
Hombres;44 años;Tasa de mortalidad;2020;1,314132
Hombres;44 años;Tasa de mortalidad;2019;1,092513
Hombres;44 años;Promedio de años vividos el último año de vida;2024;0,506774
Hombres;44 años;Promedio de años vividos el último año de vida;2020;0,521823
Hombres;44 años;Promedio de años vividos el último año de vida;2019;0,500481
Hombres;44 años;Riesgo de muerte;2024;1,248072
Hombres;44 años;Riesgo de muerte;2020;1,313307
Hombres;44 años;Riesgo de muerte;2019;1,091917
Hombres;44 años;Supervivientes;2024;98.073,439915
Hombres;44 años;Supervivientes;2020;98.049,580210
Hombres;44 años;Supervivientes;2019;98.170,359516
Hombres;44 años;Defunciones teóricas;2024;122,402696
Hombres;44 años;Defunciones teóricas;2020;128,769179
Hombres;44 años;Defunciones teóricas;2019;107,193866
Hombres;44 años;Población estacionaria;2024;98.013,067741
Hombres;44 años;Población estacionaria;2020;97.988,005712
Hombres;44 años;Población estacionaria;2019;98.116,814158
Hombres;44 años;Tiempo por vivir;2024;3.773.417,558700
Hombres;44 años;Tiempo por vivir;2020;3.584.478,633800
Hombres;44 años;Tiempo por vivir;2019;3.710.728,034000
Hombres;44 años;Esperanza de vida;2024;38,475428
Hombres;44 años;Esperanza de vida;2020;36,557817
Hombres;44 años;Esperanza de vida;2019;37,798864
Hombres;45 años;Tasa de mortalidad;2024;1,373792
Hombres;45 años;Tasa de mortalidad;2020;1,558521
Hombres;45 años;Tasa de mortalidad;2019;1,395581
Hombres;45 años;Promedio de años vividos el último año de vida;2024;0,518390
Hombres;45 años;Promedio de años vividos el último año de vida;2020;0,484778
Hombres;45 años;Promedio de años vividos el último año de vida;2019;0,504666
Hombres;45 años;Riesgo de muerte;2024;1,372884
Hombres;45 años;Riesgo de muerte;2020;1,557271
Hombres;45 años;Riesgo de muerte;2019;1,394617
Hombres;45 años;Supervivientes;2024;97.951,037219
Hombres;45 años;Supervivientes;2020;97.920,811031
Hombres;45 años;Supervivientes;2019;98.063,165650
Hombres;45 años;Defunciones teóricas;2024;134,475419
Hombres;45 años;Defunciones teóricas;2020;152,489223
Hombres;45 años;Defunciones teóricas;2019;136,760555
Hombres;45 años;Población estacionaria;2024;97.886,272575
Hombres;45 años;Población estacionaria;2020;97.842,245248
Hombres;45 años;Población estacionaria;2019;97.995,423542
Hombres;45 años;Tiempo por vivir;2024;3.675.404,491000
Hombres;45 años;Tiempo por vivir;2020;3.486.490,628100
Hombres;45 años;Tiempo por vivir;2019;3.612.611,219800
Hombres;45 años;Esperanza de vida;2024;37,522875
Hombres;45 años;Esperanza de vida;2020;35,605206
Hombres;45 años;Esperanza de vida;2019;36,839635
Hombres;46 años;Tasa de mortalidad;2024;1,461879
Hombres;46 años;Tasa de mortalidad;2020;1,589467
Hombres;46 años;Tasa de mortalidad;2019;1,655505
Hombres;46 años;Promedio de años vividos el último año de vida;2024;0,484846
Hombres;46 años;Promedio de años vividos el último año de vida;2020;0,516987
Hombres;46 años;Promedio de años vividos el último año de vida;2019;0,504009
Hombres;46 años;Riesgo de muerte;2024;1,460779
Hombres;46 años;Riesgo de muerte;2020;1,588248
Hombres;46 años;Riesgo de muerte;2019;1,654147
Hombres;46 años;Supervivientes;2024;97.816,561800
Hombres;46 años;Supervivientes;2020;97.768,321808
Hombres;46 años;Supervivientes;2019;97.926,405095
Hombres;46 años;Defunciones teóricas;2024;142,888390
Hombres;46 años;Defunciones teóricas;2020;155,280326
Hombres;46 años;Defunciones teóricas;2019;161,984631
Hombres;46 años;Población estacionaria;2024;97.742,952217
Hombres;46 años;Población estacionaria;2020;97.693,319369
Hombres;46 años;Población estacionaria;2019;97.846,062209
Hombres;46 años;Tiempo por vivir;2024;3.577.518,218400
Hombres;46 años;Tiempo por vivir;2020;3.388.648,382900
Hombres;46 años;Tiempo por vivir;2019;3.514.615,796300
Hombres;46 años;Esperanza de vida;2024;36,573747
Hombres;46 años;Esperanza de vida;2020;34,659983
Hombres;46 años;Esperanza de vida;2019;35,890379
Hombres;47 años;Tasa de mortalidad;2024;1,598966
Hombres;47 años;Tasa de mortalidad;2020;1,924647
Hombres;47 años;Tasa de mortalidad;2019;1,839216
Hombres;47 años;Promedio de años vividos el último año de vida;2024;0,501536
Hombres;47 años;Promedio de años vividos el último año de vida;2020;0,495360
Hombres;47 años;Promedio de años vividos el último año de vida;2019;0,494425
Hombres;47 años;Riesgo de muerte;2024;1,597693
Hombres;47 años;Riesgo de muerte;2020;1,922780
Hombres;47 años;Riesgo de muerte;2019;1,837508
Hombres;47 años;Supervivientes;2024;97.673,673410
Hombres;47 años;Supervivientes;2020;97.613,041482
Hombres;47 años;Supervivientes;2019;97.764,420464
Hombres;47 años;Defunciones teóricas;2024;156,052498
Hombres;47 años;Defunciones teóricas;2020;187,688390
Hombres;47 años;Defunciones teóricas;2019;179,642869
Hombres;47 años;Población estacionaria;2024;97.595,886876
Hombres;47 años;Población estacionaria;2020;97.518,326452
Hombres;47 años;Población estacionaria;2019;97.673,597548
Hombres;47 años;Tiempo por vivir;2024;3.479.775,266200
Hombres;47 años;Tiempo por vivir;2020;3.290.955,063500
Hombres;47 años;Tiempo por vivir;2019;3.416.769,734100
Hombres;47 años;Esperanza de vida;2024;35,626542
Hombres;47 años;Esperanza de vida;2020;33,714297
Hombres;47 años;Esperanza de vida;2019;34,949010
Hombres;48 años;Tasa de mortalidad;2024;1,828760
Hombres;48 años;Tasa de mortalidad;2020;2,253065
Hombres;48 años;Tasa de mortalidad;2019;2,114164
Hombres;48 años;Promedio de años vividos el último año de vida;2024;0,502038
Hombres;48 años;Promedio de años vividos el último año de vida;2020;0,496706
Hombres;48 años;Promedio de años vividos el último año de vida;2019;0,496181
Hombres;48 años;Riesgo de muerte;2024;1,827096
Hombres;48 años;Riesgo de muerte;2020;2,250513
Hombres;48 años;Riesgo de muerte;2019;2,111915
Hombres;48 años;Supervivientes;2024;97.517,620912
Hombres;48 años;Supervivientes;2020;97.425,353092
Hombres;48 años;Supervivientes;2019;97.584,777595
Hombres;48 años;Defunciones teóricas;2024;178,174099
Hombres;48 años;Defunciones teóricas;2020;219,257061
Hombres;48 años;Defunciones teóricas;2019;206,090751
Hombres;48 años;Población estacionaria;2024;97.428,897062
Hombres;48 años;Población estacionaria;2020;97.315,002282
Hombres;48 años;Población estacionaria;2019;97.480,945146
Hombres;48 años;Tiempo por vivir;2024;3.382.179,379300
Hombres;48 años;Tiempo por vivir;2020;3.193.436,737000
Hombres;48 años;Tiempo por vivir;2019;3.319.096,136500
Hombres;48 años;Esperanza de vida;2024;34,682751
Hombres;48 años;Esperanza de vida;2020;32,778293
Hombres;48 años;Esperanza de vida;2019;34,012437
Hombres;49 años;Tasa de mortalidad;2024;1,995771
Hombres;49 años;Tasa de mortalidad;2020;2,460902
Hombres;49 años;Tasa de mortalidad;2019;2,513412
Hombres;49 años;Promedio de años vividos el último año de vida;2024;0,511244
Hombres;49 años;Promedio de años vividos el último año de vida;2020;0,498501
Hombres;49 años;Promedio de años vividos el último año de vida;2019;0,520874
Hombres;49 años;Riesgo de muerte;2024;1,993826
Hombres;49 años;Riesgo de muerte;2020;2,457869
Hombres;49 años;Riesgo de muerte;2019;2,510389
Hombres;49 años;Supervivientes;2024;97.339,446813
Hombres;49 años;Supervivientes;2020;97.206,096030
Hombres;49 años;Supervivientes;2019;97.378,686844
Hombres;49 años;Defunciones teóricas;2024;194,077902
Hombres;49 años;Defunciones teóricas;2020;238,919837
Hombres;49 años;Defunciones teóricas;2019;244,458352
Hombres;49 años;Población estacionaria;2024;97.244,589993
Hombres;49 años;Población estacionaria;2020;97.086,277909
Hombres;49 años;Población estacionaria;2019;97.261,560534
Hombres;49 años;Tiempo por vivir;2024;3.284.750,482300
Hombres;49 años;Tiempo por vivir;2020;3.096.121,734800
Hombres;49 años;Tiempo por vivir;2019;3.221.615,191400
Hombres;49 años;Esperanza de vida;2024;33,745317
Hombres;49 años;Esperanza de vida;2020;31,851107
Hombres;49 años;Esperanza de vida;2019;33,083371
Hombres;50 años;Tasa de mortalidad;2024;2,161650
Hombres;50 años;Tasa de mortalidad;2020;2,795936
Hombres;50 años;Tasa de mortalidad;2019;2,702464
Hombres;50 años;Promedio de años vividos el último año de vida;2024;0,507988
Hombres;50 años;Promedio de años vividos el último año de vida;2020;0,504789
Hombres;50 años;Promedio de años vividos el último año de vida;2019;0,525238
Hombres;50 años;Riesgo de muerte;2024;2,159354
Hombres;50 años;Riesgo de muerte;2020;2,792070
Hombres;50 años;Riesgo de muerte;2019;2,699001
Hombres;50 años;Supervivientes;2024;97.145,368911
Hombres;50 años;Supervivientes;2020;96.967,176194
Hombres;50 años;Supervivientes;2019;97.134,228492
Hombres;50 años;Defunciones teóricas;2024;209,771206
Hombres;50 años;Defunciones teóricas;2020;270,739166
Hombres;50 años;Defunciones teóricas;2019;262,165361
Hombres;50 años;Población estacionaria;2024;97.042,158908
Hombres;50 años;Población estacionaria;2020;96.833,103057
Hombres;50 años;Población estacionaria;2019;97.009,762240
Hombres;50 años;Tiempo por vivir;2024;3.187.505,892300
Hombres;50 años;Tiempo por vivir;2020;2.999.035,456800
Hombres;50 años;Tiempo por vivir;2019;3.124.353,630800
Hombres;50 años;Esperanza de vida;2024;32,811712
Hombres;50 años;Esperanza de vida;2020;30,928357
Hombres;50 años;Esperanza de vida;2019;32,165321
Hombres;51 años;Tasa de mortalidad;2024;2,547784
Hombres;51 años;Tasa de mortalidad;2020;3,171684
Hombres;51 años;Tasa de mortalidad;2019;3,172221
Hombres;51 años;Promedio de años vividos el último año de vida;2024;0,504510
Hombres;51 años;Promedio de años vividos el último año de vida;2020;0,509580
Hombres;51 años;Promedio de años vividos el último año de vida;2019;0,514331
Hombres;51 años;Riesgo de muerte;2024;2,544572
Hombres;51 años;Riesgo de muerte;2020;3,166758
Hombres;51 años;Riesgo de muerte;2019;3,167341
Hombres;51 años;Supervivientes;2024;96.935,597705
Hombres;51 años;Supervivientes;2020;96.696,437028
Hombres;51 años;Supervivientes;2019;96.872,063131
Hombres;51 años;Defunciones teóricas;2024;246,659612
Hombres;51 años;Defunciones teóricas;2020;306,214231
Hombres;51 años;Defunciones teóricas;2019;306,826896
Hombres;51 años;Población estacionaria;2024;96.813,380255
Hombres;51 años;Población estacionaria;2020;96.546,263513
Hombres;51 años;Población estacionaria;2019;96.723,046836
Hombres;51 años;Tiempo por vivir;2024;3.090.463,733400
Hombres;51 años;Tiempo por vivir;2020;2.902.202,353800
Hombres;51 años;Tiempo por vivir;2019;3.027.343,868600
Hombres;51 años;Esperanza de vida;2024;31,881618
Hombres;51 años;Esperanza de vida;2020;30,013540
Hombres;51 años;Esperanza de vida;2019;31,250949
Hombres;52 años;Tasa de mortalidad;2024;2,798465
Hombres;52 años;Tasa de mortalidad;2020;3,731784
Hombres;52 años;Tasa de mortalidad;2019;3,511259
Hombres;52 años;Promedio de años vividos el último año de vida;2024;0,510176
Hombres;52 años;Promedio de años vividos el último año de vida;2020;0,502469
Hombres;52 años;Promedio de años vividos el último año de vida;2019;0,487554
Hombres;52 años;Riesgo de muerte;2024;2,794634
Hombres;52 años;Riesgo de muerte;2020;3,724868
Hombres;52 años;Riesgo de muerte;2019;3,504953
Hombres;52 años;Supervivientes;2024;96.688,938093
Hombres;52 años;Supervivientes;2020;96.390,222797
Hombres;52 años;Supervivientes;2019;96.565,236235
Hombres;52 años;Defunciones teóricas;2024;270,210211
Hombres;52 años;Defunciones teóricas;2020;359,040880
Hombres;52 años;Defunciones teóricas;2019;338,456574
Hombres;52 años;Población estacionaria;2024;96.556,582673
Hombres;52 años;Población estacionaria;2020;96.211,588730
Hombres;52 años;Población estacionaria;2019;96.391,795445
Hombres;52 años;Tiempo por vivir;2024;2.993.650,353100
Hombres;52 años;Tiempo por vivir;2020;2.805.656,090300
Hombres;52 años;Tiempo por vivir;2019;2.930.620,821800
Hombres;52 años;Esperanza de vida;2024;30,961663
Hombres;52 años;Esperanza de vida;2020;29,107268
Hombres;52 años;Esperanza de vida;2019;30,348611
Hombres;53 años;Tasa de mortalidad;2024;3,276860
Hombres;53 años;Tasa de mortalidad;2020;4,352436
Hombres;53 años;Tasa de mortalidad;2019;3,911211
Hombres;53 años;Promedio de años vividos el último año de vida;2024;0,501677
Hombres;53 años;Promedio de años vividos el último año de vida;2020;0,504679
Hombres;53 años;Promedio de años vividos el último año de vida;2019;0,505988
Hombres;53 años;Riesgo de muerte;2024;3,271518
Hombres;53 años;Riesgo de muerte;2020;4,343073
Hombres;53 años;Riesgo de muerte;2019;3,903668
Hombres;53 años;Supervivientes;2024;96.418,727882
Hombres;53 años;Supervivientes;2020;96.031,181917
Hombres;53 años;Supervivientes;2019;96.226,779661
Hombres;53 años;Defunciones teóricas;2024;315,435582
Hombres;53 años;Defunciones teóricas;2020;417,070448
Hombres;53 años;Defunciones teóricas;2019;375,637421
Hombres;53 años;Población estacionaria;2024;96.261,538982
Hombres;53 años;Población estacionaria;2020;95.824,598338
Hombres;53 años;Población estacionaria;2019;96.041,210134
Hombres;53 años;Tiempo por vivir;2024;2.897.093,770400
Hombres;53 años;Tiempo por vivir;2020;2.709.444,501500
Hombres;53 años;Tiempo por vivir;2019;2.834.229,026300
Hombres;53 años;Esperanza de vida;2024;30,047003
Hombres;53 años;Esperanza de vida;2020;28,214216
Hombres;53 años;Esperanza de vida;2019;29,453641
Hombres;54 años;Tasa de mortalidad;2024;3,614279
Hombres;54 años;Tasa de mortalidad;2020;4,618938
Hombres;54 años;Tasa de mortalidad;2019;4,616330
Hombres;54 años;Promedio de años vividos el último año de vida;2024;0,504303
Hombres;54 años;Promedio de años vividos el último año de vida;2020;0,505879
Hombres;54 años;Promedio de años vividos el último año de vida;2019;0,515568
Hombres;54 años;Riesgo de muerte;2024;3,607816
Hombres;54 años;Riesgo de muerte;2020;4,608420
Hombres;54 años;Riesgo de muerte;2019;4,606029
Hombres;54 años;Supervivientes;2024;96.103,292300
Hombres;54 años;Supervivientes;2020;95.614,111469
Hombres;54 años;Supervivientes;2019;95.851,142240
Hombres;54 años;Defunciones teóricas;2024;346,722952
Hombres;54 años;Defunciones teóricas;2020;440,630017
Hombres;54 años;Defunciones teóricas;2019;441,493177
Hombres;54 años;Población estacionaria;2024;95.931,422765
Hombres;54 años;Población estacionaria;2020;95.396,386907
Hombres;54 años;Población estacionaria;2019;95.637,268745
Hombres;54 años;Tiempo por vivir;2024;2.800.832,231400
Hombres;54 años;Tiempo por vivir;2020;2.613.619,903200
Hombres;54 años;Tiempo por vivir;2019;2.738.187,816200
Hombres;54 años;Esperanza de vida;2024;29,143978
Hombres;54 años;Esperanza de vida;2020;27,335085
Hombres;54 años;Esperanza de vida;2019;28,567086
Hombres;55 años;Tasa de mortalidad;2024;4,092801
Hombres;55 años;Tasa de mortalidad;2020;5,226284
Hombres;55 años;Tasa de mortalidad;2019;4,899758
Hombres;55 años;Promedio de años vividos el último año de vida;2024;0,515114
Hombres;55 años;Promedio de años vividos el último año de vida;2020;0,504900
Hombres;55 años;Promedio de años vividos el último año de vida;2019;0,496838
Hombres;55 años;Riesgo de muerte;2024;4,084695
Hombres;55 años;Riesgo de muerte;2020;5,212796
Hombres;55 años;Riesgo de muerte;2019;4,887708
Hombres;55 años;Supervivientes;2024;95.756,569348
Hombres;55 años;Supervivientes;2020;95.173,481452
Hombres;55 años;Supervivientes;2019;95.409,649064
Hombres;55 años;Defunciones teóricas;2024;391,136392
Hombres;55 años;Defunciones teóricas;2020;496,119937
Hombres;55 años;Defunciones teóricas;2019;466,334502
Hombres;55 años;Población estacionaria;2024;95.566,912721
Hombres;55 años;Población estacionaria;2020;94.927,852372
Hombres;55 años;Población estacionaria;2019;95.175,007194
Hombres;55 años;Tiempo por vivir;2024;2.704.900,808700
Hombres;55 años;Tiempo por vivir;2020;2.518.223,516300
Hombres;55 años;Tiempo por vivir;2019;2.642.550,547400
Hombres;55 años;Esperanza de vida;2024;28,247679
Hombres;55 años;Esperanza de vida;2020;26,459298
Hombres;55 años;Esperanza de vida;2019;27,696890
Hombres;56 años;Tasa de mortalidad;2024;4,816762
Hombres;56 años;Tasa de mortalidad;2020;5,703271
Hombres;56 años;Tasa de mortalidad;2019;5,550233
Hombres;56 años;Promedio de años vividos el último año de vida;2024;0,510787
Hombres;56 años;Promedio de años vividos el último año de vida;2020;0,503429
Hombres;56 años;Promedio de años vividos el último año de vida;2019;0,502328
Hombres;56 años;Riesgo de muerte;2024;4,805438
Hombres;56 años;Riesgo de muerte;2020;5,687164
Hombres;56 años;Riesgo de muerte;2019;5,534944
Hombres;56 años;Supervivientes;2024;95.365,432956
Hombres;56 años;Supervivientes;2020;94.677,361516
Hombres;56 años;Supervivientes;2019;94.943,314562
Hombres;56 años;Defunciones teóricas;2024;458,272703
Hombres;56 años;Defunciones teóricas;2020;538,445728
Hombres;56 años;Defunciones teóricas;2019;525,505941
Hombres;56 años;Población estacionaria;2024;95.141,239931
Hombres;56 años;Población estacionaria;2020;94.409,985210
Hombres;56 años;Población estacionaria;2019;94.681,784749
Hombres;56 años;Tiempo por vivir;2024;2.609.333,896000
Hombres;56 años;Tiempo por vivir;2020;2.423.295,663900
Hombres;56 años;Tiempo por vivir;2019;2.547.375,540300
Hombres;56 años;Esperanza de vida;2024;27,361422
Hombres;56 años;Esperanza de vida;2020;25,595302
Hombres;56 años;Esperanza de vida;2019;26,830489
Hombres;57 años;Tasa de mortalidad;2024;5,103893
Hombres;57 años;Tasa de mortalidad;2020;6,217119
Hombres;57 años;Tasa de mortalidad;2019;5,805194
Hombres;57 años;Promedio de años vividos el último año de vida;2024;0,501895
Hombres;57 años;Promedio de años vividos el último año de vida;2020;0,506756
Hombres;57 años;Promedio de años vividos el último año de vida;2019;0,502117
Hombres;57 años;Riesgo de muerte;2024;5,090951
Hombres;57 años;Riesgo de muerte;2020;6,198112
Hombres;57 años;Riesgo de muerte;2019;5,788464
Hombres;57 años;Supervivientes;2024;94.907,160253
Hombres;57 años;Supervivientes;2020;94.138,915788
Hombres;57 años;Supervivientes;2019;94.417,808621
Hombres;57 años;Defunciones teóricas;2024;483,167672
Hombres;57 años;Defunciones teóricas;2020;583,483580
Hombres;57 años;Defunciones teóricas;2019;546,534043
Hombres;57 años;Población estacionaria;2024;94.666,491783
Hombres;57 años;Población estacionaria;2020;93.851,116246
Hombres;57 años;Población estacionaria;2019;94.145,698718
Hombres;57 años;Tiempo por vivir;2024;2.514.192,656000
Hombres;57 años;Tiempo por vivir;2020;2.328.885,678700
Hombres;57 años;Tiempo por vivir;2019;2.452.693,755500
Hombres;57 años;Esperanza de vida;2024;26,491075
Hombres;57 años;Esperanza de vida;2020;24,738820
Hombres;57 años;Esperanza de vida;2019;25,977025
Hombres;58 años;Tasa de mortalidad;2024;5,754885
Hombres;58 años;Tasa de mortalidad;2020;6,939571
Hombres;58 años;Tasa de mortalidad;2019;6,065084
Hombres;58 años;Promedio de años vividos el último año de vida;2024;0,504323
Hombres;58 años;Promedio de años vividos el último año de vida;2020;0,508669
Hombres;58 años;Promedio de años vividos el último año de vida;2019;0,513327
Hombres;58 años;Riesgo de muerte;2024;5,738515
Hombres;58 años;Riesgo de muerte;2020;6,915990
Hombres;58 años;Riesgo de muerte;2019;6,047234
Hombres;58 años;Supervivientes;2024;94.423,992580
Hombres;58 años;Supervivientes;2020;93.555,432208
Hombres;58 años;Supervivientes;2019;93.871,274578
Hombres;58 años;Defunciones teóricas;2024;541,853540
Hombres;58 años;Defunciones teóricas;2020;647,028441
Hombres;58 años;Defunciones teóricas;2019;567,661566
Hombres;58 años;Población estacionaria;2024;94.155,408499
Hombres;58 años;Población estacionaria;2020;93.237,527012
Hombres;58 años;Población estacionaria;2019;93.595,009081
Hombres;58 años;Tiempo por vivir;2024;2.419.526,164200
Hombres;58 años;Tiempo por vivir;2020;2.235.034,562500
Hombres;58 años;Tiempo por vivir;2019;2.358.548,056800
Hombres;58 años;Esperanza de vida;2024;25,624061
Hombres;58 años;Esperanza de vida;2020;23,889950
Hombres;58 años;Esperanza de vida;2019;25,125344
Hombres;59 años;Tasa de mortalidad;2024;6,222496
Hombres;59 años;Tasa de mortalidad;2020;7,492469
Hombres;59 años;Tasa de mortalidad;2019;7,018575
Hombres;59 años;Promedio de años vividos el último año de vida;2024;0,503614
Hombres;59 años;Promedio de años vividos el último año de vida;2020;0,509985
Hombres;59 años;Promedio de años vividos el último año de vida;2019;0,503607
Hombres;59 años;Riesgo de muerte;2024;6,203335
Hombres;59 años;Riesgo de muerte;2020;7,465061
Hombres;59 años;Riesgo de muerte;2019;6,994208
Hombres;59 años;Supervivientes;2024;93.882,139041
Hombres;59 años;Supervivientes;2020;92.908,403767
Hombres;59 años;Supervivientes;2019;93.303,613012
Hombres;59 años;Defunciones teóricas;2024;582,382357
Hombres;59 años;Defunciones teóricas;2020;693,566942
Hombres;59 años;Defunciones teóricas;2019;652,584846
Hombres;59 años;Población estacionaria;2024;93.593,052482
Hombres;59 años;Población estacionaria;2020;92.568,545600
Hombres;59 años;Población estacionaria;2019;92.979,674471
Hombres;59 años;Tiempo por vivir;2024;2.325.370,755700
Hombres;59 años;Tiempo por vivir;2020;2.141.797,035500
Hombres;59 años;Tiempo por vivir;2019;2.264.953,047700
Hombres;59 años;Esperanza de vida;2024;24,769043
Hombres;59 años;Esperanza de vida;2020;23,052780
Hombres;59 años;Esperanza de vida;2019;24,275084
Hombres;60 años;Tasa de mortalidad;2024;7,063787
Hombres;60 años;Tasa de mortalidad;2020;8,340413
Hombres;60 años;Tasa de mortalidad;2019;7,758039
Hombres;60 años;Promedio de años vividos el último año de vida;2024;0,499055
Hombres;60 años;Promedio de años vividos el último año de vida;2020;0,499222
Hombres;60 años;Promedio de años vividos el último año de vida;2019;0,500087
Hombres;60 años;Riesgo de muerte;2024;7,038879
Hombres;60 años;Riesgo de muerte;2020;8,305722
Hombres;60 años;Riesgo de muerte;2019;7,728066
Hombres;60 años;Supervivientes;2024;93.299,756684
Hombres;60 años;Supervivientes;2020;92.214,836825
Hombres;60 años;Supervivientes;2019;92.651,028166
Hombres;60 años;Defunciones teóricas;2024;656,725696
Hombres;60 años;Defunciones teóricas;2020;765,910812
Hombres;60 años;Defunciones teóricas;2019;716,013305
Hombres;60 años;Población estacionaria;2024;92.970,773491
Hombres;60 años;Población estacionaria;2020;91.831,285369
Hombres;60 años;Población estacionaria;2019;92.293,083889
Hombres;60 años;Tiempo por vivir;2024;2.231.777,703300
Hombres;60 años;Tiempo por vivir;2020;2.049.228,489900
Hombres;60 años;Tiempo por vivir;2019;2.171.973,373200
Hombres;60 años;Esperanza de vida;2024;23,920509
Hombres;60 años;Esperanza de vida;2020;22,222330
Hombres;60 años;Esperanza de vida;2019;23,442518
Hombres;61 años;Tasa de mortalidad;2024;7,914121
Hombres;61 años;Tasa de mortalidad;2020;9,399491
Hombres;61 años;Tasa de mortalidad;2019;8,489653
Hombres;61 años;Promedio de años vividos el último año de vida;2024;0,492767
Hombres;61 años;Promedio de años vividos el último año de vida;2020;0,500087
Hombres;61 años;Promedio de años vividos el último año de vida;2019;0,511797
Hombres;61 años;Riesgo de muerte;2024;7,882479
Hombres;61 años;Riesgo de muerte;2020;9,355530
Hombres;61 años;Riesgo de muerte;2019;8,454611
Hombres;61 años;Supervivientes;2024;92.643,030988
Hombres;61 años;Supervivientes;2020;91.448,926013
Hombres;61 años;Supervivientes;2019;91.935,014861
Hombres;61 años;Defunciones teóricas;2024;730,256708
Hombres;61 años;Defunciones teóricas;2020;855,553179
Hombres;61 años;Defunciones teóricas;2019;777,274799
Hombres;61 años;Población estacionaria;2024;92.272,620397
Hombres;61 años;Población estacionaria;2020;91.021,223974
Hombres;61 años;Población estacionaria;2019;91.555,546728
Hombres;61 años;Tiempo por vivir;2024;2.138.806,929800
Hombres;61 años;Tiempo por vivir;2020;1.957.397,204500
Hombres;61 años;Tiempo por vivir;2019;2.079.680,289300
Hombres;61 años;Esperanza de vida;2024;23,086539
Hombres;61 años;Esperanza de vida;2020;21,404267
Hombres;61 años;Esperanza de vida;2019;22,621199
Hombres;62 años;Tasa de mortalidad;2024;8,899883
Hombres;62 años;Tasa de mortalidad;2020;10,341312
Hombres;62 años;Tasa de mortalidad;2019;9,180942
Hombres;62 años;Promedio de años vividos el último año de vida;2024;0,500326
Hombres;62 años;Promedio de años vividos el último año de vida;2020;0,504270
Hombres;62 años;Promedio de años vividos el último año de vida;2019;0,504438
Hombres;62 años;Riesgo de muerte;2024;8,860480
Hombres;62 años;Riesgo de muerte;2020;10,288568
Hombres;62 años;Riesgo de muerte;2019;9,139360
Hombres;62 años;Supervivientes;2024;91.912,774280
Hombres;62 años;Supervivientes;2020;90.593,372834
Hombres;62 años;Supervivientes;2019;91.157,740062
Hombres;62 años;Defunciones teóricas;2024;814,391271
Hombres;62 años;Defunciones teóricas;2020;932,076040
Hombres;62 años;Defunciones teóricas;2019;833,123404
Hombres;62 años;Población estacionaria;2024;91.505,843843
Hombres;62 años;Población estacionaria;2020;90.131,314810
Hombres;62 años;Población estacionaria;2019;90.744,875377
Hombres;62 años;Tiempo por vivir;2024;2.046.534,309400
Hombres;62 años;Tiempo por vivir;2020;1.866.375,980500
Hombres;62 años;Tiempo por vivir;2019;1.988.124,742600
Hombres;62 años;Esperanza de vida;2024;22,266049
Hombres;62 años;Esperanza de vida;2020;20,601683
Hombres;62 años;Esperanza de vida;2019;21,809720
Hombres;63 años;Tasa de mortalidad;2024;9,497499
Hombres;63 años;Tasa de mortalidad;2020;11,274821
Hombres;63 años;Tasa de mortalidad;2019;9,858185
Hombres;63 años;Promedio de años vividos el último año de vida;2024;0,506565
Hombres;63 años;Promedio de años vividos el último año de vida;2020;0,501526
Hombres;63 años;Promedio de años vividos el último año de vida;2019;0,503183
Hombres;63 años;Riesgo de muerte;2024;9,453197
Hombres;63 años;Riesgo de muerte;2020;11,211808
Hombres;63 años;Riesgo de muerte;2019;9,810137
Hombres;63 años;Supervivientes;2024;91.098,383009
Hombres;63 años;Supervivientes;2020;89.661,296794
Hombres;63 años;Supervivientes;2019;90.324,616657
Hombres;63 años;Defunciones teóricas;2024;861,170998
Hombres;63 años;Defunciones teóricas;2020;1.005,265233
Hombres;63 años;Defunciones teóricas;2019;886,096903
Hombres;63 años;Población estacionaria;2024;90.673,450969
Hombres;63 años;Población estacionaria;2020;89.160,198043
Hombres;63 años;Población estacionaria;2019;89.884,388896
Hombres;63 años;Tiempo por vivir;2024;1.955.028,465500
Hombres;63 años;Tiempo por vivir;2020;1.776.244,665700
Hombres;63 años;Tiempo por vivir;2019;1.897.379,867200
Hombres;63 años;Esperanza de vida;2024;21,460628
Hombres;63 años;Esperanza de vida;2020;19,810606
Hombres;63 años;Esperanza de vida;2019;21,006232
Hombres;64 años;Tasa de mortalidad;2024;10,243427
Hombres;64 años;Tasa de mortalidad;2020;12,475084
Hombres;64 años;Tasa de mortalidad;2019;11,529202
Hombres;64 años;Promedio de años vividos el último año de vida;2024;0,506759
Hombres;64 años;Promedio de años vividos el último año de vida;2020;0,509217
Hombres;64 años;Promedio de años vividos el último año de vida;2019;0,507788
Hombres;64 años;Riesgo de muerte;2024;10,191933
Hombres;64 años;Riesgo de muerte;2020;12,399170
Hombres;64 años;Riesgo de muerte;2019;11,464145
Hombres;64 años;Supervivientes;2024;90.237,212011
Hombres;64 años;Supervivientes;2020;88.656,031562
Hombres;64 años;Supervivientes;2019;89.438,519754
Hombres;64 años;Defunciones teóricas;2024;919,691577
Hombres;64 años;Defunciones teóricas;2020;1.099,261172
Hombres;64 años;Defunciones teóricas;2019;1.025,336132
Hombres;64 años;Población estacionaria;2024;89.783,582826
Hombres;64 años;Población estacionaria;2020;88.116,532859
Hombres;64 años;Población estacionaria;2019;88.933,837226
Hombres;64 años;Tiempo por vivir;2024;1.864.355,014600
Hombres;64 años;Tiempo por vivir;2020;1.687.084,467700
Hombres;64 años;Tiempo por vivir;2019;1.807.495,478300
Hombres;64 años;Esperanza de vida;2024;20,660601
Hombres;64 años;Esperanza de vida;2020;19,029551
Hombres;64 años;Esperanza de vida;2019;20,209363
Hombres;65 años;Tasa de mortalidad;2024;11,549711
Hombres;65 años;Tasa de mortalidad;2020;13,683930
Hombres;65 años;Tasa de mortalidad;2019;11,837663
Hombres;65 años;Promedio de años vividos el último año de vida;2024;0,503567
Hombres;65 años;Promedio de años vividos el último año de vida;2020;0,495616
Hombres;65 años;Promedio de años vividos el último año de vida;2019;0,494283
Hombres;65 años;Riesgo de muerte;2024;11,483866
Hombres;65 años;Riesgo de muerte;2020;13,590131
Hombres;65 años;Riesgo de muerte;2019;11,767219
Hombres;65 años;Supervivientes;2024;89.317,520434
Hombres;65 años;Supervivientes;2020;87.556,770389
Hombres;65 años;Supervivientes;2019;88.413,183622
Hombres;65 años;Defunciones teóricas;2024;1.025,710465
Hombres;65 años;Defunciones teóricas;2020;1.189,908004
Hombres;65 años;Defunciones teóricas;2019;1.040,377280
Hombres;65 años;Población estacionaria;2024;88.808,323842
Hombres;65 años;Población estacionaria;2020;86.956,599638
Hombres;65 años;Población estacionaria;2019;87.887,047572
Hombres;65 años;Tiempo por vivir;2024;1.774.571,431700
Hombres;65 años;Tiempo por vivir;2020;1.598.967,934800
Hombres;65 años;Tiempo por vivir;2019;1.718.561,641100
Hombres;65 años;Esperanza de vida;2024;19,868122
Hombres;65 años;Esperanza de vida;2020;18,262071
Hombres;65 años;Esperanza de vida;2019;19,437844
Hombres;66 años;Tasa de mortalidad;2024;11,918453
Hombres;66 años;Tasa de mortalidad;2020;14,319041
Hombres;66 años;Tasa de mortalidad;2019;13,055535
Hombres;66 años;Promedio de años vividos el último año de vida;2024;0,509518
Hombres;66 años;Promedio de años vividos el último año de vida;2020;0,502588
Hombres;66 años;Promedio de años vividos el último año de vida;2019;0,500480
Hombres;66 años;Riesgo de muerte;2024;11,849186
Hombres;66 años;Riesgo de muerte;2020;14,217776
Hombres;66 años;Riesgo de muerte;2019;12,970945
Hombres;66 años;Supervivientes;2024;88.291,809969
Hombres;66 años;Supervivientes;2020;86.366,862385
Hombres;66 años;Supervivientes;2019;87.372,806342
Hombres;66 años;Defunciones teóricas;2024;1.046,186042
Hombres;66 años;Defunciones teóricas;2020;1.227,944686
Hombres;66 años;Defunciones teóricas;2019;1.133,307855
Hombres;66 años;Población estacionaria;2024;87.778,675026
Hombres;66 años;Población estacionaria;2020;85.756,068501
Hombres;66 años;Población estacionaria;2019;86.806,696175
Hombres;66 años;Tiempo por vivir;2024;1.685.763,107900
Hombres;66 años;Tiempo por vivir;2020;1.512.011,335200
Hombres;66 años;Tiempo por vivir;2019;1.630.674,593500
Hombres;66 años;Esperanza de vida;2024;19,093086
Hombres;66 años;Esperanza de vida;2020;17,506846
Hombres;66 años;Esperanza de vida;2019;18,663411
Hombres;67 años;Tasa de mortalidad;2024;12,914135
Hombres;67 años;Tasa de mortalidad;2020;15,936875
Hombres;67 años;Tasa de mortalidad;2019;14,185478
Hombres;67 años;Promedio de años vividos el último año de vida;2024;0,491229
Hombres;67 años;Promedio de años vividos el último año de vida;2020;0,512423
Hombres;67 años;Promedio de años vividos el último año de vida;2019;0,499604
Hombres;67 años;Riesgo de muerte;2024;12,829839
Hombres;67 años;Riesgo de muerte;2020;15,813993
Hombres;67 años;Riesgo de muerte;2019;14,085494
Hombres;67 años;Supervivientes;2024;87.245,623927
Hombres;67 años;Supervivientes;2020;85.138,917699
Hombres;67 años;Supervivientes;2019;86.239,498487
Hombres;67 años;Defunciones teóricas;2024;1.119,347305
Hombres;67 años;Defunciones teóricas;2020;1.346,386288
Hombres;67 años;Defunciones teóricas;2019;1.214,725979
Hombres;67 años;Población estacionaria;2024;86.676,132986
Hombres;67 años;Población estacionaria;2020;84.482,450620
Hombres;67 años;Población estacionaria;2019;85.631,653904
Hombres;67 años;Tiempo por vivir;2024;1.597.984,432900
Hombres;67 años;Tiempo por vivir;2020;1.426.255,266700
Hombres;67 años;Tiempo por vivir;2019;1.543.867,897400
Hombres;67 años;Esperanza de vida;2024;18,315926
Hombres;67 años;Esperanza de vida;2020;16,752095
Hombres;67 años;Esperanza de vida;2019;17,902097
Hombres;68 años;Tasa de mortalidad;2024;14,189377
Hombres;68 años;Tasa de mortalidad;2020;17,062141
Hombres;68 años;Tasa de mortalidad;2019;14,836147
Hombres;68 años;Promedio de años vividos el último año de vida;2024;0,504891
Hombres;68 años;Promedio de años vividos el último año de vida;2020;0,497080
Hombres;68 años;Promedio de años vividos el último año de vida;2019;0,499646
Hombres;68 años;Riesgo de muerte;2024;14,090388
Hombres;68 años;Riesgo de muerte;2020;16,916978
Hombres;68 años;Riesgo de muerte;2019;14,726825
Hombres;68 años;Supervivientes;2024;86.126,276622
Hombres;68 años;Supervivientes;2020;83.792,531412
Hombres;68 años;Supervivientes;2019;85.024,772508
Hombres;68 años;Defunciones teóricas;2024;1.213,552655
Hombres;68 años;Defunciones teóricas;2020;1.417,516405
Hombres;68 años;Defunciones teóricas;2019;1.252,144920
Hombres;68 años;Población estacionaria;2024;85.525,435457
Hombres;68 años;Población estacionaria;2020;83.079,633522
Hombres;68 años;Población estacionaria;2019;84.398,257193
Hombres;68 años;Tiempo por vivir;2024;1.511.308,299900
Hombres;68 años;Tiempo por vivir;2020;1.341.772,816000
Hombres;68 años;Tiempo por vivir;2019;1.458.236,243500
Hombres;68 años;Esperanza de vida;2024;17,547587
Hombres;68 años;Esperanza de vida;2020;16,013036
Hombres;68 años;Esperanza de vida;2019;17,150722
Hombres;69 años;Tasa de mortalidad;2024;15,660084
Hombres;69 años;Tasa de mortalidad;2020;19,041549
Hombres;69 años;Tasa de mortalidad;2019;16,231228
Hombres;69 años;Promedio de años vividos el último año de vida;2024;0,498272
Hombres;69 años;Promedio de años vividos el último año de vida;2020;0,504527
Hombres;69 años;Promedio de años vividos el último año de vida;2019;0,500681
Hombres;69 años;Riesgo de muerte;2024;15,538001
Hombres;69 años;Riesgo de muerte;2020;18,863579
Hombres;69 años;Riesgo de muerte;2019;16,100739
Hombres;69 años;Supervivientes;2024;84.912,723967
Hombres;69 años;Supervivientes;2020;82.375,015006
Hombres;69 años;Supervivientes;2019;83.772,627587
Hombres;69 años;Defunciones teóricas;2024;1.319,373958
Hombres;69 años;Defunciones teóricas;2020;1.553,887594
Hombres;69 años;Defunciones teóricas;2019;1.348,801219
Hombres;69 años;Población estacionaria;2024;84.250,756708
Hombres;69 años;Población estacionaria;2020;81.605,105048
Hombres;69 años;Población estacionaria;2019;83.099,145559
Hombres;69 años;Tiempo por vivir;2024;1.425.782,864400
Hombres;69 años;Tiempo por vivir;2020;1.258.693,182500
Hombres;69 años;Tiempo por vivir;2019;1.373.837,986300
Hombres;69 años;Esperanza de vida;2024;16,791157
Hombres;69 años;Esperanza de vida;2020;15,280036
Hombres;69 años;Esperanza de vida;2019;16,399605
Hombres;70 años;Tasa de mortalidad;2024;16,793367
Hombres;70 años;Tasa de mortalidad;2020;20,591071
Hombres;70 años;Tasa de mortalidad;2019;17,400606
Hombres;70 años;Promedio de años vividos el último año de vida;2024;0,510883
Hombres;70 años;Promedio de años vividos el último año de vida;2020;0,511735
Hombres;70 años;Promedio de años vividos el último año de vida;2019;0,515018
Hombres;70 años;Riesgo de muerte;2024;16,656552
Hombres;70 años;Riesgo de muerte;2020;20,386111
Hombres;70 años;Riesgo de muerte;2019;17,254992
Hombres;70 años;Supervivientes;2024;83.593,350009
Hombres;70 años;Supervivientes;2020;80.821,127412
Hombres;70 años;Supervivientes;2019;82.423,826368
Hombres;70 años;Defunciones teóricas;2024;1.392,376977
Hombres;70 años;Defunciones teóricas;2020;1.647,628476
Hombres;70 años;Defunciones teóricas;2019;1.422,222458
Hombres;70 años;Población estacionaria;2024;82.912,315135
Hombres;70 años;Población estacionaria;2020;80.016,648603
Hombres;70 años;Población estacionaria;2019;81.734,074440
Hombres;70 años;Tiempo por vivir;2024;1.341.532,107700
Hombres;70 años;Tiempo por vivir;2020;1.177.088,077500
Hombres;70 años;Tiempo por vivir;2019;1.290.738,840700
Hombres;70 años;Esperanza de vida;2024;16,048311
Hombres;70 años;Esperanza de vida;2020;14,564114
Hombres;70 años;Esperanza de vida;2019;15,659778
Hombres;71 años;Tasa de mortalidad;2024;18,833273
Hombres;71 años;Tasa de mortalidad;2020;22,119223
Hombres;71 años;Tasa de mortalidad;2019;20,350348
Hombres;71 años;Promedio de años vividos el último año de vida;2024;0,509139
Hombres;71 años;Promedio de años vividos el último año de vida;2020;0,518140
Hombres;71 años;Promedio de años vividos el último año de vida;2019;0,497327
Hombres;71 años;Riesgo de muerte;2024;18,660763
Hombres;71 años;Riesgo de muerte;2020;21,885954
Hombres;71 años;Riesgo de muerte;2019;20,144280
Hombres;71 años;Supervivientes;2024;82.200,973032
Hombres;71 años;Supervivientes;2020;79.173,498936
Hombres;71 años;Supervivientes;2019;81.001,603911
Hombres;71 años;Defunciones teóricas;2024;1.533,932900
Hombres;71 años;Defunciones teóricas;2020;1.732,787577
Hombres;71 años;Defunciones teóricas;2019;1.631,719004
Hombres;71 años;Población estacionaria;2024;81.448,025342
Hombres;71 años;Población estacionaria;2020;78.338,537122
Hombres;71 años;Población estacionaria;2019;80.181,382383
Hombres;71 años;Tiempo por vivir;2024;1.258.619,792600
Hombres;71 años;Tiempo por vivir;2020;1.097.071,428900
Hombres;71 años;Tiempo por vivir;2019;1.209.004,766300
Hombres;71 años;Esperanza de vida;2024;15,311495
Hombres;71 años;Esperanza de vida;2020;13,856549
Hombres;71 años;Esperanza de vida;2019;14,925689
Hombres;72 años;Tasa de mortalidad;2024;20,244274
Hombres;72 años;Tasa de mortalidad;2020;25,333745
Hombres;72 años;Tasa de mortalidad;2019;21,447555
Hombres;72 años;Promedio de años vividos el último año de vida;2024;0,502878
Hombres;72 años;Promedio de años vividos el último año de vida;2020;0,496583
Hombres;72 años;Promedio de años vividos el último año de vida;2019;0,494472
Hombres;72 años;Riesgo de muerte;2024;20,042568
Hombres;72 años;Riesgo de muerte;2020;25,014721
Hombres;72 años;Riesgo de muerte;2019;21,217507
Hombres;72 años;Supervivientes;2024;80.667,040132
Hombres;72 años;Supervivientes;2020;77.440,711358
Hombres;72 años;Supervivientes;2019;79.369,884907
Hombres;72 años;Defunciones teóricas;2024;1.616,774634
Hombres;72 años;Defunciones teóricas;2020;1.937,157819
Hombres;72 años;Defunciones teóricas;2019;1.684,031112
Hombres;72 años;Población estacionaria;2024;79.863,306331
Hombres;72 años;Población estacionaria;2020;76.465,512745
Hombres;72 años;Población estacionaria;2019;78.518,560389
Hombres;72 años;Tiempo por vivir;2024;1.177.171,767200
Hombres;72 años;Tiempo por vivir;2020;1.018.732,891700
Hombres;72 años;Tiempo por vivir;2019;1.128.823,383900
Hombres;72 años;Esperanza de vida;2024;14,592971
Hombres;72 años;Esperanza de vida;2020;13,155004
Hombres;72 años;Esperanza de vida;2019;14,222313
Hombres;73 años;Tasa de mortalidad;2024;22,030601
Hombres;73 años;Tasa de mortalidad;2020;26,320197
Hombres;73 años;Tasa de mortalidad;2019;23,788134
Hombres;73 años;Promedio de años vividos el último año de vida;2024;0,503965
Hombres;73 años;Promedio de años vividos el último año de vida;2020;0,496262
Hombres;73 años;Promedio de años vividos el último año de vida;2019;0,512556
Hombres;73 años;Riesgo de muerte;2024;21,792454
Hombres;73 años;Riesgo de muerte;2020;25,975798
Hombres;73 años;Riesgo de muerte;2019;23,515464
Hombres;73 años;Supervivientes;2024;79.050,265498
Hombres;73 años;Supervivientes;2020;75.503,553539
Hombres;73 años;Supervivientes;2019;77.685,853794
Hombres;73 años;Defunciones teóricas;2024;1.722,699277
Hombres;73 años;Defunciones teóricas;2020;1.961,265031
Hombres;73 años;Defunciones teóricas;2019;1.826,818877
Hombres;73 años;Población estacionaria;2024;78.195,746592
Hombres;73 años;Población estacionaria;2020;74.515,590589
Hombres;73 años;Población estacionaria;2019;76.795,382317
Hombres;73 años;Tiempo por vivir;2024;1.097.308,460900
Hombres;73 años;Tiempo por vivir;2020;942.267,379000
Hombres;73 años;Tiempo por vivir;2019;1.050.304,823500
Hombres;73 años;Esperanza de vida;2024;13,881148
Hombres;73 años;Esperanza de vida;2020;12,479775
Hombres;73 años;Esperanza de vida;2019;13,519898
Hombres;74 años;Tasa de mortalidad;2024;23,998534
Hombres;74 años;Tasa de mortalidad;2020;30,961554
Hombres;74 años;Tasa de mortalidad;2019;25,994930
Hombres;74 años;Promedio de años vividos el último año de vida;2024;0,515818
Hombres;74 años;Promedio de años vividos el último año de vida;2020;0,511525
Hombres;74 años;Promedio de años vividos el último año de vida;2019;0,503254
Hombres;74 años;Riesgo de muerte;2024;23,722882
Hombres;74 años;Riesgo de muerte;2020;30,500270
Hombres;74 años;Riesgo de muerte;2019;25,663540
Hombres;74 años;Supervivientes;2024;77.327,566221
Hombres;74 años;Supervivientes;2020;73.542,288509
Hombres;74 años;Supervivientes;2019;75.859,034917
Hombres;74 años;Defunciones teóricas;2024;1.834,432717
Hombres;74 años;Defunciones teóricas;2020;2.243,059687
Hombres;74 años;Defunciones teóricas;2019;1.946,811398
Hombres;74 años;Población estacionaria;2024;76.439,366620
Hombres;74 años;Población estacionaria;2020;72.446,610774
Hombres;74 años;Población estacionaria;2019;74.891,964723
Hombres;74 años;Tiempo por vivir;2024;1.019.112,714300
Hombres;74 años;Tiempo por vivir;2020;867.751,788410
Hombres;74 años;Tiempo por vivir;2019;973.509,441190
Hombres;74 años;Esperanza de vida;2024;13,179164
Hombres;74 años;Esperanza de vida;2020;11,799358
Hombres;74 años;Esperanza de vida;2019;12,833138
Hombres;75 años;Tasa de mortalidad;2024;27,242713
Hombres;75 años;Tasa de mortalidad;2020;33,594023
Hombres;75 años;Tasa de mortalidad;2019;28,659737
Hombres;75 años;Promedio de años vividos el último año de vida;2024;0,506824
Hombres;75 años;Promedio de años vividos el último año de vida;2020;0,507475
Hombres;75 años;Promedio de años vividos el último año de vida;2019;0,504086
Hombres;75 años;Riesgo de muerte;2024;26,881547
Hombres;75 años;Riesgo de muerte;2020;33,047227
Hombres;75 años;Riesgo de muerte;2019;28,258112
Hombres;75 años;Supervivientes;2024;75.493,133504
Hombres;75 años;Supervivientes;2020;71.299,228822
Hombres;75 años;Supervivientes;2019;73.912,223519
Hombres;75 años;Defunciones teóricas;2024;2.029,372250
Hombres;75 años;Defunciones teóricas;2020;2.356,241804
Hombres;75 años;Defunciones teóricas;2019;2.088,619858
Hombres;75 años;Población estacionaria;2024;74.492,295393
Hombres;75 años;Población estacionaria;2020;70.138,720111
Hombres;75 años;Población estacionaria;2019;72.876,447736
Hombres;75 años;Tiempo por vivir;2024;942.673,347700
Hombres;75 años;Tiempo por vivir;2020;795.305,177640
Hombres;75 años;Tiempo por vivir;2019;898.617,476460
Hombres;75 años;Esperanza de vida;2024;12,486875
Hombres;75 años;Esperanza de vida;2020;11,154471
Hombres;75 años;Esperanza de vida;2019;12,157901
Hombres;76 años;Tasa de mortalidad;2024;30,470667
Hombres;76 años;Tasa de mortalidad;2020;37,323508
Hombres;76 años;Tasa de mortalidad;2019;31,045757
Hombres;76 años;Promedio de años vividos el último año de vida;2024;0,490245
Hombres;76 años;Promedio de años vividos el último año de vida;2020;0,497349
Hombres;76 años;Promedio de años vividos el último año de vida;2019;0,486268
Hombres;76 años;Riesgo de muerte;2024;30,004617
Hombres;76 años;Riesgo de muerte;2020;36,636187
Hombres;76 años;Riesgo de muerte;2019;30,558375
Hombres;76 años;Supervivientes;2024;73.463,761254
Hombres;76 años;Supervivientes;2020;68.942,987018
Hombres;76 años;Supervivientes;2019;71.823,603661
Hombres;76 años;Defunciones teóricas;2024;2.204,252056
Hombres;76 años;Defunciones teóricas;2020;2.525,808187
Hombres;76 años;Defunciones teóricas;2019;2.194,812614
Hombres;76 años;Población estacionaria;2024;72.340,132094
Hombres;76 años;Población estacionaria;2020;67.673,386231
Hombres;76 años;Población estacionaria;2019;70.696,057422
Hombres;76 años;Tiempo por vivir;2024;868.181,052310
Hombres;76 años;Tiempo por vivir;2020;725.166,457530
Hombres;76 años;Tiempo por vivir;2019;825.741,028730
Hombres;76 años;Esperanza de vida;2024;11,817814
Hombres;76 años;Esperanza de vida;2020;10,518350
Hombres;76 años;Esperanza de vida;2019;11,496792
Hombres;77 años;Tasa de mortalidad;2024;32,104182
Hombres;77 años;Tasa de mortalidad;2020;42,605926
Hombres;77 años;Tasa de mortalidad;2019;32,478975
Hombres;77 años;Promedio de años vividos el último año de vida;2024;0,495411
Hombres;77 años;Promedio de años vividos el último año de vida;2020;0,492143
Hombres;77 años;Promedio de años vividos el último año de vida;2019;0,504777
Hombres;77 años;Riesgo de muerte;2024;31,592404
Hombres;77 años;Riesgo de muerte;2020;41,703557
Hombres;77 años;Riesgo de muerte;2019;31,964842
Hombres;77 años;Supervivientes;2024;71.259,509198
Hombres;77 años;Supervivientes;2020;66.417,178831
Hombres;77 años;Supervivientes;2019;69.628,791048
Hombres;77 años;Defunciones teóricas;2024;2.251,259175
Hombres;77 años;Defunciones teóricas;2020;2.769,832586
Hombres;77 años;Defunciones teóricas;2019;2.225,673304
Hombres;77 años;Población estacionaria;2024;70.123,547840
Hombres;77 años;Población estacionaria;2020;65.010,500256
Hombres;77 años;Población estacionaria;2019;68.526,586016
Hombres;77 años;Tiempo por vivir;2024;795.840,920210
Hombres;77 años;Tiempo por vivir;2020;657.493,071300
Hombres;77 años;Tiempo por vivir;2019;755.044,971300
Hombres;77 años;Esperanza de vida;2024;11,168207
Hombres;77 años;Esperanza de vida;2020;9,899443
Hombres;77 años;Esperanza de vida;2019;10,843862
Hombres;78 años;Tasa de mortalidad;2024;37,148480
Hombres;78 años;Tasa de mortalidad;2020;44,077029
Hombres;78 años;Tasa de mortalidad;2019;38,045543
Hombres;78 años;Promedio de años vividos el último año de vida;2024;0,505105
Hombres;78 años;Promedio de años vividos el último año de vida;2020;0,496173
Hombres;78 años;Promedio de años vividos el último año de vida;2019;0,524966
Hombres;78 años;Riesgo de muerte;2024;36,477849
Hombres;78 años;Riesgo de muerte;2020;43,119468
Hombres;78 años;Riesgo de muerte;2019;37,370154
Hombres;78 años;Supervivientes;2024;69.008,250023
Hombres;78 años;Supervivientes;2020;63.647,346245
Hombres;78 años;Supervivientes;2019;67.403,117744
Hombres;78 años;Defunciones teóricas;2024;2.517,272555
Hombres;78 años;Defunciones teóricas;2020;2.744,439679
Hombres;78 años;Defunciones teóricas;2019;2.518,864923
Hombres;78 años;Población estacionaria;2024;67.762,464626
Hombres;78 años;Población estacionaria;2020;62.264,624480
Hombres;78 años;Población estacionaria;2019;66.206,570121
Hombres;78 años;Tiempo por vivir;2024;725.717,372370
Hombres;78 años;Tiempo por vivir;2020;592.482,571040
Hombres;78 años;Tiempo por vivir;2019;686.518,385290
Hombres;78 años;Esperanza de vida;2024;10,516386
Hombres;78 años;Esperanza de vida;2020;9,308834
Hombres;78 años;Esperanza de vida;2019;10,185262
Hombres;79 años;Tasa de mortalidad;2024;40,744352
Hombres;79 años;Tasa de mortalidad;2020;50,660803
Hombres;79 años;Tasa de mortalidad;2019;42,622738
Hombres;79 años;Promedio de años vividos el último año de vida;2024;0,503467
Hombres;79 años;Promedio de años vividos el último año de vida;2020;0,525019
Hombres;79 años;Promedio de años vividos el último año de vida;2019;0,464102
Hombres;79 años;Riesgo de muerte;2024;39,936403
Hombres;79 años;Riesgo de muerte;2020;49,470400
Hombres;79 años;Riesgo de muerte;2019;41,670914
Hombres;79 años;Supervivientes;2024;66.490,977468
Hombres;79 años;Supervivientes;2020;60.902,906566
Hombres;79 años;Supervivientes;2019;64.884,252820
Hombres;79 años;Defunciones teóricas;2024;2.655,410470
Hombres;79 años;Defunciones teóricas;2020;3.012,891170
Hombres;79 años;Defunciones teóricas;2019;2.703,786132
Hombres;79 años;Población estacionaria;2024;65.172,479701
Hombres;79 años;Población estacionaria;2020;59.471,839893
Hombres;79 años;Población estacionaria;2019;63.435,299028
Hombres;79 años;Tiempo por vivir;2024;657.954,907750
Hombres;79 años;Tiempo por vivir;2020;530.217,946560
Hombres;79 años;Tiempo por vivir;2019;620.311,815170
Hombres;79 años;Esperanza de vida;2024;9,895401
Hombres;79 años;Esperanza de vida;2020;8,705955
Hombres;79 años;Esperanza de vida;2019;9,560283
Hombres;80 años;Tasa de mortalidad;2024;45,636525
Hombres;80 años;Tasa de mortalidad;2020;58,891846
Hombres;80 años;Tasa de mortalidad;2019;49,847332
Hombres;80 años;Promedio de años vividos el último año de vida;2024;0,504662
Hombres;80 años;Promedio de años vividos el último año de vida;2020;0,464930
Hombres;80 años;Promedio de años vividos el último año de vida;2019;0,524785
Hombres;80 años;Riesgo de muerte;2024;44,627693
Hombres;80 años;Riesgo de muerte;2020;57,092779
Hombres;80 años;Riesgo de muerte;2019;48,693862
Hombres;80 años;Supervivientes;2024;63.835,566998
Hombres;80 años;Supervivientes;2020;57.890,015396
Hombres;80 años;Supervivientes;2019;62.180,466688
Hombres;80 años;Defunciones teóricas;2024;2.848,834055
Hombres;80 años;Defunciones teóricas;2020;3.305,101875
Hombres;80 años;Defunciones teóricas;2019;3.027,807060
Hombres;80 años;Población estacionaria;2024;62.424,429820
Hombres;80 años;Población estacionaria;2020;56.121,553583
Hombres;80 años;Población estacionaria;2019;60.741,606825
Hombres;80 años;Tiempo por vivir;2024;592.782,428050
Hombres;80 años;Tiempo por vivir;2020;470.746,106670
Hombres;80 años;Tiempo por vivir;2019;556.876,516140
Hombres;80 años;Esperanza de vida;2024;9,286084
Hombres;80 años;Esperanza de vida;2020;8,131732
Hombres;80 años;Esperanza de vida;2019;8,955811
Hombres;81 años;Tasa de mortalidad;2024;51,683875
Hombres;81 años;Tasa de mortalidad;2020;67,056906
Hombres;81 años;Tasa de mortalidad;2019;55,436603
Hombres;81 años;Promedio de años vividos el último año de vida;2024;0,486960
Hombres;81 años;Promedio de años vividos el último año de vida;2020;0,515196
Hombres;81 años;Promedio de años vividos el último año de vida;2019;0,510264
Hombres;81 años;Riesgo de muerte;2024;50,348830
Hombres;81 años;Riesgo de muerte;2020;64,945563
Hombres;81 años;Riesgo de muerte;2019;53,971321
Hombres;81 años;Supervivientes;2024;60.986,732943
Hombres;81 años;Supervivientes;2020;54.584,913521
Hombres;81 años;Supervivientes;2019;59.152,659628
Hombres;81 años;Defunciones teóricas;2024;3.070,610662
Hombres;81 años;Defunciones teóricas;2020;3.545,047925
Hombres;81 años;Defunciones teóricas;2019;3.192,547170
Hombres;81 años;Población estacionaria;2024;59.411,385718
Hombres;81 años;Población estacionaria;2020;52.866,261468
Hombres;81 años;Población estacionaria;2019;57.589,155479
Hombres;81 años;Tiempo por vivir;2024;530.357,998230
Hombres;81 años;Tiempo por vivir;2020;414.624,553080
Hombres;81 años;Tiempo por vivir;2019;496.134,909320
Hombres;81 años;Esperanza de vida;2024;8,696285
Hombres;81 años;Esperanza de vida;2020;7,595955
Hombres;81 años;Esperanza de vida;2019;8,387364
Hombres;82 años;Tasa de mortalidad;2024;55,007365
Hombres;82 años;Tasa de mortalidad;2020;74,011408
Hombres;82 años;Tasa de mortalidad;2019;62,380952
Hombres;82 años;Promedio de años vividos el último año de vida;2024;0,499638
Hombres;82 años;Promedio de años vividos el último año de vida;2020;0,514281
Hombres;82 años;Promedio de años vividos el último año de vida;2019;0,504436
Hombres;82 años;Riesgo de muerte;2024;53,533920
Hombres;82 años;Riesgo de muerte;2020;71,443116
Hombres;82 años;Riesgo de muerte;2019;60,510350
Hombres;82 años;Supervivientes;2024;57.916,122281
Hombres;82 años;Supervivientes;2020;51.039,865596
Hombres;82 años;Supervivientes;2019;55.960,112458
Hombres;82 años;Defunciones teóricas;2024;3.100,477043
Hombres;82 años;Defunciones teóricas;2020;3.646,447059
Hombres;82 años;Defunciones teóricas;2019;3.386,166019
Hombres;82 años;Población estacionaria;2024;56.364,762027
Hombres;82 años;Población estacionaria;2020;49.268,716085
Hombres;82 años;Población estacionaria;2019;54.282,051061
Hombres;82 años;Tiempo por vivir;2024;470.946,612510
Hombres;82 años;Tiempo por vivir;2020;361.758,291620
Hombres;82 años;Tiempo por vivir;2019;438.545,753840
Hombres;82 años;Esperanza de vida;2024;8,131529
Hombres;82 años;Esperanza de vida;2020;7,087759
Hombres;82 años;Esperanza de vida;2019;7,836756
Hombres;83 años;Tasa de mortalidad;2024;63,219253
Hombres;83 años;Tasa de mortalidad;2020;82,518034
Hombres;83 años;Tasa de mortalidad;2019;70,919235
Hombres;83 años;Promedio de años vividos el último año de vida;2024;0,512022
Hombres;83 años;Promedio de años vividos el último año de vida;2020;0,506045
Hombres;83 años;Promedio de años vividos el último año de vida;2019;0,500204
Hombres;83 años;Riesgo de muerte;2024;61,327328
Hombres;83 años;Riesgo de muerte;2020;79,286309
Hombres;83 años;Riesgo de muerte;2019;68,491542
Hombres;83 años;Supervivientes;2024;54.815,645237
Hombres;83 años;Supervivientes;2020;47.393,418537
Hombres;83 años;Supervivientes;2019;52.573,946440
Hombres;83 años;Defunciones teóricas;2024;3.361,697040
Hombres;83 años;Defunciones teóricas;2020;3.757,649237
Hombres;83 años;Defunciones teóricas;2019;3.600,870684
Hombres;83 años;Población estacionaria;2024;53.175,210029
Hombres;83 años;Población estacionaria;2020;45.537,309335
Hombres;83 años;Población estacionaria;2019;50.774,246296
Hombres;83 años;Tiempo por vivir;2024;414.581,850480
Hombres;83 años;Tiempo por vivir;2020;312.489,575530
Hombres;83 años;Tiempo por vivir;2019;384.263,702780
Hombres;83 años;Esperanza de vida;2024;7,563203
Hombres;83 años;Esperanza de vida;2020;6,593523
Hombres;83 años;Esperanza de vida;2019;7,309014
Hombres;84 años;Tasa de mortalidad;2024;74,154517
Hombres;84 años;Tasa de mortalidad;2020;93,315835
Hombres;84 años;Tasa de mortalidad;2019;78,458780
Hombres;84 años;Promedio de años vividos el último año de vida;2024;0,466241
Hombres;84 años;Promedio de años vividos el último año de vida;2020;0,498896
Hombres;84 años;Promedio de años vividos el último año de vida;2019;0,495013
Hombres;84 años;Riesgo de muerte;2024;71,331185
Hombres;84 años;Riesgo de muerte;2020;89,147229
Hombres;84 años;Riesgo de muerte;2019;75,468661
Hombres;84 años;Supervivientes;2024;51.453,948197
Hombres;84 años;Supervivientes;2020;43.635,769300
Hombres;84 años;Supervivientes;2019;48.973,075755
Hombres;84 años;Defunciones teóricas;2024;3.670,271114
Hombres;84 años;Defunciones teóricas;2020;3.890,007940
Hombres;84 años;Defunciones teóricas;2019;3.695,932440
Hombres;84 años;Población estacionaria;2024;49.494,909569
Hombres;84 años;Población estacionaria;2020;41.686,471903
Hombres;84 años;Población estacionaria;2019;47.106,677509
Hombres;84 años;Tiempo por vivir;2024;361.406,640450
Hombres;84 años;Tiempo por vivir;2020;266.952,266200
Hombres;84 años;Tiempo por vivir;2019;333.489,456480
Hombres;84 años;Esperanza de vida;2024;7,023885
Hombres;84 años;Esperanza de vida;2020;6,117739
Hombres;84 años;Esperanza de vida;2019;6,809649
Hombres;85 años;Tasa de mortalidad;2024;82,303114
Hombres;85 años;Tasa de mortalidad;2020;106,171141
Hombres;85 años;Tasa de mortalidad;2019;90,364191
Hombres;85 años;Promedio de años vividos el último año de vida;2024;0,515465
Hombres;85 años;Promedio de años vividos el último año de vida;2020;0,505438
Hombres;85 años;Promedio de años vividos el último año de vida;2019;0,507105
Hombres;85 años;Riesgo de muerte;2024;79,146838
Hombres;85 años;Riesgo de muerte;2020;100,874406
Hombres;85 años;Riesgo de muerte;2019;86,510986
Hombres;85 años;Supervivientes;2024;47.783,677082
Hombres;85 años;Supervivientes;2020;39.745,761361
Hombres;85 años;Supervivientes;2019;45.277,143315
Hombres;85 años;Defunciones teóricas;2024;3.781,926946
Hombres;85 años;Defunciones teóricas;2020;4.009,330069
Hombres;85 años;Defunciones teóricas;2019;3.916,970322
Hombres;85 años;Población estacionaria;2024;45.951,201187
Hombres;85 años;Población estacionaria;2020;37.762,899066
Hombres;85 años;Población estacionaria;2019;43.346,487956
Hombres;85 años;Tiempo por vivir;2024;311.911,730880
Hombres;85 años;Tiempo por vivir;2020;225.265,794290
Hombres;85 años;Tiempo por vivir;2019;286.382,778970
Hombres;85 años;Esperanza de vida;2024;6,527579
Hombres;85 años;Esperanza de vida;2020;5,667668
Hombres;85 años;Esperanza de vida;2019;6,325107
Hombres;86 años;Tasa de mortalidad;2024;94,933299
Hombres;86 años;Tasa de mortalidad;2020;119,929780
Hombres;86 años;Tasa de mortalidad;2019;101,882200
Hombres;86 años;Promedio de años vividos el último año de vida;2024;0,504530
Hombres;86 años;Promedio de años vividos el último año de vida;2020;0,503387
Hombres;86 años;Promedio de años vividos el último año de vida;2019;0,504268
Hombres;86 años;Riesgo de muerte;2024;90,668556
Hombres;86 años;Riesgo de muerte;2020;113,188421
Hombres;86 años;Riesgo de muerte;2019;96,983903
Hombres;86 años;Supervivientes;2024;44.001,750137
Hombres;86 años;Supervivientes;2020;35.736,431291
Hombres;86 años;Supervivientes;2019;41.360,172992
Hombres;86 años;Defunciones teóricas;2024;3.989,575167
Hombres;86 años;Defunciones teóricas;2020;4.044,950238
Hombres;86 años;Defunciones teóricas;2019;4.011,271024
Hombres;86 años;Población estacionaria;2024;42.025,034728
Hombres;86 años;Población estacionaria;2020;33.727,654915
Hombres;86 años;Población estacionaria;2019;39.371,656875
Hombres;86 años;Tiempo por vivir;2024;265.960,529700
Hombres;86 años;Tiempo por vivir;2020;187.502,895230
Hombres;86 años;Tiempo por vivir;2019;243.036,291010
Hombres;86 años;Esperanza de vida;2024;6,044317
Hombres;86 años;Esperanza de vida;2020;5,246828
Hombres;86 años;Esperanza de vida;2019;5,876095
Hombres;87 años;Tasa de mortalidad;2024;108,379242
Hombres;87 años;Tasa de mortalidad;2020;134,874327
Hombres;87 años;Tasa de mortalidad;2019;113,441460
Hombres;87 años;Promedio de años vividos el último año de vida;2024;0,507548
Hombres;87 años;Promedio de años vividos el último año de vida;2020;0,492104
Hombres;87 años;Promedio de años vividos el último año de vida;2019;0,488436
Hombres;87 años;Riesgo de muerte;2024;102,887946
Hombres;87 años;Riesgo de muerte;2020;126,227481
Hombres;87 años;Riesgo de muerte;2019;107,219248
Hombres;87 años;Supervivientes;2024;40.012,174969
Hombres;87 años;Supervivientes;2020;31.691,481053
Hombres;87 años;Supervivientes;2019;37.348,901968
Hombres;87 años;Defunciones teóricas;2024;4.116,770508
Hombres;87 años;Defunciones teóricas;2020;4.000,335835
Hombres;87 años;Defunciones teóricas;2019;4.004,521175
Hombres;87 años;Población estacionaria;2024;37.984,861549
Hombres;87 años;Población estacionaria;2020;29.659,727895
Hombres;87 años;Población estacionaria;2019;35.300,331862
Hombres;87 años;Tiempo por vivir;2024;223.935,494970
Hombres;87 años;Tiempo por vivir;2020;153.775,240310
Hombres;87 años;Tiempo por vivir;2019;203.664,634140
Hombres;87 años;Esperanza de vida;2024;5,596684
Hombres;87 años;Esperanza de vida;2020;4,852258
Hombres;87 años;Esperanza de vida;2019;5,453029
Hombres;88 años;Tasa de mortalidad;2024;121,817788
Hombres;88 años;Tasa de mortalidad;2020;151,291883
Hombres;88 años;Tasa de mortalidad;2019;131,351193
Hombres;88 años;Promedio de años vividos el último año de vida;2024;0,494465
Hombres;88 años;Promedio de años vividos el último año de vida;2020;0,494229
Hombres;88 años;Promedio de años vividos el último año de vida;2019;0,500341
Hombres;88 años;Riesgo de muerte;2024;114,751054
Hombres;88 años;Riesgo de muerte;2020;140,538054
Hombres;88 años;Riesgo de muerte;2019;123,261444
Hombres;88 años;Supervivientes;2024;35.895,404461
Hombres;88 años;Supervivientes;2020;27.691,145218
Hombres;88 años;Supervivientes;2019;33.344,380793
Hombres;88 años;Defunciones teóricas;2024;4.119,035506
Hombres;88 años;Defunciones teóricas;2020;3.891,659676
Hombres;88 años;Defunciones teóricas;2019;4.110,076541
Hombres;88 años;Población estacionaria;2024;33.813,087248
Hombres;88 años;Población estacionaria;2020;25.722,858342
Hombres;88 años;Población estacionaria;2019;31.290,743796
Hombres;88 años;Tiempo por vivir;2024;185.950,633420
Hombres;88 años;Tiempo por vivir;2020;124.115,512420
Hombres;88 años;Tiempo por vivir;2019;168.364,302280
Hombres;88 años;Esperanza de vida;2024;5,180347
Hombres;88 años;Esperanza de vida;2020;4,482137
Hombres;88 años;Esperanza de vida;2019;5,049256
Hombres;89 años;Tasa de mortalidad;2024;132,841746
Hombres;89 años;Tasa de mortalidad;2020;173,826435
Hombres;89 años;Tasa de mortalidad;2019;144,800027
Hombres;89 años;Promedio de años vividos el último año de vida;2024;0,492338
Hombres;89 años;Promedio de años vividos el último año de vida;2020;0,498341
Hombres;89 años;Promedio de años vividos el último año de vida;2019;0,493505
Hombres;89 años;Riesgo de muerte;2024;124,449068
Hombres;89 años;Riesgo de muerte;2020;159,884262
Hombres;89 años;Riesgo de muerte;2019;134,905965
Hombres;89 años;Supervivientes;2024;31.776,368955
Hombres;89 años;Supervivientes;2020;23.799,485542
Hombres;89 años;Supervivientes;2019;29.234,304252
Hombres;89 años;Defunciones teóricas;2024;3.954,539510
Hombres;89 años;Defunciones teóricas;2020;3.805,163177
Hombres;89 años;Defunciones teóricas;2019;3.943,882016
Hombres;89 años;Población estacionaria;2024;29.768,800997
Hombres;89 años;Población estacionaria;2020;21.890,589817
Hombres;89 años;Población estacionaria;2019;27.236,749255
Hombres;89 años;Tiempo por vivir;2024;152.137,546170
Hombres;89 años;Tiempo por vivir;2020;98.392,654076
Hombres;89 años;Tiempo por vivir;2019;137.073,558480
Hombres;89 años;Esperanza de vida;2024;4,787757
Hombres;89 años;Esperanza de vida;2020;4,134234
Hombres;89 años;Esperanza de vida;2019;4,688792
Hombres;90 años;Tasa de mortalidad;2024;158,559925
Hombres;90 años;Tasa de mortalidad;2020;192,636136
Hombres;90 años;Tasa de mortalidad;2019;165,499173
Hombres;90 años;Promedio de años vividos el último año de vida;2024;0,500598
Hombres;90 años;Promedio de años vividos el último año de vida;2020;0,488524
Hombres;90 años;Promedio de años vividos el último año de vida;2019;0,490716
Hombres;90 años;Riesgo de muerte;2024;146,925604
Hombres;90 años;Riesgo de muerte;2020;175,358287
Hombres;90 años;Riesgo de muerte;2019;152,634233
Hombres;90 años;Supervivientes;2024;27.821,829444
Hombres;90 años;Supervivientes;2020;19.994,322365
Hombres;90 años;Supervivientes;2019;25.290,422236
Hombres;90 años;Defunciones teóricas;2024;4.087,739094
Hombres;90 años;Defunciones teóricas;2020;3.506,170126
Hombres;90 años;Defunciones teóricas;2019;3.860,184199
Hombres;90 años;Población estacionaria;2024;25.780,405147
Hombres;90 años;Población estacionaria;2020;18.200,999081
Hombres;90 años;Población estacionaria;2019;23.324,492348
Hombres;90 años;Tiempo por vivir;2024;122.368,745170
Hombres;90 años;Tiempo por vivir;2020;76.502,064259
Hombres;90 años;Tiempo por vivir;2019;109.836,809230
Hombres;90 años;Esperanza de vida;2024;4,398300
Hombres;90 años;Esperanza de vida;2020;3,826189
Hombres;90 años;Esperanza de vida;2019;4,343020
Hombres;91 años;Tasa de mortalidad;2024;177,990146
Hombres;91 años;Tasa de mortalidad;2020;219,791665
Hombres;91 años;Tasa de mortalidad;2019;182,138057
Hombres;91 años;Promedio de años vividos el último año de vida;2024;0,490909
Hombres;91 años;Promedio de años vividos el último año de vida;2020;0,487921
Hombres;91 años;Promedio de años vividos el último año de vida;2019;0,481498
Hombres;91 años;Riesgo de muerte;2024;163,201912
Hombres;91 años;Riesgo de muerte;2020;197,556520
Hombres;91 años;Riesgo de muerte;2019;166,421406
Hombres;91 años;Supervivientes;2024;23.734,090350
Hombres;91 años;Supervivientes;2020;16.488,152239
Hombres;91 años;Supervivientes;2019;21.430,238037
Hombres;91 años;Defunciones teóricas;2024;3.873,448923
Hombres;91 años;Defunciones teóricas;2020;3.257,341984
Hombres;91 años;Defunciones teóricas;2019;3.566,450335
Hombres;91 años;Población estacionaria;2024;21.762,153712
Hombres;91 años;Población estacionaria;2020;14.820,134266
Hombres;91 años;Población estacionaria;2019;19.581,027716
Hombres;91 años;Tiempo por vivir;2024;96.588,340026
Hombres;91 años;Tiempo por vivir;2020;58.301,065177
Hombres;91 años;Tiempo por vivir;2019;86.512,316877
Hombres;91 años;Esperanza de vida;2024;4,069604
Hombres;91 años;Esperanza de vida;2020;3,535937
Hombres;91 años;Esperanza de vida;2019;4,036927
Hombres;92 años;Tasa de mortalidad;2024;197,245483
Hombres;92 años;Tasa de mortalidad;2020;243,757276
Hombres;92 años;Tasa de mortalidad;2019;207,994024
Hombres;92 años;Promedio de años vividos el último año de vida;2024;0,483515
Hombres;92 años;Promedio de años vividos el último año de vida;2020;0,480833
Hombres;92 años;Promedio de años vividos el último año de vida;2019;0,487737
Hombres;92 años;Riesgo de muerte;2024;179,009061
Hombres;92 años;Riesgo de muerte;2020;216,374863
Hombres;92 años;Riesgo de muerte;2019;187,966633
Hombres;92 años;Supervivientes;2024;19.860,641427
Hombres;92 años;Supervivientes;2020;13.230,810254
Hombres;92 años;Supervivientes;2019;17.863,787702
Hombres;92 años;Defunciones teóricas;2024;3.555,234777
Hombres;92 años;Defunciones teóricas;2020;2.862,814759
Hombres;92 años;Defunciones teóricas;2019;3.357,796024
Hombres;92 años;Población estacionaria;2024;18.024,416730
Hombres;92 años;Población estacionaria;2020;11.744,530497
Hombres;92 años;Población estacionaria;2019;16.143,713900
Hombres;92 años;Tiempo por vivir;2024;74.826,186314
Hombres;92 años;Tiempo por vivir;2020;43.480,930911
Hombres;92 años;Tiempo por vivir;2019;66.931,289160
Hombres;92 años;Esperanza de vida;2024;3,767561
Hombres;92 años;Esperanza de vida;2020;3,286339
Hombres;92 años;Esperanza de vida;2019;3,746758
Hombres;93 años;Tasa de mortalidad;2024;222,297346
Hombres;93 años;Tasa de mortalidad;2020;268,182869
Hombres;93 años;Tasa de mortalidad;2019;228,130279
Hombres;93 años;Promedio de años vividos el último año de vida;2024;0,479568
Hombres;93 años;Promedio de años vividos el último año de vida;2020;0,484219
Hombres;93 años;Promedio de años vividos el último año de vida;2019;0,480040
Hombres;93 años;Riesgo de muerte;2024;199,246414
Hombres;93 años;Riesgo de muerte;2020;235,594595
Hombres;93 años;Riesgo de muerte;2019;203,939301
Hombres;93 años;Supervivientes;2024;16.305,406650
Hombres;93 años;Supervivientes;2020;10.367,995495
Hombres;93 años;Supervivientes;2019;14.505,991678
Hombres;93 años;Defunciones teóricas;2024;3.248,793806
Hombres;93 años;Defunciones teóricas;2020;2.442,643697
Hombres;93 años;Defunciones teóricas;2019;2.958,341808
Hombres;93 años;Población estacionaria;2024;14.614,631581
Hombres;93 años;Población estacionaria;2020;9.108,127255
Hombres;93 años;Población estacionaria;2019;12.967,773597
Hombres;93 años;Tiempo por vivir;2024;56.801,769584
Hombres;93 años;Tiempo por vivir;2020;31.736,400414
Hombres;93 años;Tiempo por vivir;2019;50.787,575261
Hombres;93 años;Esperanza de vida;2024;3,483616
Hombres;93 años;Esperanza de vida;2020;3,060997
Hombres;93 años;Esperanza de vida;2019;3,501145
Hombres;94 años;Tasa de mortalidad;2024;240,300125
Hombres;94 años;Tasa de mortalidad;2020;291,389436
Hombres;94 años;Tasa de mortalidad;2019;247,439166
Hombres;94 años;Promedio de años vividos el último año de vida;2024;0,470249
Hombres;94 años;Promedio de años vividos el último año de vida;2020;0,475387
Hombres;94 años;Promedio de años vividos el último año de vida;2019;0,476155
Hombres;94 años;Riesgo de muerte;2024;213,164461
Hombres;94 años;Riesgo de muerte;2020;252,752039
Hombres;94 años;Riesgo de muerte;2019;219,046397
Hombres;94 años;Supervivientes;2024;13.056,612844
Hombres;94 años;Supervivientes;2020;7.925,351798
Hombres;94 años;Supervivientes;2019;11.547,649870
Hombres;94 años;Defunciones teóricas;2024;2.783,205834
Hombres;94 años;Defunciones teóricas;2020;2.003,148830
Hombres;94 años;Defunciones teóricas;2019;2.529,471104
Hombres;94 años;Población estacionaria;2024;11.582,207187
Hombres;94 años;Población estacionaria;2020;6.874,473078
Hombres;94 años;Población estacionaria;2019;10.222,597929
Hombres;94 años;Tiempo por vivir;2024;42.187,138003
Hombres;94 años;Tiempo por vivir;2020;22.628,273160
Hombres;94 años;Tiempo por vivir;2019;37.819,801663
Hombres;94 años;Esperanza de vida;2024;3,231094
Hombres;94 años;Esperanza de vida;2020;2,855176
Hombres;94 años;Esperanza de vida;2019;3,275108
Hombres;95 años;Tasa de mortalidad;2024;274,050520
Hombres;95 años;Tasa de mortalidad;2020;329,276260
Hombres;95 años;Tasa de mortalidad;2019;258,753964
Hombres;95 años;Promedio de años vividos el último año de vida;2024;0,480481
Hombres;95 años;Promedio de años vividos el último año de vida;2020;0,475072
Hombres;95 años;Promedio de años vividos el último año de vida;2019;0,474693
Hombres;95 años;Riesgo de muerte;2024;239,895545
Hombres;95 años;Riesgo de muerte;2020;280,749703
Hombres;95 años;Riesgo de muerte;2019;227,791355
Hombres;95 años;Supervivientes;2024;10.273,407010
Hombres;95 años;Supervivientes;2020;5.922,202968
Hombres;95 años;Supervivientes;2019;9.018,178767
Hombres;95 años;Defunciones teóricas;2024;2.464,544573
Hombres;95 años;Defunciones teóricas;2020;1.662,656726
Hombres;95 años;Defunciones teóricas;2019;2.054,263161
Hombres;95 años;Población estacionaria;2024;8.993,030101
Hombres;95 años;Población estacionaria;2020;5.049,427869
Hombres;95 años;Población estacionaria;2019;7.939,059686
Hombres;95 años;Tiempo por vivir;2024;30.604,930816
Hombres;95 años;Tiempo por vivir;2020;15.753,800081
Hombres;95 años;Tiempo por vivir;2019;27.597,203734
Hombres;95 años;Esperanza de vida;2024;2,979044
Hombres;95 años;Esperanza de vida;2020;2,660125
Hombres;95 años;Esperanza de vida;2019;3,060175
Hombres;96 años;Tasa de mortalidad;2024;292,460885
Hombres;96 años;Tasa de mortalidad;2020;343,774395
Hombres;96 años;Tasa de mortalidad;2019;290,198966
Hombres;96 años;Promedio de años vividos el último año de vida;2024;0,475145
Hombres;96 años;Promedio de años vividos el último año de vida;2020;0,467493
Hombres;96 años;Promedio de años vividos el último año de vida;2019;0,469613
Hombres;96 años;Riesgo de muerte;2024;253,542255
Hombres;96 años;Riesgo de muerte;2020;290,580167
Hombres;96 años;Riesgo de muerte;2019;251,490137
Hombres;96 años;Supervivientes;2024;7.808,862437
Hombres;96 años;Supervivientes;2020;4.259,546242
Hombres;96 años;Supervivientes;2019;6.963,915606
Hombres;96 años;Defunciones teóricas;2024;1.979,876589
Hombres;96 años;Defunciones teóricas;2020;1.237,739658
Hombres;96 años;Defunciones teóricas;2019;1.751,356088
Hombres;96 años;Población estacionaria;2024;6.769,714145
Hombres;96 años;Población estacionaria;2020;3.600,441670
Hombres;96 años;Población estacionaria;2019;6.035,018369
Hombres;96 años;Tiempo por vivir;2024;21.611,900715
Hombres;96 años;Tiempo por vivir;2020;10.704,372212
Hombres;96 años;Tiempo por vivir;2019;19.658,144049
Hombres;96 años;Esperanza de vida;2024;2,767612
Hombres;96 años;Esperanza de vida;2020;2,513031
Hombres;96 años;Esperanza de vida;2019;2,822858
Hombres;97 años;Tasa de mortalidad;2024;319,780988
Hombres;97 años;Tasa de mortalidad;2020;388,496381
Hombres;97 años;Tasa de mortalidad;2019;329,675899
Hombres;97 años;Promedio de años vividos el último año de vida;2024;0,468778
Hombres;97 años;Promedio de años vividos el último año de vida;2020;0,475259
Hombres;97 años;Promedio de años vividos el último año de vida;2019;0,466638
Hombres;97 años;Riesgo de muerte;2024;273,346369
Hombres;97 años;Riesgo de muerte;2020;322,708939
Hombres;97 años;Riesgo de muerte;2019;280,375610
Hombres;97 años;Supervivientes;2024;5.828,985847
Hombres;97 años;Supervivientes;2020;3.021,806584
Hombres;97 años;Supervivientes;2019;5.212,559517
Hombres;97 años;Defunciones teóricas;2024;1.593,332116
Hombres;97 años;Defunciones teóricas;2020;975,163997
Hombres;97 años;Defunciones teóricas;2019;1.461,474552
Hombres;97 años;Población estacionaria;2024;4.982,573000
Hombres;97 años;Población estacionaria;2020;2.510,098021
Hombres;97 años;Población estacionaria;2019;4.433,064583
Hombres;97 años;Tiempo por vivir;2024;14.842,186570
Hombres;97 años;Tiempo por vivir;2020;7.103,930542
Hombres;97 años;Tiempo por vivir;2019;13.623,125680
Hombres;97 años;Esperanza de vida;2024;2,546273
Hombres;97 años;Esperanza de vida;2020;2,350889
Hombres;97 años;Esperanza de vida;2019;2,613519
Hombres;98 años;Tasa de mortalidad;2024;333,860992
Hombres;98 años;Tasa de mortalidad;2020;368,841321
Hombres;98 años;Tasa de mortalidad;2019;327,158650
Hombres;98 años;Promedio de años vividos el último año de vida;2024;0,468437
Hombres;98 años;Promedio de años vividos el último año de vida;2020;0,461818
Hombres;98 años;Promedio de años vividos el último año de vida;2019;0,466272
Hombres;98 años;Riesgo de muerte;2024;283,541413
Hombres;98 años;Riesgo de muerte;2020;307,751514
Hombres;98 años;Riesgo de muerte;2019;278,524419
Hombres;98 años;Supervivientes;2024;4.235,653731
Hombres;98 años;Supervivientes;2020;2.046,642587
Hombres;98 años;Supervivientes;2019;3.751,084965
Hombres;98 años;Defunciones teóricas;2024;1.200,983245
Hombres;98 años;Defunciones teóricas;2020;629,857355
Hombres;98 años;Defunciones teóricas;2019;1.044,768762
Hombres;98 años;Población estacionaria;2024;3.597,255365
Hombres;98 años;Población estacionaria;2020;1.707,664841
Hombres;98 años;Población estacionaria;2019;3.193,462142
Hombres;98 años;Tiempo por vivir;2024;9.859,613570
Hombres;98 años;Tiempo por vivir;2020;4.593,832521
Hombres;98 años;Tiempo por vivir;2019;9.190,061096
Hombres;98 años;Esperanza de vida;2024;2,327767
Hombres;98 años;Esperanza de vida;2020;2,244570
Hombres;98 años;Esperanza de vida;2019;2,449974
Hombres;99 años;Tasa de mortalidad;2024;344,333035
Hombres;99 años;Tasa de mortalidad;2020;357,463642
Hombres;99 años;Tasa de mortalidad;2019;319,933291
Hombres;99 años;Promedio de años vividos el último año de vida;2024;0,481248
Hombres;99 años;Promedio de años vividos el último año de vida;2020;0,447237
Hombres;99 años;Promedio de años vividos el último año de vida;2019;0,452944
Hombres;99 años;Riesgo de muerte;2024;292,148444
Hombres;99 años;Riesgo de muerte;2020;298,485203
Hombres;99 años;Riesgo de muerte;2019;272,278671
Hombres;99 años;Supervivientes;2024;3.034,670486
Hombres;99 años;Supervivientes;2020;1.416,785232
Hombres;99 años;Supervivientes;2019;2.706,316203
Hombres;99 años;Defunciones teóricas;2024;886,574261
Hombres;99 años;Defunciones teóricas;2020;422,889428
Hombres;99 años;Defunciones teóricas;2019;736,872179
Hombres;99 años;Población estacionaria;2024;2.574,758069
Hombres;99 años;Población estacionaria;2020;1.183,027805
Hombres;99 años;Población estacionaria;2019;2.303,205702
Hombres;99 años;Tiempo por vivir;2024;6.262,358205
Hombres;99 años;Tiempo por vivir;2020;2.886,167679
Hombres;99 años;Tiempo por vivir;2019;5.996,598955
Hombres;99 años;Esperanza de vida;2024;2,063604
Hombres;99 años;Esperanza de vida;2020;2,037124
Hombres;99 años;Esperanza de vida;2019;2,215779
Hombres;100 y más años;Tasa de mortalidad;2024;486,959642
Hombres;100 y más años;Tasa de mortalidad;2020;544,330578
Hombres;100 y más años;Tasa de mortalidad;2019;483,957179
Hombres;100 y más años;Promedio de años vividos el último año de vida;2024;1,716683
Hombres;100 y más años;Promedio de años vividos el último año de vida;2020;1,713600
Hombres;100 y más años;Promedio de años vividos el último año de vida;2019;1,875348
Hombres;100 y más años;Riesgo de muerte;2024;1.000,000000
Hombres;100 y más años;Riesgo de muerte;2020;1.000,000000
Hombres;100 y más años;Riesgo de muerte;2019;1.000,000000
Hombres;100 y más años;Supervivientes;2024;2.148,096225
Hombres;100 y más años;Supervivientes;2020;993,895804
Hombres;100 y más años;Supervivientes;2019;1.969,444024
Hombres;100 y más años;Defunciones teóricas;2024;2.148,096225
Hombres;100 y más años;Defunciones teóricas;2020;993,895804
Hombres;100 y más años;Defunciones teóricas;2019;1.969,444024
Hombres;100 y más años;Población estacionaria;2024;3.687,600136
Hombres;100 y más años;Población estacionaria;2020;1.703,139875
Hombres;100 y más años;Población estacionaria;2019;3.693,393253
Hombres;100 y más años;Tiempo por vivir;2024;3.687,600136
Hombres;100 y más años;Tiempo por vivir;2020;1.703,139875
Hombres;100 y más años;Tiempo por vivir;2019;3.693,393253
Hombres;100 y más años;Esperanza de vida;2024;1,716683
Hombres;100 y más años;Esperanza de vida;2020;1,713600
Hombres;100 y más años;Esperanza de vida;2019;1,875348
Mujeres;0 años;Tasa de mortalidad;2024;2,646193
Mujeres;0 años;Tasa de mortalidad;2020;2,299245
Mujeres;0 años;Tasa de mortalidad;2019;2,337817
Mujeres;0 años;Promedio de años vividos el último año de vida;2024;0,115722
Mujeres;0 años;Promedio de años vividos el último año de vida;2020;0,131698
Mujeres;0 años;Promedio de años vividos el último año de vida;2019;0,099706
Mujeres;0 años;Riesgo de muerte;2024;2,640015
Mujeres;0 años;Riesgo de muerte;2020;2,294664
Mujeres;0 años;Riesgo de muerte;2019;2,332907
Mujeres;0 años;Supervivientes;2024;100.000,000000
Mujeres;0 años;Supervivientes;2020;100.000,000000
Mujeres;0 años;Supervivientes;2019;100.000,000000
Mujeres;0 años;Defunciones teóricas;2024;264,001548
Mujeres;0 años;Defunciones teóricas;2020;229,466387
Mujeres;0 años;Defunciones teóricas;2019;233,290726
Mujeres;0 años;Población estacionaria;2024;99.766,549324
Mujeres;0 años;Población estacionaria;2020;99.800,753916
Mujeres;0 años;Población estacionaria;2019;99.789,969811
Mujeres;0 años;Tiempo por vivir;2024;8.652.842,109500
Mujeres;0 años;Tiempo por vivir;2020;8.503.526,871400
Mujeres;0 años;Tiempo por vivir;2019;8.619.477,113300
Mujeres;0 años;Esperanza de vida;2024;86,528421
Mujeres;0 años;Esperanza de vida;2020;85,035269
Mujeres;0 años;Esperanza de vida;2019;86,194771
Mujeres;1 año;Tasa de mortalidad;2024;0,166271
Mujeres;1 año;Tasa de mortalidad;2020;0,172509
Mujeres;1 año;Tasa de mortalidad;2019;0,187086
Mujeres;1 año;Promedio de años vividos el último año de vida;2024;0,526715
Mujeres;1 año;Promedio de años vividos el último año de vida;2020;0,446854
Mujeres;1 año;Promedio de años vividos el último año de vida;2019;0,496517
Mujeres;1 año;Riesgo de muerte;2024;0,166258
Mujeres;1 año;Riesgo de muerte;2020;0,172492
Mujeres;1 año;Riesgo de muerte;2019;0,187068
Mujeres;1 año;Supervivientes;2024;99.735,998452
Mujeres;1 año;Supervivientes;2020;99.770,533613
Mujeres;1 año;Supervivientes;2019;99.766,709274
Mujeres;1 año;Defunciones teóricas;2024;16,581882
Mujeres;1 año;Defunciones teóricas;2020;17,209654
Mujeres;1 año;Defunciones teóricas;2019;18,663149
Mujeres;1 año;Población estacionaria;2024;99.728,150500
Mujeres;1 año;Población estacionaria;2020;99.761,014153
Mujeres;1 año;Población estacionaria;2019;99.757,312689
Mujeres;1 año;Tiempo por vivir;2024;8.553.075,560200
Mujeres;1 año;Tiempo por vivir;2020;8.403.726,117400
Mujeres;1 año;Tiempo por vivir;2019;8.519.687,143500
Mujeres;1 año;Esperanza de vida;2024;85,757156
Mujeres;1 año;Esperanza de vida;2020;84,230542
Mujeres;1 año;Esperanza de vida;2019;85,396093
Mujeres;2 años;Tasa de mortalidad;2024;0,136556
Mujeres;2 años;Tasa de mortalidad;2020;0,084643
Mujeres;2 años;Tasa de mortalidad;2019;0,120470
Mujeres;2 años;Promedio de años vividos el último año de vida;2024;0,536232
Mujeres;2 años;Promedio de años vividos el último año de vida;2020;0,614413
Mujeres;2 años;Promedio de años vividos el último año de vida;2019;0,432078
Mujeres;2 años;Riesgo de muerte;2024;0,136547
Mujeres;2 años;Riesgo de muerte;2020;0,084640
Mujeres;2 años;Riesgo de muerte;2019;0,120462
Mujeres;2 años;Supervivientes;2024;99.719,416570
Mujeres;2 años;Supervivientes;2020;99.753,323959
Mujeres;2 años;Supervivientes;2019;99.748,046125
Mujeres;2 años;Defunciones teóricas;2024;13,616426
Mujeres;2 años;Defunciones teóricas;2020;8,443161
Mujeres;2 años;Defunciones teóricas;2019;12,015858
Mujeres;2 años;Población estacionaria;2024;99.713,101706
Mujeres;2 años;Población estacionaria;2020;99.750,068382
Mujeres;2 años;Población estacionaria;2019;99.741,222050
Mujeres;2 años;Tiempo por vivir;2024;8.453.347,409700
Mujeres;2 años;Tiempo por vivir;2020;8.303.965,103300
Mujeres;2 años;Tiempo por vivir;2019;8.419.929,830800
Mujeres;2 años;Esperanza de vida;2024;84,771328
Mujeres;2 años;Esperanza de vida;2020;83,244996
Mujeres;2 años;Esperanza de vida;2019;84,411978
Mujeres;3 años;Tasa de mortalidad;2024;0,115308
Mujeres;3 años;Tasa de mortalidad;2020;0,094503
Mujeres;3 años;Tasa de mortalidad;2019;0,110856
Mujeres;3 años;Promedio de años vividos el último año de vida;2024;0,488251
Mujeres;3 años;Promedio de años vividos el último año de vida;2020;0,581536
Mujeres;3 años;Promedio de años vividos el último año de vida;2019;0,527338
Mujeres;3 años;Riesgo de muerte;2024;0,115301
Mujeres;3 años;Riesgo de muerte;2020;0,094499
Mujeres;3 años;Riesgo de muerte;2019;0,110850
Mujeres;3 años;Supervivientes;2024;99.705,800144
Mujeres;3 años;Supervivientes;2020;99.744,880798
Mujeres;3 años;Supervivientes;2019;99.736,030267
Mujeres;3 años;Defunciones teóricas;2024;11,496156
Mujeres;3 años;Defunciones teóricas;2020;9,425825
Mujeres;3 años;Defunciones teóricas;2019;11,055765
Mujeres;3 años;Población estacionaria;2024;99.699,917002
Mujeres;3 años;Población estacionaria;2020;99.740,936428
Mujeres;3 años;Población estacionaria;2019;99.730,804623
Mujeres;3 años;Tiempo por vivir;2024;8.353.634,308000
Mujeres;3 años;Tiempo por vivir;2020;8.204.215,034900
Mujeres;3 años;Tiempo por vivir;2019;8.320.188,608700
Mujeres;3 años;Esperanza de vida;2024;83,782832
Mujeres;3 años;Esperanza de vida;2020;82,251991
Mujeres;3 años;Esperanza de vida;2019;83,422095
Mujeres;4 años;Tasa de mortalidad;2024;0,082929
Mujeres;4 años;Tasa de mortalidad;2020;0,019095
Mujeres;4 años;Tasa de mortalidad;2019;0,089776
Mujeres;4 años;Promedio de años vividos el último año de vida;2024;0,416940
Mujeres;4 años;Promedio de años vividos el último año de vida;2020;0,685792
Mujeres;4 años;Promedio de años vividos el último año de vida;2019;0,481759
Mujeres;4 años;Riesgo de muerte;2024;0,082925
Mujeres;4 años;Riesgo de muerte;2020;0,019095
Mujeres;4 años;Riesgo de muerte;2019;0,089772
Mujeres;4 años;Supervivientes;2024;99.694,303988
Mujeres;4 años;Supervivientes;2020;99.735,454974
Mujeres;4 años;Supervivientes;2019;99.724,974502
Mujeres;4 años;Defunciones teóricas;2024;8,267112
Mujeres;4 años;Defunciones teóricas;2020;1,904429
Mujeres;4 años;Defunciones teóricas;2019;8,952529
Mujeres;4 años;Población estacionaria;2024;99.689,483765
Mujeres;4 años;Población estacionaria;2020;99.734,856588
Mujeres;4 años;Población estacionaria;2019;99.720,334936
Mujeres;4 años;Tiempo por vivir;2024;8.253.934,391000
Mujeres;4 años;Tiempo por vivir;2020;8.104.474,098500
Mujeres;4 años;Tiempo por vivir;2019;8.220.457,804100
Mujeres;4 años;Esperanza de vida;2024;82,792437
Mujeres;4 años;Esperanza de vida;2020;81,259710
Mujeres;4 años;Esperanza de vida;2019;82,431285
Mujeres;5 años;Tasa de mortalidad;2024;0,073390
Mujeres;5 años;Tasa de mortalidad;2020;0,051450
Mujeres;5 años;Tasa de mortalidad;2019;0,051721
Mujeres;5 años;Promedio de años vividos el último año de vida;2024;0,401639
Mujeres;5 años;Promedio de años vividos el último año de vida;2020;0,580477
Mujeres;5 años;Promedio de años vividos el último año de vida;2019;0,352677
Mujeres;5 años;Riesgo de muerte;2024;0,073386
Mujeres;5 años;Riesgo de muerte;2020;0,051449
Mujeres;5 años;Riesgo de muerte;2019;0,051719
Mujeres;5 años;Supervivientes;2024;99.686,036876
Mujeres;5 años;Supervivientes;2020;99.733,550545
Mujeres;5 años;Supervivientes;2019;99.716,021972
Mujeres;5 años;Defunciones teóricas;2024;7,315592
Mujeres;5 años;Defunciones teóricas;2020;5,131219
Mujeres;5 años;Defunciones teóricas;2019;5,157234
Mujeres;5 años;Población estacionaria;2024;99.681,659514
Mujeres;5 años;Población estacionaria;2020;99.731,397880
Mujeres;5 años;Población estacionaria;2019;99.712,683579
Mujeres;5 años;Tiempo por vivir;2024;8.154.244,907200
Mujeres;5 años;Tiempo por vivir;2020;8.004.739,241900
Mujeres;5 años;Tiempo por vivir;2019;8.120.737,469200
Mujeres;5 años;Esperanza de vida;2024;81,799269
Mujeres;5 años;Esperanza de vida;2020;80,261248
Mujeres;5 años;Esperanza de vida;2019;81,438643
Mujeres;6 años;Tasa de mortalidad;2024;0,034710
Mujeres;6 años;Tasa de mortalidad;2020;0,060560
Mujeres;6 años;Tasa de mortalidad;2019;0,050406
Mujeres;6 años;Promedio de años vividos el último año de vida;2024;0,510929
Mujeres;6 años;Promedio de años vividos el último año de vida;2020;0,436948
Mujeres;6 años;Promedio de años vividos el último año de vida;2019;0,725529
Mujeres;6 años;Riesgo de muerte;2024;0,034710
Mujeres;6 años;Riesgo de muerte;2020;0,060558
Mujeres;6 años;Riesgo de muerte;2019;0,050406
Mujeres;6 años;Supervivientes;2024;99.678,721285
Mujeres;6 años;Supervivientes;2020;99.728,419326
Mujeres;6 años;Supervivientes;2019;99.710,864738
Mujeres;6 años;Defunciones teóricas;2024;3,459839
Mujeres;6 años;Defunciones teóricas;2020;6,039342
Mujeres;6 años;Defunciones teóricas;2019;5,025991
Mujeres;6 años;Población estacionaria;2024;99.677,029177
Mujeres;6 años;Población estacionaria;2020;99.725,018864
Mujeres;6 años;Población estacionaria;2019;99.709,485251
Mujeres;6 años;Tiempo por vivir;2024;8.054.563,247700
Mujeres;6 años;Tiempo por vivir;2020;7.905.007,844000
Mujeres;6 años;Tiempo por vivir;2019;8.021.024,785600
Mujeres;6 años;Esperanza de vida;2024;80,805243
Mujeres;6 años;Esperanza de vida;2020;79,265348
Mujeres;6 años;Esperanza de vida;2019;80,442836
Mujeres;7 años;Tasa de mortalidad;2024;0,079598
Mujeres;7 años;Tasa de mortalidad;2020;0,077212
Mujeres;7 años;Tasa de mortalidad;2019;0,057084
Mujeres;7 años;Promedio de años vividos el último año de vida;2024;0,574413
Mujeres;7 años;Promedio de años vividos el último año de vida;2020;0,482482
Mujeres;7 años;Promedio de años vividos el último año de vida;2019;0,599157
Mujeres;7 años;Riesgo de muerte;2024;0,079595
Mujeres;7 años;Riesgo de muerte;2020;0,077209
Mujeres;7 años;Riesgo de muerte;2019;0,057082
Mujeres;7 años;Supervivientes;2024;99.675,261445
Mujeres;7 años;Supervivientes;2020;99.722,379984
Mujeres;7 años;Supervivientes;2019;99.705,838748
Mujeres;7 años;Defunciones teóricas;2024;7,933635
Mujeres;7 años;Defunciones teóricas;2020;7,699448
Mujeres;7 años;Defunciones teóricas;2019;5,691430
Mujeres;7 años;Población estacionaria;2024;99.671,884996
Mujeres;7 años;Población estacionaria;2020;99.718,395377
Mujeres;7 años;Población estacionaria;2019;99.703,557378
Mujeres;7 años;Tiempo por vivir;2024;7.954.886,218500
Mujeres;7 años;Tiempo por vivir;2020;7.805.282,825100
Mujeres;7 años;Tiempo por vivir;2019;7.921.315,300300
Mujeres;7 años;Esperanza de vida;2024;79,808030
Mujeres;7 años;Esperanza de vida;2020;78,270122
Mujeres;7 años;Esperanza de vida;2019;79,446855
Mujeres;8 años;Tasa de mortalidad;2024;0,067430
Mujeres;8 años;Tasa de mortalidad;2020;0,082765
Mujeres;8 años;Tasa de mortalidad;2019;0,042820
Mujeres;8 años;Promedio de años vividos el último año de vida;2024;0,556284
Mujeres;8 años;Promedio de años vividos el último año de vida;2020;0,527322
Mujeres;8 años;Promedio de años vividos el último año de vida;2019;0,474247
Mujeres;8 años;Riesgo de muerte;2024;0,067428
Mujeres;8 años;Riesgo de muerte;2020;0,082761
Mujeres;8 años;Riesgo de muerte;2019;0,042819
Mujeres;8 años;Supervivientes;2024;99.667,327810
Mujeres;8 años;Supervivientes;2020;99.714,680535
Mujeres;8 años;Supervivientes;2019;99.700,147318
Mujeres;8 años;Defunciones teóricas;2024;6,720373
Mujeres;8 años;Defunciones teóricas;2020;8,252534
Mujeres;8 años;Defunciones teóricas;2019;4,269058
Mujeres;8 años;Población estacionaria;2024;99.664,345874
Mujeres;8 años;Población estacionaria;2020;99.710,779747
Mujeres;8 años;Población estacionaria;2019;99.697,902846
Mujeres;8 años;Tiempo por vivir;2024;7.855.214,333500
Mujeres;8 años;Tiempo por vivir;2020;7.705.564,429800
Mujeres;8 años;Tiempo por vivir;2019;7.821.611,743000
Mujeres;8 años;Esperanza de vida;2024;78,814337
Mujeres;8 años;Esperanza de vida;2020;77,276128
Mujeres;8 años;Esperanza de vida;2019;78,451356
Mujeres;9 años;Tasa de mortalidad;2024;0,035195
Mujeres;9 años;Tasa de mortalidad;2020;0,038237
Mujeres;9 años;Tasa de mortalidad;2019;0,071354
Mujeres;9 años;Promedio de años vividos el último año de vida;2024;0,506489
Mujeres;9 años;Promedio de años vividos el último año de vida;2020;0,419854
Mujeres;9 años;Promedio de años vividos el último año de vida;2019;0,535858
Mujeres;9 años;Riesgo de muerte;2024;0,035194
Mujeres;9 años;Riesgo de muerte;2020;0,038236
Mujeres;9 años;Riesgo de muerte;2019;0,071352
Mujeres;9 años;Supervivientes;2024;99.660,607437
Mujeres;9 años;Supervivientes;2020;99.706,428001
Mujeres;9 años;Supervivientes;2019;99.695,878260
Mujeres;9 años;Defunciones teóricas;2024;3,507446
Mujeres;9 años;Defunciones teóricas;2020;3,812418
Mujeres;9 años;Defunciones teóricas;2019;7,113454
Mujeres;9 años;Población estacionaria;2024;99.658,876474
Mujeres;9 años;Población estacionaria;2020;99.704,216243
Mujeres;9 años;Población estacionaria;2019;99.692,576608
Mujeres;9 años;Tiempo por vivir;2024;7.755.549,987700
Mujeres;9 años;Tiempo por vivir;2020;7.605.853,650000
Mujeres;9 años;Tiempo por vivir;2019;7.721.913,840100
Mujeres;9 años;Esperanza de vida;2024;77,819614
Mujeres;9 años;Esperanza de vida;2020;76,282481
Mujeres;9 años;Esperanza de vida;2019;77,454695
Mujeres;10 años;Tasa de mortalidad;2024;0,056946
Mujeres;10 años;Tasa de mortalidad;2020;0,045817
Mujeres;10 años;Tasa de mortalidad;2019;0,077233
Mujeres;10 años;Promedio de años vividos el último año de vida;2024;0,521648
Mujeres;10 años;Promedio de años vividos el último año de vida;2020;0,606806
Mujeres;10 años;Promedio de años vividos el último año de vida;2019;0,494304
Mujeres;10 años;Riesgo de muerte;2024;0,056944
Mujeres;10 años;Riesgo de muerte;2020;0,045816
Mujeres;10 años;Riesgo de muerte;2019;0,077230
Mujeres;10 años;Supervivientes;2024;99.657,099991
Mujeres;10 años;Supervivientes;2020;99.702,615583
Mujeres;10 años;Supervivientes;2019;99.688,764806
Mujeres;10 años;Defunciones teóricas;2024;5,674915
Mujeres;10 años;Defunciones teóricas;2020;4,567976
Mujeres;10 años;Defunciones teóricas;2019;7,698920
Mujeres;10 años;Población estacionaria;2024;99.654,385383
Mujeres;10 años;Población estacionaria;2020;99.700,819481
Mujeres;10 años;Población estacionaria;2019;99.684,871495
Mujeres;10 años;Tiempo por vivir;2024;7.655.891,111200
Mujeres;10 años;Tiempo por vivir;2020;7.506.149,433800
Mujeres;10 años;Tiempo por vivir;2019;7.622.221,263500
Mujeres;10 años;Esperanza de vida;2024;76,822335
Mujeres;10 años;Esperanza de vida;2020;75,285381
Mujeres;10 años;Esperanza de vida;2019;76,460184
Mujeres;11 años;Tasa de mortalidad;2024;0,081367
Mujeres;11 años;Tasa de mortalidad;2020;0,068646
Mujeres;11 años;Tasa de mortalidad;2019;0,044414
Mujeres;11 años;Promedio de años vividos el último año de vida;2024;0,384383
Mujeres;11 años;Promedio de años vividos el último año de vida;2020;0,469945
Mujeres;11 años;Promedio de años vividos el último año de vida;2019;0,547198
Mujeres;11 años;Riesgo de muerte;2024;0,081363
Mujeres;11 años;Riesgo de muerte;2020;0,068643
Mujeres;11 años;Riesgo de muerte;2019;0,044413
Mujeres;11 años;Supervivientes;2024;99.651,425076
Mujeres;11 años;Supervivientes;2020;99.698,047607
Mujeres;11 años;Supervivientes;2019;99.681,065886
Mujeres;11 años;Defunciones teóricas;2024;8,107948
Mujeres;11 años;Defunciones teóricas;2020;6,843603
Mujeres;11 años;Defunciones teóricas;2019;4,427153
Mujeres;11 años;Población estacionaria;2024;99.646,433686
Mujeres;11 años;Población estacionaria;2020;99.694,420123
Mujeres;11 años;Población estacionaria;2019;99.679,061263
Mujeres;11 años;Tiempo por vivir;2024;7.556.236,725800
Mujeres;11 años;Tiempo por vivir;2020;7.406.448,614300
Mujeres;11 años;Tiempo por vivir;2019;7.522.536,392000
Mujeres;11 años;Esperanza de vida;2024;75,826680
Mujeres;11 años;Esperanza de vida;2020;74,288803
Mujeres;11 años;Esperanza de vida;2019;75,466051
Mujeres;12 años;Tasa de mortalidad;2024;0,061847
Mujeres;12 años;Tasa de mortalidad;2020;0,060225
Mujeres;12 años;Tasa de mortalidad;2019;0,037071
Mujeres;12 años;Promedio de años vividos el último año de vida;2024;0,624590
Mujeres;12 años;Promedio de años vividos el último año de vida;2020;0,349545
Mujeres;12 años;Promedio de años vividos el último año de vida;2019;0,315373
Mujeres;12 años;Riesgo de muerte;2024;0,061845
Mujeres;12 años;Riesgo de muerte;2020;0,060223
Mujeres;12 años;Riesgo de muerte;2019;0,037070
Mujeres;12 años;Supervivientes;2024;99.643,317128
Mujeres;12 años;Supervivientes;2020;99.691,204004
Mujeres;12 años;Supervivientes;2019;99.676,638734
Mujeres;12 años;Defunciones teóricas;2024;6,162453
Mujeres;12 años;Defunciones teóricas;2020;6,003694
Mujeres;12 años;Defunciones teóricas;2019;3,695024
Mujeres;12 años;Población estacionaria;2024;99.641,003682
Mujeres;12 años;Población estacionaria;2020;99.687,298869
Mujeres;12 años;Población estacionaria;2019;99.674,109020
Mujeres;12 años;Tiempo por vivir;2024;7.456.590,292100
Mujeres;12 años;Tiempo por vivir;2020;7.306.754,194200
Mujeres;12 años;Tiempo por vivir;2019;7.422.857,330700
Mujeres;12 años;Esperanza de vida;2024;74,832819
Mujeres;12 años;Esperanza de vida;2020;73,293870
Mujeres;12 años;Esperanza de vida;2019;74,469378
Mujeres;13 años;Tasa de mortalidad;2024;0,064441
Mujeres;13 años;Tasa de mortalidad;2020;0,049123
Mujeres;13 años;Tasa de mortalidad;2019;0,091397
Mujeres;13 años;Promedio de años vividos el último año de vida;2024;0,623805
Mujeres;13 años;Promedio de años vividos el último año de vida;2020;0,617259
Mujeres;13 años;Promedio de años vividos el último año de vida;2019;0,542341
Mujeres;13 años;Riesgo de muerte;2024;0,064439
Mujeres;13 años;Riesgo de muerte;2020;0,049122
Mujeres;13 años;Riesgo de muerte;2019;0,091393
Mujeres;13 años;Supervivientes;2024;99.637,154675
Mujeres;13 años;Supervivientes;2020;99.685,200310
Mujeres;13 años;Supervivientes;2019;99.672,943709
Mujeres;13 años;Defunciones teóricas;2024;6,420551
Mujeres;13 años;Defunciones teóricas;2020;4,896699
Mujeres;13 años;Defunciones teóricas;2019;9,109411
Mujeres;13 años;Población estacionaria;2024;99.634,739293
Mujeres;13 años;Población estacionaria;2020;99.683,326141
Mujeres;13 años;Población estacionaria;2019;99.668,774708
Mujeres;13 años;Tiempo por vivir;2024;7.356.949,288400
Mujeres;13 años;Tiempo por vivir;2020;7.207.066,895300
Mujeres;13 años;Tiempo por vivir;2019;7.323.183,221700
Mujeres;13 años;Esperanza de vida;2024;73,837408
Mujeres;13 años;Esperanza de vida;2020;72,298264
Mujeres;13 años;Esperanza de vida;2019;73,472127
Mujeres;14 años;Tasa de mortalidad;2024;0,083076
Mujeres;14 años;Tasa de mortalidad;2020;0,099108
Mujeres;14 años;Tasa de mortalidad;2019;0,101071
Mujeres;14 años;Promedio de años vividos el último año de vida;2024;0,531095
Mujeres;14 años;Promedio de años vividos el último año de vida;2020;0,443989
Mujeres;14 años;Promedio de años vividos el último año de vida;2019;0,513242
Mujeres;14 años;Riesgo de muerte;2024;0,083072
Mujeres;14 años;Riesgo de muerte;2020;0,099103
Mujeres;14 años;Riesgo de muerte;2019;0,101066
Mujeres;14 años;Supervivientes;2024;99.630,734124
Mujeres;14 años;Supervivientes;2020;99.680,303611
Mujeres;14 años;Supervivientes;2019;99.663,834299
Mujeres;14 años;Defunciones teóricas;2024;8,276553
Mujeres;14 años;Defunciones teóricas;2020;9,878574
Mujeres;14 años;Defunciones teóricas;2019;10,072669
Mujeres;14 años;Población estacionaria;2024;99.626,853211
Mujeres;14 años;Población estacionaria;2020;99.674,811016
Mujeres;14 años;Población estacionaria;2019;99.658,931346
Mujeres;14 años;Tiempo por vivir;2024;7.257.314,549100
Mujeres;14 años;Tiempo por vivir;2020;7.107.383,569200
Mujeres;14 años;Tiempo por vivir;2019;7.223.514,447000
Mujeres;14 años;Esperanza de vida;2024;72,842127
Mujeres;14 años;Esperanza de vida;2020;71,301785
Mujeres;14 años;Esperanza de vida;2019;72,478793
Mujeres;15 años;Tasa de mortalidad;2024;0,099927
Mujeres;15 años;Tasa de mortalidad;2020;0,112938
Mujeres;15 años;Tasa de mortalidad;2019;0,059627
Mujeres;15 años;Promedio de años vividos el último año de vida;2024;0,548655
Mujeres;15 años;Promedio de años vividos el último año de vida;2020;0,477838
Mujeres;15 años;Promedio de años vividos el último año de vida;2019;0,539139
Mujeres;15 años;Riesgo de muerte;2024;0,099922
Mujeres;15 años;Riesgo de muerte;2020;0,112931
Mujeres;15 años;Riesgo de muerte;2019;0,059625
Mujeres;15 años;Supervivientes;2024;99.622,457571
Mujeres;15 años;Supervivientes;2020;99.670,425037
Mujeres;15 años;Supervivientes;2019;99.653,761629
Mujeres;15 años;Defunciones teóricas;2024;9,954502
Mujeres;15 años;Defunciones teóricas;2020;11,255872
Mujeres;15 años;Defunciones teóricas;2019;5,941869
Mujeres;15 años;Población estacionaria;2024;99.617,964655
Mujeres;15 años;Población estacionaria;2020;99.664,547654
Mujeres;15 años;Población estacionaria;2019;99.651,023253
Mujeres;15 años;Tiempo por vivir;2024;7.157.687,695900
Mujeres;15 años;Tiempo por vivir;2020;7.007.708,758200
Mujeres;15 años;Tiempo por vivir;2019;7.123.855,515700
Mujeres;15 años;Esperanza de vida;2024;71,848134
Mujeres;15 años;Esperanza de vida;2020;70,308808
Mujeres;15 años;Esperanza de vida;2019;71,486067
Mujeres;16 años;Tasa de mortalidad;2024;0,119009
Mujeres;16 años;Tasa de mortalidad;2020;0,110011
Mujeres;16 años;Tasa de mortalidad;2019;0,113593
Mujeres;16 años;Promedio de años vividos el último año de vida;2024;0,527411
Mujeres;16 años;Promedio de años vividos el último año de vida;2020;0,434006
Mujeres;16 años;Promedio de años vividos el último año de vida;2019;0,476185
Mujeres;16 años;Riesgo de muerte;2024;0,119002
Mujeres;16 años;Riesgo de muerte;2020;0,110005
Mujeres;16 años;Riesgo de muerte;2019;0,113586
Mujeres;16 años;Supervivientes;2024;99.612,503069
Mujeres;16 años;Supervivientes;2020;99.659,169165
Mujeres;16 años;Supervivientes;2019;99.647,819760
Mujeres;16 años;Defunciones teóricas;2024;11,854129
Mujeres;16 años;Defunciones teóricas;2020;10,962959
Mujeres;16 años;Defunciones teóricas;2019;11,318643
Mujeres;16 años;Población estacionaria;2024;99.606,900932
Mujeres;16 años;Población estacionaria;2020;99.652,964195
Mujeres;16 años;Población estacionaria;2019;99.641,890891
Mujeres;16 años;Tiempo por vivir;2024;7.058.069,731300
Mujeres;16 años;Tiempo por vivir;2020;6.908.044,210500
Mujeres;16 años;Tiempo por vivir;2019;7.024.204,492400
Mujeres;16 años;Esperanza de vida;2024;70,855259
Mujeres;16 años;Esperanza de vida;2020;69,316695
Mujeres;16 años;Esperanza de vida;2019;70,490298
Mujeres;17 años;Tasa de mortalidad;2024;0,093994
Mujeres;17 años;Tasa de mortalidad;2020;0,125850
Mujeres;17 años;Tasa de mortalidad;2019;0,115985
Mujeres;17 años;Promedio de años vividos el último año de vida;2024;0,545993
Mujeres;17 años;Promedio de años vividos el último año de vida;2020;0,568400
Mujeres;17 años;Promedio de años vividos el último año de vida;2019;0,576080
Mujeres;17 años;Riesgo de muerte;2024;0,093990
Mujeres;17 años;Riesgo de muerte;2020;0,125843
Mujeres;17 años;Riesgo de muerte;2019;0,115980
Mujeres;17 años;Supervivientes;2024;99.600,648940
Mujeres;17 años;Supervivientes;2020;99.648,206206
Mujeres;17 años;Supervivientes;2019;99.636,501118
Mujeres;17 años;Defunciones teóricas;2024;9,361439
Mujeres;17 años;Defunciones teóricas;2020;12,540048
Mujeres;17 años;Defunciones teóricas;2019;11,555808
Mujeres;17 años;Población estacionaria;2024;99.596,398779
Mujeres;17 años;Población estacionaria;2020;99.642,793925
Mujeres;17 años;Población estacionaria;2019;99.631,602381
Mujeres;17 años;Tiempo por vivir;2024;6.958.462,830300
Mujeres;17 años;Tiempo por vivir;2020;6.808.391,246300
Mujeres;17 años;Tiempo por vivir;2019;6.924.562,601500
Mujeres;17 años;Esperanza de vida;2024;69,863629
Mujeres;17 años;Esperanza de vida;2020;68,324273
Mujeres;17 años;Esperanza de vida;2019;69,498251
Mujeres;18 años;Tasa de mortalidad;2024;0,101440
Mujeres;18 años;Tasa de mortalidad;2020;0,118847
Mujeres;18 años;Tasa de mortalidad;2019;0,097651
Mujeres;18 años;Promedio de años vividos el último año de vida;2024;0,498424
Mujeres;18 años;Promedio de años vividos el último año de vida;2020;0,548877
Mujeres;18 años;Promedio de años vividos el último año de vida;2019;0,450436
Mujeres;18 años;Riesgo de muerte;2024;0,101435
Mujeres;18 años;Riesgo de muerte;2020;0,118840
Mujeres;18 años;Riesgo de muerte;2019;0,097646
Mujeres;18 años;Supervivientes;2024;99.591,287501
Mujeres;18 años;Supervivientes;2020;99.635,666159
Mujeres;18 años;Supervivientes;2019;99.624,945310
Mujeres;18 años;Defunciones teóricas;2024;10,102076
Mujeres;18 años;Defunciones teóricas;2020;11,840724
Mujeres;18 años;Defunciones teóricas;2019;9,727988
Mujeres;18 años;Población estacionaria;2024;99.586,220540
Mujeres;18 años;Población estacionaria;2020;99.630,324533
Mujeres;18 años;Población estacionaria;2019;99.619,599157
Mujeres;18 años;Tiempo por vivir;2024;6.858.866,431600
Mujeres;18 años;Tiempo por vivir;2020;6.708.748,452400
Mujeres;18 años;Tiempo por vivir;2019;6.824.930,999200
Mujeres;18 años;Esperanza de vida;2024;68,870145
Mujeres;18 años;Esperanza de vida;2020;67,332801
Mujeres;18 años;Esperanza de vida;2019;68,506246
Mujeres;19 años;Tasa de mortalidad;2024;0,116451
Mujeres;19 años;Tasa de mortalidad;2020;0,113217
Mujeres;19 años;Tasa de mortalidad;2019;0,146253
Mujeres;19 años;Promedio de años vividos el último año de vida;2024;0,562386
Mujeres;19 años;Promedio de años vividos el último año de vida;2020;0,505570
Mujeres;19 años;Promedio de años vividos el último año de vida;2019;0,490245
Mujeres;19 años;Riesgo de muerte;2024;0,116445
Mujeres;19 años;Riesgo de muerte;2020;0,113211
Mujeres;19 años;Riesgo de muerte;2019;0,146242
Mujeres;19 años;Supervivientes;2024;99.581,185426
Mujeres;19 años;Supervivientes;2020;99.623,825435
Mujeres;19 años;Supervivientes;2019;99.615,217322
Mujeres;19 años;Defunciones teóricas;2024;11,595694
Mujeres;19 años;Defunciones teóricas;2020;11,278500
Mujeres;19 años;Defunciones teóricas;2019;14,567954
Mujeres;19 años;Población estacionaria;2024;99.576,110989
Mujeres;19 años;Población estacionaria;2020;99.618,249001
Mujeres;19 años;Población estacionaria;2019;99.607,791233
Mujeres;19 años;Tiempo por vivir;2024;6.759.280,211000
Mujeres;19 años;Tiempo por vivir;2020;6.609.118,127800
Mujeres;19 años;Tiempo por vivir;2019;6.725.311,400000
Mujeres;19 años;Esperanza de vida;2024;67,877081
Mujeres;19 años;Esperanza de vida;2020;66,340738
Mujeres;19 años;Esperanza de vida;2019;67,512892
Mujeres;20 años;Tasa de mortalidad;2024;0,185754
Mujeres;20 años;Tasa de mortalidad;2020;0,117220
Mujeres;20 años;Tasa de mortalidad;2019;0,148593
Mujeres;20 años;Promedio de años vividos el último año de vida;2024;0,483777
Mujeres;20 años;Promedio de años vividos el último año de vida;2020;0,480166
Mujeres;20 años;Promedio de años vividos el último año de vida;2019;0,505770
Mujeres;20 años;Riesgo de muerte;2024;0,185737
Mujeres;20 años;Riesgo de muerte;2020;0,117213
Mujeres;20 años;Riesgo de muerte;2019;0,148582
Mujeres;20 años;Supervivientes;2024;99.569,589731
Mujeres;20 años;Supervivientes;2020;99.612,546935
Mujeres;20 años;Supervivientes;2019;99.600,649368
Mujeres;20 años;Defunciones teóricas;2024;18,493710
Mujeres;20 años;Defunciones teóricas;2020;11,675868
Mujeres;20 años;Defunciones teóricas;2019;14,798871
Mujeres;20 años;Población estacionaria;2024;99.560,042859
Mujeres;20 años;Población estacionaria;2020;99.606,477421
Mujeres;20 años;Población estacionaria;2019;99.593,335322
Mujeres;20 años;Tiempo por vivir;2024;6.659.704,100000
Mujeres;20 años;Tiempo por vivir;2020;6.509.499,878800
Mujeres;20 años;Tiempo por vivir;2019;6.625.703,608800
Mujeres;20 años;Esperanza de vida;2024;66,884921
Mujeres;20 años;Esperanza de vida;2020;65,348192
Mujeres;20 años;Esperanza de vida;2019;66,522695
Mujeres;21 años;Tasa de mortalidad;2024;0,129203
Mujeres;21 años;Tasa de mortalidad;2020;0,105825
Mujeres;21 años;Tasa de mortalidad;2019;0,125985
Mujeres;21 años;Promedio de años vividos el último año de vida;2024;0,575509
Mujeres;21 años;Promedio de años vividos el último año de vida;2020;0,448315
Mujeres;21 años;Promedio de años vividos el último año de vida;2019;0,439530
Mujeres;21 años;Riesgo de muerte;2024;0,129196
Mujeres;21 años;Riesgo de muerte;2020;0,105819
Mujeres;21 años;Riesgo de muerte;2019;0,125977
Mujeres;21 años;Supervivientes;2024;99.551,096022
Mujeres;21 años;Supervivientes;2020;99.600,871067
Mujeres;21 años;Supervivientes;2019;99.585,850497
Mujeres;21 años;Defunciones teóricas;2024;12,861636
Mujeres;21 años;Defunciones teóricas;2020;10,539643
Mujeres;21 años;Defunciones teóricas;2019;12,545484
Mujeres;21 años;Población estacionaria;2024;99.545,636375
Mujeres;21 años;Población estacionaria;2020;99.595,056505
Mujeres;21 años;Población estacionaria;2019;99.578,819134
Mujeres;21 años;Tiempo por vivir;2024;6.560.144,057200
Mujeres;21 años;Tiempo por vivir;2020;6.409.893,401400
Mujeres;21 años;Tiempo por vivir;2019;6.526.110,273400
Mujeres;21 años;Esperanza de vida;2024;65,897256
Mujeres;21 años;Esperanza de vida;2020;64,355797
Mujeres;21 años;Esperanza de vida;2019;65,532505
Mujeres;22 años;Tasa de mortalidad;2024;0,130203
Mujeres;22 años;Tasa de mortalidad;2020;0,118581
Mujeres;22 años;Tasa de mortalidad;2019;0,137225
Mujeres;22 años;Promedio de años vividos el último año de vida;2024;0,529806
Mujeres;22 años;Promedio de años vividos el último año de vida;2020;0,466808
Mujeres;22 años;Promedio de años vividos el último año de vida;2019;0,451259
Mujeres;22 años;Riesgo de muerte;2024;0,130195
Mujeres;22 años;Riesgo de muerte;2020;0,118573
Mujeres;22 años;Riesgo de muerte;2019;0,137214
Mujeres;22 años;Supervivientes;2024;99.538,234385
Mujeres;22 años;Supervivientes;2020;99.590,331424
Mujeres;22 años;Supervivientes;2019;99.573,305014
Mujeres;22 años;Defunciones teóricas;2024;12,959407
Mujeres;22 años;Defunciones teóricas;2020;11,808731
Mujeres;22 años;Defunciones teóricas;2019;13,662899
Mujeres;22 años;Población estacionaria;2024;99.532,140953
Mujeres;22 años;Población estacionaria;2020;99.584,035107
Mujeres;22 años;Población estacionaria;2019;99.565,807626
Mujeres;22 años;Tiempo por vivir;2024;6.460.598,420800
Mujeres;22 años;Tiempo por vivir;2020;6.310.298,344900
Mujeres;22 años;Tiempo por vivir;2019;6.426.531,454300
Mujeres;22 años;Esperanza de vida;2024;64,905696
Mujeres;22 años;Esperanza de vida;2020;63,362560
Mujeres;22 años;Esperanza de vida;2019;64,540707
Mujeres;23 años;Tasa de mortalidad;2024;0,112805
Mujeres;23 años;Tasa de mortalidad;2020;0,142428
Mujeres;23 años;Tasa de mortalidad;2019;0,118831
Mujeres;23 años;Promedio de años vividos el último año de vida;2024;0,506030
Mujeres;23 años;Promedio de años vividos el último año de vida;2020;0,419109
Mujeres;23 años;Promedio de años vividos el último año de vida;2019;0,584982
Mujeres;23 años;Riesgo de muerte;2024;0,112798
Mujeres;23 años;Riesgo de muerte;2020;0,142416
Mujeres;23 años;Riesgo de muerte;2019;0,118826
Mujeres;23 años;Supervivientes;2024;99.525,274979
Mujeres;23 años;Supervivientes;2020;99.578,522693
Mujeres;23 años;Supervivientes;2019;99.559,642115
Mujeres;23 años;Defunciones teóricas;2024;11,226288
Mujeres;23 años;Defunciones teóricas;2020;14,181591
Mujeres;23 años;Defunciones teóricas;2019;11,830227
Mujeres;23 años;Población estacionaria;2024;99.519,729527
Mujeres;23 años;Población estacionaria;2020;99.570,284737
Mujeres;23 años;Población estacionaria;2019;99.554,732361
Mujeres;23 años;Tiempo por vivir;2024;6.361.066,279800
Mujeres;23 años;Tiempo por vivir;2020;6.210.714,309800
Mujeres;23 años;Tiempo por vivir;2019;6.326.965,646700
Mujeres;23 años;Esperanza de vida;2024;63,914079
Mujeres;23 años;Esperanza de vida;2020;62,370019
Mujeres;23 años;Esperanza de vida;2019;63,549502
Mujeres;24 años;Tasa de mortalidad;2024;0,143038
Mujeres;24 años;Tasa de mortalidad;2020;0,158714
Mujeres;24 años;Tasa de mortalidad;2019;0,155829
Mujeres;24 años;Promedio de años vividos el último año de vida;2024;0,494019
Mujeres;24 años;Promedio de años vividos el último año de vida;2020;0,519495
Mujeres;24 años;Promedio de años vividos el último año de vida;2019;0,515221
Mujeres;24 años;Riesgo de muerte;2024;0,143028
Mujeres;24 años;Riesgo de muerte;2020;0,158702
Mujeres;24 años;Riesgo de muerte;2019;0,155817
Mujeres;24 años;Supervivientes;2024;99.514,048691
Mujeres;24 años;Supervivientes;2020;99.564,341102
Mujeres;24 años;Supervivientes;2019;99.547,811888
Mujeres;24 años;Defunciones teóricas;2024;14,233273
Mujeres;24 años;Defunciones teóricas;2020;15,801021
Mujeres;24 años;Defunciones teóricas;2019;15,511229
Mujeres;24 años;Población estacionaria;2024;99.506,846919
Mujeres;24 años;Población estacionaria;2020;99.556,748631
Mujeres;24 años;Población estacionaria;2019;99.540,292365
Mujeres;24 años;Tiempo por vivir;2024;6.261.546,550300
Mujeres;24 años;Tiempo por vivir;2020;6.111.144,025100
Mujeres;24 años;Tiempo por vivir;2019;6.227.410,914300
Mujeres;24 años;Esperanza de vida;2024;62,921232
Mujeres;24 años;Esperanza de vida;2020;61,378843
Mujeres;24 años;Esperanza de vida;2019;62,556984
Mujeres;25 años;Tasa de mortalidad;2024;0,172378
Mujeres;25 años;Tasa de mortalidad;2020;0,172864
Mujeres;25 años;Tasa de mortalidad;2019;0,167480
Mujeres;25 años;Promedio de años vividos el último año de vida;2024;0,504471
Mujeres;25 años;Promedio de años vividos el último año de vida;2020;0,454085
Mujeres;25 años;Promedio de años vividos el último año de vida;2019;0,467671
Mujeres;25 años;Riesgo de muerte;2024;0,172363
Mujeres;25 años;Riesgo de muerte;2020;0,172848
Mujeres;25 años;Riesgo de muerte;2019;0,167465
Mujeres;25 años;Supervivientes;2024;99.499,815418
Mujeres;25 años;Supervivientes;2020;99.548,540082
Mujeres;25 años;Supervivientes;2019;99.532,300659
Mujeres;25 años;Defunciones teóricas;2024;17,150102
Mujeres;25 años;Defunciones teóricas;2020;17,206756
Mujeres;25 años;Defunciones teóricas;2019;16,668182
Mujeres;25 años;Población estacionaria;2024;99.491,317043
Mujeres;25 años;Población estacionaria;2020;99.539,146656
Mujeres;25 años;Población estacionaria;2019;99.523,427706
Mujeres;25 años;Tiempo por vivir;2024;6.162.039,703400
Mujeres;25 años;Tiempo por vivir;2020;6.011.587,276400
Mujeres;25 años;Tiempo por vivir;2019;6.127.870,622000
Mujeres;25 años;Esperanza de vida;2024;61,930162
Mujeres;25 años;Esperanza de vida;2020;60,388503
Mujeres;25 años;Esperanza de vida;2019;61,566653
Mujeres;26 años;Tasa de mortalidad;2024;0,159599
Mujeres;26 años;Tasa de mortalidad;2020;0,191972
Mujeres;26 años;Tasa de mortalidad;2019;0,161042
Mujeres;26 años;Promedio de años vividos el último año de vida;2024;0,491603
Mujeres;26 años;Promedio de años vividos el último año de vida;2020;0,517789
Mujeres;26 años;Promedio de años vividos el último año de vida;2019;0,471301
Mujeres;26 años;Riesgo de muerte;2024;0,159586
Mujeres;26 años;Riesgo de muerte;2020;0,191954
Mujeres;26 años;Riesgo de muerte;2019;0,161029
Mujeres;26 años;Supervivientes;2024;99.482,665315
Mujeres;26 años;Supervivientes;2020;99.531,333325
Mujeres;26 años;Supervivientes;2019;99.515,632476
Mujeres;26 años;Defunciones teóricas;2024;15,876015
Mujeres;26 años;Defunciones teóricas;2020;19,105411
Mujeres;26 años;Defunciones teóricas;2019;16,024870
Mujeres;26 años;Población estacionaria;2024;99.474,594003
Mujeres;26 años;Población estacionaria;2020;99.522,120479
Mujeres;26 años;Población estacionaria;2019;99.507,160150
Mujeres;26 años;Tiempo por vivir;2024;6.062.548,386400
Mujeres;26 años;Tiempo por vivir;2020;5.912.048,129800
Mujeres;26 años;Tiempo por vivir;2019;6.028.347,194200
Mujeres;26 años;Esperanza de vida;2024;60,940752
Mujeres;26 años;Esperanza de vida;2020;59,398864
Mujeres;26 años;Esperanza de vida;2019;60,576887
Mujeres;27 años;Tasa de mortalidad;2024;0,160938
Mujeres;27 años;Tasa de mortalidad;2020;0,196714
Mujeres;27 años;Tasa de mortalidad;2019;0,173923
Mujeres;27 años;Promedio de años vividos el último año de vida;2024;0,493820
Mujeres;27 años;Promedio de años vividos el último año de vida;2020;0,443661
Mujeres;27 años;Promedio de años vividos el último año de vida;2019;0,482690
Mujeres;27 años;Riesgo de muerte;2024;0,160925
Mujeres;27 años;Riesgo de muerte;2020;0,196693
Mujeres;27 años;Riesgo de muerte;2019;0,173907
Mujeres;27 años;Supervivientes;2024;99.466,789300
Mujeres;27 años;Supervivientes;2020;99.512,227914
Mujeres;27 años;Supervivientes;2019;99.499,607607
Mujeres;27 años;Defunciones teóricas;2024;16,006725
Mujeres;27 años;Defunciones teóricas;2020;19,573320
Mujeres;27 años;Defunciones teóricas;2019;17,303679
Mujeres;27 años;Población estacionaria;2024;99.458,687015
Mujeres;27 años;Población estacionaria;2020;99.501,338517
Mujeres;27 años;Población estacionaria;2019;99.490,656239
Mujeres;27 años;Tiempo por vivir;2024;5.963.073,792300
Mujeres;27 años;Tiempo por vivir;2020;5.812.526,009300
Mujeres;27 años;Tiempo por vivir;2019;5.928.840,034100
Mujeres;27 años;Esperanza de vida;2024;59,950400
Mujeres;27 años;Esperanza de vida;2020;58,410169
Mujeres;27 años;Esperanza de vida;2019;59,586567
Mujeres;28 años;Tasa de mortalidad;2024;0,167838
Mujeres;28 años;Tasa de mortalidad;2020;0,197336
Mujeres;28 años;Tasa de mortalidad;2019;0,168116
Mujeres;28 años;Promedio de años vividos el último año de vida;2024;0,517946
Mujeres;28 años;Promedio de años vividos el último año de vida;2020;0,485482
Mujeres;28 años;Promedio de años vividos el último año de vida;2019;0,497420
Mujeres;28 años;Riesgo de muerte;2024;0,167825
Mujeres;28 años;Riesgo de muerte;2020;0,197316
Mujeres;28 años;Riesgo de muerte;2019;0,168102
Mujeres;28 años;Supervivientes;2024;99.450,782575
Mujeres;28 años;Supervivientes;2020;99.492,654594
Mujeres;28 años;Supervivientes;2019;99.482,303928
Mujeres;28 años;Defunciones teóricas;2024;16,690305
Mujeres;28 años;Defunciones teóricas;2020;19,631501
Mujeres;28 años;Defunciones teóricas;2019;16,723173
Mujeres;28 años;Población estacionaria;2024;99.442,736944
Mujeres;28 años;Población estacionaria;2020;99.482,553827
Mujeres;28 años;Población estacionaria;2019;99.473,899188
Mujeres;28 años;Tiempo por vivir;2024;5.863.615,105300
Mujeres;28 años;Tiempo por vivir;2020;5.713.024,670800
Mujeres;28 años;Tiempo por vivir;2019;5.829.349,377900
Mujeres;28 años;Esperanza de vida;2024;58,959969
Mujeres;28 años;Esperanza de vida;2020;57,421572
Mujeres;28 años;Esperanza de vida;2019;58,596847
Mujeres;29 años;Tasa de mortalidad;2024;0,214531
Mujeres;29 años;Tasa de mortalidad;2020;0,187829
Mujeres;29 años;Tasa de mortalidad;2019;0,206308
Mujeres;29 años;Promedio de años vividos el último año de vida;2024;0,456092
Mujeres;29 años;Promedio de años vividos el último año de vida;2020;0,581967
Mujeres;29 años;Promedio de años vividos el último año de vida;2019;0,458803
Mujeres;29 años;Riesgo de muerte;2024;0,214506
Mujeres;29 años;Riesgo de muerte;2020;0,187814
Mujeres;29 años;Riesgo de muerte;2019;0,206285
Mujeres;29 años;Supervivientes;2024;99.434,092270
Mujeres;29 años;Supervivientes;2020;99.473,023094
Mujeres;29 años;Supervivientes;2019;99.465,580755
Mujeres;29 años;Defunciones teóricas;2024;21,329197
Mujeres;29 años;Defunciones teóricas;2020;18,682464
Mujeres;29 años;Defunciones teóricas;2019;20,518290
Mujeres;29 años;Población estacionaria;2024;99.422,491158
Mujeres;29 años;Población estacionaria;2020;99.465,213211
Mujeres;29 años;Población estacionaria;2019;99.454,476311
Mujeres;29 años;Tiempo por vivir;2024;5.764.172,368400
Mujeres;29 años;Tiempo por vivir;2020;5.613.542,117000
Mujeres;29 años;Tiempo por vivir;2019;5.729.875,478700
Mujeres;29 años;Esperanza de vida;2024;57,969779
Mujeres;29 años;Esperanza de vida;2020;56,432809
Mujeres;29 años;Esperanza de vida;2019;57,606616
Mujeres;30 años;Tasa de mortalidad;2024;0,176402
Mujeres;30 años;Tasa de mortalidad;2020;0,217445
Mujeres;30 años;Tasa de mortalidad;2019;0,197698
Mujeres;30 años;Promedio de años vividos el último año de vida;2024;0,493796
Mujeres;30 años;Promedio de años vividos el último año de vida;2020;0,563030
Mujeres;30 años;Promedio de años vividos el último año de vida;2019;0,429413
Mujeres;30 años;Riesgo de muerte;2024;0,176387
Mujeres;30 años;Riesgo de muerte;2020;0,217425
Mujeres;30 años;Riesgo de muerte;2019;0,197675
Mujeres;30 años;Supervivientes;2024;99.412,763073
Mujeres;30 años;Supervivientes;2020;99.454,340629
Mujeres;30 años;Supervivientes;2019;99.445,062465
Mujeres;30 años;Defunciones teóricas;2024;17,535073
Mujeres;30 años;Defunciones teóricas;2020;21,623840
Mujeres;30 años;Defunciones teóricas;2019;19,657829
Mujeres;30 años;Población estacionaria;2024;99.403,886740
Mujeres;30 años;Población estacionaria;2020;99.444,891659
Mujeres;30 años;Población estacionaria;2019;99.433,845969
Mujeres;30 años;Tiempo por vivir;2024;5.664.749,877200
Mujeres;30 años;Tiempo por vivir;2020;5.514.076,903800
Mujeres;30 años;Tiempo por vivir;2019;5.630.421,002400
Mujeres;30 años;Esperanza de vida;2024;56,982119
Mujeres;30 años;Esperanza de vida;2020;55,443301
Mujeres;30 años;Esperanza de vida;2019;56,618407
Mujeres;31 años;Tasa de mortalidad;2024;0,199954
Mujeres;31 años;Tasa de mortalidad;2020;0,260232
Mujeres;31 años;Tasa de mortalidad;2019;0,244698
Mujeres;31 años;Promedio de años vividos el último año de vida;2024;0,541130
Mujeres;31 años;Promedio de años vividos el último año de vida;2020;0,506504
Mujeres;31 años;Promedio de años vividos el último año de vida;2019;0,441750
Mujeres;31 años;Riesgo de muerte;2024;0,199935
Mujeres;31 años;Riesgo de muerte;2020;0,260198
Mujeres;31 años;Riesgo de muerte;2019;0,244665
Mujeres;31 años;Supervivientes;2024;99.395,228000
Mujeres;31 años;Supervivientes;2020;99.432,716789
Mujeres;31 años;Supervivientes;2019;99.425,404637
Mujeres;31 años;Defunciones teóricas;2024;19,872617
Mujeres;31 años;Defunciones teóricas;2020;25,872226
Mujeres;31 años;Defunciones teóricas;2019;24,325894
Mujeres;31 años;Población estacionaria;2024;99.386,109052
Mujeres;31 años;Población estacionaria;2020;99.419,948936
Mujeres;31 años;Población estacionaria;2019;99.411,824710
Mujeres;31 años;Tiempo por vivir;2024;5.565.345,990500
Mujeres;31 años;Tiempo por vivir;2020;5.414.632,012100
Mujeres;31 años;Tiempo por vivir;2019;5.530.987,156400
Mujeres;31 años;Esperanza de vida;2024;55,992084
Mujeres;31 años;Esperanza de vida;2020;54,455236
Mujeres;31 años;Esperanza de vida;2019;55,629516
Mujeres;32 años;Tasa de mortalidad;2024;0,250796
Mujeres;32 años;Tasa de mortalidad;2020;0,291174
Mujeres;32 años;Tasa de mortalidad;2019;0,217589
Mujeres;32 años;Promedio de años vividos el último año de vida;2024;0,501424
Mujeres;32 años;Promedio de años vividos el último año de vida;2020;0,485698
Mujeres;32 años;Promedio de años vividos el último año de vida;2019;0,524815
Mujeres;32 años;Riesgo de muerte;2024;0,250765
Mujeres;32 años;Riesgo de muerte;2020;0,291130
Mujeres;32 años;Riesgo de muerte;2019;0,217566
Mujeres;32 años;Supervivientes;2024;99.375,355383
Mujeres;32 años;Supervivientes;2020;99.406,844563
Mujeres;32 años;Supervivientes;2019;99.401,078743
Mujeres;32 años;Defunciones teóricas;2024;24,919846
Mujeres;32 años;Defunciones teóricas;2020;28,940359
Mujeres;32 años;Defunciones teóricas;2019;21,626299
Mujeres;32 años;Población estacionaria;2024;99.362,930942
Mujeres;32 años;Población estacionaria;2020;99.391,960475
Mujeres;32 años;Población estacionaria;2019;99.390,802244
Mujeres;32 años;Tiempo por vivir;2024;5.465.959,881400
Mujeres;32 años;Tiempo por vivir;2020;5.315.212,063200
Mujeres;32 años;Tiempo por vivir;2019;5.431.575,331700
Mujeres;32 años;Esperanza de vida;2024;55,003173
Mujeres;32 años;Esperanza de vida;2020;53,469277
Mujeres;32 años;Esperanza de vida;2019;54,643022
Mujeres;33 años;Tasa de mortalidad;2024;0,228221
Mujeres;33 años;Tasa de mortalidad;2020;0,288301
Mujeres;33 años;Tasa de mortalidad;2019;0,221146
Mujeres;33 años;Promedio de años vividos el último año de vida;2024;0,531063
Mujeres;33 años;Promedio de años vividos el último año de vida;2020;0,537685
Mujeres;33 años;Promedio de años vividos el último año de vida;2019;0,544777
Mujeres;33 años;Riesgo de muerte;2024;0,228196
Mujeres;33 años;Riesgo de muerte;2020;0,288263
Mujeres;33 años;Riesgo de muerte;2019;0,221124
Mujeres;33 años;Supervivientes;2024;99.350,435537
Mujeres;33 años;Supervivientes;2020;99.377,904204
Mujeres;33 años;Supervivientes;2019;99.379,452443
Mujeres;33 años;Defunciones teóricas;2024;22,671382
Mujeres;33 años;Defunciones teóricas;2020;28,646966
Mujeres;33 años;Defunciones teóricas;2019;21,975168
Mujeres;33 años;Población estacionaria;2024;99.339,804098
Mujeres;33 años;Población estacionaria;2020;99.364,660280
Mujeres;33 años;Población estacionaria;2019;99.369,448850
Mujeres;33 años;Tiempo por vivir;2024;5.366.596,950500
Mujeres;33 años;Tiempo por vivir;2020;5.215.820,102700
Mujeres;33 años;Tiempo por vivir;2019;5.332.184,529400
Mujeres;33 años;Esperanza de vida;2024;54,016844
Mujeres;33 años;Esperanza de vida;2020;52,484706
Mujeres;33 años;Esperanza de vida;2019;53,654799
Mujeres;34 años;Tasa de mortalidad;2024;0,327678
Mujeres;34 años;Tasa de mortalidad;2020;0,262355
Mujeres;34 años;Tasa de mortalidad;2019;0,289808
Mujeres;34 años;Promedio de años vividos el último año de vida;2024;0,563302
Mujeres;34 años;Promedio de años vividos el último año de vida;2020;0,550848
Mujeres;34 años;Promedio de años vividos el último año de vida;2019;0,559062
Mujeres;34 años;Riesgo de muerte;2024;0,327631
Mujeres;34 años;Riesgo de muerte;2020;0,262324
Mujeres;34 años;Riesgo de muerte;2019;0,289771
Mujeres;34 años;Supervivientes;2024;99.327,764155
Mujeres;34 años;Supervivientes;2020;99.349,257238
Mujeres;34 años;Supervivientes;2019;99.357,477276
Mujeres;34 años;Defunciones teóricas;2024;32,542852
Mujeres;34 años;Defunciones teóricas;2020;26,061656
Mujeres;34 años;Defunciones teóricas;2019;28,790888
Mujeres;34 años;Población estacionaria;2024;99.313,552747
Mujeres;34 años;Población estacionaria;2020;99.337,551595
Mujeres;34 años;Población estacionaria;2019;99.344,782266
Mujeres;34 años;Tiempo por vivir;2024;5.267.257,146400
Mujeres;34 años;Tiempo por vivir;2020;5.116.455,442400
Mujeres;34 años;Tiempo por vivir;2019;5.232.815,080600
Mujeres;34 años;Esperanza de vida;2024;53,029052
Mujeres;34 años;Esperanza de vida;2020;51,499685
Mujeres;34 años;Esperanza de vida;2019;52,666545
Mujeres;35 años;Tasa de mortalidad;2024;0,305256
Mujeres;35 años;Tasa de mortalidad;2020;0,335431
Mujeres;35 años;Tasa de mortalidad;2019;0,302001
Mujeres;35 años;Promedio de años vividos el último año de vida;2024;0,501305
Mujeres;35 años;Promedio de años vividos el último año de vida;2020;0,498312
Mujeres;35 años;Promedio de años vividos el último año de vida;2019;0,469980
Mujeres;35 años;Riesgo de muerte;2024;0,305210
Mujeres;35 años;Riesgo de muerte;2020;0,335375
Mujeres;35 años;Riesgo de muerte;2019;0,301952
Mujeres;35 años;Supervivientes;2024;99.295,221304
Mujeres;35 años;Supervivientes;2020;99.323,195583
Mujeres;35 años;Supervivientes;2019;99.328,686388
Mujeres;35 años;Defunciones teóricas;2024;30,305862
Mujeres;35 años;Defunciones teóricas;2020;33,310475
Mujeres;35 años;Defunciones teóricas;2019;29,992530
Mujeres;35 años;Población estacionaria;2024;99.280,107934
Mujeres;35 años;Población estacionaria;2020;99.306,484132
Mujeres;35 años;Población estacionaria;2019;99.312,789735
Mujeres;35 años;Tiempo por vivir;2024;5.167.943,593700
Mujeres;35 años;Tiempo por vivir;2020;5.017.117,890800
Mujeres;35 años;Tiempo por vivir;2019;5.133.470,298300
Mujeres;35 años;Esperanza de vida;2024;52,046247
Mujeres;35 años;Esperanza de vida;2020;50,513053
Mujeres;35 años;Esperanza de vida;2019;51,681649
Mujeres;36 años;Tasa de mortalidad;2024;0,314123
Mujeres;36 años;Tasa de mortalidad;2020;0,390626
Mujeres;36 años;Tasa de mortalidad;2019;0,273643
Mujeres;36 años;Promedio de años vividos el último año de vida;2024;0,480206
Mujeres;36 años;Promedio de años vividos el último año de vida;2020;0,526523
Mujeres;36 años;Promedio de años vividos el último año de vida;2019;0,581961
Mujeres;36 años;Riesgo de muerte;2024;0,314072
Mujeres;36 años;Riesgo de muerte;2020;0,390554
Mujeres;36 años;Riesgo de muerte;2019;0,273611
Mujeres;36 años;Supervivientes;2024;99.264,915442
Mujeres;36 años;Supervivientes;2020;99.289,885108
Mujeres;36 años;Supervivientes;2019;99.298,693858
Mujeres;36 años;Defunciones teóricas;2024;31,176301
Mujeres;36 años;Defunciones teóricas;2020;38,778071
Mujeres;36 años;Defunciones teóricas;2019;27,169261
Mujeres;36 años;Población estacionaria;2024;99.248,710181
Mujeres;36 años;Población estacionaria;2020;99.271,524572
Mujeres;36 años;Población estacionaria;2019;99.287,336045
Mujeres;36 años;Tiempo por vivir;2024;5.068.663,485700
Mujeres;36 años;Tiempo por vivir;2020;4.917.811,406700
Mujeres;36 años;Tiempo por vivir;2019;5.034.157,508600
Mujeres;36 años;Esperanza de vida;2024;51,061984
Mujeres;36 años;Esperanza de vida;2020;49,529833
Mujeres;36 años;Esperanza de vida;2019;50,697117
Mujeres;37 años;Tasa de mortalidad;2024;0,341359
Mujeres;37 años;Tasa de mortalidad;2020;0,447203
Mujeres;37 años;Tasa de mortalidad;2019;0,366515
Mujeres;37 años;Promedio de años vividos el último año de vida;2024;0,514581
Mujeres;37 años;Promedio de años vividos el último año de vida;2020;0,498903
Mujeres;37 años;Promedio de años vividos el último año de vida;2019;0,508647
Mujeres;37 años;Riesgo de muerte;2024;0,341303
Mujeres;37 años;Riesgo de muerte;2020;0,447103
Mujeres;37 años;Riesgo de muerte;2019;0,366449
Mujeres;37 años;Supervivientes;2024;99.233,739141
Mujeres;37 años;Supervivientes;2020;99.251,107037
Mujeres;37 años;Supervivientes;2019;99.271,524597
Mujeres;37 años;Defunciones teóricas;2024;33,868757
Mujeres;37 años;Defunciones teóricas;2020;44,375430
Mujeres;37 años;Defunciones teóricas;2019;36,377905
Mujeres;37 años;Población estacionaria;2024;99.217,298593
Mujeres;37 años;Población estacionaria;2020;99.228,870659
Mujeres;37 años;Población estacionaria;2019;99.253,650188
Mujeres;37 años;Tiempo por vivir;2024;4.969.414,775500
Mujeres;37 años;Tiempo por vivir;2020;4.818.539,882100
Mujeres;37 años;Tiempo por vivir;2019;4.934.870,172500
Mujeres;37 años;Esperanza de vida;2024;50,077875
Mujeres;37 años;Esperanza de vida;2020;48,548979
Mujeres;37 años;Esperanza de vida;2019;49,710833
Mujeres;38 años;Tasa de mortalidad;2024;0,326293
Mujeres;38 años;Tasa de mortalidad;2020;0,421201
Mujeres;38 años;Tasa de mortalidad;2019;0,420842
Mujeres;38 años;Promedio de años vividos el último año de vida;2024;0,506723
Mujeres;38 años;Promedio de años vividos el último año de vida;2020;0,502450
Mujeres;38 años;Promedio de años vividos el último año de vida;2019;0,507269
Mujeres;38 años;Riesgo de muerte;2024;0,326240
Mujeres;38 años;Riesgo de muerte;2020;0,421113
Mujeres;38 años;Riesgo de muerte;2019;0,420755
Mujeres;38 años;Supervivientes;2024;99.199,870384
Mujeres;38 años;Supervivientes;2020;99.206,731607
Mujeres;38 años;Supervivientes;2019;99.235,146691
Mujeres;38 años;Defunciones teóricas;2024;32,362981
Mujeres;38 años;Defunciones teóricas;2020;41,777231
Mujeres;38 años;Defunciones teóricas;2019;41,753637
Mujeres;38 años;Población estacionaria;2024;99.183,906485
Mujeres;38 años;Población estacionaria;2020;99.185,945329
Mujeres;38 años;Población estacionaria;2019;99.214,573397
Mujeres;38 años;Tiempo por vivir;2024;4.870.197,476900
Mujeres;38 años;Tiempo por vivir;2020;4.719.311,011400
Mujeres;38 años;Tiempo por vivir;2019;4.835.616,522400
Mujeres;38 años;Esperanza de vida;2024;49,094797
Mujeres;38 años;Esperanza de vida;2020;47,570472
Mujeres;38 años;Esperanza de vida;2019;48,728870
Mujeres;39 años;Tasa de mortalidad;2024;0,403083
Mujeres;39 años;Tasa de mortalidad;2020;0,442459
Mujeres;39 años;Tasa de mortalidad;2019;0,432514
Mujeres;39 años;Promedio de años vividos el último año de vida;2024;0,461517
Mujeres;39 años;Promedio de años vividos el último año de vida;2020;0,500601
Mujeres;39 años;Promedio de años vividos el último año de vida;2019;0,529966
Mujeres;39 años;Riesgo de muerte;2024;0,402995
Mujeres;39 años;Riesgo de muerte;2020;0,442362
Mujeres;39 años;Riesgo de muerte;2019;0,432426
Mujeres;39 años;Supervivientes;2024;99.167,507403
Mujeres;39 años;Supervivientes;2020;99.164,954376
Mujeres;39 años;Supervivientes;2019;99.193,393055
Mujeres;39 años;Defunciones teóricas;2024;39,964036
Mujeres;39 años;Defunciones teóricas;2020;43,866769
Mujeres;39 años;Defunciones teóricas;2019;42,893779
Mujeres;39 años;Población estacionaria;2024;99.145,987467
Mujeres;39 años;Población estacionaria;2020;99.143,047374
Mujeres;39 años;Población estacionaria;2019;99.173,231509
Mujeres;39 años;Tiempo por vivir;2024;4.771.013,570500
Mujeres;39 años;Tiempo por vivir;2020;4.620.125,066100
Mujeres;39 años;Tiempo por vivir;2019;4.736.401,949000
Mujeres;39 años;Esperanza de vida;2024;48,110653
Mujeres;39 años;Esperanza de vida;2020;46,590301
Mujeres;39 años;Esperanza de vida;2019;47,749168
Mujeres;40 años;Tasa de mortalidad;2024;0,487106
Mujeres;40 años;Tasa de mortalidad;2020;0,585060
Mujeres;40 años;Tasa de mortalidad;2019;0,504298
Mujeres;40 años;Promedio de años vividos el último año de vida;2024;0,545133
Mujeres;40 años;Promedio de años vividos el último año de vida;2020;0,522121
Mujeres;40 años;Promedio de años vividos el último año de vida;2019;0,523685
Mujeres;40 años;Riesgo de muerte;2024;0,486998
Mujeres;40 años;Riesgo de muerte;2020;0,584897
Mujeres;40 años;Riesgo de muerte;2019;0,504177
Mujeres;40 años;Supervivientes;2024;99.127,543367
Mujeres;40 años;Supervivientes;2020;99.121,087607
Mujeres;40 años;Supervivientes;2019;99.150,499276
Mujeres;40 años;Defunciones teóricas;2024;48,274907
Mujeres;40 años;Defunciones teóricas;2020;57,975613
Mujeres;40 años;Defunciones teóricas;2019;49,989406
Mujeres;40 años;Población estacionaria;2024;99.105,584684
Mujeres;40 años;Población estacionaria;2020;99.093,382286
Mujeres;40 años;Población estacionaria;2019;99.126,688579
Mujeres;40 años;Tiempo por vivir;2024;4.671.867,583000
Mujeres;40 años;Tiempo por vivir;2020;4.520.982,018700
Mujeres;40 años;Tiempo por vivir;2019;4.637.228,717400
Mujeres;40 años;Esperanza de vida;2024;47,129863
Mujeres;40 años;Esperanza de vida;2020;45,610698
Mujeres;40 años;Esperanza de vida;2019;46,769595
Mujeres;41 años;Tasa de mortalidad;2024;0,483613
Mujeres;41 años;Tasa de mortalidad;2020;0,519228
Mujeres;41 años;Tasa de mortalidad;2019;0,469272
Mujeres;41 años;Promedio de años vividos el último año de vida;2024;0,492376
Mujeres;41 años;Promedio de años vividos el último año de vida;2020;0,503429
Mujeres;41 años;Promedio de años vividos el último año de vida;2019;0,508740
Mujeres;41 años;Riesgo de muerte;2024;0,483494
Mujeres;41 años;Riesgo de muerte;2020;0,519094
Mujeres;41 años;Riesgo de muerte;2019;0,469163
Mujeres;41 años;Supervivientes;2024;99.079,268461
Mujeres;41 años;Supervivientes;2020;99.063,111993
Mujeres;41 años;Supervivientes;2019;99.100,509869
Mujeres;41 años;Defunciones teóricas;2024;47,904239
Mujeres;41 años;Defunciones teóricas;2020;51,423102
Mujeres;41 años;Defunciones teóricas;2019;46,494327
Mujeres;41 años;Población estacionaria;2024;99.054,951115
Mujeres;41 años;Población estacionaria;2020;99.037,576770
Mujeres;41 años;Población estacionaria;2019;99.077,669081
Mujeres;41 años;Tiempo por vivir;2024;4.572.761,998300
Mujeres;41 años;Tiempo por vivir;2020;4.421.888,636500
Mujeres;41 años;Tiempo por vivir;2019;4.538.102,028900
Mujeres;41 años;Esperanza de vida;2024;46,152561
Mujeres;41 años;Esperanza de vida;2020;44,637086
Mujeres;41 años;Esperanza de vida;2019;45,792923
Mujeres;42 años;Tasa de mortalidad;2024;0,550495
Mujeres;42 años;Tasa de mortalidad;2020;0,666961
Mujeres;42 años;Tasa de mortalidad;2019;0,563124
Mujeres;42 años;Promedio de años vividos el último año de vida;2024;0,524618
Mujeres;42 años;Promedio de años vividos el último año de vida;2020;0,492614
Mujeres;42 años;Promedio de años vividos el último año de vida;2019;0,532339
Mujeres;42 años;Riesgo de muerte;2024;0,550351
Mujeres;42 años;Riesgo de muerte;2020;0,666736
Mujeres;42 años;Riesgo de muerte;2019;0,562975
Mujeres;42 años;Supervivientes;2024;99.031,364222
Mujeres;42 años;Supervivientes;2020;99.011,688891
Mujeres;42 años;Supervivientes;2019;99.054,015543
Mujeres;42 años;Defunciones teóricas;2024;54,502030
Mujeres;42 años;Defunciones teóricas;2020;66,014637
Mujeres;42 años;Defunciones teóricas;2019;55,764978
Mujeres;42 años;Población estacionaria;2024;99.005,454925
Mujeres;42 años;Población estacionaria;2020;98.978,193962
Mujeres;42 años;Población estacionaria;2019;99.027,936412
Mujeres;42 años;Tiempo por vivir;2024;4.473.707,047200
Mujeres;42 años;Tiempo por vivir;2020;4.322.851,059700
Mujeres;42 años;Tiempo por vivir;2019;4.439.024,359800
Mujeres;42 años;Esperanza de vida;2024;45,174648
Mujeres;42 años;Esperanza de vida;2020;43,660007
Mujeres;42 años;Esperanza de vida;2019;44,814179
Mujeres;43 años;Tasa de mortalidad;2024;0,674273
Mujeres;43 años;Tasa de mortalidad;2020;0,712868
Mujeres;43 años;Tasa de mortalidad;2019;0,660524
Mujeres;43 años;Promedio de años vividos el último año de vida;2024;0,514214
Mujeres;43 años;Promedio de años vividos el último año de vida;2020;0,522960
Mujeres;43 años;Promedio de años vividos el último año de vida;2019;0,528248
Mujeres;43 años;Riesgo de muerte;2024;0,674052
Mujeres;43 años;Riesgo de muerte;2020;0,712625
Mujeres;43 años;Riesgo de muerte;2019;0,660318
Mujeres;43 años;Supervivientes;2024;98.976,862192
Mujeres;43 años;Supervivientes;2020;98.945,674254
Mujeres;43 años;Supervivientes;2019;98.998,250564
Mujeres;43 años;Defunciones teóricas;2024;66,715572
Mujeres;43 años;Defunciones teóricas;2020;70,511197
Mujeres;43 años;Defunciones teóricas;2019;65,370325
Mujeres;43 años;Población estacionaria;2024;98.944,452711
Mujeres;43 años;Población estacionaria;2020;98.912,037621
Mujeres;43 años;Población estacionaria;2019;98.967,411998
Mujeres;43 años;Tiempo por vivir;2024;4.374.701,592300
Mujeres;43 años;Tiempo por vivir;2020;4.223.872,865700
Mujeres;43 años;Tiempo por vivir;2019;4.339.996,423400
Mujeres;43 años;Esperanza de vida;2024;44,199235
Mujeres;43 años;Esperanza de vida;2020;42,688808
Mujeres;43 años;Esperanza de vida;2019;43,839122
Mujeres;44 años;Tasa de mortalidad;2024;0,632177
Mujeres;44 años;Tasa de mortalidad;2020;0,766874
Mujeres;44 años;Tasa de mortalidad;2019;0,738522
Mujeres;44 años;Promedio de años vividos el último año de vida;2024;0,478646
Mujeres;44 años;Promedio de años vividos el último año de vida;2020;0,482036
Mujeres;44 años;Promedio de años vividos el último año de vida;2019;0,513395
Mujeres;44 años;Riesgo de muerte;2024;0,631968
Mujeres;44 años;Riesgo de muerte;2020;0,766569
Mujeres;44 años;Riesgo de muerte;2019;0,738257
Mujeres;44 años;Supervivientes;2024;98.910,146620
Mujeres;44 años;Supervivientes;2020;98.875,163057
Mujeres;44 años;Supervivientes;2019;98.932,880240
Mujeres;44 años;Defunciones teóricas;2024;62,508096
Mujeres;44 años;Defunciones teóricas;2020;75,794658
Mujeres;44 años;Defunciones teóricas;2019;73,037885
Mujeres;44 años;Población estacionaria;2024;98.877,557772
Mujeres;44 años;Población estacionaria;2020;98.835,904183
Mujeres;44 años;Población estacionaria;2019;98.897,339621
Mujeres;44 años;Tiempo por vivir;2024;4.275.757,139600
Mujeres;44 años;Tiempo por vivir;2020;4.124.960,828100
Mujeres;44 años;Tiempo por vivir;2019;4.241.029,011400
Mujeres;44 años;Esperanza de vida;2024;43,228701
Mujeres;44 años;Esperanza de vida;2020;41,718878
Mujeres;44 años;Esperanza de vida;2019;42,867740
Mujeres;45 años;Tasa de mortalidad;2024;0,817375
Mujeres;45 años;Tasa de mortalidad;2020;0,898723
Mujeres;45 años;Tasa de mortalidad;2019;0,803976
Mujeres;45 años;Promedio de años vividos el último año de vida;2024;0,493468
Mujeres;45 años;Promedio de años vividos el último año de vida;2020;0,520866
Mujeres;45 años;Promedio de años vividos el último año de vida;2019;0,502897
Mujeres;45 años;Riesgo de muerte;2024;0,817037
Mujeres;45 años;Riesgo de muerte;2020;0,898336
Mujeres;45 años;Riesgo de muerte;2019;0,803655
Mujeres;45 años;Supervivientes;2024;98.847,638524
Mujeres;45 años;Supervivientes;2020;98.799,368399
Mujeres;45 años;Supervivientes;2019;98.859,842355
Mujeres;45 años;Defunciones teóricas;2024;80,762154
Mujeres;45 años;Defunciones teóricas;2020;88,755007
Mujeres;45 años;Defunciones teóricas;2019;79,449223
Mujeres;45 años;Población estacionaria;2024;98.806,729896
Mujeres;45 años;Población estacionaria;2020;98.756,842837
Mujeres;45 años;Población estacionaria;2019;98.820,347891
Mujeres;45 años;Tiempo por vivir;2024;4.176.879,581800
Mujeres;45 años;Tiempo por vivir;2020;4.026.124,923900
Mujeres;45 años;Tiempo por vivir;2019;4.142.131,671800
Mujeres;45 años;Esperanza de vida;2024;42,255735
Mujeres;45 años;Esperanza de vida;2020;40,750513
Mujeres;45 años;Esperanza de vida;2019;41,899032
Mujeres;46 años;Tasa de mortalidad;2024;0,862216
Mujeres;46 años;Tasa de mortalidad;2020;0,943344
Mujeres;46 años;Tasa de mortalidad;2019;0,844799
Mujeres;46 años;Promedio de años vividos el último año de vida;2024;0,496948
Mujeres;46 años;Promedio de años vividos el último año de vida;2020;0,526340
Mujeres;46 años;Promedio de años vividos el último año de vida;2019;0,518491
Mujeres;46 años;Riesgo de muerte;2024;0,861842
Mujeres;46 años;Riesgo de muerte;2020;0,942923
Mujeres;46 años;Riesgo de muerte;2019;0,844456
Mujeres;46 años;Supervivientes;2024;98.766,876369
Mujeres;46 años;Supervivientes;2020;98.710,613392
Mujeres;46 años;Supervivientes;2019;98.780,393132
Mujeres;46 años;Defunciones teóricas;2024;85,121455
Mujeres;46 años;Defunciones teóricas;2020;93,076490
Mujeres;46 años;Defunciones teóricas;2019;83,415675
Mujeres;46 años;Población estacionaria;2024;98.724,055826
Mujeres;46 años;Población estacionaria;2020;98.666,526807
Mujeres;46 años;Población estacionaria;2019;98.740,227738
Mujeres;46 años;Tiempo por vivir;2024;4.078.072,851900
Mujeres;46 años;Tiempo por vivir;2020;3.927.368,081100
Mujeres;46 años;Tiempo por vivir;2019;4.043.311,323900
Mujeres;46 años;Esperanza de vida;2024;41,289884
Mujeres;46 años;Esperanza de vida;2020;39,786685
Mujeres;46 años;Esperanza de vida;2019;40,932327
Mujeres;47 años;Tasa de mortalidad;2024;0,932512
Mujeres;47 años;Tasa de mortalidad;2020;1,074620
Mujeres;47 años;Tasa de mortalidad;2019;1,141108
Mujeres;47 años;Promedio de años vividos el último año de vida;2024;0,533515
Mujeres;47 años;Promedio de años vividos el último año de vida;2020;0,513135
Mujeres;47 años;Promedio de años vividos el último año de vida;2019;0,496728
Mujeres;47 años;Riesgo de muerte;2024;0,932107
Mujeres;47 años;Riesgo de muerte;2020;1,074058
Mujeres;47 años;Riesgo de muerte;2019;1,140453
Mujeres;47 años;Supervivientes;2024;98.681,754915
Mujeres;47 años;Supervivientes;2020;98.617,536901
Mujeres;47 años;Supervivientes;2019;98.696,977458
Mujeres;47 años;Defunciones teóricas;2024;91,981924
Mujeres;47 años;Defunciones teóricas;2020;105,920928
Mujeres;47 años;Defunciones teóricas;2019;112,559270
Mujeres;47 años;Población estacionaria;2024;98.638,846684
Mujeres;47 años;Población estacionaria;2020;98.565,967656
Mujeres;47 años;Población estacionaria;2019;98.640,329537
Mujeres;47 años;Tiempo por vivir;2024;3.979.348,796100
Mujeres;47 años;Tiempo por vivir;2020;3.828.701,554300
Mujeres;47 años;Tiempo por vivir;2019;3.944.571,096100
Mujeres;47 años;Esperanza de vida;2024;40,325071
Mujeres;47 años;Esperanza de vida;2020;38,823739
Mujeres;47 años;Esperanza de vida;2019;39,966483
Mujeres;48 años;Tasa de mortalidad;2024;1,049752
Mujeres;48 años;Tasa de mortalidad;2020;1,191706
Mujeres;48 años;Tasa de mortalidad;2019;1,202065
Mujeres;48 años;Promedio de años vividos el último año de vida;2024;0,487079
Mujeres;48 años;Promedio de años vividos el último año de vida;2020;0,499898
Mujeres;48 años;Promedio de años vividos el último año de vida;2019;0,502722
Mujeres;48 años;Riesgo de muerte;2024;1,049188
Mujeres;48 años;Riesgo de muerte;2020;1,190997
Mujeres;48 años;Riesgo de muerte;2019;1,201347
Mujeres;48 años;Supervivientes;2024;98.589,772991
Mujeres;48 años;Supervivientes;2020;98.511,615973
Mujeres;48 años;Supervivientes;2019;98.584,418188
Mujeres;48 años;Defunciones teóricas;2024;103,439161
Mujeres;48 años;Defunciones teóricas;2020;117,327004
Mujeres;48 años;Defunciones teóricas;2019;118,434087
Mujeres;48 años;Población estacionaria;2024;98.536,716850
Mujeres;48 años;Población estacionaria;2020;98.452,940520
Mujeres;48 años;Población estacionaria;2019;98.525,523467
Mujeres;48 años;Tiempo por vivir;2024;3.880.709,949400
Mujeres;48 años;Tiempo por vivir;2020;3.730.135,586600
Mujeres;48 años;Tiempo por vivir;2019;3.845.930,766600
Mujeres;48 años;Esperanza de vida;2024;39,362196
Mujeres;48 años;Esperanza de vida;2020;37,864931
Mujeres;48 años;Esperanza de vida;2019;39,011548
Mujeres;49 años;Tasa de mortalidad;2024;1,076894
Mujeres;49 años;Tasa de mortalidad;2020;1,388922
Mujeres;49 años;Tasa de mortalidad;2019;1,289771
Mujeres;49 años;Promedio de años vividos el último año de vida;2024;0,497361
Mujeres;49 años;Promedio de años vividos el último año de vida;2020;0,500057
Mujeres;49 años;Promedio de años vividos el último año de vida;2019;0,478813
Mujeres;49 años;Riesgo de muerte;2024;1,076312
Mujeres;49 años;Riesgo de muerte;2020;1,387959
Mujeres;49 años;Riesgo de muerte;2019;1,288905
Mujeres;49 años;Supervivientes;2024;98.486,333830
Mujeres;49 años;Supervivientes;2020;98.394,288969
Mujeres;49 años;Supervivientes;2019;98.465,984101
Mujeres;49 años;Defunciones teóricas;2024;106,002008
Mujeres;49 años;Defunciones teóricas;2020;136,567199
Mujeres;49 años;Defunciones teóricas;2019;126,913265
Mujeres;49 años;Población estacionaria;2024;98.433,053099
Mujeres;49 años;Población estacionaria;2020;98.326,013203
Mujeres;49 años;Población estacionaria;2019;98.399,838529
Mujeres;49 años;Tiempo por vivir;2024;3.782.173,232500
Mujeres;49 años;Tiempo por vivir;2020;3.631.682,646100
Mujeres;49 años;Tiempo por vivir;2019;3.747.405,243100
Mujeres;49 años;Esperanza de vida;2024;38,403026
Mujeres;49 años;Esperanza de vida;2020;36,909486
Mujeres;49 años;Esperanza de vida;2019;38,057866
Mujeres;50 años;Tasa de mortalidad;2024;1,306830
Mujeres;50 años;Tasa de mortalidad;2020;1,508065
Mujeres;50 años;Tasa de mortalidad;2019;1,409656
Mujeres;50 años;Promedio de años vividos el último año de vida;2024;0,481943
Mujeres;50 años;Promedio de años vividos el último año de vida;2020;0,519446
Mujeres;50 años;Promedio de años vividos el último año de vida;2019;0,511682
Mujeres;50 años;Riesgo de muerte;2024;1,305946
Mujeres;50 años;Riesgo de muerte;2020;1,506973
Mujeres;50 años;Riesgo de muerte;2019;1,408686
Mujeres;50 años;Supervivientes;2024;98.380,331822
Mujeres;50 años;Supervivientes;2020;98.257,721770
Mujeres;50 años;Supervivientes;2019;98.339,070836
Mujeres;50 años;Defunciones teóricas;2024;128,479404
Mujeres;50 años;Defunciones teóricas;2020;148,071694
Mujeres;50 años;Defunciones teóricas;2019;138,528866
Mujeres;50 años;Población estacionaria;2024;98.313,772197
Mujeres;50 años;Población estacionaria;2020;98.186,565323
Mujeres;50 años;Población estacionaria;2019;98.271,424691
Mujeres;50 años;Tiempo por vivir;2024;3.683.740,179400
Mujeres;50 años;Tiempo por vivir;2020;3.533.356,632900
Mujeres;50 años;Tiempo por vivir;2019;3.649.005,404600
Mujeres;50 años;Esperanza de vida;2024;37,443868
Mujeres;50 años;Esperanza de vida;2020;35,960091
Mujeres;50 años;Esperanza de vida;2019;37,106364
Mujeres;51 años;Tasa de mortalidad;2024;1,421402
Mujeres;51 años;Tasa de mortalidad;2020;1,575810
Mujeres;51 años;Tasa de mortalidad;2019;1,651058
Mujeres;51 años;Promedio de años vividos el último año de vida;2024;0,503429
Mujeres;51 años;Promedio de años vividos el último año de vida;2020;0,542186
Mujeres;51 años;Promedio de años vividos el último año de vida;2019;0,501666
Mujeres;51 años;Riesgo de muerte;2024;1,420399
Mujeres;51 años;Riesgo de muerte;2020;1,574674
Mujeres;51 años;Riesgo de muerte;2019;1,649701
Mujeres;51 años;Supervivientes;2024;98.251,852418
Mujeres;51 años;Supervivientes;2020;98.109,650076
Mujeres;51 años;Supervivientes;2019;98.200,541969
Mujeres;51 años;Defunciones teóricas;2024;139,556833
Mujeres;51 años;Defunciones teóricas;2020;154,490733
Mujeres;51 años;Defunciones teóricas;2019;162,001521
Mujeres;51 años;Población estacionaria;2024;98.182,552500
Mujeres;51 años;Población estacionaria;2020;98.038,922053
Mujeres;51 años;Población estacionaria;2019;98.119,811072
Mujeres;51 años;Tiempo por vivir;2024;3.585.426,407200
Mujeres;51 años;Tiempo por vivir;2020;3.435.170,067600
Mujeres;51 años;Tiempo por vivir;2019;3.550.733,979900
Mujeres;51 años;Esperanza de vida;2024;36,492202
Mujeres;51 años;Esperanza de vida;2020;35,013580
Mujeres;51 años;Esperanza de vida;2019;36,157988
Mujeres;52 años;Tasa de mortalidad;2024;1,597557
Mujeres;52 años;Tasa de mortalidad;2020;2,015910
Mujeres;52 años;Tasa de mortalidad;2019;1,810128
Mujeres;52 años;Promedio de años vividos el último año de vida;2024;0,508359
Mujeres;52 años;Promedio de años vividos el último año de vida;2020;0,509464
Mujeres;52 años;Promedio de años vividos el último año de vida;2019;0,492577
Mujeres;52 años;Riesgo de muerte;2024;1,596304
Mujeres;52 años;Riesgo de muerte;2020;2,013918
Mujeres;52 años;Riesgo de muerte;2019;1,808467
Mujeres;52 años;Supervivientes;2024;98.112,295586
Mujeres;52 años;Supervivientes;2020;97.955,159343
Mujeres;52 años;Supervivientes;2019;98.038,540448
Mujeres;52 años;Defunciones teóricas;2024;156,617009
Mujeres;52 años;Defunciones teóricas;2020;197,273677
Mujeres;52 años;Defunciones teóricas;2019;177,299442
Mujeres;52 años;Población estacionaria;2024;98.035,296200
Mujeres;52 años;Población estacionaria;2020;97.858,389546
Mujeres;52 años;Población estacionaria;2019;97.948,574661
Mujeres;52 años;Tiempo por vivir;2024;3.487.243,854700
Mujeres;52 años;Tiempo por vivir;2020;3.337.131,145500
Mujeres;52 años;Tiempo por vivir;2019;3.452.614,168800
Mujeres;52 años;Esperanza de vida;2024;35,543393
Mujeres;52 años;Esperanza de vida;2020;34,067947
Mujeres;52 años;Esperanza de vida;2019;35,216907
Mujeres;53 años;Tasa de mortalidad;2024;1,700198
Mujeres;53 años;Tasa de mortalidad;2020;2,064534
Mujeres;53 años;Tasa de mortalidad;2019;1,957029
Mujeres;53 años;Promedio de años vividos el último año de vida;2024;0,494962
Mujeres;53 años;Promedio de años vividos el último año de vida;2020;0,511840
Mujeres;53 años;Promedio de años vividos el último año de vida;2019;0,517246
Mujeres;53 años;Riesgo de muerte;2024;1,698739
Mujeres;53 años;Riesgo de muerte;2020;2,062456
Mujeres;53 años;Riesgo de muerte;2019;1,955182
Mujeres;53 años;Supervivientes;2024;97.955,678576
Mujeres;53 años;Supervivientes;2020;97.757,885667
Mujeres;53 años;Supervivientes;2019;97.861,241006
Mujeres;53 años;Defunciones teóricas;2024;166,401118
Mujeres;53 años;Defunciones teóricas;2020;201,621304
Mujeres;53 años;Defunciones teóricas;2019;191,336490
Mujeres;53 años;Población estacionaria;2024;97.871,639630
Mujeres;53 años;Población estacionaria;2020;97.659,462152
Mujeres;53 años;Población estacionaria;2019;97.768,872612
Mujeres;53 años;Tiempo por vivir;2024;3.389.208,558500
Mujeres;53 años;Tiempo por vivir;2020;3.239.272,756000
Mujeres;53 años;Tiempo por vivir;2019;3.354.665,594200
Mujeres;53 años;Esperanza de vida;2024;34,599409
Mujeres;53 años;Esperanza de vida;2020;33,135667
Mujeres;53 años;Esperanza de vida;2019;34,279819
Mujeres;54 años;Tasa de mortalidad;2024;1,895509
Mujeres;54 años;Tasa de mortalidad;2020;2,243177
Mujeres;54 años;Tasa de mortalidad;2019;2,073234
Mujeres;54 años;Promedio de años vividos el último año de vida;2024;0,504865
Mujeres;54 años;Promedio de años vividos el último año de vida;2020;0,508146
Mujeres;54 años;Promedio de años vividos el último año de vida;2019;0,501552
Mujeres;54 años;Riesgo de muerte;2024;1,893731
Mujeres;54 años;Riesgo de muerte;2020;2,240705
Mujeres;54 años;Riesgo de muerte;2019;2,071094
Mujeres;54 años;Supervivientes;2024;97.789,277458
Mujeres;54 años;Supervivientes;2020;97.556,264363
Mujeres;54 años;Supervivientes;2019;97.669,904517
Mujeres;54 años;Defunciones teóricas;2024;185,186617
Mujeres;54 años;Defunciones teóricas;2020;218,594773
Mujeres;54 años;Defunciones teóricas;2019;202,283568
Mujeres;54 años;Población estacionaria;2024;97.697,585065
Mujeres;54 años;Población estacionaria;2020;97.448,747703
Mujeres;54 años;Población estacionaria;2019;97.569,076682
Mujeres;54 años;Tiempo por vivir;2024;3.291.336,918900
Mujeres;54 años;Tiempo por vivir;2020;3.141.613,293800
Mujeres;54 años;Tiempo por vivir;2019;3.256.896,721600
Mujeres;54 años;Esperanza de vida;2024;33,657442
Mujeres;54 años;Esperanza de vida;2020;32,203091
Mujeres;54 años;Esperanza de vida;2019;33,345960
Mujeres;55 años;Tasa de mortalidad;2024;2,056842
Mujeres;55 años;Tasa de mortalidad;2020;2,487778
Mujeres;55 años;Tasa de mortalidad;2019;2,277424
Mujeres;55 años;Promedio de años vividos el último año de vida;2024;0,501737
Mujeres;55 años;Promedio de años vividos el último año de vida;2020;0,502572
Mujeres;55 años;Promedio de años vividos el último año de vida;2019;0,500721
Mujeres;55 años;Riesgo de muerte;2024;2,054736
Mujeres;55 años;Riesgo de muerte;2020;2,484703
Mujeres;55 años;Riesgo de muerte;2019;2,274837
Mujeres;55 años;Supervivientes;2024;97.604,090841
Mujeres;55 años;Supervivientes;2020;97.337,669589
Mujeres;55 años;Supervivientes;2019;97.467,620949
Mujeres;55 años;Defunciones teóricas;2024;200,550675
Mujeres;55 años;Defunciones teóricas;2020;241,855239
Mujeres;55 años;Defunciones teóricas;2019;221,722995
Mujeres;55 años;Población estacionaria;2024;97.504,163815
Mujeres;55 años;Población estacionaria;2020;97.217,364034
Mujeres;55 años;Población estacionaria;2019;97.356,919369
Mujeres;55 años;Tiempo por vivir;2024;3.193.639,333800
Mujeres;55 años;Tiempo por vivir;2020;3.044.164,546100
Mujeres;55 años;Tiempo por vivir;2019;3.159.327,644900
Mujeres;55 años;Esperanza de vida;2024;32,720343
Mujeres;55 años;Esperanza de vida;2020;31,274270
Mujeres;55 años;Esperanza de vida;2019;32,414125
Mujeres;56 años;Tasa de mortalidad;2024;2,485109
Mujeres;56 años;Tasa de mortalidad;2020;2,769569
Mujeres;56 años;Tasa de mortalidad;2019;2,636521
Mujeres;56 años;Promedio de años vividos el último año de vida;2024;0,496577
Mujeres;56 años;Promedio de años vividos el último año de vida;2020;0,494876
Mujeres;56 años;Promedio de años vividos el último año de vida;2019;0,505286
Mujeres;56 años;Riesgo de muerte;2024;2,482004
Mujeres;56 años;Riesgo de muerte;2020;2,765700
Mujeres;56 años;Riesgo de muerte;2019;2,633086
Mujeres;56 años;Supervivientes;2024;97.403,540166
Mujeres;56 años;Supervivientes;2020;97.095,814350
Mujeres;56 años;Supervivientes;2019;97.245,897954
Mujeres;56 años;Defunciones teóricas;2024;241,755990
Mujeres;56 años;Defunciones teóricas;2020;268,537858
Mujeres;56 años;Defunciones teóricas;2019;256,056833
Mujeres;56 años;Población estacionaria;2024;97.281,834734
Mujeres;56 años;Población estacionaria;2020;96.960,169344
Mujeres;56 años;Población estacionaria;2019;97.119,223147
Mujeres;56 años;Tiempo por vivir;2024;3.096.135,170000
Mujeres;56 años;Tiempo por vivir;2020;2.946.947,182100
Mujeres;56 años;Tiempo por vivir;2019;3.061.970,725500
Mujeres;56 años;Esperanza de vida;2024;31,786680
Mujeres;56 años;Esperanza de vida;2020;30,350919
Mujeres;56 años;Esperanza de vida;2019;31,486888
Mujeres;57 años;Tasa de mortalidad;2024;2,605793
Mujeres;57 años;Tasa de mortalidad;2020;3,133669
Mujeres;57 años;Tasa de mortalidad;2019;2,884466
Mujeres;57 años;Promedio de años vividos el último año de vida;2024;0,526290
Mujeres;57 años;Promedio de años vividos el último año de vida;2020;0,497242
Mujeres;57 años;Promedio de años vividos el último año de vida;2019;0,492702
Mujeres;57 años;Riesgo de muerte;2024;2,602581
Mujeres;57 años;Riesgo de muerte;2020;3,128740
Mujeres;57 años;Riesgo de muerte;2019;2,880251
Mujeres;57 años;Supervivientes;2024;97.161,784176
Mujeres;57 años;Supervivientes;2020;96.827,276492
Mujeres;57 años;Supervivientes;2019;96.989,841121
Mujeres;57 años;Defunciones teóricas;2024;252,871401
Mujeres;57 años;Defunciones teóricas;2020;302,947366
Mujeres;57 años;Defunciones teóricas;2019;279,355075
Mujeres;57 años;Población estacionaria;2024;97.041,996569
Mujeres;57 años;Población estacionaria;2020;96.674,967363
Mujeres;57 años;Población estacionaria;2019;96.848,124894
Mujeres;57 años;Tiempo por vivir;2024;2.998.853,335300
Mujeres;57 años;Tiempo por vivir;2020;2.849.987,012700
Mujeres;57 años;Tiempo por vivir;2019;2.964.851,502400
Mujeres;57 años;Esperanza de vida;2024;30,864535
Mujeres;57 años;Esperanza de vida;2020;29,433721
Mujeres;57 años;Esperanza de vida;2019;30,568681
Mujeres;58 años;Tasa de mortalidad;2024;2,827160
Mujeres;58 años;Tasa de mortalidad;2020;3,453012
Mujeres;58 años;Tasa de mortalidad;2019;3,041224
Mujeres;58 años;Promedio de años vividos el último año de vida;2024;0,497104
Mujeres;58 años;Promedio de años vividos el último año de vida;2020;0,508808
Mujeres;58 años;Promedio de años vividos el último año de vida;2019;0,516111
Mujeres;58 años;Riesgo de muerte;2024;2,823146
Mujeres;58 años;Riesgo de muerte;2020;3,447165
Mujeres;58 años;Riesgo de muerte;2019;3,036755
Mujeres;58 años;Supervivientes;2024;96.908,912775
Mujeres;58 años;Supervivientes;2020;96.524,329126
Mujeres;58 años;Supervivientes;2019;96.710,486046
Mujeres;58 años;Defunciones teóricas;2024;273,588034
Mujeres;58 años;Defunciones teóricas;2020;332,735326
Mujeres;58 años;Defunciones teóricas;2019;293,686072
Mujeres;58 años;Población estacionaria;2024;96.771,326429
Mujeres;58 años;Población estacionaria;2020;96.360,892146
Mujeres;58 años;Población estacionaria;2019;96.568,374670
Mujeres;58 años;Tiempo por vivir;2024;2.901.811,338700
Mujeres;58 años;Tiempo por vivir;2020;2.753.312,045400
Mujeres;58 años;Tiempo por vivir;2019;2.868.003,377500
Mujeres;58 años;Esperanza de vida;2024;29,943699
Mujeres;58 años;Esperanza de vida;2020;28,524540
Mujeres;58 años;Esperanza de vida;2019;29,655557
Mujeres;59 años;Tasa de mortalidad;2024;3,094489
Mujeres;59 años;Tasa de mortalidad;2020;3,535155
Mujeres;59 años;Tasa de mortalidad;2019;3,372699
Mujeres;59 años;Promedio de años vividos el último año de vida;2024;0,506835
Mujeres;59 años;Promedio de años vividos el último año de vida;2020;0,492268
Mujeres;59 años;Promedio de años vividos el último año de vida;2019;0,501200
Mujeres;59 años;Riesgo de muerte;2024;3,089774
Mujeres;59 años;Riesgo de muerte;2020;3,528821
Mujeres;59 años;Riesgo de muerte;2019;3,367034
Mujeres;59 años;Supervivientes;2024;96.635,324742
Mujeres;59 años;Supervivientes;2020;96.191,593800
Mujeres;59 años;Supervivientes;2019;96.416,799973
Mujeres;59 años;Defunciones teóricas;2024;298,581270
Mujeres;59 años;Defunciones teóricas;2020;339,442876
Mujeres;59 años;Defunciones teóricas;2019;324,638668
Mujeres;59 años;Población estacionaria;2024;96.488,075035
Mujeres;59 años;Población estacionaria;2020;96.019,247804
Mujeres;59 años;Población estacionaria;2019;96.254,870167
Mujeres;59 años;Tiempo por vivir;2024;2.805.040,012300
Mujeres;59 años;Tiempo por vivir;2020;2.656.951,153200
Mujeres;59 años;Tiempo por vivir;2019;2.771.435,002800
Mujeres;59 años;Esperanza de vida;2024;29,027067
Mujeres;59 años;Esperanza de vida;2020;27,621448
Mujeres;59 años;Esperanza de vida;2019;28,744316
Mujeres;60 años;Tasa de mortalidad;2024;3,273836
Mujeres;60 años;Tasa de mortalidad;2020;4,052393
Mujeres;60 años;Tasa de mortalidad;2019;3,616345
Mujeres;60 años;Promedio de años vividos el último año de vida;2024;0,510696
Mujeres;60 años;Promedio de años vividos el último año de vida;2020;0,501301
Mujeres;60 años;Promedio de años vividos el último año de vida;2019;0,525633
Mujeres;60 años;Riesgo de muerte;2024;3,268600
Mujeres;60 años;Riesgo de muerte;2020;4,044220
Mujeres;60 años;Riesgo de muerte;2019;3,610152
Mujeres;60 años;Supervivientes;2024;96.336,743472
Mujeres;60 años;Supervivientes;2020;95.852,150924
Mujeres;60 años;Supervivientes;2019;96.092,161305
Mujeres;60 años;Defunciones teóricas;2024;314,886247
Mujeres;60 años;Defunciones teóricas;2020;387,647225
Mujeres;60 años;Defunciones teóricas;2019;346,907305
Mujeres;60 años;Población estacionaria;2024;96.182,668507
Mujeres;60 años;Población estacionaria;2020;95.658,831552
Mujeres;60 años;Población estacionaria;2019;95.927,599785
Mujeres;60 años;Tiempo por vivir;2024;2.708.551,937300
Mujeres;60 años;Tiempo por vivir;2020;2.560.931,905400
Mujeres;60 años;Tiempo por vivir;2019;2.675.180,132600
Mujeres;60 años;Esperanza de vida;2024;28,115461
Mujeres;60 años;Esperanza de vida;2020;26,717522
Mujeres;60 años;Esperanza de vida;2019;27,839733
Mujeres;61 años;Tasa de mortalidad;2024;3,694132
Mujeres;61 años;Tasa de mortalidad;2020;4,159912
Mujeres;61 años;Tasa de mortalidad;2019;4,078957
Mujeres;61 años;Promedio de años vividos el último año de vida;2024;0,500514
Mujeres;61 años;Promedio de años vividos el último año de vida;2020;0,498920
Mujeres;61 años;Promedio de años vividos el último año de vida;2019;0,502939
Mujeres;61 años;Riesgo de muerte;2024;3,687329
Mujeres;61 años;Riesgo de muerte;2020;4,151259
Mujeres;61 años;Riesgo de muerte;2019;4,070704
Mujeres;61 años;Supervivientes;2024;96.021,857225
Mujeres;61 años;Supervivientes;2020;95.464,503699
Mujeres;61 años;Supervivientes;2019;95.745,254000
Mujeres;61 años;Defunciones teóricas;2024;354,064140
Mujeres;61 años;Defunciones teóricas;2020;396,297888
Mujeres;61 años;Defunciones teóricas;2019;389,750586
Mujeres;61 años;Población estacionaria;2024;95.845,007207
Mujeres;61 años;Población estacionaria;2020;95.265,926909
Mujeres;61 años;Población estacionaria;2019;95.551,523999
Mujeres;61 años;Tiempo por vivir;2024;2.612.369,268800
Mujeres;61 años;Tiempo por vivir;2020;2.465.273,073900
Mujeres;61 años;Tiempo por vivir;2019;2.579.252,532800
Mujeres;61 años;Esperanza de vida;2024;27,205986
Mujeres;61 años;Esperanza de vida;2020;25,823976
Mujeres;61 años;Esperanza de vida;2019;26,938699
Mujeres;62 años;Tasa de mortalidad;2024;4,067866
Mujeres;62 años;Tasa de mortalidad;2020;4,535852
Mujeres;62 años;Tasa de mortalidad;2019;4,272794
Mujeres;62 años;Promedio de años vividos el último año de vida;2024;0,500356
Mujeres;62 años;Promedio de años vividos el último año de vida;2020;0,482401
Mujeres;62 años;Promedio de años vividos el último año de vida;2019;0,501022
Mujeres;62 años;Riesgo de muerte;2024;4,059614
Mujeres;62 años;Riesgo de muerte;2020;4,525228
Mujeres;62 años;Riesgo de muerte;2019;4,263703
Mujeres;62 años;Supervivientes;2024;95.667,793085
Mujeres;62 años;Supervivientes;2020;95.068,205811
Mujeres;62 años;Supervivientes;2019;95.355,503414
Mujeres;62 años;Defunciones teóricas;2024;388,374356
Mujeres;62 años;Defunciones teóricas;2020;430,205328
Mujeres;62 años;Defunciones teóricas;2019;406,567571
Mujeres;62 años;Población estacionaria;2024;95.473,744214
Mujeres;62 años;Población estacionaria;2020;94.845,532105
Mujeres;62 años;Población estacionaria;2019;95.152,635237
Mujeres;62 años;Tiempo por vivir;2024;2.516.524,261500
Mujeres;62 años;Tiempo por vivir;2020;2.370.007,147000
Mujeres;62 años;Tiempo por vivir;2019;2.483.701,008800
Mujeres;62 años;Esperanza de vida;2024;26,304822
Mujeres;62 años;Esperanza de vida;2020;24,929545
Mujeres;62 años;Esperanza de vida;2019;26,046751
Mujeres;63 años;Tasa de mortalidad;2024;4,563182
Mujeres;63 años;Tasa de mortalidad;2020;5,116242
Mujeres;63 años;Tasa de mortalidad;2019;4,633864
Mujeres;63 años;Promedio de años vividos el último año de vida;2024;0,508298
Mujeres;63 años;Promedio de años vividos el último año de vida;2020;0,495719
Mujeres;63 años;Promedio de años vividos el último año de vida;2019;0,500853
Mujeres;63 años;Riesgo de muerte;2024;4,552967
Mujeres;63 años;Riesgo de muerte;2020;5,103076
Mujeres;63 años;Riesgo de muerte;2019;4,623171
Mujeres;63 años;Supervivientes;2024;95.279,418729
Mujeres;63 años;Supervivientes;2020;94.638,000483
Mujeres;63 años;Supervivientes;2019;94.948,935843
Mujeres;63 años;Defunciones teóricas;2024;433,804038
Mujeres;63 años;Defunciones teóricas;2020;482,944885
Mujeres;63 años;Defunciones teóricas;2019;438,965147
Mujeres;63 años;Población estacionaria;2024;95.066,116613
Mujeres;63 años;Población estacionaria;2020;94.394,460382
Mujeres;63 años;Población estacionaria;2019;94.729,827764
Mujeres;63 años;Tiempo por vivir;2024;2.421.050,517300
Mujeres;63 años;Tiempo por vivir;2020;2.275.161,614900
Mujeres;63 años;Tiempo por vivir;2019;2.388.548,373600
Mujeres;63 años;Esperanza de vida;2024;25,410005
Mujeres;63 años;Esperanza de vida;2020;24,040677
Mujeres;63 años;Esperanza de vida;2019;25,156136
Mujeres;64 años;Tasa de mortalidad;2024;4,881421
Mujeres;64 años;Tasa de mortalidad;2020;5,447528
Mujeres;64 años;Tasa de mortalidad;2019;4,508513
Mujeres;64 años;Promedio de años vividos el último año de vida;2024;0,508731
Mujeres;64 años;Promedio de años vividos el último año de vida;2020;0,502779
Mujeres;64 años;Promedio de años vividos el último año de vida;2019;0,510084
Mujeres;64 años;Riesgo de muerte;2024;4,869743
Mujeres;64 años;Riesgo de muerte;2020;5,432812
Mujeres;64 años;Riesgo de muerte;2019;4,498577
Mujeres;64 años;Supervivientes;2024;94.845,614691
Mujeres;64 años;Supervivientes;2020;94.155,055598
Mujeres;64 años;Supervivientes;2019;94.509,970695
Mujeres;64 años;Defunciones teóricas;2024;461,873741
Mujeres;64 años;Defunciones teóricas;2020;511,526744
Mujeres;64 años;Defunciones teóricas;2019;425,160370
Mujeres;64 años;Población estacionaria;2024;94.618,710643
Mujeres;64 años;Población estacionaria;2020;93.900,713669
Mujeres;64 años;Población estacionaria;2019;94.301,677958
Mujeres;64 años;Tiempo por vivir;2024;2.325.984,400700
Mujeres;64 años;Tiempo por vivir;2020;2.180.767,154500
Mujeres;64 años;Tiempo por vivir;2019;2.293.818,545800
Mujeres;64 años;Esperanza de vida;2024;24,523900
Mujeres;64 años;Esperanza de vida;2020;23,161445
Mujeres;64 años;Esperanza de vida;2019;24,270651
Mujeres;65 años;Tasa de mortalidad;2024;5,183706
Mujeres;65 años;Tasa de mortalidad;2020;5,824565
Mujeres;65 años;Tasa de mortalidad;2019;5,240362
Mujeres;65 años;Promedio de años vividos el último año de vida;2024;0,506463
Mujeres;65 años;Promedio de años vividos el último año de vida;2020;0,496007
Mujeres;65 años;Promedio de años vividos el último año de vida;2019;0,508864
Mujeres;65 años;Riesgo de muerte;2024;5,170478
Mujeres;65 años;Riesgo de muerte;2020;5,807517
Mujeres;65 años;Riesgo de muerte;2019;5,226910
Mujeres;65 años;Supervivientes;2024;94.383,740950
Mujeres;65 años;Supervivientes;2020;93.643,528855
Mujeres;65 años;Supervivientes;2019;94.084,810325
Mujeres;65 años;Defunciones teóricas;2024;488,009023
Mujeres;65 años;Defunciones teóricas;2020;543,836358
Mujeres;65 años;Defunciones teóricas;2019;491,772821
Mujeres;65 años;Población estacionaria;2024;94.142,890531
Mujeres;65 años;Población estacionaria;2020;93.369,439134
Mujeres;65 años;Población estacionaria;2019;93.843,283187
Mujeres;65 años;Tiempo por vivir;2024;2.231.365,690100
Mujeres;65 años;Tiempo por vivir;2020;2.086.866,440800
Mujeres;65 años;Tiempo por vivir;2019;2.199.516,867900
Mujeres;65 años;Esperanza de vida;2024;23,641420
Mujeres;65 años;Esperanza de vida;2020;22,285218
Mujeres;65 años;Esperanza de vida;2019;23,378023
Mujeres;66 años;Tasa de mortalidad;2024;6,025182
Mujeres;66 años;Tasa de mortalidad;2020;6,292200
Mujeres;66 años;Tasa de mortalidad;2019;5,580822
Mujeres;66 años;Promedio de años vividos el último año de vida;2024;0,505506
Mujeres;66 años;Promedio de años vividos el último año de vida;2020;0,506271
Mujeres;66 años;Promedio de años vividos el último año de vida;2019;0,502554
Mujeres;66 años;Riesgo de muerte;2024;6,007284
Mujeres;66 años;Riesgo de muerte;2020;6,272713
Mujeres;66 años;Riesgo de muerte;2019;5,565372
Mujeres;66 años;Supervivientes;2024;93.895,731927
Mujeres;66 años;Supervivientes;2020;93.099,692497
Mujeres;66 años;Supervivientes;2019;93.593,037504
Mujeres;66 años;Defunciones teóricas;2024;564,058290
Mujeres;66 años;Defunciones teóricas;2020;583,987688
Mujeres;66 años;Defunciones teóricas;2019;520,880025
Mujeres;66 años;Población estacionaria;2024;93.616,808330
Mujeres;66 años;Población estacionaria;2020;92.811,360895
Mujeres;66 años;Población estacionaria;2019;93.333,927794
Mujeres;66 años;Tiempo por vivir;2024;2.137.222,799500
Mujeres;66 años;Tiempo por vivir;2020;1.993.497,001700
Mujeres;66 años;Tiempo por vivir;2019;2.105.673,584700
Mujeres;66 años;Esperanza de vida;2024;22,761661
Mujeres;66 años;Esperanza de vida;2020;21,412498
Mujeres;66 años;Esperanza de vida;2019;22,498186
Mujeres;67 años;Tasa de mortalidad;2024;6,208295
Mujeres;67 años;Tasa de mortalidad;2020;7,009644
Mujeres;67 años;Tasa de mortalidad;2019;6,016926
Mujeres;67 años;Promedio de años vividos el último año de vida;2024;0,485009
Mujeres;67 años;Promedio de años vividos el último año de vida;2020;0,498441
Mujeres;67 años;Promedio de años vividos el último año de vida;2019;0,504946
Mujeres;67 años;Riesgo de muerte;2024;6,188509
Mujeres;67 años;Riesgo de muerte;2020;6,985086
Mujeres;67 años;Riesgo de muerte;2019;5,999056
Mujeres;67 años;Supervivientes;2024;93.331,673637
Mujeres;67 años;Supervivientes;2020;92.515,704809
Mujeres;67 años;Supervivientes;2019;93.072,157480
Mujeres;67 años;Defunciones teóricas;2024;577,583923
Mujeres;67 años;Defunciones teóricas;2020;646,230147
Mujeres;67 años;Defunciones teóricas;2019;558,345125
Mujeres;67 años;Población estacionaria;2024;93.034,223368
Mujeres;67 años;Población estacionaria;2020;92.191,582307
Mujeres;67 años;Población estacionaria;2019;92.795,746759
Mujeres;67 años;Tiempo por vivir;2024;2.043.605,991200
Mujeres;67 años;Tiempo por vivir;2020;1.900.685,640800
Mujeres;67 años;Tiempo por vivir;2019;2.012.339,656900
Mujeres;67 años;Esperanza de vida;2024;21,896168
Mujeres;67 años;Esperanza de vida;2020;20,544465
Mujeres;67 años;Esperanza de vida;2019;21,621285
Mujeres;68 años;Tasa de mortalidad;2024;6,939887
Mujeres;68 años;Tasa de mortalidad;2020;7,236296
Mujeres;68 años;Tasa de mortalidad;2019;6,240019
Mujeres;68 años;Promedio de años vividos el último año de vida;2024;0,500923
Mujeres;68 años;Promedio de años vividos el último año de vida;2020;0,484565
Mujeres;68 años;Promedio de años vividos el último año de vida;2019;0,498059
Mujeres;68 años;Riesgo de muerte;2024;6,915933
Mujeres;68 años;Riesgo de muerte;2020;7,209406
Mujeres;68 años;Riesgo de muerte;2019;6,220535
Mujeres;68 años;Supervivientes;2024;92.754,089714
Mujeres;68 años;Supervivientes;2020;91.869,474662
Mujeres;68 años;Supervivientes;2019;92.513,812355
Mujeres;68 años;Defunciones teóricas;2024;641,481063
Mujeres;68 años;Defunciones teóricas;2020;662,324332
Mujeres;68 años;Defunciones teóricas;2019;575,485433
Mujeres;68 años;Población estacionaria;2024;92.433,941280
Mujeres;68 años;Población estacionaria;2020;91.528,089434
Mujeres;68 años;Población estacionaria;2019;92.224,952567
Mujeres;68 años;Tiempo por vivir;2024;1.950.571,767800
Mujeres;68 años;Tiempo por vivir;2020;1.808.494,058500
Mujeres;68 años;Tiempo por vivir;2019;1.919.543,910100
Mujeres;68 años;Esperanza de vida;2024;21,029496
Mujeres;68 años;Esperanza de vida;2020;19,685473
Mujeres;68 años;Esperanza de vida;2019;20,748728
Mujeres;69 años;Tasa de mortalidad;2024;7,648666
Mujeres;69 años;Tasa de mortalidad;2020;7,967408
Mujeres;69 años;Tasa de mortalidad;2019;6,907194
Mujeres;69 años;Promedio de años vividos el último año de vida;2024;0,505016
Mujeres;69 años;Promedio de años vividos el último año de vida;2020;0,500238
Mujeres;69 años;Promedio de años vividos el último año de vida;2019;0,520473
Mujeres;69 años;Riesgo de muerte;2024;7,619818
Mujeres;69 años;Riesgo de muerte;2020;7,935809
Mujeres;69 años;Riesgo de muerte;2019;6,884392
Mujeres;69 años;Supervivientes;2024;92.112,608651
Mujeres;69 años;Supervivientes;2020;91.207,150330
Mujeres;69 años;Supervivientes;2019;91.938,326922
Mujeres;69 años;Defunciones teóricas;2024;701,881285
Mujeres;69 años;Defunciones teóricas;2020;723,802532
Mujeres;69 años;Defunciones teóricas;2019;632,939486
Mujeres;69 años;Población estacionaria;2024;91.765,188662
Mujeres;69 años;Población estacionaria;2020;90.845,421614
Mujeres;69 años;Población estacionaria;2019;91.634,815247
Mujeres;69 años;Tiempo por vivir;2024;1.858.137,826600
Mujeres;69 años;Tiempo por vivir;2020;1.716.965,969000
Mujeres;69 años;Tiempo por vivir;2019;1.827.318,957600
Mujeres;69 años;Esperanza de vida;2024;20,172459
Mujeres;69 años;Esperanza de vida;2020;18,824905
Mujeres;69 años;Esperanza de vida;2019;19,875486
Mujeres;70 años;Tasa de mortalidad;2024;8,191268
Mujeres;70 años;Tasa de mortalidad;2020;8,781041
Mujeres;70 años;Tasa de mortalidad;2019;7,589402
Mujeres;70 años;Promedio de años vividos el último año de vida;2024;0,507924
Mujeres;70 años;Promedio de años vividos el último año de vida;2020;0,514199
Mujeres;70 años;Promedio de años vividos el último año de vida;2019;0,505229
Mujeres;70 años;Riesgo de muerte;2024;8,158384
Mujeres;70 años;Riesgo de muerte;2020;8,743742
Mujeres;70 años;Riesgo de muerte;2019;7,561011
Mujeres;70 años;Supervivientes;2024;91.410,727366
Mujeres;70 años;Supervivientes;2020;90.483,347798
Mujeres;70 años;Supervivientes;2019;91.305,387436
Mujeres;70 años;Defunciones teóricas;2024;745,763807
Mujeres;70 años;Defunciones teóricas;2020;791,163007
Mujeres;70 años;Defunciones teóricas;2019;690,361001
Mujeres;70 años;Población estacionaria;2024;91.043,754713
Mujeres;70 años;Población estacionaria;2020;90.098,999725
Mujeres;70 años;Población estacionaria;2019;90.963,816579
Mujeres;70 años;Tiempo por vivir;2024;1.766.372,637900
Mujeres;70 años;Tiempo por vivir;2020;1.626.120,547400
Mujeres;70 años;Tiempo por vivir;2019;1.735.684,142300
Mujeres;70 años;Esperanza de vida;2024;19,323472
Mujeres;70 años;Esperanza de vida;2020;17,971490
Mujeres;70 años;Esperanza de vida;2019;19,009657
Mujeres;71 años;Tasa de mortalidad;2024;8,651925
Mujeres;71 años;Tasa de mortalidad;2020;9,582067
Mujeres;71 años;Tasa de mortalidad;2019;8,501748
Mujeres;71 años;Promedio de años vividos el último año de vida;2024;0,508151
Mujeres;71 años;Promedio de años vividos el último año de vida;2020;0,503329
Mujeres;71 años;Promedio de años vividos el último año de vida;2019;0,512617
Mujeres;71 años;Riesgo de muerte;2024;8,615263
Mujeres;71 años;Riesgo de muerte;2020;9,536680
Mujeres;71 años;Riesgo de muerte;2019;8,466665
Mujeres;71 años;Supervivientes;2024;90.664,963560
Mujeres;71 años;Supervivientes;2020;89.692,184792
Mujeres;71 años;Supervivientes;2019;90.615,026435
Mujeres;71 años;Defunciones teóricas;2024;781,102545
Mujeres;71 años;Defunciones teóricas;2020;855,365686
Mujeres;71 años;Defunciones teóricas;2019;767,207093
Mujeres;71 años;Población estacionaria;2024;90.280,779117
Mujeres;71 años;Población estacionaria;2020;89.267,349608
Mujeres;71 años;Población estacionaria;2019;90.241,102651
Mujeres;71 años;Tiempo por vivir;2024;1.675.328,883200
Mujeres;71 años;Tiempo por vivir;2020;1.536.021,547700
Mujeres;71 años;Tiempo por vivir;2019;1.644.720,325800
Mujeres;71 años;Esperanza de vida;2024;18,478239
Mujeres;71 años;Esperanza de vida;2020;17,125478
Mujeres;71 años;Esperanza de vida;2019;18,150636
Mujeres;72 años;Tasa de mortalidad;2024;9,388044
Mujeres;72 años;Tasa de mortalidad;2020;11,369973
Mujeres;72 años;Tasa de mortalidad;2019;9,067965
Mujeres;72 años;Promedio de años vividos el último año de vida;2024;0,502210
Mujeres;72 años;Promedio de años vividos el último año de vida;2020;0,491333
Mujeres;72 años;Promedio de años vividos el último año de vida;2019;0,513776
Mujeres;72 años;Riesgo de muerte;2024;9,344375
Mujeres;72 años;Riesgo de muerte;2020;11,304592
Mujeres;72 años;Riesgo de muerte;2019;9,028159
Mujeres;72 años;Supervivientes;2024;89.883,861014
Mujeres;72 años;Supervivientes;2020;88.836,819106
Mujeres;72 años;Supervivientes;2019;89.847,819342
Mujeres;72 años;Defunciones teóricas;2024;839,908489
Mujeres;72 años;Defunciones teóricas;2020;1.004,264013
Mujeres;72 años;Defunciones teóricas;2019;811,160388
Mujeres;72 años;Población estacionaria;2024;89.465,763308
Mujeres;72 años;Población estacionaria;2020;88.325,983604
Mujeres;72 años;Población estacionaria;2019;89.453,414033
Mujeres;72 años;Tiempo por vivir;2024;1.585.048,104100
Mujeres;72 años;Tiempo por vivir;2020;1.446.754,198100
Mujeres;72 años;Tiempo por vivir;2019;1.554.479,223100
Mujeres;72 años;Esperanza de vida;2024;17,634402
Mujeres;72 años;Esperanza de vida;2020;16,285525
Mujeres;72 años;Esperanza de vida;2019;17,301246
Mujeres;73 años;Tasa de mortalidad;2024;10,368480
Mujeres;73 años;Tasa de mortalidad;2020;11,533918
Mujeres;73 años;Tasa de mortalidad;2019;10,853041
Mujeres;73 años;Promedio de años vividos el último año de vida;2024;0,500670
Mujeres;73 años;Promedio de años vividos el último año de vida;2020;0,509100
Mujeres;73 años;Promedio de años vividos el último año de vida;2019;0,505476
Mujeres;73 años;Riesgo de muerte;2024;10,315076
Mujeres;73 años;Riesgo de muerte;2020;11,468981
Mujeres;73 años;Riesgo de muerte;2019;10,795103
Mujeres;73 años;Supervivientes;2024;89.043,952526
Mujeres;73 años;Supervivientes;2020;87.832,555092
Mujeres;73 años;Supervivientes;2019;89.036,658954
Mujeres;73 años;Defunciones teóricas;2024;918,495109
Mujeres;73 años;Defunciones teóricas;2020;1.007,349913
Mujeres;73 años;Defunciones teóricas;2019;961,159868
Mujeres;73 años;Población estacionaria;2024;88.585,320462
Mujeres;73 años;Población estacionaria;2020;87.338,046831
Mujeres;73 años;Población estacionaria;2019;88.561,342459
Mujeres;73 años;Tiempo por vivir;2024;1.495.582,340800
Mujeres;73 años;Tiempo por vivir;2020;1.358.428,214500
Mujeres;73 años;Tiempo por vivir;2019;1.465.025,809100
Mujeres;73 años;Esperanza de vida;2024;16,796001
Mujeres;73 años;Esperanza de vida;2020;15,466113
Mujeres;73 años;Esperanza de vida;2019;16,454187
Mujeres;74 años;Tasa de mortalidad;2024;11,459167
Mujeres;74 años;Tasa de mortalidad;2020;14,647864
Mujeres;74 años;Tasa de mortalidad;2019;11,863074
Mujeres;74 años;Promedio de años vividos el último año de vida;2024;0,520683
Mujeres;74 años;Promedio de años vividos el último año de vida;2020;0,510616
Mujeres;74 años;Promedio de años vividos el último año de vida;2019;0,496596
Mujeres;74 años;Riesgo de muerte;2024;11,396570
Mujeres;74 años;Riesgo de muerte;2020;14,543609
Mujeres;74 años;Riesgo de muerte;2019;11,792649
Mujeres;74 años;Supervivientes;2024;88.125,457416
Mujeres;74 años;Supervivientes;2020;86.825,205180
Mujeres;74 años;Supervivientes;2019;88.075,499086
Mujeres;74 años;Defunciones teóricas;2024;1.004,327945
Mujeres;74 años;Defunciones teóricas;2020;1.262,751838
Mujeres;74 años;Defunciones teóricas;2019;1.038,643423
Mujeres;74 años;Población estacionaria;2024;87.644,065845
Mujeres;74 años;Población estacionaria;2020;86.207,234988
Mujeres;74 años;Población estacionaria;2019;87.552,641644
Mujeres;74 años;Tiempo por vivir;2024;1.406.997,020300
Mujeres;74 años;Tiempo por vivir;2020;1.271.090,167700
Mujeres;74 años;Tiempo por vivir;2019;1.376.464,466600
Mujeres;74 años;Esperanza de vida;2024;15,965841
Mujeres;74 años;Esperanza de vida;2020;14,639645
Mujeres;74 años;Esperanza de vida;2019;15,628234
Mujeres;75 años;Tasa de mortalidad;2024;12,878981
Mujeres;75 años;Tasa de mortalidad;2020;15,768240
Mujeres;75 años;Tasa de mortalidad;2019;13,497154
Mujeres;75 años;Promedio de años vividos el último año de vida;2024;0,516078
Mujeres;75 años;Promedio de años vividos el último año de vida;2020;0,505009
Mujeres;75 años;Promedio de años vividos el último año de vida;2019;0,506801
Mujeres;75 años;Riesgo de muerte;2024;12,799211
Mujeres;75 años;Riesgo de muerte;2020;15,646120
Mujeres;75 años;Riesgo de muerte;2019;13,407900
Mujeres;75 años;Supervivientes;2024;87.121,129471
Mujeres;75 años;Supervivientes;2020;85.562,453342
Mujeres;75 años;Supervivientes;2019;87.036,855663
Mujeres;75 años;Defunciones teóricas;2024;1.115,081692
Mujeres;75 años;Defunciones teóricas;2020;1.338,720394
Mujeres;75 años;Defunciones teóricas;2019;1.166,981463
Mujeres;75 años;Población estacionaria;2024;86.581,517076
Mujeres;75 años;Población estacionaria;2020;84.899,798765
Mujeres;75 años;Población estacionaria;2019;86.461,301038
Mujeres;75 años;Tiempo por vivir;2024;1.319.352,954500
Mujeres;75 años;Tiempo por vivir;2020;1.184.882,932700
Mujeres;75 años;Tiempo por vivir;2019;1.288.911,825000
Mujeres;75 años;Esperanza de vida;2024;15,143892
Mujeres;75 años;Esperanza de vida;2020;13,848165
Mujeres;75 años;Esperanza de vida;2019;14,808805
Mujeres;76 años;Tasa de mortalidad;2024;15,121158
Mujeres;76 años;Tasa de mortalidad;2020;18,072296
Mujeres;76 años;Tasa de mortalidad;2019;15,512434
Mujeres;76 años;Promedio de años vividos el último año de vida;2024;0,504963
Mujeres;76 años;Promedio de años vividos el último año de vida;2020;0,516486
Mujeres;76 años;Promedio de años vividos el último año de vida;2019;0,491816
Mujeres;76 años;Riesgo de muerte;2024;15,008810
Mujeres;76 años;Riesgo de muerte;2020;17,915744
Mujeres;76 años;Riesgo de muerte;2019;15,391104
Mujeres;76 años;Supervivientes;2024;86.006,047780
Mujeres;76 años;Supervivientes;2020;84.223,732947
Mujeres;76 años;Supervivientes;2019;85.869,874199
Mujeres;76 años;Defunciones teóricas;2024;1.290,848388
Mujeres;76 años;Defunciones teóricas;2020;1.508,930879
Mujeres;76 años;Defunciones teóricas;2019;1.321,632132
Mujeres;76 años;Población estacionaria;2024;85.367,030153
Mujeres;76 años;Población estacionaria;2020;83.494,143217
Mujeres;76 años;Población estacionaria;2019;85.198,241977
Mujeres;76 años;Tiempo por vivir;2024;1.232.771,437400
Mujeres;76 años;Tiempo por vivir;2020;1.099.983,133900
Mujeres;76 años;Tiempo por vivir;2019;1.202.450,523900
Mujeres;76 años;Esperanza de vida;2024;14,333544
Mujeres;76 años;Esperanza de vida;2020;13,060251
Mujeres;76 años;Esperanza de vida;2019;14,003171
Mujeres;77 años;Tasa de mortalidad;2024;15,979309
Mujeres;77 años;Tasa de mortalidad;2020;21,141126
Mujeres;77 años;Tasa de mortalidad;2019;16,918026
Mujeres;77 años;Promedio de años vividos el último año de vida;2024;0,503155
Mujeres;77 años;Promedio de años vividos el último año de vida;2020;0,492713
Mujeres;77 años;Promedio de años vividos el último año de vida;2019;0,503470
Mujeres;77 años;Riesgo de muerte;2024;15,853445
Mujeres;77 años;Riesgo de muerte;2020;20,916801
Mujeres;77 años;Riesgo de muerte;2019;16,777093
Mujeres;77 años;Supervivientes;2024;84.715,199392
Mujeres;77 años;Supervivientes;2020;82.714,802068
Mujeres;77 años;Supervivientes;2019;84.548,242067
Mujeres;77 años;Defunciones teóricas;2024;1.343,027767
Mujeres;77 años;Defunciones teóricas;2020;1.730,129047
Mujeres;77 años;Defunciones teóricas;2019;1.418,473760
Mujeres;77 años;Población estacionaria;2024;84.047,922878
Mujeres;77 años;Población estacionaria;2020;81.837,129953
Mujeres;77 años;Población estacionaria;2019;83.843,927348
Mujeres;77 años;Tiempo por vivir;2024;1.147.404,407200
Mujeres;77 años;Tiempo por vivir;2020;1.016.488,990700
Mujeres;77 años;Tiempo por vivir;2019;1.117.252,282000
Mujeres;77 años;Esperanza de vida;2024;13,544257
Mujeres;77 años;Esperanza de vida;2020;12,289082
Mujeres;77 años;Esperanza de vida;2019;13,214376
Mujeres;78 años;Tasa de mortalidad;2024;18,850611
Mujeres;78 años;Tasa de mortalidad;2020;22,169883
Mujeres;78 años;Tasa de mortalidad;2019;19,214449
Mujeres;78 años;Promedio de años vividos el último año de vida;2024;0,513572
Mujeres;78 años;Promedio de años vividos el último año de vida;2020;0,495461
Mujeres;78 años;Promedio de años vividos el último año de vida;2019;0,531952
Mujeres;78 años;Riesgo de muerte;2024;18,679332
Mujeres;78 años;Riesgo de muerte;2020;21,924644
Mujeres;78 años;Riesgo de muerte;2019;19,043188
Mujeres;78 años;Supervivientes;2024;83.372,171625
Mujeres;78 años;Supervivientes;2020;80.984,673021
Mujeres;78 años;Supervivientes;2019;83.129,768307
Mujeres;78 años;Defunciones teóricas;2024;1.557,336445
Mujeres;78 años;Defunciones teóricas;2020;1.775,560089
Mujeres;78 años;Defunciones teóricas;2019;1.583,055837
Mujeres;78 años;Población estacionaria;2024;82.614,639173
Mujeres;78 años;Población estacionaria;2020;80.088,833216
Mujeres;78 años;Población estacionaria;2019;82.388,822567
Mujeres;78 años;Tiempo por vivir;2024;1.063.356,484300
Mujeres;78 años;Tiempo por vivir;2020;934.651,860740
Mujeres;78 años;Tiempo por vivir;2019;1.033.408,354600
Mujeres;78 años;Esperanza de vida;2024;12,754334
Mujeres;78 años;Esperanza de vida;2020;11,541096
Mujeres;78 años;Esperanza de vida;2019;12,431267
Mujeres;79 años;Tasa de mortalidad;2024;21,267620
Mujeres;79 años;Tasa de mortalidad;2020;27,141433
Mujeres;79 años;Tasa de mortalidad;2019;23,153708
Mujeres;79 años;Promedio de años vividos el último año de vida;2024;0,492801
Mujeres;79 años;Promedio de años vividos el último año de vida;2020;0,535106
Mujeres;79 años;Promedio de años vividos el último año de vida;2019;0,485637
Mujeres;79 años;Riesgo de muerte;2024;21,040656
Mujeres;79 años;Riesgo de muerte;2020;26,803233
Mujeres;79 años;Riesgo de muerte;2019;22,881207
Mujeres;79 años;Supervivientes;2024;81.814,835180
Mujeres;79 años;Supervivientes;2020;79.209,112932
Mujeres;79 años;Supervivientes;2019;81.546,712470
Mujeres;79 años;Defunciones teóricas;2024;1.721,437826
Mujeres;79 años;Defunciones teóricas;2020;2.123,060303
Mujeres;79 años;Defunciones teóricas;2019;1.865,887185
Mujeres;79 años;Población estacionaria;2024;80.941,723414
Mujeres;79 años;Población estacionaria;2020;78.222,114498
Mujeres;79 años;Población estacionaria;2019;80.586,969022
Mujeres;79 años;Tiempo por vivir;2024;980.741,845180
Mujeres;79 años;Tiempo por vivir;2020;854.563,027520
Mujeres;79 años;Tiempo por vivir;2019;951.019,532040
Mujeres;79 años;Esperanza de vida;2024;11,987335
Mujeres;79 años;Esperanza de vida;2020;10,788696
Mujeres;79 años;Esperanza de vida;2019;11,662267
Mujeres;80 años;Tasa de mortalidad;2024;25,788377
Mujeres;80 años;Tasa de mortalidad;2020;32,379042
Mujeres;80 años;Tasa de mortalidad;2019;26,729686
Mujeres;80 años;Promedio de años vividos el último año de vida;2024;0,511563
Mujeres;80 años;Promedio de años vividos el último año de vida;2020;0,475625
Mujeres;80 años;Promedio de años vividos el último año de vida;2019;0,525902
Mujeres;80 años;Riesgo de muerte;2024;25,467588
Mujeres;80 años;Riesgo de muerte;2020;31,838464
Mujeres;80 años;Riesgo de muerte;2019;26,395193
Mujeres;80 años;Supervivientes;2024;80.093,397354
Mujeres;80 años;Supervivientes;2020;77.086,052629
Mujeres;80 años;Supervivientes;2019;79.680,825285
Mujeres;80 años;Defunciones teóricas;2024;2.039,785636
Mujeres;80 años;Defunciones teóricas;2020;2.454,301542
Mujeres;80 años;Defunciones teóricas;2019;2.103,190722
Mujeres;80 años;Población estacionaria;2024;79.097,091089
Mujeres;80 años;Población estacionaria;2020;75.799,077742
Mujeres;80 años;Población estacionaria;2019;78.683,706213
Mujeres;80 años;Tiempo por vivir;2024;899.800,121760
Mujeres;80 años;Tiempo por vivir;2020;776.340,913020
Mujeres;80 años;Tiempo por vivir;2019;870.432,563010
Mujeres;80 años;Esperanza de vida;2024;11,234386
Mujeres;80 años;Esperanza de vida;2020;10,071094
Mujeres;80 años;Esperanza de vida;2019;10,923990
Mujeres;81 años;Tasa de mortalidad;2024;29,575103
Mujeres;81 años;Tasa de mortalidad;2020;37,557557
Mujeres;81 años;Tasa de mortalidad;2019;31,529221
Mujeres;81 años;Promedio de años vividos el último año de vida;2024;0,497701
Mujeres;81 años;Promedio de años vividos el último año de vida;2020;0,519310
Mujeres;81 años;Promedio de años vividos el último año de vida;2019;0,522825
Mujeres;81 años;Riesgo de muerte;2024;29,142180
Mujeres;81 años;Riesgo de muerte;2020;36,891533
Mujeres;81 años;Riesgo de muerte;2019;31,061896
Mujeres;81 años;Supervivientes;2024;78.053,611717
Mujeres;81 años;Supervivientes;2020;74.631,751087
Mujeres;81 años;Supervivientes;2019;77.577,634563
Mujeres;81 años;Defunciones teóricas;2024;2.274,652396
Mujeres;81 años;Defunciones teóricas;2020;2.753,279740
Mujeres;81 años;Defunciones teóricas;2019;2.409,708379
Mujeres;81 años;Población estacionaria;2024;76.911,055983
Mujeres;81 años;Población estacionaria;2020;73.308,276385
Mujeres;81 años;Población estacionaria;2019;76.427,780973
Mujeres;81 años;Tiempo por vivir;2024;820.703,030670
Mujeres;81 años;Tiempo por vivir;2020;700.541,835280
Mujeres;81 años;Tiempo por vivir;2019;791.748,856800
Mujeres;81 años;Esperanza de vida;2024;10,514607
Mujeres;81 años;Esperanza de vida;2020;9,386646
Mujeres;81 años;Esperanza de vida;2019;10,205891
Mujeres;82 años;Tasa de mortalidad;2024;31,924934
Mujeres;82 años;Tasa de mortalidad;2020;45,310441
Mujeres;82 años;Tasa de mortalidad;2019;36,846007
Mujeres;82 años;Promedio de años vividos el último año de vida;2024;0,501242
Mujeres;82 años;Promedio de años vividos el último año de vida;2020;0,517023
Mujeres;82 años;Promedio de años vividos el último año de vida;2019;0,519146
Mujeres;82 años;Riesgo de muerte;2024;31,424566
Mujeres;82 años;Riesgo de muerte;2020;44,340106
Mujeres;82 años;Riesgo de muerte;2019;36,204551
Mujeres;82 años;Supervivientes;2024;75.778,959321
Mujeres;82 años;Supervivientes;2020;71.878,471347
Mujeres;82 años;Supervivientes;2019;75.167,926184
Mujeres;82 años;Defunciones teóricas;2024;2.381,320898
Mujeres;82 años;Defunciones teóricas;2020;3.187,099071
Mujeres;82 años;Defunciones teóricas;2019;2.721,421012
Mujeres;82 años;Población estacionaria;2024;74.591,255451
Mujeres;82 años;Población estacionaria;2020;70.339,176377
Mujeres;82 años;Población estacionaria;2019;73.859,318899
Mujeres;82 años;Tiempo por vivir;2024;743.791,974690
Mujeres;82 años;Tiempo por vivir;2020;627.233,558900
Mujeres;82 años;Tiempo por vivir;2019;715.321,075830
Mujeres;82 años;Esperanza de vida;2024;9,815284
Mujeres;82 años;Esperanza de vida;2020;8,726306
Mujeres;82 años;Esperanza de vida;2019;9,516307
Mujeres;83 años;Tasa de mortalidad;2024;38,301114
Mujeres;83 años;Tasa de mortalidad;2020;50,221124
Mujeres;83 años;Tasa de mortalidad;2019;42,061735
Mujeres;83 años;Promedio de años vividos el último año de vida;2024;0,527404
Mujeres;83 años;Promedio de años vividos el último año de vida;2020;0,510727
Mujeres;83 años;Promedio de años vividos el último año de vida;2019;0,508681
Mujeres;83 años;Riesgo de muerte;2024;37,620154
Mujeres;83 años;Riesgo de muerte;2020;49,016693
Mujeres;83 años;Riesgo de muerte;2019;41,210098
Mujeres;83 años;Supervivientes;2024;73.397,638423
Mujeres;83 años;Supervivientes;2020;68.691,372276
Mujeres;83 años;Supervivientes;2019;72.446,505173
Mujeres;83 años;Defunciones teóricas;2024;2.761,230442
Mujeres;83 años;Defunciones teóricas;2020;3.367,023928
Mujeres;83 años;Defunciones teóricas;2019;2.985,527579
Mujeres;83 años;Población estacionaria;2024;72.092,693049
Mujeres;83 años;Población estacionaria;2020;67.043,978383
Mujeres;83 años;Población estacionaria;2019;70.979,658420
Mujeres;83 años;Tiempo por vivir;2024;669.200,719240
Mujeres;83 años;Tiempo por vivir;2020;556.894,382520
Mujeres;83 años;Tiempo por vivir;2019;641.461,756930
Mujeres;83 años;Esperanza de vida;2024;9,117469
Mujeres;83 años;Esperanza de vida;2020;8,107195
Mujeres;83 años;Esperanza de vida;2019;8,854282
Mujeres;84 años;Tasa de mortalidad;2024;45,459888
Mujeres;84 años;Tasa de mortalidad;2020;60,784618
Mujeres;84 años;Tasa de mortalidad;2019;49,964355
Mujeres;84 años;Promedio de años vividos el último año de vida;2024;0,475133
Mujeres;84 años;Promedio de años vividos el último año de vida;2020;0,506050
Mujeres;84 años;Promedio de años vividos el último año de vida;2019;0,503780
Mujeres;84 años;Riesgo de muerte;2024;44,400476
Mujeres;84 años;Riesgo de muerte;2020;59,012785
Mujeres;84 años;Riesgo de muerte;2019;48,755544
Mujeres;84 años;Supervivientes;2024;70.636,407981
Mujeres;84 años;Supervivientes;2020;65.324,348348
Mujeres;84 años;Supervivientes;2019;69.460,977593
Mujeres;84 años;Defunciones teóricas;2024;3.136,290119
Mujeres;84 años;Defunciones teóricas;2020;3.854,971747
Mujeres;84 años;Defunciones teóricas;2019;3.386,607766
Mujeres;84 años;Población estacionaria;2024;68.990,273922
Mujeres;84 años;Población estacionaria;2020;63.420,185529
Mujeres;84 años;Población estacionaria;2019;67.780,476349
Mujeres;84 años;Tiempo por vivir;2024;597.108,026190
Mujeres;84 años;Tiempo por vivir;2020;489.850,404140
Mujeres;84 años;Tiempo por vivir;2019;570.482,098510
Mujeres;84 años;Esperanza de vida;2024;8,453261
Mujeres;84 años;Esperanza de vida;2020;7,498742
Mujeres;84 años;Esperanza de vida;2019;8,212987
Mujeres;85 años;Tasa de mortalidad;2024;53,716267
Mujeres;85 años;Tasa de mortalidad;2020;68,366705
Mujeres;85 años;Tasa de mortalidad;2019;58,388262
Mujeres;85 años;Promedio de años vividos el último año de vida;2024;0,514757
Mujeres;85 años;Promedio de años vividos el último año de vida;2020;0,502194
Mujeres;85 años;Promedio de años vividos el último año de vida;2019;0,508281
Mujeres;85 años;Riesgo de muerte;2024;52,351696
Mujeres;85 años;Riesgo de muerte;2020;66,116536
Mujeres;85 años;Riesgo de muerte;2019;56,758684
Mujeres;85 años;Supervivientes;2024;67.500,117862
Mujeres;85 años;Supervivientes;2020;61.469,376601
Mujeres;85 años;Supervivientes;2019;66.074,369827
Mujeres;85 años;Defunciones teóricas;2024;3.533,745663
Mujeres;85 años;Defunciones teóricas;2020;4.064,142243
Mujeres;85 años;Defunciones teóricas;2019;3.750,294294
Mujeres;85 años;Población estacionaria;2024;65.785,391422
Mujeres;85 años;Población estacionaria;2020;59.446,221231
Mujeres;85 años;Población estacionaria;2019;64.230,278314
Mujeres;85 años;Tiempo por vivir;2024;528.117,752270
Mujeres;85 años;Tiempo por vivir;2020;426.430,218610
Mujeres;85 años;Tiempo por vivir;2019;502.701,622160
Mujeres;85 años;Esperanza de vida;2024;7,823953
Mujeres;85 años;Esperanza de vida;2020;6,937279
Mujeres;85 años;Esperanza de vida;2019;7,608118
Mujeres;86 años;Tasa de mortalidad;2024;63,519623
Mujeres;86 años;Tasa de mortalidad;2020;80,135689
Mujeres;86 años;Tasa de mortalidad;2019;68,025164
Mujeres;86 años;Promedio de años vividos el último año de vida;2024;0,522757
Mujeres;86 años;Promedio de años vividos el último año de vida;2020;0,509226
Mujeres;86 años;Promedio de años vividos el último año de vida;2019;0,505357
Mujeres;86 años;Riesgo de muerte;2024;61,650724
Mujeres;86 años;Riesgo de muerte;2020;77,103328
Mujeres;86 años;Riesgo de muerte;2019;65,810753
Mujeres;86 años;Supervivientes;2024;63.966,372199
Mujeres;86 años;Supervivientes;2020;57.405,234358
Mujeres;86 años;Supervivientes;2019;62.324,075533
Mujeres;86 años;Defunciones teóricas;2024;3.943,573148
Mujeres;86 años;Defunciones teóricas;2020;4.426,134620
Mujeres;86 años;Defunciones teóricas;2019;4.101,594340
Mujeres;86 años;Población estacionaria;2024;62.084,328910
Mujeres;86 años;Población estacionaria;2020;55.233,001516
Mujeres;86 años;Población estacionaria;2019;60.295,251420
Mujeres;86 años;Tiempo por vivir;2024;462.332,360850
Mujeres;86 años;Tiempo por vivir;2020;366.983,997380
Mujeres;86 años;Tiempo por vivir;2019;438.471,343840
Mujeres;86 años;Esperanza de vida;2024;7,227741
Mujeres;86 años;Esperanza de vida;2020;6,392866
Mujeres;86 años;Esperanza de vida;2019;7,035345
Mujeres;87 años;Tasa de mortalidad;2024;72,839355
Mujeres;87 años;Tasa de mortalidad;2020;93,435800
Mujeres;87 años;Tasa de mortalidad;2019;79,572817
Mujeres;87 años;Promedio de años vividos el último año de vida;2024;0,511392
Mujeres;87 años;Promedio de años vividos el último año de vida;2020;0,500017
Mujeres;87 años;Promedio de años vividos el último año de vida;2019;0,494269
Mujeres;87 años;Riesgo de muerte;2024;70,336103
Mujeres;87 años;Riesgo de muerte;2020;89,265636
Mujeres;87 años;Riesgo de muerte;2019;76,494492
Mujeres;87 años;Supervivientes;2024;60.022,799051
Mujeres;87 años;Supervivientes;2020;52.979,099738
Mujeres;87 años;Supervivientes;2019;58.222,481193
Mujeres;87 años;Defunciones teóricas;2024;4.221,769767
Mujeres;87 años;Defunciones teóricas;2020;4.729,213013
Mujeres;87 años;Defunciones teóricas;2019;4.453,699103
Mujeres;87 años;Población estacionaria;2024;57.960,010585
Mujeres;87 años;Población estacionaria;2020;50.614,571600
Mujeres;87 años;Población estacionaria;2019;55.970,107178
Mujeres;87 años;Tiempo por vivir;2024;400.248,031940
Mujeres;87 años;Tiempo por vivir;2020;311.750,995860
Mujeres;87 años;Tiempo por vivir;2019;378.176,092430
Mujeres;87 años;Esperanza de vida;2024;6,668267
Mujeres;87 años;Esperanza de vida;2020;5,884415
Mujeres;87 años;Esperanza de vida;2019;6,495362
Mujeres;88 años;Tasa de mortalidad;2024;86,379453
Mujeres;88 años;Tasa de mortalidad;2020;108,605654
Mujeres;88 años;Tasa de mortalidad;2019;91,979638
Mujeres;88 años;Promedio de años vividos el último año de vida;2024;0,506110
Mujeres;88 años;Promedio de años vividos el último año de vida;2020;0,502337
Mujeres;88 años;Promedio de años vividos el último año de vida;2019;0,506131
Mujeres;88 años;Riesgo de muerte;2024;82,845122
Mujeres;88 años;Riesgo de muerte;2020;103,036631
Mujeres;88 años;Riesgo de muerte;2019;87,982933
Mujeres;88 años;Supervivientes;2024;55.801,029284
Mujeres;88 años;Supervivientes;2020;48.249,886724
Mujeres;88 años;Supervivientes;2019;53.768,782091
Mujeres;88 años;Defunciones teóricas;2024;4.622,843083
Mujeres;88 años;Defunciones teóricas;2020;4.971,505753
Mujeres;88 años;Defunciones teóricas;2019;4.730,735139
Mujeres;88 años;Población estacionaria;2024;53.517,855376
Mujeres;88 años;Población estacionaria;2020;45.775,754678
Mujeres;88 años;Población estacionaria;2019;51.432,417293
Mujeres;88 años;Tiempo por vivir;2024;342.288,021350
Mujeres;88 años;Tiempo por vivir;2020;261.136,424260
Mujeres;88 años;Tiempo por vivir;2019;322.205,985250
Mujeres;88 años;Esperanza de vida;2024;6,134081
Mujeres;88 años;Esperanza de vida;2020;5,412167
Mujeres;88 años;Esperanza de vida;2019;5,992436
Mujeres;89 años;Tasa de mortalidad;2024;98,635917
Mujeres;89 años;Tasa de mortalidad;2020;124,813196
Mujeres;89 años;Tasa de mortalidad;2019;105,360357
Mujeres;89 años;Promedio de años vividos el último año de vida;2024;0,502670
Mujeres;89 años;Promedio de años vividos el último año de vida;2020;0,499410
Mujeres;89 años;Promedio de años vividos el último año de vida;2019;0,496895
Mujeres;89 años;Riesgo de muerte;2024;94,023623
Mujeres;89 años;Riesgo de muerte;2020;117,473431
Mujeres;89 años;Riesgo de muerte;2019;100,056628
Mujeres;89 años;Supervivientes;2024;51.178,186201
Mujeres;89 años;Supervivientes;2020;43.278,380972
Mujeres;89 años;Supervivientes;2019;49.038,046952
Mujeres;89 años;Defunciones teóricas;2024;4.811,958489
Mujeres;89 años;Defunciones teóricas;2020;5.084,059900
Mujeres;89 años;Defunciones teóricas;2019;4.906,581610
Mujeres;89 años;Población estacionaria;2024;48.785,053336
Mujeres;89 años;Población estacionaria;2020;40.733,352339
Mujeres;89 años;Población estacionaria;2019;46.569,523607
Mujeres;89 años;Tiempo por vivir;2024;288.770,165980
Mujeres;89 años;Tiempo por vivir;2020;215.360,669580
Mujeres;89 años;Tiempo por vivir;2019;270.773,567950
Mujeres;89 años;Esperanza de vida;2024;5,642446
Mujeres;89 años;Esperanza de vida;2020;4,976172
Mujeres;89 años;Esperanza de vida;2019;5,521704
Mujeres;90 años;Tasa de mortalidad;2024;116,770528
Mujeres;90 años;Tasa de mortalidad;2020;145,770460
Mujeres;90 años;Tasa de mortalidad;2019;125,346219
Mujeres;90 años;Promedio de años vividos el último año de vida;2024;0,502020
Mujeres;90 años;Promedio de años vividos el último año de vida;2020;0,491760
Mujeres;90 años;Promedio de años vividos el último año de vida;2019;0,501378
Mujeres;90 años;Riesgo de muerte;2024;110,353535
Mujeres;90 años;Riesgo de muerte;2020;135,715770
Mujeres;90 años;Riesgo de muerte;2019;117,972870
Mujeres;90 años;Supervivientes;2024;46.366,227712
Mujeres;90 años;Supervivientes;2020;38.194,321072
Mujeres;90 años;Supervivientes;2019;44.131,465342
Mujeres;90 años;Defunciones teóricas;2024;5.116,677140
Mujeres;90 años;Defunciones teóricas;2020;5.183,571701
Mujeres;90 años;Defunciones teóricas;2019;5.206,315640
Mujeres;90 años;Población estacionaria;2024;43.818,224029
Mujeres;90 años;Población estacionaria;2020;35.559,822646
Mujeres;90 años;Población estacionaria;2019;41.535,482156
Mujeres;90 años;Tiempo por vivir;2024;239.985,112640
Mujeres;90 años;Tiempo por vivir;2020;174.627,317240
Mujeres;90 años;Tiempo por vivir;2019;224.204,044350
Mujeres;90 años;Esperanza de vida;2024;5,175860
Mujeres;90 años;Esperanza de vida;2020;4,572075
Mujeres;90 años;Esperanza de vida;2019;5,080367
Mujeres;91 años;Tasa de mortalidad;2024;132,948908
Mujeres;91 años;Tasa de mortalidad;2020;164,851871
Mujeres;91 años;Tasa de mortalidad;2019;141,516765
Mujeres;91 años;Promedio de años vividos el último año de vida;2024;0,500854
Mujeres;91 años;Promedio de años vividos el último año de vida;2020;0,492840
Mujeres;91 años;Promedio de años vividos el último año de vida;2019;0,488531
Mujeres;91 años;Riesgo de muerte;2024;124,675336
Mujeres;91 años;Riesgo de muerte;2020;152,132640
Mujeres;91 años;Riesgo de muerte;2019;131,964953
Mujeres;91 años;Supervivientes;2024;41.249,550573
Mujeres;91 años;Supervivientes;2020;33.010,749370
Mujeres;91 años;Supervivientes;2019;38.925,149702
Mujeres;91 años;Defunciones teóricas;2024;5.142,801560
Mujeres;91 años;Defunciones teóricas;2020;5.022,012440
Mujeres;91 años;Defunciones teóricas;2019;5.136,755537
Mujeres;91 años;Población estacionaria;2024;38.682,540924
Mujeres;91 años;Población estacionaria;2020;30.463,787997
Mujeres;91 años;Población estacionaria;2019;36.297,858626
Mujeres;91 años;Tiempo por vivir;2024;196.166,888610
Mujeres;91 años;Tiempo por vivir;2020;139.067,494600
Mujeres;91 años;Tiempo por vivir;2019;182.668,562190
Mujeres;91 años;Esperanza de vida;2024;4,755613
Mujeres;91 años;Esperanza de vida;2020;4,212794
Mujeres;91 años;Esperanza de vida;2019;4,692816
Mujeres;92 años;Tasa de mortalidad;2024;152,464108
Mujeres;92 años;Tasa de mortalidad;2020;186,951356
Mujeres;92 años;Tasa de mortalidad;2019;162,192657
Mujeres;92 años;Promedio de años vividos el último año de vida;2024;0,491997
Mujeres;92 años;Promedio de años vividos el último año de vida;2020;0,490720
Mujeres;92 años;Promedio de años vividos el último año de vida;2019;0,493970
Mujeres;92 años;Riesgo de muerte;2024;141,504291
Mujeres;92 años;Riesgo de muerte;2020;170,699015
Mujeres;92 años;Riesgo de muerte;2019;149,890486
Mujeres;92 años;Supervivientes;2024;36.106,749013
Mujeres;92 años;Supervivientes;2020;27.988,736930
Mujeres;92 años;Supervivientes;2019;33.788,394165
Mujeres;92 años;Defunciones teóricas;2024;5.109,259927
Mujeres;92 años;Defunciones teóricas;2020;4.777,649837
Mujeres;92 años;Defunciones teóricas;2019;5.064,558819
Mujeres;92 años;Población estacionaria;2024;33.511,230821
Mujeres;92 años;Población estacionaria;2020;25.555,577357
Mujeres;92 años;Población estacionaria;2019;31.225,574101
Mujeres;92 años;Tiempo por vivir;2024;157.484,347690
Mujeres;92 años;Tiempo por vivir;2020;108.603,706600
Mujeres;92 años;Tiempo por vivir;2019;146.370,703570
Mujeres;92 años;Esperanza de vida;2024;4,361632
Mujeres;92 años;Esperanza de vida;2020;3,880265
Mujeres;92 años;Esperanza de vida;2019;4,331982
Mujeres;93 años;Tasa de mortalidad;2024;176,879784
Mujeres;93 años;Tasa de mortalidad;2020;211,937390
Mujeres;93 años;Tasa de mortalidad;2019;180,885453
Mujeres;93 años;Promedio de años vividos el último año de vida;2024;0,493387
Mujeres;93 años;Promedio de años vividos el último año de vida;2020;0,491833
Mujeres;93 años;Promedio de años vividos el último año de vida;2019;0,490493
Mujeres;93 años;Riesgo de muerte;2024;162,333164
Mujeres;93 años;Riesgo de muerte;2020;191,331103
Mujeres;93 años;Riesgo de muerte;2019;165,621394
Mujeres;93 años;Supervivientes;2024;30.997,489085
Mujeres;93 años;Supervivientes;2020;23.211,087093
Mujeres;93 años;Supervivientes;2019;28.723,835346
Mujeres;93 años;Defunciones teóricas;2024;5.031,920479
Mujeres;93 años;Defunciones teóricas;2020;4.441,002892
Mujeres;93 años;Defunciones teóricas;2019;4.757,281643
Mujeres;93 años;Población estacionaria;2024;28.448,250872
Mujeres;93 años;Población estacionaria;2020;20.954,315321
Mujeres;93 años;Población estacionaria;2019;26.299,968161
Mujeres;93 años;Tiempo por vivir;2024;123.973,116860
Mujeres;93 años;Tiempo por vivir;2020;83.048,129244
Mujeres;93 años;Tiempo por vivir;2019;115.145,129470
Mujeres;93 años;Esperanza de vida;2024;3,999457
Mujeres;93 años;Esperanza de vida;2020;3,577951
Mujeres;93 años;Esperanza de vida;2019;4,008696
Mujeres;94 años;Tasa de mortalidad;2024;196,806344
Mujeres;94 años;Tasa de mortalidad;2020;233,115130
Mujeres;94 años;Tasa de mortalidad;2019;199,382639
Mujeres;94 años;Promedio de años vividos el último año de vida;2024;0,487560
Mujeres;94 años;Promedio de años vividos el último año de vida;2020;0,482287
Mujeres;94 años;Promedio de años vividos el último año de vida;2019;0,486599
Mujeres;94 años;Riesgo de muerte;2024;178,776468
Mujeres;94 años;Riesgo de muerte;2020;208,010952
Mujeres;94 años;Riesgo de muerte;2019;180,868374
Mujeres;94 años;Supervivientes;2024;25.965,568607
Mujeres;94 años;Supervivientes;2020;18.770,084200
Mujeres;94 años;Supervivientes;2019;23.966,553703
Mujeres;94 años;Defunciones teóricas;2024;4.642,032652
Mujeres;94 años;Defunciones teóricas;2020;3.904,383093
Mujeres;94 años;Defunciones teóricas;2019;4.334,791594
Mujeres;94 años;Población estacionaria;2024;23.586,803985
Mujeres;94 años;Población estacionaria;2020;16.748,733073
Mujeres;94 años;Población estacionaria;2019;21.741,068433
Mujeres;94 años;Tiempo por vivir;2024;95.524,865992
Mujeres;94 años;Tiempo por vivir;2020;62.093,813923
Mujeres;94 años;Tiempo por vivir;2019;88.845,161305
Mujeres;94 años;Esperanza de vida;2024;3,678905
Mujeres;94 años;Esperanza de vida;2020;3,308127
Mujeres;94 años;Esperanza de vida;2019;3,707048
Mujeres;95 años;Tasa de mortalidad;2024;221,202326
Mujeres;95 años;Tasa de mortalidad;2020;264,983084
Mujeres;95 años;Tasa de mortalidad;2019;228,440684
Mujeres;95 años;Promedio de años vividos el último año de vida;2024;0,486912
Mujeres;95 años;Promedio de años vividos el último año de vida;2020;0,483476
Mujeres;95 años;Promedio de años vividos el último año de vida;2019;0,484458
Mujeres;95 años;Riesgo de muerte;2024;198,655659
Mujeres;95 años;Riesgo de muerte;2020;233,081227
Mujeres;95 años;Riesgo de muerte;2019;204,371679
Mujeres;95 años;Supervivientes;2024;21.323,535955
Mujeres;95 años;Supervivientes;2020;14.865,701108
Mujeres;95 años;Supervivientes;2019;19.631,762109
Mujeres;95 años;Defunciones teóricas;2024;4.236,041078
Mujeres;95 años;Defunciones teóricas;2020;3.464,915855
Mujeres;95 años;Defunciones teóricas;2019;4.012,176193
Mujeres;95 años;Población estacionaria;2024;19.150,074773
Mujeres;95 años;Población estacionaria;2020;13.075,988855
Mujeres;95 años;Población estacionaria;2019;17.563,317227
Mujeres;95 años;Tiempo por vivir;2024;71.938,062007
Mujeres;95 años;Tiempo por vivir;2020;45.345,080850
Mujeres;95 años;Tiempo por vivir;2019;67.104,092872
Mujeres;95 años;Esperanza de vida;2024;3,373646
Mujeres;95 años;Esperanza de vida;2020;3,050316
Mujeres;95 años;Esperanza de vida;2019;3,418139
Mujeres;96 años;Tasa de mortalidad;2024;241,516132
Mujeres;96 años;Tasa de mortalidad;2020;295,785039
Mujeres;96 años;Tasa de mortalidad;2019;248,995871
Mujeres;96 años;Promedio de años vividos el último año de vida;2024;0,480235
Mujeres;96 años;Promedio de años vividos el último año de vida;2020;0,477716
Mujeres;96 años;Promedio de años vividos el último año de vida;2019;0,488530
Mujeres;96 años;Riesgo de muerte;2024;214,579605
Mujeres;96 años;Riesgo de muerte;2020;256,205455
Mujeres;96 años;Riesgo de muerte;2019;220,867550
Mujeres;96 años;Supervivientes;2024;17.087,494877
Mujeres;96 años;Supervivientes;2020;11.400,785253
Mujeres;96 años;Supervivientes;2019;15.619,585916
Mujeres;96 años;Defunciones teóricas;2024;3.666,627909
Mujeres;96 años;Defunciones teóricas;2020;2.920,943369
Mujeres;96 años;Defunciones teóricas;2019;3.449,859666
Mujeres;96 años;Población estacionaria;2024;15.181,710143
Mujeres;96 años;Población estacionaria;2020;9.875,223505
Mujeres;96 años;Población estacionaria;2019;13.855,087857
Mujeres;96 años;Tiempo por vivir;2024;52.787,987234
Mujeres;96 años;Tiempo por vivir;2020;32.269,091995
Mujeres;96 años;Tiempo por vivir;2019;49.540,775645
Mujeres;96 años;Esperanza de vida;2024;3,089276
Mujeres;96 años;Esperanza de vida;2020;2,830427
Mujeres;96 años;Esperanza de vida;2019;3,171709
Mujeres;97 años;Tasa de mortalidad;2024;282,386699
Mujeres;97 años;Tasa de mortalidad;2020;317,921137
Mujeres;97 años;Tasa de mortalidad;2019;274,882014
Mujeres;97 años;Promedio de años vividos el último año de vida;2024;0,480832
Mujeres;97 años;Promedio de años vividos el último año de vida;2020;0,475074
Mujeres;97 años;Promedio de años vividos el último año de vida;2019;0,477718
Mujeres;97 años;Riesgo de muerte;2024;246,280486
Mujeres;97 años;Riesgo de muerte;2020;272,452793
Mujeres;97 años;Riesgo de muerte;2019;240,372689
Mujeres;97 años;Supervivientes;2024;13.420,866969
Mujeres;97 años;Supervivientes;2020;8.479,841883
Mujeres;97 años;Supervivientes;2019;12.169,726250
Mujeres;97 años;Defunciones teóricas;2024;3.305,297637
Mujeres;97 años;Defunciones teóricas;2020;2.310,356607
Mujeres;97 años;Defunciones teóricas;2019;2.925,269822
Mujeres;97 años;Población estacionaria;2024;11.704,863033
Mujeres;97 años;Población estacionaria;2020;7.267,074558
Mujeres;97 años;Población estacionaria;2019;10.641,910602
Mujeres;97 años;Tiempo por vivir;2024;37.606,277091
Mujeres;97 años;Tiempo por vivir;2020;22.393,868490
Mujeres;97 años;Tiempo por vivir;2019;35.685,687788
Mujeres;97 años;Esperanza de vida;2024;2,802075
Mujeres;97 años;Esperanza de vida;2020;2,640836
Mujeres;97 años;Esperanza de vida;2019;2,932333
Mujeres;98 años;Tasa de mortalidad;2024;304,833960
Mujeres;98 años;Tasa de mortalidad;2020;340,232903
Mujeres;98 años;Tasa de mortalidad;2019;286,244360
Mujeres;98 años;Promedio de años vividos el último año de vida;2024;0,480918
Mujeres;98 años;Promedio de años vividos el último año de vida;2020;0,472319
Mujeres;98 años;Promedio de años vividos el último año de vida;2019;0,475631
Mujeres;98 años;Riesgo de muerte;2024;263,188639
Mujeres;98 años;Riesgo de muerte;2020;288,446787
Mujeres;98 años;Riesgo de muerte;2019;248,886989
Mujeres;98 años;Supervivientes;2024;10.115,569331
Mujeres;98 años;Supervivientes;2020;6.169,485276
Mujeres;98 años;Supervivientes;2019;9.244,456428
Mujeres;98 años;Defunciones teóricas;2024;2.662,302926
Mujeres;98 años;Defunciones teóricas;2020;1.779,568207
Mujeres;98 años;Defunciones teóricas;2019;2.300,824927
Mujeres;98 años;Población estacionaria;2024;8.733,616569
Mujeres;98 años;Población estacionaria;2020;5.230,441235
Mujeres;98 años;Población estacionaria;2019;8.037,974725
Mujeres;98 años;Tiempo por vivir;2024;25.901,414058
Mujeres;98 años;Tiempo por vivir;2020;15.126,793932
Mujeres;98 años;Tiempo por vivir;2019;25.043,777186
Mujeres;98 años;Esperanza de vida;2024;2,560549
Mujeres;98 años;Esperanza de vida;2020;2,451873
Mujeres;98 años;Esperanza de vida;2019;2,709059
Mujeres;99 años;Tasa de mortalidad;2024;331,360940
Mujeres;99 años;Tasa de mortalidad;2020;359,075445
Mujeres;99 años;Tasa de mortalidad;2019;302,944487
Mujeres;99 años;Promedio de años vividos el último año de vida;2024;0,474819
Mujeres;99 años;Promedio de años vividos el último año de vida;2020;0,466979
Mujeres;99 años;Promedio de años vividos el último año de vida;2019;0,464770
Mujeres;99 años;Riesgo de muerte;2024;282,243676
Mujeres;99 años;Riesgo de muerte;2020;301,390814
Mujeres;99 años;Riesgo de muerte;2019;260,677046
Mujeres;99 años;Supervivientes;2024;7.453,266406
Mujeres;99 años;Supervivientes;2020;4.389,917068
Mujeres;99 años;Supervivientes;2019;6.943,631500
Mujeres;99 años;Defunciones teóricas;2024;2.103,637305
Mujeres;99 años;Defunciones teóricas;2020;1.323,080677
Mujeres;99 años;Defunciones teóricas;2019;1.810,045349
Mujeres;99 años;Población estacionaria;2024;6.348,477004
Mujeres;99 años;Población estacionaria;2020;3.684,687143
Mujeres;99 años;Población estacionaria;2019;5.974,841691
Mujeres;99 años;Tiempo por vivir;2024;17.167,797489
Mujeres;99 años;Tiempo por vivir;2020;9.896,352697
Mujeres;99 años;Tiempo por vivir;2019;17.005,802461
Mujeres;99 años;Esperanza de vida;2024;2,303392
Mujeres;99 años;Esperanza de vida;2020;2,254337
Mujeres;99 años;Esperanza de vida;2019;2,449122
Mujeres;100 y más años;Tasa de mortalidad;2024;431,334672
Mujeres;100 y más años;Tasa de mortalidad;2020;494,831543
Mujeres;100 y más años;Tasa de mortalidad;2019;426,705657
Mujeres;100 y más años;Promedio de años vividos el último año de vida;2024;2,022443
Mujeres;100 y más años;Promedio de años vividos el último año de vida;2020;2,025431
Mujeres;100 y más años;Promedio de años vividos el último año de vida;2019;2,148783
Mujeres;100 y más años;Riesgo de muerte;2024;1.000,000000
Mujeres;100 y más años;Riesgo de muerte;2020;1.000,000000
Mujeres;100 y más años;Riesgo de muerte;2019;1.000,000000
Mujeres;100 y más años;Supervivientes;2024;5.349,629100
Mujeres;100 y más años;Supervivientes;2020;3.066,836391
Mujeres;100 y más años;Supervivientes;2019;5.133,586151
Mujeres;100 y más años;Defunciones teóricas;2024;5.349,629100
Mujeres;100 y más años;Defunciones teóricas;2020;3.066,836391
Mujeres;100 y más años;Defunciones teóricas;2019;5.133,586151
Mujeres;100 y más años;Población estacionaria;2024;10.819,320485
Mujeres;100 y más años;Población estacionaria;2020;6.211,665554
Mujeres;100 y más años;Población estacionaria;2019;11.030,960771
Mujeres;100 y más años;Tiempo por vivir;2024;10.819,320485
Mujeres;100 y más años;Tiempo por vivir;2020;6.211,665554
Mujeres;100 y más años;Tiempo por vivir;2019;11.030,960771
Mujeres;100 y más años;Esperanza de vida;2024;2,022443
Mujeres;100 y más años;Esperanza de vida;2020;2,025431
Mujeres;100 y más años;Esperanza de vida;2019;2,148783
