Edad simple;Comunidades y ciudades autónomas;Sexo;Periodo;Total
Todas las edades;01 Andalucía;Total;1 de enero de 2025;8.676.713
Todas las edades;01 Andalucía;Total;1 de enero de 2024;8.631.862
Todas las edades;01 Andalucía;Hombres;1 de enero de 2025;4.269.107
Todas las edades;01 Andalucía;Hombres;1 de enero de 2024;4.249.355
Todas las edades;01 Andalucía;Mujeres;1 de enero de 2025;4.407.606
Todas las edades;01 Andalucía;Mujeres;1 de enero de 2024;4.382.507
Todas las edades;02 Aragón;Total;1 de enero de 2025;1.364.621
Todas las edades;02 Aragón;Total;1 de enero de 2024;1.351.591
Todas las edades;02 Aragón;Hombres;1 de enero de 2025;676.787
Todas las edades;02 Aragón;Hombres;1 de enero de 2024;668.275
Todas las edades;02 Aragón;Mujeres;1 de enero de 2025;687.834
Todas las edades;02 Aragón;Mujeres;1 de enero de 2024;683.316
Todas las edades;03 Asturias, Principado de;Total;1 de enero de 2025;1.015.128
Todas las edades;03 Asturias, Principado de;Total;1 de enero de 2024;1.009.599
Todas las edades;03 Asturias, Principado de;Hombres;1 de enero de 2025;484.511
Todas las edades;03 Asturias, Principado de;Hombres;1 de enero de 2024;481.478
Todas las edades;03 Asturias, Principado de;Mujeres;1 de enero de 2025;530.617
Todas las edades;03 Asturias, Principado de;Mujeres;1 de enero de 2024;528.121
Todas las edades;04 Balears, Illes;Total;1 de enero de 2025;1.249.844
Todas las edades;04 Balears, Illes;Total;1 de enero de 2024;1.231.768
Todas las edades;04 Balears, Illes;Hombres;1 de enero de 2025;622.673
Todas las edades;04 Balears, Illes;Hombres;1 de enero de 2024;613.910
Todas las edades;04 Balears, Illes;Mujeres;1 de enero de 2025;627.171
Todas las edades;04 Balears, Illes;Mujeres;1 de enero de 2024;617.858
Todas las edades;05 Canarias;Total;1 de enero de 2025;2.258.866
Todas las edades;05 Canarias;Total;1 de enero de 2024;2.238.754
Todas las edades;05 Canarias;Hombres;1 de enero de 2025;1.114.821
Todas las edades;05 Canarias;Hombres;1 de enero de 2024;1.105.037
Todas las edades;05 Canarias;Mujeres;1 de enero de 2025;1.144.045
Todas las edades;05 Canarias;Mujeres;1 de enero de 2024;1.133.717
Todas las edades;06 Cantabria;Total;1 de enero de 2025;593.623
Todas las edades;06 Cantabria;Total;1 de enero de 2024;590.851
Todas las edades;06 Cantabria;Hombres;1 de enero de 2025;287.460
Todas las edades;06 Cantabria;Hombres;1 de enero de 2024;286.322
Todas las edades;06 Cantabria;Mujeres;1 de enero de 2025;306.163
Todas las edades;06 Cantabria;Mujeres;1 de enero de 2024;304.529
Todas las edades;07 Castilla y León;Total;1 de enero de 2025;2.401.221
Todas las edades;07 Castilla y León;Total;1 de enero de 2024;2.391.682
Todas las edades;07 Castilla y León;Hombres;1 de enero de 2025;1.182.898
Todas las edades;07 Castilla y León;Hombres;1 de enero de 2024;1.177.504
Todas las edades;07 Castilla y León;Mujeres;1 de enero de 2025;1.218.323
Todas las edades;07 Castilla y León;Mujeres;1 de enero de 2024;1.214.178
Todas las edades;08 Castilla - La Mancha;Total;1 de enero de 2025;2.126.378
Todas las edades;08 Castilla - La Mancha;Total;1 de enero de 2024;2.104.433
Todas las edades;08 Castilla - La Mancha;Hombres;1 de enero de 2025;1.067.500
Todas las edades;08 Castilla - La Mancha;Hombres;1 de enero de 2024;1.055.223
Todas las edades;08 Castilla - La Mancha;Mujeres;1 de enero de 2025;1.058.878
Todas las edades;08 Castilla - La Mancha;Mujeres;1 de enero de 2024;1.049.210
Todas las edades;09 Cataluña;Total;1 de enero de 2025;8.124.126
Todas las edades;09 Cataluña;Total;1 de enero de 2024;8.012.231
Todas las edades;09 Cataluña;Hombres;1 de enero de 2025;4.006.834
Todas las edades;09 Cataluña;Hombres;1 de enero de 2024;3.943.698
Todas las edades;09 Cataluña;Mujeres;1 de enero de 2025;4.117.292
Todas las edades;09 Cataluña;Mujeres;1 de enero de 2024;4.068.533
Todas las edades;10 Comunitat Valenciana;Total;1 de enero de 2025;5.425.182
Todas las edades;10 Comunitat Valenciana;Total;1 de enero de 2024;5.319.285
Todas las edades;10 Comunitat Valenciana;Hombres;1 de enero de 2025;2.670.557
Todas las edades;10 Comunitat Valenciana;Hombres;1 de enero de 2024;2.615.852
Todas las edades;10 Comunitat Valenciana;Mujeres;1 de enero de 2025;2.754.625
Todas las edades;10 Comunitat Valenciana;Mujeres;1 de enero de 2024;2.703.433
Todas las edades;11 Extremadura;Total;1 de enero de 2025;1.053.345
Todas las edades;11 Extremadura;Total;1 de enero de 2024;1.054.681
Todas las edades;11 Extremadura;Hombres;1 de enero de 2025;520.432
Todas las edades;11 Extremadura;Hombres;1 de enero de 2024;521.677
Todas las edades;11 Extremadura;Mujeres;1 de enero de 2025;532.913
Todas las edades;11 Extremadura;Mujeres;1 de enero de 2024;533.004
Todas las edades;12 Galicia;Total;1 de enero de 2025;2.714.741
Todas las edades;12 Galicia;Total;1 de enero de 2024;2.705.833
Todas las edades;12 Galicia;Hombres;1 de enero de 2025;1.306.827
Todas las edades;12 Galicia;Hombres;1 de enero de 2024;1.301.744
Todas las edades;12 Galicia;Mujeres;1 de enero de 2025;1.407.914
Todas las edades;12 Galicia;Mujeres;1 de enero de 2024;1.404.089
Todas las edades;13 Madrid, Comunidad de;Total;1 de enero de 2025;7.113.886
Todas las edades;13 Madrid, Comunidad de;Total;1 de enero de 2024;7.009.268
Todas las edades;13 Madrid, Comunidad de;Hombres;1 de enero de 2025;3.407.410
Todas las edades;13 Madrid, Comunidad de;Hombres;1 de enero de 2024;3.356.163
Todas las edades;13 Madrid, Comunidad de;Mujeres;1 de enero de 2025;3.706.476
Todas las edades;13 Madrid, Comunidad de;Mujeres;1 de enero de 2024;3.653.105
Todas las edades;14 Murcia, Región de;Total;1 de enero de 2025;1.586.989
Todas las edades;14 Murcia, Región de;Total;1 de enero de 2024;1.568.492
Todas las edades;14 Murcia, Región de;Hombres;1 de enero de 2025;794.905
Todas las edades;14 Murcia, Región de;Hombres;1 de enero de 2024;786.038
Todas las edades;14 Murcia, Región de;Mujeres;1 de enero de 2025;792.084
Todas las edades;14 Murcia, Región de;Mujeres;1 de enero de 2024;782.454
Todas las edades;15 Navarra, Comunidad Foral de;Total;1 de enero de 2025;683.854
Todas las edades;15 Navarra, Comunidad Foral de;Total;1 de enero de 2024;678.333
Todas las edades;15 Navarra, Comunidad Foral de;Hombres;1 de enero de 2025;338.835
Todas las edades;15 Navarra, Comunidad Foral de;Hombres;1 de enero de 2024;335.919
Todas las edades;15 Navarra, Comunidad Foral de;Mujeres;1 de enero de 2025;345.019
Todas las edades;15 Navarra, Comunidad Foral de;Mujeres;1 de enero de 2024;342.414
Todas las edades;16 País Vasco;Total;1 de enero de 2025;2.242.343
Todas las edades;16 País Vasco;Total;1 de enero de 2024;2.227.684
Todas las edades;16 País Vasco;Hombres;1 de enero de 2025;1.091.718
Todas las edades;16 País Vasco;Hombres;1 de enero de 2024;1.083.488
Todas las edades;16 País Vasco;Mujeres;1 de enero de 2025;1.150.625
Todas las edades;16 País Vasco;Mujeres;1 de enero de 2024;1.144.196
Todas las edades;17 Rioja, La;Total;1 de enero de 2025;326.803
Todas las edades;17 Rioja, La;Total;1 de enero de 2024;324.184
Todas las edades;17 Rioja, La;Hombres;1 de enero de 2025;161.177
Todas las edades;17 Rioja, La;Hombres;1 de enero de 2024;159.979
Todas las edades;17 Rioja, La;Mujeres;1 de enero de 2025;165.626
Todas las edades;17 Rioja, La;Mujeres;1 de enero de 2024;164.205
Todas las edades;18 Ceuta;Total;1 de enero de 2025;83.567
Todas las edades;18 Ceuta;Total;1 de enero de 2024;83.179
Todas las edades;18 Ceuta;Hombres;1 de enero de 2025;42.147
Todas las edades;18 Ceuta;Hombres;1 de enero de 2024;41.957
Todas las edades;18 Ceuta;Mujeres;1 de enero de 2025;41.420
Todas las edades;18 Ceuta;Mujeres;1 de enero de 2024;41.222
Todas las edades;19 Melilla;Total;1 de enero de 2025;87.067
Todas las edades;19 Melilla;Total;1 de enero de 2024;85.985
Todas las edades;19 Melilla;Hombres;1 de enero de 2025;43.770
Todas las edades;19 Melilla;Hombres;1 de enero de 2024;43.252
Todas las edades;19 Melilla;Mujeres;1 de enero de 2025;43.297
Todas las edades;19 Melilla;Mujeres;1 de enero de 2024;42.733
0 años;01 Andalucía;Total;1 de enero de 2025;60.142
0 años;01 Andalucía;Total;1 de enero de 2024;61.387
0 años;01 Andalucía;Hombres;1 de enero de 2025;30.738
0 años;01 Andalucía;Hombres;1 de enero de 2024;31.396
0 años;01 Andalucía;Mujeres;1 de enero de 2025;29.404
0 años;01 Andalucía;Mujeres;1 de enero de 2024;29.991
0 años;02 Aragón;Total;1 de enero de 2025;8.648
0 años;02 Aragón;Total;1 de enero de 2024;8.785
0 años;02 Aragón;Hombres;1 de enero de 2025;4.524
0 años;02 Aragón;Hombres;1 de enero de 2024;4.461
0 años;02 Aragón;Mujeres;1 de enero de 2025;4.124
0 años;02 Aragón;Mujeres;1 de enero de 2024;4.324
0 años;03 Asturias, Principado de;Total;1 de enero de 2025;4.607
0 años;03 Asturias, Principado de;Total;1 de enero de 2024;4.568
0 años;03 Asturias, Principado de;Hombres;1 de enero de 2025;2.407
0 años;03 Asturias, Principado de;Hombres;1 de enero de 2024;2.309
0 años;03 Asturias, Principado de;Mujeres;1 de enero de 2025;2.200
0 años;03 Asturias, Principado de;Mujeres;1 de enero de 2024;2.259
0 años;04 Balears, Illes;Total;1 de enero de 2025;9.027
0 años;04 Balears, Illes;Total;1 de enero de 2024;8.729
0 años;04 Balears, Illes;Hombres;1 de enero de 2025;4.634
0 años;04 Balears, Illes;Hombres;1 de enero de 2024;4.476
0 años;04 Balears, Illes;Mujeres;1 de enero de 2025;4.393
0 años;04 Balears, Illes;Mujeres;1 de enero de 2024;4.253
0 años;05 Canarias;Total;1 de enero de 2025;11.725
0 años;05 Canarias;Total;1 de enero de 2024;11.965
0 años;05 Canarias;Hombres;1 de enero de 2025;6.018
0 años;05 Canarias;Hombres;1 de enero de 2024;6.154
0 años;05 Canarias;Mujeres;1 de enero de 2025;5.707
0 años;05 Canarias;Mujeres;1 de enero de 2024;5.811
0 años;06 Cantabria;Total;1 de enero de 2025;3.048
0 años;06 Cantabria;Total;1 de enero de 2024;3.005
0 años;06 Cantabria;Hombres;1 de enero de 2025;1.549
0 años;06 Cantabria;Hombres;1 de enero de 2024;1.586
0 años;06 Cantabria;Mujeres;1 de enero de 2025;1.499
0 años;06 Cantabria;Mujeres;1 de enero de 2024;1.419
0 años;07 Castilla y León;Total;1 de enero de 2025;12.724
0 años;07 Castilla y León;Total;1 de enero de 2024;12.680
0 años;07 Castilla y León;Hombres;1 de enero de 2025;6.587
0 años;07 Castilla y León;Hombres;1 de enero de 2024;6.616
0 años;07 Castilla y León;Mujeres;1 de enero de 2025;6.137
0 años;07 Castilla y León;Mujeres;1 de enero de 2024;6.064
0 años;08 Castilla - La Mancha;Total;1 de enero de 2025;14.547
0 años;08 Castilla - La Mancha;Total;1 de enero de 2024;14.221
0 años;08 Castilla - La Mancha;Hombres;1 de enero de 2025;7.588
0 años;08 Castilla - La Mancha;Hombres;1 de enero de 2024;7.215
0 años;08 Castilla - La Mancha;Mujeres;1 de enero de 2025;6.959
0 años;08 Castilla - La Mancha;Mujeres;1 de enero de 2024;7.006
0 años;09 Cataluña;Total;1 de enero de 2025;53.978
0 años;09 Cataluña;Total;1 de enero de 2024;54.566
0 años;09 Cataluña;Hombres;1 de enero de 2025;27.702
0 años;09 Cataluña;Hombres;1 de enero de 2024;27.989
0 años;09 Cataluña;Mujeres;1 de enero de 2025;26.276
0 años;09 Cataluña;Mujeres;1 de enero de 2024;26.577
0 años;10 Comunitat Valenciana;Total;1 de enero de 2025;35.582
0 años;10 Comunitat Valenciana;Total;1 de enero de 2024;35.469
0 años;10 Comunitat Valenciana;Hombres;1 de enero de 2025;18.395
0 años;10 Comunitat Valenciana;Hombres;1 de enero de 2024;18.182
0 años;10 Comunitat Valenciana;Mujeres;1 de enero de 2025;17.187
0 años;10 Comunitat Valenciana;Mujeres;1 de enero de 2024;17.287
0 años;11 Extremadura;Total;1 de enero de 2025;6.629
0 años;11 Extremadura;Total;1 de enero de 2024;6.836
0 años;11 Extremadura;Hombres;1 de enero de 2025;3.377
0 años;11 Extremadura;Hombres;1 de enero de 2024;3.480
0 años;11 Extremadura;Mujeres;1 de enero de 2025;3.252
0 años;11 Extremadura;Mujeres;1 de enero de 2024;3.356
0 años;12 Galicia;Total;1 de enero de 2025;13.489
0 años;12 Galicia;Total;1 de enero de 2024;14.136
0 años;12 Galicia;Hombres;1 de enero de 2025;7.011
0 años;12 Galicia;Hombres;1 de enero de 2024;7.168
0 años;12 Galicia;Mujeres;1 de enero de 2025;6.478
0 años;12 Galicia;Mujeres;1 de enero de 2024;6.968
0 años;13 Madrid, Comunidad de;Total;1 de enero de 2025;51.030
0 años;13 Madrid, Comunidad de;Total;1 de enero de 2024;50.515
0 años;13 Madrid, Comunidad de;Hombres;1 de enero de 2025;26.310
0 años;13 Madrid, Comunidad de;Hombres;1 de enero de 2024;26.038
0 años;13 Madrid, Comunidad de;Mujeres;1 de enero de 2025;24.720
0 años;13 Madrid, Comunidad de;Mujeres;1 de enero de 2024;24.477
0 años;14 Murcia, Región de;Total;1 de enero de 2025;12.415
0 años;14 Murcia, Región de;Total;1 de enero de 2024;12.851
0 años;14 Murcia, Región de;Hombres;1 de enero de 2025;6.391
0 años;14 Murcia, Región de;Hombres;1 de enero de 2024;6.591
0 años;14 Murcia, Región de;Mujeres;1 de enero de 2025;6.024
0 años;14 Murcia, Región de;Mujeres;1 de enero de 2024;6.260
0 años;15 Navarra, Comunidad Foral de;Total;1 de enero de 2025;4.680
0 años;15 Navarra, Comunidad Foral de;Total;1 de enero de 2024;4.580
0 años;15 Navarra, Comunidad Foral de;Hombres;1 de enero de 2025;2.364
0 años;15 Navarra, Comunidad Foral de;Hombres;1 de enero de 2024;2.414
0 años;15 Navarra, Comunidad Foral de;Mujeres;1 de enero de 2025;2.316
0 años;15 Navarra, Comunidad Foral de;Mujeres;1 de enero de 2024;2.166
0 años;16 País Vasco;Total;1 de enero de 2025;13.027
0 años;16 País Vasco;Total;1 de enero de 2024;13.489
0 años;16 País Vasco;Hombres;1 de enero de 2025;6.614
0 años;16 País Vasco;Hombres;1 de enero de 2024;6.911
0 años;16 País Vasco;Mujeres;1 de enero de 2025;6.413
0 años;16 País Vasco;Mujeres;1 de enero de 2024;6.578
0 años;17 Rioja, La;Total;1 de enero de 2025;2.067
0 años;17 Rioja, La;Total;1 de enero de 2024;2.023
0 años;17 Rioja, La;Hombres;1 de enero de 2025;1.049
0 años;17 Rioja, La;Hombres;1 de enero de 2024;1.005
0 años;17 Rioja, La;Mujeres;1 de enero de 2025;1.018
0 años;17 Rioja, La;Mujeres;1 de enero de 2024;1.018
0 años;18 Ceuta;Total;1 de enero de 2025;717
0 años;18 Ceuta;Total;1 de enero de 2024;698
0 años;18 Ceuta;Hombres;1 de enero de 2025;356
0 años;18 Ceuta;Hombres;1 de enero de 2024;360
0 años;18 Ceuta;Mujeres;1 de enero de 2025;361
0 años;18 Ceuta;Mujeres;1 de enero de 2024;338
0 años;19 Melilla;Total;1 de enero de 2025;825
0 años;19 Melilla;Total;1 de enero de 2024;779
0 años;19 Melilla;Hombres;1 de enero de 2025;441
0 años;19 Melilla;Hombres;1 de enero de 2024;412
0 años;19 Melilla;Mujeres;1 de enero de 2025;384
0 años;19 Melilla;Mujeres;1 de enero de 2024;367
1 año;01 Andalucía;Total;1 de enero de 2025;62.837
1 año;01 Andalucía;Total;1 de enero de 2024;64.401
1 año;01 Andalucía;Hombres;1 de enero de 2025;32.062
1 año;01 Andalucía;Hombres;1 de enero de 2024;33.195
1 año;01 Andalucía;Mujeres;1 de enero de 2025;30.775
1 año;01 Andalucía;Mujeres;1 de enero de 2024;31.206
1 año;02 Aragón;Total;1 de enero de 2025;9.033
1 año;02 Aragón;Total;1 de enero de 2024;9.403
1 año;02 Aragón;Hombres;1 de enero de 2025;4.577
1 año;02 Aragón;Hombres;1 de enero de 2024;4.831
1 año;02 Aragón;Mujeres;1 de enero de 2025;4.456
1 año;02 Aragón;Mujeres;1 de enero de 2024;4.572
1 año;03 Asturias, Principado de;Total;1 de enero de 2025;4.743
1 año;03 Asturias, Principado de;Total;1 de enero de 2024;4.952
1 año;03 Asturias, Principado de;Hombres;1 de enero de 2025;2.413
1 año;03 Asturias, Principado de;Hombres;1 de enero de 2024;2.508
1 año;03 Asturias, Principado de;Mujeres;1 de enero de 2025;2.330
1 año;03 Asturias, Principado de;Mujeres;1 de enero de 2024;2.444
1 año;04 Balears, Illes;Total;1 de enero de 2025;8.862
1 año;04 Balears, Illes;Total;1 de enero de 2024;9.253
1 año;04 Balears, Illes;Hombres;1 de enero de 2025;4.559
1 año;04 Balears, Illes;Hombres;1 de enero de 2024;4.722
1 año;04 Balears, Illes;Mujeres;1 de enero de 2025;4.303
1 año;04 Balears, Illes;Mujeres;1 de enero de 2024;4.531
1 año;05 Canarias;Total;1 de enero de 2025;12.332
1 año;05 Canarias;Total;1 de enero de 2024;12.611
1 año;05 Canarias;Hombres;1 de enero de 2025;6.313
1 año;05 Canarias;Hombres;1 de enero de 2024;6.471
1 año;05 Canarias;Mujeres;1 de enero de 2025;6.019
1 año;05 Canarias;Mujeres;1 de enero de 2024;6.140
1 año;06 Cantabria;Total;1 de enero de 2025;3.053
1 año;06 Cantabria;Total;1 de enero de 2024;3.281
1 año;06 Cantabria;Hombres;1 de enero de 2025;1.616
1 año;06 Cantabria;Hombres;1 de enero de 2024;1.680
1 año;06 Cantabria;Mujeres;1 de enero de 2025;1.437
1 año;06 Cantabria;Mujeres;1 de enero de 2024;1.601
1 año;07 Castilla y León;Total;1 de enero de 2025;13.159
1 año;07 Castilla y León;Total;1 de enero de 2024;13.662
1 año;07 Castilla y León;Hombres;1 de enero de 2025;6.871
1 año;07 Castilla y León;Hombres;1 de enero de 2024;7.107
1 año;07 Castilla y León;Mujeres;1 de enero de 2025;6.288
1 año;07 Castilla y León;Mujeres;1 de enero de 2024;6.555
1 año;08 Castilla - La Mancha;Total;1 de enero de 2025;14.913
1 año;08 Castilla - La Mancha;Total;1 de enero de 2024;15.311
1 año;08 Castilla - La Mancha;Hombres;1 de enero de 2025;7.562
1 año;08 Castilla - La Mancha;Hombres;1 de enero de 2024;7.898
1 año;08 Castilla - La Mancha;Mujeres;1 de enero de 2025;7.351
1 año;08 Castilla - La Mancha;Mujeres;1 de enero de 2024;7.413
1 año;09 Cataluña;Total;1 de enero de 2025;55.843
1 año;09 Cataluña;Total;1 de enero de 2024;58.075
1 año;09 Cataluña;Hombres;1 de enero de 2025;28.632
1 año;09 Cataluña;Hombres;1 de enero de 2024;29.992
1 año;09 Cataluña;Mujeres;1 de enero de 2025;27.211
1 año;09 Cataluña;Mujeres;1 de enero de 2024;28.083
1 año;10 Comunitat Valenciana;Total;1 de enero de 2025;36.848
1 año;10 Comunitat Valenciana;Total;1 de enero de 2024;37.356
1 año;10 Comunitat Valenciana;Hombres;1 de enero de 2025;18.869
1 año;10 Comunitat Valenciana;Hombres;1 de enero de 2024;19.225
1 año;10 Comunitat Valenciana;Mujeres;1 de enero de 2025;17.979
1 año;10 Comunitat Valenciana;Mujeres;1 de enero de 2024;18.131
1 año;11 Extremadura;Total;1 de enero de 2025;6.991
1 año;11 Extremadura;Total;1 de enero de 2024;7.061
1 año;11 Extremadura;Hombres;1 de enero de 2025;3.552
1 año;11 Extremadura;Hombres;1 de enero de 2024;3.722
1 año;11 Extremadura;Mujeres;1 de enero de 2025;3.439
1 año;11 Extremadura;Mujeres;1 de enero de 2024;3.339
1 año;12 Galicia;Total;1 de enero de 2025;14.473
1 año;12 Galicia;Total;1 de enero de 2024;14.966
1 año;12 Galicia;Hombres;1 de enero de 2025;7.371
1 año;12 Galicia;Hombres;1 de enero de 2024;7.648
1 año;12 Galicia;Mujeres;1 de enero de 2025;7.102
1 año;12 Galicia;Mujeres;1 de enero de 2024;7.318
1 año;13 Madrid, Comunidad de;Total;1 de enero de 2025;51.213
1 año;13 Madrid, Comunidad de;Total;1 de enero de 2024;51.879
1 año;13 Madrid, Comunidad de;Hombres;1 de enero de 2025;26.397
1 año;13 Madrid, Comunidad de;Hombres;1 de enero de 2024;26.599
1 año;13 Madrid, Comunidad de;Mujeres;1 de enero de 2025;24.816
1 año;13 Madrid, Comunidad de;Mujeres;1 de enero de 2024;25.280
1 año;14 Murcia, Región de;Total;1 de enero de 2025;13.019
1 año;14 Murcia, Región de;Total;1 de enero de 2024;13.517
1 año;14 Murcia, Región de;Hombres;1 de enero de 2025;6.682
1 año;14 Murcia, Región de;Hombres;1 de enero de 2024;6.915
1 año;14 Murcia, Región de;Mujeres;1 de enero de 2025;6.337
1 año;14 Murcia, Región de;Mujeres;1 de enero de 2024;6.602
1 año;15 Navarra, Comunidad Foral de;Total;1 de enero de 2025;4.680
1 año;15 Navarra, Comunidad Foral de;Total;1 de enero de 2024;4.915
1 año;15 Navarra, Comunidad Foral de;Hombres;1 de enero de 2025;2.451
1 año;15 Navarra, Comunidad Foral de;Hombres;1 de enero de 2024;2.520
1 año;15 Navarra, Comunidad Foral de;Mujeres;1 de enero de 2025;2.229
1 año;15 Navarra, Comunidad Foral de;Mujeres;1 de enero de 2024;2.395
1 año;16 País Vasco;Total;1 de enero de 2025;13.704
1 año;16 País Vasco;Total;1 de enero de 2024;13.929
1 año;16 País Vasco;Hombres;1 de enero de 2025;7.026
1 año;16 País Vasco;Hombres;1 de enero de 2024;7.178
1 año;16 País Vasco;Mujeres;1 de enero de 2025;6.678
1 año;16 País Vasco;Mujeres;1 de enero de 2024;6.751
1 año;17 Rioja, La;Total;1 de enero de 2025;2.106
1 año;17 Rioja, La;Total;1 de enero de 2024;2.252
1 año;17 Rioja, La;Hombres;1 de enero de 2025;1.053
1 año;17 Rioja, La;Hombres;1 de enero de 2024;1.139
1 año;17 Rioja, La;Mujeres;1 de enero de 2025;1.053
1 año;17 Rioja, La;Mujeres;1 de enero de 2024;1.113
1 año;18 Ceuta;Total;1 de enero de 2025;699
1 año;18 Ceuta;Total;1 de enero de 2024;739
1 año;18 Ceuta;Hombres;1 de enero de 2025;363
1 año;18 Ceuta;Hombres;1 de enero de 2024;393
1 año;18 Ceuta;Mujeres;1 de enero de 2025;336
1 año;18 Ceuta;Mujeres;1 de enero de 2024;346
1 año;19 Melilla;Total;1 de enero de 2025;774
1 año;19 Melilla;Total;1 de enero de 2024;901
1 año;19 Melilla;Hombres;1 de enero de 2025;402
1 año;19 Melilla;Hombres;1 de enero de 2024;462
1 año;19 Melilla;Mujeres;1 de enero de 2025;372
1 año;19 Melilla;Mujeres;1 de enero de 2024;439
2 años;01 Andalucía;Total;1 de enero de 2025;65.331
2 años;01 Andalucía;Total;1 de enero de 2024;67.825
2 años;01 Andalucía;Hombres;1 de enero de 2025;33.634
2 años;01 Andalucía;Hombres;1 de enero de 2024;35.047
2 años;01 Andalucía;Mujeres;1 de enero de 2025;31.697
2 años;01 Andalucía;Mujeres;1 de enero de 2024;32.778
2 años;02 Aragón;Total;1 de enero de 2025;9.577
2 años;02 Aragón;Total;1 de enero de 2024;9.774
2 años;02 Aragón;Hombres;1 de enero de 2025;4.923
2 años;02 Aragón;Hombres;1 de enero de 2024;5.017
2 años;02 Aragón;Mujeres;1 de enero de 2025;4.654
2 años;02 Aragón;Mujeres;1 de enero de 2024;4.757
2 años;03 Asturias, Principado de;Total;1 de enero de 2025;5.129
2 años;03 Asturias, Principado de;Total;1 de enero de 2024;5.090
2 años;03 Asturias, Principado de;Hombres;1 de enero de 2025;2.599
2 años;03 Asturias, Principado de;Hombres;1 de enero de 2024;2.649
2 años;03 Asturias, Principado de;Mujeres;1 de enero de 2025;2.530
2 años;03 Asturias, Principado de;Mujeres;1 de enero de 2024;2.441
2 años;04 Balears, Illes;Total;1 de enero de 2025;9.265
2 años;04 Balears, Illes;Total;1 de enero de 2024;9.852
2 años;04 Balears, Illes;Hombres;1 de enero de 2025;4.736
2 años;04 Balears, Illes;Hombres;1 de enero de 2024;5.104
2 años;04 Balears, Illes;Mujeres;1 de enero de 2025;4.529
2 años;04 Balears, Illes;Mujeres;1 de enero de 2024;4.748
2 años;05 Canarias;Total;1 de enero de 2025;12.931
2 años;05 Canarias;Total;1 de enero de 2024;13.371
2 años;05 Canarias;Hombres;1 de enero de 2025;6.659
2 años;05 Canarias;Hombres;1 de enero de 2024;6.912
2 años;05 Canarias;Mujeres;1 de enero de 2025;6.272
2 años;05 Canarias;Mujeres;1 de enero de 2024;6.459
2 años;06 Cantabria;Total;1 de enero de 2025;3.371
2 años;06 Cantabria;Total;1 de enero de 2024;3.481
2 años;06 Cantabria;Hombres;1 de enero de 2025;1.720
2 años;06 Cantabria;Hombres;1 de enero de 2024;1.768
2 años;06 Cantabria;Mujeres;1 de enero de 2025;1.651
2 años;06 Cantabria;Mujeres;1 de enero de 2024;1.713
2 años;07 Castilla y León;Total;1 de enero de 2025;13.956
2 años;07 Castilla y León;Total;1 de enero de 2024;13.883
2 años;07 Castilla y León;Hombres;1 de enero de 2025;7.265
2 años;07 Castilla y León;Hombres;1 de enero de 2024;7.108
2 años;07 Castilla y León;Mujeres;1 de enero de 2025;6.691
2 años;07 Castilla y León;Mujeres;1 de enero de 2024;6.775
2 años;08 Castilla - La Mancha;Total;1 de enero de 2025;15.780
2 años;08 Castilla - La Mancha;Total;1 de enero de 2024;15.732
2 años;08 Castilla - La Mancha;Hombres;1 de enero de 2025;8.168
2 años;08 Castilla - La Mancha;Hombres;1 de enero de 2024;8.090
2 años;08 Castilla - La Mancha;Mujeres;1 de enero de 2025;7.612
2 años;08 Castilla - La Mancha;Mujeres;1 de enero de 2024;7.642
2 años;09 Cataluña;Total;1 de enero de 2025;58.764
2 años;09 Cataluña;Total;1 de enero de 2024;60.231
2 años;09 Cataluña;Hombres;1 de enero de 2025;30.326
2 años;09 Cataluña;Hombres;1 de enero de 2024;30.970
2 años;09 Cataluña;Mujeres;1 de enero de 2025;28.438
2 años;09 Cataluña;Mujeres;1 de enero de 2024;29.261
2 años;10 Comunitat Valenciana;Total;1 de enero de 2025;38.620
2 años;10 Comunitat Valenciana;Total;1 de enero de 2024;38.783
2 años;10 Comunitat Valenciana;Hombres;1 de enero de 2025;19.884
2 años;10 Comunitat Valenciana;Hombres;1 de enero de 2024;20.061
2 años;10 Comunitat Valenciana;Mujeres;1 de enero de 2025;18.736
2 años;10 Comunitat Valenciana;Mujeres;1 de enero de 2024;18.722
2 años;11 Extremadura;Total;1 de enero de 2025;7.162
2 años;11 Extremadura;Total;1 de enero de 2024;7.434
2 años;11 Extremadura;Hombres;1 de enero de 2025;3.772
2 años;11 Extremadura;Hombres;1 de enero de 2024;3.831
2 años;11 Extremadura;Mujeres;1 de enero de 2025;3.390
2 años;11 Extremadura;Mujeres;1 de enero de 2024;3.603
2 años;12 Galicia;Total;1 de enero de 2025;15.267
2 años;12 Galicia;Total;1 de enero de 2024;15.536
2 años;12 Galicia;Hombres;1 de enero de 2025;7.802
2 años;12 Galicia;Hombres;1 de enero de 2024;7.942
2 años;12 Galicia;Mujeres;1 de enero de 2025;7.465
2 años;12 Galicia;Mujeres;1 de enero de 2024;7.594
2 años;13 Madrid, Comunidad de;Total;1 de enero de 2025;51.648
2 años;13 Madrid, Comunidad de;Total;1 de enero de 2024;52.006
2 años;13 Madrid, Comunidad de;Hombres;1 de enero de 2025;26.436
2 años;13 Madrid, Comunidad de;Hombres;1 de enero de 2024;26.853
2 años;13 Madrid, Comunidad de;Mujeres;1 de enero de 2025;25.212
2 años;13 Madrid, Comunidad de;Mujeres;1 de enero de 2024;25.153
2 años;14 Murcia, Región de;Total;1 de enero de 2025;13.634
2 años;14 Murcia, Región de;Total;1 de enero de 2024;14.044
2 años;14 Murcia, Región de;Hombres;1 de enero de 2025;6.948
2 años;14 Murcia, Región de;Hombres;1 de enero de 2024;7.197
2 años;14 Murcia, Región de;Mujeres;1 de enero de 2025;6.686
2 años;14 Murcia, Región de;Mujeres;1 de enero de 2024;6.847
2 años;15 Navarra, Comunidad Foral de;Total;1 de enero de 2025;4.986
2 años;15 Navarra, Comunidad Foral de;Total;1 de enero de 2024;5.333
2 años;15 Navarra, Comunidad Foral de;Hombres;1 de enero de 2025;2.546
2 años;15 Navarra, Comunidad Foral de;Hombres;1 de enero de 2024;2.747
2 años;15 Navarra, Comunidad Foral de;Mujeres;1 de enero de 2025;2.440
2 años;15 Navarra, Comunidad Foral de;Mujeres;1 de enero de 2024;2.586
2 años;16 País Vasco;Total;1 de enero de 2025;14.186
2 años;16 País Vasco;Total;1 de enero de 2024;14.723
2 años;16 País Vasco;Hombres;1 de enero de 2025;7.300
2 años;16 País Vasco;Hombres;1 de enero de 2024;7.659
2 años;16 País Vasco;Mujeres;1 de enero de 2025;6.886
2 años;16 País Vasco;Mujeres;1 de enero de 2024;7.064
2 años;17 Rioja, La;Total;1 de enero de 2025;2.293
2 años;17 Rioja, La;Total;1 de enero de 2024;2.309
2 años;17 Rioja, La;Hombres;1 de enero de 2025;1.164
2 años;17 Rioja, La;Hombres;1 de enero de 2024;1.184
2 años;17 Rioja, La;Mujeres;1 de enero de 2025;1.129
2 años;17 Rioja, La;Mujeres;1 de enero de 2024;1.125
2 años;18 Ceuta;Total;1 de enero de 2025;738
2 años;18 Ceuta;Total;1 de enero de 2024;704
2 años;18 Ceuta;Hombres;1 de enero de 2025;398
2 años;18 Ceuta;Hombres;1 de enero de 2024;370
2 años;18 Ceuta;Mujeres;1 de enero de 2025;340
2 años;18 Ceuta;Mujeres;1 de enero de 2024;334
2 años;19 Melilla;Total;1 de enero de 2025;888
2 años;19 Melilla;Total;1 de enero de 2024;940
2 años;19 Melilla;Hombres;1 de enero de 2025;450
2 años;19 Melilla;Hombres;1 de enero de 2024;483
2 años;19 Melilla;Mujeres;1 de enero de 2025;438
2 años;19 Melilla;Mujeres;1 de enero de 2024;457
3 años;01 Andalucía;Total;1 de enero de 2025;68.211
3 años;01 Andalucía;Total;1 de enero de 2024;67.928
3 años;01 Andalucía;Hombres;1 de enero de 2025;35.187
3 años;01 Andalucía;Hombres;1 de enero de 2024;34.778
3 años;01 Andalucía;Mujeres;1 de enero de 2025;33.024
3 años;01 Andalucía;Mujeres;1 de enero de 2024;33.150
3 años;02 Aragón;Total;1 de enero de 2025;9.996
3 años;02 Aragón;Total;1 de enero de 2024;9.568
3 años;02 Aragón;Hombres;1 de enero de 2025;5.126
3 años;02 Aragón;Hombres;1 de enero de 2024;4.840
3 años;02 Aragón;Mujeres;1 de enero de 2025;4.870
3 años;02 Aragón;Mujeres;1 de enero de 2024;4.728
3 años;03 Asturias, Principado de;Total;1 de enero de 2025;5.282
3 años;03 Asturias, Principado de;Total;1 de enero de 2024;5.166
3 años;03 Asturias, Principado de;Hombres;1 de enero de 2025;2.752
3 años;03 Asturias, Principado de;Hombres;1 de enero de 2024;2.626
3 años;03 Asturias, Principado de;Mujeres;1 de enero de 2025;2.530
3 años;03 Asturias, Principado de;Mujeres;1 de enero de 2024;2.540
3 años;04 Balears, Illes;Total;1 de enero de 2025;9.946
3 años;04 Balears, Illes;Total;1 de enero de 2024;9.814
3 años;04 Balears, Illes;Hombres;1 de enero de 2025;5.125
3 años;04 Balears, Illes;Hombres;1 de enero de 2024;5.007
3 años;04 Balears, Illes;Mujeres;1 de enero de 2025;4.821
3 años;04 Balears, Illes;Mujeres;1 de enero de 2024;4.807
3 años;05 Canarias;Total;1 de enero de 2025;13.632
3 años;05 Canarias;Total;1 de enero de 2024;13.878
3 años;05 Canarias;Hombres;1 de enero de 2025;7.020
3 años;05 Canarias;Hombres;1 de enero de 2024;7.083
3 años;05 Canarias;Mujeres;1 de enero de 2025;6.612
3 años;05 Canarias;Mujeres;1 de enero de 2024;6.795
3 años;06 Cantabria;Total;1 de enero de 2025;3.541
3 años;06 Cantabria;Total;1 de enero de 2024;3.659
3 años;06 Cantabria;Hombres;1 de enero de 2025;1.813
3 años;06 Cantabria;Hombres;1 de enero de 2024;1.897
3 años;06 Cantabria;Mujeres;1 de enero de 2025;1.728
3 años;06 Cantabria;Mujeres;1 de enero de 2024;1.762
3 años;07 Castilla y León;Total;1 de enero de 2025;14.206
3 años;07 Castilla y León;Total;1 de enero de 2024;14.599
3 años;07 Castilla y León;Hombres;1 de enero de 2025;7.304
3 años;07 Castilla y León;Hombres;1 de enero de 2024;7.507
3 años;07 Castilla y León;Mujeres;1 de enero de 2025;6.902
3 años;07 Castilla y León;Mujeres;1 de enero de 2024;7.092
3 años;08 Castilla - La Mancha;Total;1 de enero de 2025;16.033
3 años;08 Castilla - La Mancha;Total;1 de enero de 2024;16.053
3 años;08 Castilla - La Mancha;Hombres;1 de enero de 2025;8.256
3 años;08 Castilla - La Mancha;Hombres;1 de enero de 2024;8.243
3 años;08 Castilla - La Mancha;Mujeres;1 de enero de 2025;7.777
3 años;08 Castilla - La Mancha;Mujeres;1 de enero de 2024;7.810
3 años;09 Cataluña;Total;1 de enero de 2025;60.913
3 años;09 Cataluña;Total;1 de enero de 2024;61.080
3 años;09 Cataluña;Hombres;1 de enero de 2025;31.246
3 años;09 Cataluña;Hombres;1 de enero de 2024;31.128
3 años;09 Cataluña;Mujeres;1 de enero de 2025;29.667
3 años;09 Cataluña;Mujeres;1 de enero de 2024;29.952
3 años;10 Comunitat Valenciana;Total;1 de enero de 2025;40.140
3 años;10 Comunitat Valenciana;Total;1 de enero de 2024;39.581
3 años;10 Comunitat Valenciana;Hombres;1 de enero de 2025;20.753
3 años;10 Comunitat Valenciana;Hombres;1 de enero de 2024;20.319
3 años;10 Comunitat Valenciana;Mujeres;1 de enero de 2025;19.387
3 años;10 Comunitat Valenciana;Mujeres;1 de enero de 2024;19.262
3 años;11 Extremadura;Total;1 de enero de 2025;7.408
3 años;11 Extremadura;Total;1 de enero de 2024;7.520
3 años;11 Extremadura;Hombres;1 de enero de 2025;3.827
3 años;11 Extremadura;Hombres;1 de enero de 2024;3.818
3 años;11 Extremadura;Mujeres;1 de enero de 2025;3.581
3 años;11 Extremadura;Mujeres;1 de enero de 2024;3.702
3 años;12 Galicia;Total;1 de enero de 2025;15.804
3 años;12 Galicia;Total;1 de enero de 2024;16.080
3 años;12 Galicia;Hombres;1 de enero de 2025;8.092
3 años;12 Galicia;Hombres;1 de enero de 2024;8.150
3 años;12 Galicia;Mujeres;1 de enero de 2025;7.712
3 años;12 Galicia;Mujeres;1 de enero de 2024;7.930
3 años;13 Madrid, Comunidad de;Total;1 de enero de 2025;52.710
3 años;13 Madrid, Comunidad de;Total;1 de enero de 2024;52.819
3 años;13 Madrid, Comunidad de;Hombres;1 de enero de 2025;27.165
3 años;13 Madrid, Comunidad de;Hombres;1 de enero de 2024;26.955
3 años;13 Madrid, Comunidad de;Mujeres;1 de enero de 2025;25.545
3 años;13 Madrid, Comunidad de;Mujeres;1 de enero de 2024;25.864
3 años;14 Murcia, Región de;Total;1 de enero de 2025;14.238
3 años;14 Murcia, Región de;Total;1 de enero de 2024;14.045
3 años;14 Murcia, Región de;Hombres;1 de enero de 2025;7.306
3 años;14 Murcia, Región de;Hombres;1 de enero de 2024;7.339
3 años;14 Murcia, Región de;Mujeres;1 de enero de 2025;6.932
3 años;14 Murcia, Región de;Mujeres;1 de enero de 2024;6.706
3 años;15 Navarra, Comunidad Foral de;Total;1 de enero de 2025;5.442
3 años;15 Navarra, Comunidad Foral de;Total;1 de enero de 2024;5.340
3 años;15 Navarra, Comunidad Foral de;Hombres;1 de enero de 2025;2.799
3 años;15 Navarra, Comunidad Foral de;Hombres;1 de enero de 2024;2.754
3 años;15 Navarra, Comunidad Foral de;Mujeres;1 de enero de 2025;2.643
3 años;15 Navarra, Comunidad Foral de;Mujeres;1 de enero de 2024;2.586
3 años;16 País Vasco;Total;1 de enero de 2025;14.873
3 años;16 País Vasco;Total;1 de enero de 2024;15.224
3 años;16 País Vasco;Hombres;1 de enero de 2025;7.745
3 años;16 País Vasco;Hombres;1 de enero de 2024;7.863
3 años;16 País Vasco;Mujeres;1 de enero de 2025;7.128
3 años;16 País Vasco;Mujeres;1 de enero de 2024;7.361
3 años;17 Rioja, La;Total;1 de enero de 2025;2.343
3 años;17 Rioja, La;Total;1 de enero de 2024;2.469
3 años;17 Rioja, La;Hombres;1 de enero de 2025;1.196
3 años;17 Rioja, La;Hombres;1 de enero de 2024;1.270
3 años;17 Rioja, La;Mujeres;1 de enero de 2025;1.147
3 años;17 Rioja, La;Mujeres;1 de enero de 2024;1.199
3 años;18 Ceuta;Total;1 de enero de 2025;709
3 años;18 Ceuta;Total;1 de enero de 2024;806
3 años;18 Ceuta;Hombres;1 de enero de 2025;382
3 años;18 Ceuta;Hombres;1 de enero de 2024;417
3 años;18 Ceuta;Mujeres;1 de enero de 2025;327
3 años;18 Ceuta;Mujeres;1 de enero de 2024;389
3 años;19 Melilla;Total;1 de enero de 2025;927
3 años;19 Melilla;Total;1 de enero de 2024;967
3 años;19 Melilla;Hombres;1 de enero de 2025;478
3 años;19 Melilla;Hombres;1 de enero de 2024;488
3 años;19 Melilla;Mujeres;1 de enero de 2025;449
3 años;19 Melilla;Mujeres;1 de enero de 2024;479
4 años;01 Andalucía;Total;1 de enero de 2025;68.948
4 años;01 Andalucía;Total;1 de enero de 2024;72.305
4 años;01 Andalucía;Hombres;1 de enero de 2025;35.291
4 años;01 Andalucía;Hombres;1 de enero de 2024;37.126
4 años;01 Andalucía;Mujeres;1 de enero de 2025;33.657
4 años;01 Andalucía;Mujeres;1 de enero de 2024;35.179
4 años;02 Aragón;Total;1 de enero de 2025;9.801
4 años;02 Aragón;Total;1 de enero de 2024;10.346
4 años;02 Aragón;Hombres;1 de enero de 2025;4.931
4 años;02 Aragón;Hombres;1 de enero de 2024;5.354
4 años;02 Aragón;Mujeres;1 de enero de 2025;4.870
4 años;02 Aragón;Mujeres;1 de enero de 2024;4.992
4 años;03 Asturias, Principado de;Total;1 de enero de 2025;5.360
4 años;03 Asturias, Principado de;Total;1 de enero de 2024;5.659
4 años;03 Asturias, Principado de;Hombres;1 de enero de 2025;2.719
4 años;03 Asturias, Principado de;Hombres;1 de enero de 2024;2.856
4 años;03 Asturias, Principado de;Mujeres;1 de enero de 2025;2.641
4 años;03 Asturias, Principado de;Mujeres;1 de enero de 2024;2.803
4 años;04 Balears, Illes;Total;1 de enero de 2025;10.031
4 años;04 Balears, Illes;Total;1 de enero de 2024;10.109
4 años;04 Balears, Illes;Hombres;1 de enero de 2025;5.127
4 años;04 Balears, Illes;Hombres;1 de enero de 2024;5.173
4 años;04 Balears, Illes;Mujeres;1 de enero de 2025;4.904
4 años;04 Balears, Illes;Mujeres;1 de enero de 2024;4.936
4 años;05 Canarias;Total;1 de enero de 2025;14.365
4 años;05 Canarias;Total;1 de enero de 2024;14.916
4 años;05 Canarias;Hombres;1 de enero de 2025;7.309
4 años;05 Canarias;Hombres;1 de enero de 2024;7.620
4 años;05 Canarias;Mujeres;1 de enero de 2025;7.056
4 años;05 Canarias;Mujeres;1 de enero de 2024;7.296
4 años;06 Cantabria;Total;1 de enero de 2025;3.737
4 años;06 Cantabria;Total;1 de enero de 2024;3.896
4 años;06 Cantabria;Hombres;1 de enero de 2025;1.939
4 años;06 Cantabria;Hombres;1 de enero de 2024;2.018
4 años;06 Cantabria;Mujeres;1 de enero de 2025;1.798
4 años;06 Cantabria;Mujeres;1 de enero de 2024;1.878
4 años;07 Castilla y León;Total;1 de enero de 2025;14.985
4 años;07 Castilla y León;Total;1 de enero de 2024;15.411
4 años;07 Castilla y León;Hombres;1 de enero de 2025;7.700
4 años;07 Castilla y León;Hombres;1 de enero de 2024;7.915
4 años;07 Castilla y León;Mujeres;1 de enero de 2025;7.285
4 años;07 Castilla y León;Mujeres;1 de enero de 2024;7.496
4 años;08 Castilla - La Mancha;Total;1 de enero de 2025;16.565
4 años;08 Castilla - La Mancha;Total;1 de enero de 2024;17.037
4 años;08 Castilla - La Mancha;Hombres;1 de enero de 2025;8.485
4 años;08 Castilla - La Mancha;Hombres;1 de enero de 2024;8.833
4 años;08 Castilla - La Mancha;Mujeres;1 de enero de 2025;8.080
4 años;08 Castilla - La Mancha;Mujeres;1 de enero de 2024;8.204
4 años;09 Cataluña;Total;1 de enero de 2025;61.936
4 años;09 Cataluña;Total;1 de enero de 2024;64.493
4 años;09 Cataluña;Hombres;1 de enero de 2025;31.501
4 años;09 Cataluña;Hombres;1 de enero de 2024;32.951
4 años;09 Cataluña;Mujeres;1 de enero de 2025;30.435
4 años;09 Cataluña;Mujeres;1 de enero de 2024;31.542
4 años;10 Comunitat Valenciana;Total;1 de enero de 2025;41.183
4 años;10 Comunitat Valenciana;Total;1 de enero de 2024;41.848
4 años;10 Comunitat Valenciana;Hombres;1 de enero de 2025;21.164
4 años;10 Comunitat Valenciana;Hombres;1 de enero de 2024;21.589
4 años;10 Comunitat Valenciana;Mujeres;1 de enero de 2025;20.019
4 años;10 Comunitat Valenciana;Mujeres;1 de enero de 2024;20.259
4 años;11 Extremadura;Total;1 de enero de 2025;7.623
4 años;11 Extremadura;Total;1 de enero de 2024;7.866
4 años;11 Extremadura;Hombres;1 de enero de 2025;3.889
4 años;11 Extremadura;Hombres;1 de enero de 2024;4.060
4 años;11 Extremadura;Mujeres;1 de enero de 2025;3.734
4 años;11 Extremadura;Mujeres;1 de enero de 2024;3.806
4 años;12 Galicia;Total;1 de enero de 2025;16.483
4 años;12 Galicia;Total;1 de enero de 2024;16.788
4 años;12 Galicia;Hombres;1 de enero de 2025;8.369
4 años;12 Galicia;Hombres;1 de enero de 2024;8.726
4 años;12 Galicia;Mujeres;1 de enero de 2025;8.114
4 años;12 Galicia;Mujeres;1 de enero de 2024;8.062
4 años;13 Madrid, Comunidad de;Total;1 de enero de 2025;53.709
4 años;13 Madrid, Comunidad de;Total;1 de enero de 2024;56.470
4 años;13 Madrid, Comunidad de;Hombres;1 de enero de 2025;27.450
4 años;13 Madrid, Comunidad de;Hombres;1 de enero de 2024;28.982
4 años;13 Madrid, Comunidad de;Mujeres;1 de enero de 2025;26.259
4 años;13 Madrid, Comunidad de;Mujeres;1 de enero de 2024;27.488
4 años;14 Murcia, Región de;Total;1 de enero de 2025;14.308
4 años;14 Murcia, Región de;Total;1 de enero de 2024;14.837
4 años;14 Murcia, Región de;Hombres;1 de enero de 2025;7.461
4 años;14 Murcia, Región de;Hombres;1 de enero de 2024;7.594
4 años;14 Murcia, Región de;Mujeres;1 de enero de 2025;6.847
4 años;14 Murcia, Región de;Mujeres;1 de enero de 2024;7.243
4 años;15 Navarra, Comunidad Foral de;Total;1 de enero de 2025;5.444
4 años;15 Navarra, Comunidad Foral de;Total;1 de enero de 2024;5.694
4 años;15 Navarra, Comunidad Foral de;Hombres;1 de enero de 2025;2.811
4 años;15 Navarra, Comunidad Foral de;Hombres;1 de enero de 2024;2.946
4 años;15 Navarra, Comunidad Foral de;Mujeres;1 de enero de 2025;2.633
4 años;15 Navarra, Comunidad Foral de;Mujeres;1 de enero de 2024;2.748
4 años;16 País Vasco;Total;1 de enero de 2025;15.440
4 años;16 País Vasco;Total;1 de enero de 2024;15.941
4 años;16 País Vasco;Hombres;1 de enero de 2025;7.998
4 años;16 País Vasco;Hombres;1 de enero de 2024;8.193
4 años;16 País Vasco;Mujeres;1 de enero de 2025;7.442
4 años;16 País Vasco;Mujeres;1 de enero de 2024;7.748
4 años;17 Rioja, La;Total;1 de enero de 2025;2.499
4 años;17 Rioja, La;Total;1 de enero de 2024;2.571
4 años;17 Rioja, La;Hombres;1 de enero de 2025;1.285
4 años;17 Rioja, La;Hombres;1 de enero de 2024;1.296
4 años;17 Rioja, La;Mujeres;1 de enero de 2025;1.214
4 años;17 Rioja, La;Mujeres;1 de enero de 2024;1.275
4 años;18 Ceuta;Total;1 de enero de 2025;809
4 años;18 Ceuta;Total;1 de enero de 2024;827
4 años;18 Ceuta;Hombres;1 de enero de 2025;418
4 años;18 Ceuta;Hombres;1 de enero de 2024;418
4 años;18 Ceuta;Mujeres;1 de enero de 2025;391
4 años;18 Ceuta;Mujeres;1 de enero de 2024;409
4 años;19 Melilla;Total;1 de enero de 2025;973
4 años;19 Melilla;Total;1 de enero de 2024;1.127
4 años;19 Melilla;Hombres;1 de enero de 2025;495
4 años;19 Melilla;Hombres;1 de enero de 2024;590
4 años;19 Melilla;Mujeres;1 de enero de 2025;478
4 años;19 Melilla;Mujeres;1 de enero de 2024;537
5 años;01 Andalucía;Total;1 de enero de 2025;73.390
5 años;01 Andalucía;Total;1 de enero de 2024;75.073
5 años;01 Andalucía;Hombres;1 de enero de 2025;37.613
5 años;01 Andalucía;Hombres;1 de enero de 2024;38.579
5 años;01 Andalucía;Mujeres;1 de enero de 2025;35.777
5 años;01 Andalucía;Mujeres;1 de enero de 2024;36.494
5 años;02 Aragón;Total;1 de enero de 2025;10.586
5 años;02 Aragón;Total;1 de enero de 2024;10.866
5 años;02 Aragón;Hombres;1 de enero de 2025;5.473
5 años;02 Aragón;Hombres;1 de enero de 2024;5.600
5 años;02 Aragón;Mujeres;1 de enero de 2025;5.113
5 años;02 Aragón;Mujeres;1 de enero de 2024;5.266
5 años;03 Asturias, Principado de;Total;1 de enero de 2025;5.852
5 años;03 Asturias, Principado de;Total;1 de enero de 2024;6.251
5 años;03 Asturias, Principado de;Hombres;1 de enero de 2025;2.964
5 años;03 Asturias, Principado de;Hombres;1 de enero de 2024;3.241
5 años;03 Asturias, Principado de;Mujeres;1 de enero de 2025;2.888
5 años;03 Asturias, Principado de;Mujeres;1 de enero de 2024;3.010
5 años;04 Balears, Illes;Total;1 de enero de 2025;10.343
5 años;04 Balears, Illes;Total;1 de enero de 2024;10.859
5 años;04 Balears, Illes;Hombres;1 de enero de 2025;5.297
5 años;04 Balears, Illes;Hombres;1 de enero de 2024;5.573
5 años;04 Balears, Illes;Mujeres;1 de enero de 2025;5.046
5 años;04 Balears, Illes;Mujeres;1 de enero de 2024;5.286
5 años;05 Canarias;Total;1 de enero de 2025;15.341
5 años;05 Canarias;Total;1 de enero de 2024;16.037
5 años;05 Canarias;Hombres;1 de enero de 2025;7.818
5 años;05 Canarias;Hombres;1 de enero de 2024;8.354
5 años;05 Canarias;Mujeres;1 de enero de 2025;7.523
5 años;05 Canarias;Mujeres;1 de enero de 2024;7.683
5 años;06 Cantabria;Total;1 de enero de 2025;3.964
5 años;06 Cantabria;Total;1 de enero de 2024;4.217
5 años;06 Cantabria;Hombres;1 de enero de 2025;2.046
5 años;06 Cantabria;Hombres;1 de enero de 2024;2.148
5 años;06 Cantabria;Mujeres;1 de enero de 2025;1.918
5 años;06 Cantabria;Mujeres;1 de enero de 2024;2.069
5 años;07 Castilla y León;Total;1 de enero de 2025;15.814
5 años;07 Castilla y León;Total;1 de enero de 2024;16.400
5 años;07 Castilla y León;Hombres;1 de enero de 2025;8.102
5 años;07 Castilla y León;Hombres;1 de enero de 2024;8.445
5 años;07 Castilla y León;Mujeres;1 de enero de 2025;7.712
5 años;07 Castilla y León;Mujeres;1 de enero de 2024;7.955
5 años;08 Castilla - La Mancha;Total;1 de enero de 2025;17.512
5 años;08 Castilla - La Mancha;Total;1 de enero de 2024;18.135
5 años;08 Castilla - La Mancha;Hombres;1 de enero de 2025;9.057
5 años;08 Castilla - La Mancha;Hombres;1 de enero de 2024;9.289
5 años;08 Castilla - La Mancha;Mujeres;1 de enero de 2025;8.455
5 años;08 Castilla - La Mancha;Mujeres;1 de enero de 2024;8.846
5 años;09 Cataluña;Total;1 de enero de 2025;65.573
5 años;09 Cataluña;Total;1 de enero de 2024;68.078
5 años;09 Cataluña;Hombres;1 de enero de 2025;33.536
5 años;09 Cataluña;Hombres;1 de enero de 2024;34.753
5 años;09 Cataluña;Mujeres;1 de enero de 2025;32.037
5 años;09 Cataluña;Mujeres;1 de enero de 2024;33.325
5 años;10 Comunitat Valenciana;Total;1 de enero de 2025;43.475
5 años;10 Comunitat Valenciana;Total;1 de enero de 2024;43.698
5 años;10 Comunitat Valenciana;Hombres;1 de enero de 2025;22.415
5 años;10 Comunitat Valenciana;Hombres;1 de enero de 2024;22.461
5 años;10 Comunitat Valenciana;Mujeres;1 de enero de 2025;21.060
5 años;10 Comunitat Valenciana;Mujeres;1 de enero de 2024;21.237
5 años;11 Extremadura;Total;1 de enero de 2025;7.986
5 años;11 Extremadura;Total;1 de enero de 2024;8.150
5 años;11 Extremadura;Hombres;1 de enero de 2025;4.110
5 años;11 Extremadura;Hombres;1 de enero de 2024;4.197
5 años;11 Extremadura;Mujeres;1 de enero de 2025;3.876
5 años;11 Extremadura;Mujeres;1 de enero de 2024;3.953
5 años;12 Galicia;Total;1 de enero de 2025;17.151
5 años;12 Galicia;Total;1 de enero de 2024;18.052
5 años;12 Galicia;Hombres;1 de enero de 2025;8.915
5 años;12 Galicia;Hombres;1 de enero de 2024;9.325
5 años;12 Galicia;Mujeres;1 de enero de 2025;8.236
5 años;12 Galicia;Mujeres;1 de enero de 2024;8.727
5 años;13 Madrid, Comunidad de;Total;1 de enero de 2025;57.091
5 años;13 Madrid, Comunidad de;Total;1 de enero de 2024;59.096
5 años;13 Madrid, Comunidad de;Hombres;1 de enero de 2025;29.306
5 años;13 Madrid, Comunidad de;Hombres;1 de enero de 2024;30.231
5 años;13 Madrid, Comunidad de;Mujeres;1 de enero de 2025;27.785
5 años;13 Madrid, Comunidad de;Mujeres;1 de enero de 2024;28.865
5 años;14 Murcia, Región de;Total;1 de enero de 2025;15.093
5 años;14 Murcia, Región de;Total;1 de enero de 2024;15.440
5 años;14 Murcia, Región de;Hombres;1 de enero de 2025;7.706
5 años;14 Murcia, Región de;Hombres;1 de enero de 2024;7.895
5 años;14 Murcia, Región de;Mujeres;1 de enero de 2025;7.387
5 años;14 Murcia, Región de;Mujeres;1 de enero de 2024;7.545
5 años;15 Navarra, Comunidad Foral de;Total;1 de enero de 2025;5.763
5 años;15 Navarra, Comunidad Foral de;Total;1 de enero de 2024;6.003
5 años;15 Navarra, Comunidad Foral de;Hombres;1 de enero de 2025;2.974
5 años;15 Navarra, Comunidad Foral de;Hombres;1 de enero de 2024;3.045
5 años;15 Navarra, Comunidad Foral de;Mujeres;1 de enero de 2025;2.789
5 años;15 Navarra, Comunidad Foral de;Mujeres;1 de enero de 2024;2.958
5 años;16 País Vasco;Total;1 de enero de 2025;16.201
5 años;16 País Vasco;Total;1 de enero de 2024;16.816
5 años;16 País Vasco;Hombres;1 de enero de 2025;8.336
5 años;16 País Vasco;Hombres;1 de enero de 2024;8.576
5 años;16 País Vasco;Mujeres;1 de enero de 2025;7.865
5 años;16 País Vasco;Mujeres;1 de enero de 2024;8.240
5 años;17 Rioja, La;Total;1 de enero de 2025;2.612
5 años;17 Rioja, La;Total;1 de enero de 2024;2.574
5 años;17 Rioja, La;Hombres;1 de enero de 2025;1.313
5 años;17 Rioja, La;Hombres;1 de enero de 2024;1.302
5 años;17 Rioja, La;Mujeres;1 de enero de 2025;1.299
5 años;17 Rioja, La;Mujeres;1 de enero de 2024;1.272
5 años;18 Ceuta;Total;1 de enero de 2025;835
5 años;18 Ceuta;Total;1 de enero de 2024;916
5 años;18 Ceuta;Hombres;1 de enero de 2025;427
5 años;18 Ceuta;Hombres;1 de enero de 2024;414
5 años;18 Ceuta;Mujeres;1 de enero de 2025;408
5 años;18 Ceuta;Mujeres;1 de enero de 2024;502
5 años;19 Melilla;Total;1 de enero de 2025;1.121
5 años;19 Melilla;Total;1 de enero de 2024;1.186
5 años;19 Melilla;Hombres;1 de enero de 2025;582
5 años;19 Melilla;Hombres;1 de enero de 2024;611
5 años;19 Melilla;Mujeres;1 de enero de 2025;539
5 años;19 Melilla;Mujeres;1 de enero de 2024;575
6 años;01 Andalucía;Total;1 de enero de 2025;76.129
6 años;01 Andalucía;Total;1 de enero de 2024;79.475
6 años;01 Andalucía;Hombres;1 de enero de 2025;39.090
6 años;01 Andalucía;Hombres;1 de enero de 2024;40.830
6 años;01 Andalucía;Mujeres;1 de enero de 2025;37.039
6 años;01 Andalucía;Mujeres;1 de enero de 2024;38.645
6 años;02 Aragón;Total;1 de enero de 2025;11.122
6 años;02 Aragón;Total;1 de enero de 2024;11.563
6 años;02 Aragón;Hombres;1 de enero de 2025;5.715
6 años;02 Aragón;Hombres;1 de enero de 2024;5.972
6 años;02 Aragón;Mujeres;1 de enero de 2025;5.407
6 años;02 Aragón;Mujeres;1 de enero de 2024;5.591
6 años;03 Asturias, Principado de;Total;1 de enero de 2025;6.470
6 años;03 Asturias, Principado de;Total;1 de enero de 2024;6.652
6 años;03 Asturias, Principado de;Hombres;1 de enero de 2025;3.367
6 años;03 Asturias, Principado de;Hombres;1 de enero de 2024;3.463
6 años;03 Asturias, Principado de;Mujeres;1 de enero de 2025;3.103
6 años;03 Asturias, Principado de;Mujeres;1 de enero de 2024;3.189
6 años;04 Balears, Illes;Total;1 de enero de 2025;11.000
6 años;04 Balears, Illes;Total;1 de enero de 2024;11.035
6 años;04 Balears, Illes;Hombres;1 de enero de 2025;5.671
6 años;04 Balears, Illes;Hombres;1 de enero de 2024;5.682
6 años;04 Balears, Illes;Mujeres;1 de enero de 2025;5.329
6 años;04 Balears, Illes;Mujeres;1 de enero de 2024;5.353
6 años;05 Canarias;Total;1 de enero de 2025;16.411
6 años;05 Canarias;Total;1 de enero de 2024;17.388
6 años;05 Canarias;Hombres;1 de enero de 2025;8.542
6 años;05 Canarias;Hombres;1 de enero de 2024;8.938
6 años;05 Canarias;Mujeres;1 de enero de 2025;7.869
6 años;05 Canarias;Mujeres;1 de enero de 2024;8.450
6 años;06 Cantabria;Total;1 de enero de 2025;4.298
6 años;06 Cantabria;Total;1 de enero de 2024;4.566
6 años;06 Cantabria;Hombres;1 de enero de 2025;2.174
6 años;06 Cantabria;Hombres;1 de enero de 2024;2.353
6 años;06 Cantabria;Mujeres;1 de enero de 2025;2.124
6 años;06 Cantabria;Mujeres;1 de enero de 2024;2.213
6 años;07 Castilla y León;Total;1 de enero de 2025;16.868
6 años;07 Castilla y León;Total;1 de enero de 2024;16.953
6 años;07 Castilla y León;Hombres;1 de enero de 2025;8.723
6 años;07 Castilla y León;Hombres;1 de enero de 2024;8.651
6 años;07 Castilla y León;Mujeres;1 de enero de 2025;8.145
6 años;07 Castilla y León;Mujeres;1 de enero de 2024;8.302
6 años;08 Castilla - La Mancha;Total;1 de enero de 2025;18.592
6 años;08 Castilla - La Mancha;Total;1 de enero de 2024;19.291
6 años;08 Castilla - La Mancha;Hombres;1 de enero de 2025;9.527
6 años;08 Castilla - La Mancha;Hombres;1 de enero de 2024;10.006
6 años;08 Castilla - La Mancha;Mujeres;1 de enero de 2025;9.065
6 años;08 Castilla - La Mancha;Mujeres;1 de enero de 2024;9.285
6 años;09 Cataluña;Total;1 de enero de 2025;69.224
6 años;09 Cataluña;Total;1 de enero de 2024;72.454
6 años;09 Cataluña;Hombres;1 de enero de 2025;35.345
6 años;09 Cataluña;Hombres;1 de enero de 2024;37.268
6 años;09 Cataluña;Mujeres;1 de enero de 2025;33.879
6 años;09 Cataluña;Mujeres;1 de enero de 2024;35.186
6 años;10 Comunitat Valenciana;Total;1 de enero de 2025;45.308
6 años;10 Comunitat Valenciana;Total;1 de enero de 2024;47.243
6 años;10 Comunitat Valenciana;Hombres;1 de enero de 2025;23.285
6 años;10 Comunitat Valenciana;Hombres;1 de enero de 2024;24.413
6 años;10 Comunitat Valenciana;Mujeres;1 de enero de 2025;22.023
6 años;10 Comunitat Valenciana;Mujeres;1 de enero de 2024;22.830
6 años;11 Extremadura;Total;1 de enero de 2025;8.237
6 años;11 Extremadura;Total;1 de enero de 2024;8.835
6 años;11 Extremadura;Hombres;1 de enero de 2025;4.251
6 años;11 Extremadura;Hombres;1 de enero de 2024;4.530
6 años;11 Extremadura;Mujeres;1 de enero de 2025;3.986
6 años;11 Extremadura;Mujeres;1 de enero de 2024;4.305
6 años;12 Galicia;Total;1 de enero de 2025;18.450
6 años;12 Galicia;Total;1 de enero de 2024;20.167
6 años;12 Galicia;Hombres;1 de enero de 2025;9.533
6 años;12 Galicia;Hombres;1 de enero de 2024;10.410
6 años;12 Galicia;Mujeres;1 de enero de 2025;8.917
6 años;12 Galicia;Mujeres;1 de enero de 2024;9.757
6 años;13 Madrid, Comunidad de;Total;1 de enero de 2025;59.960
6 años;13 Madrid, Comunidad de;Total;1 de enero de 2024;62.998
6 años;13 Madrid, Comunidad de;Hombres;1 de enero de 2025;30.724
6 años;13 Madrid, Comunidad de;Hombres;1 de enero de 2024;32.385
6 años;13 Madrid, Comunidad de;Mujeres;1 de enero de 2025;29.236
6 años;13 Madrid, Comunidad de;Mujeres;1 de enero de 2024;30.613
6 años;14 Murcia, Región de;Total;1 de enero de 2025;15.700
6 años;14 Murcia, Región de;Total;1 de enero de 2024;16.232
6 años;14 Murcia, Región de;Hombres;1 de enero de 2025;8.011
6 años;14 Murcia, Región de;Hombres;1 de enero de 2024;8.373
6 años;14 Murcia, Región de;Mujeres;1 de enero de 2025;7.689
6 años;14 Murcia, Región de;Mujeres;1 de enero de 2024;7.859
6 años;15 Navarra, Comunidad Foral de;Total;1 de enero de 2025;6.087
6 años;15 Navarra, Comunidad Foral de;Total;1 de enero de 2024;6.395
6 años;15 Navarra, Comunidad Foral de;Hombres;1 de enero de 2025;3.090
6 años;15 Navarra, Comunidad Foral de;Hombres;1 de enero de 2024;3.241
6 años;15 Navarra, Comunidad Foral de;Mujeres;1 de enero de 2025;2.997
6 años;15 Navarra, Comunidad Foral de;Mujeres;1 de enero de 2024;3.154
6 años;16 País Vasco;Total;1 de enero de 2025;17.055
6 años;16 País Vasco;Total;1 de enero de 2024;17.951
6 años;16 País Vasco;Hombres;1 de enero de 2025;8.683
6 años;16 País Vasco;Hombres;1 de enero de 2024;9.269
6 años;16 País Vasco;Mujeres;1 de enero de 2025;8.372
6 años;16 País Vasco;Mujeres;1 de enero de 2024;8.682
6 años;17 Rioja, La;Total;1 de enero de 2025;2.633
6 años;17 Rioja, La;Total;1 de enero de 2024;2.856
6 años;17 Rioja, La;Hombres;1 de enero de 2025;1.337
6 años;17 Rioja, La;Hombres;1 de enero de 2024;1.528
6 años;17 Rioja, La;Mujeres;1 de enero de 2025;1.296
6 años;17 Rioja, La;Mujeres;1 de enero de 2024;1.328
6 años;18 Ceuta;Total;1 de enero de 2025;912
6 años;18 Ceuta;Total;1 de enero de 2024;980
6 años;18 Ceuta;Hombres;1 de enero de 2025;411
6 años;18 Ceuta;Hombres;1 de enero de 2024;526
6 años;18 Ceuta;Mujeres;1 de enero de 2025;501
6 años;18 Ceuta;Mujeres;1 de enero de 2024;454
6 años;19 Melilla;Total;1 de enero de 2025;1.183
6 años;19 Melilla;Total;1 de enero de 2024;1.177
6 años;19 Melilla;Hombres;1 de enero de 2025;603
6 años;19 Melilla;Hombres;1 de enero de 2024;594
6 años;19 Melilla;Mujeres;1 de enero de 2025;580
6 años;19 Melilla;Mujeres;1 de enero de 2024;583
7 años;01 Andalucía;Total;1 de enero de 2025;80.547
7 años;01 Andalucía;Total;1 de enero de 2024;84.352
7 años;01 Andalucía;Hombres;1 de enero de 2025;41.393
7 años;01 Andalucía;Hombres;1 de enero de 2024;43.517
7 años;01 Andalucía;Mujeres;1 de enero de 2025;39.154
7 años;01 Andalucía;Mujeres;1 de enero de 2024;40.835
7 años;02 Aragón;Total;1 de enero de 2025;11.883
7 años;02 Aragón;Total;1 de enero de 2024;12.223
7 años;02 Aragón;Hombres;1 de enero de 2025;6.122
7 años;02 Aragón;Hombres;1 de enero de 2024;6.269
7 años;02 Aragón;Mujeres;1 de enero de 2025;5.761
7 años;02 Aragón;Mujeres;1 de enero de 2024;5.954
7 años;03 Asturias, Principado de;Total;1 de enero de 2025;6.885
7 años;03 Asturias, Principado de;Total;1 de enero de 2024;7.023
7 años;03 Asturias, Principado de;Hombres;1 de enero de 2025;3.587
7 años;03 Asturias, Principado de;Hombres;1 de enero de 2024;3.546
7 años;03 Asturias, Principado de;Mujeres;1 de enero de 2025;3.298
7 años;03 Asturias, Principado de;Mujeres;1 de enero de 2024;3.477
7 años;04 Balears, Illes;Total;1 de enero de 2025;11.328
7 años;04 Balears, Illes;Total;1 de enero de 2024;11.602
7 años;04 Balears, Illes;Hombres;1 de enero de 2025;5.831
7 años;04 Balears, Illes;Hombres;1 de enero de 2024;6.021
7 años;04 Balears, Illes;Mujeres;1 de enero de 2025;5.497
7 años;04 Balears, Illes;Mujeres;1 de enero de 2024;5.581
7 años;05 Canarias;Total;1 de enero de 2025;17.836
7 años;05 Canarias;Total;1 de enero de 2024;18.047
7 años;05 Canarias;Hombres;1 de enero de 2025;9.177
7 años;05 Canarias;Hombres;1 de enero de 2024;9.211
7 años;05 Canarias;Mujeres;1 de enero de 2025;8.659
7 años;05 Canarias;Mujeres;1 de enero de 2024;8.836
7 años;06 Cantabria;Total;1 de enero de 2025;4.611
7 años;06 Cantabria;Total;1 de enero de 2024;4.789
7 años;06 Cantabria;Hombres;1 de enero de 2025;2.355
7 años;06 Cantabria;Hombres;1 de enero de 2024;2.455
7 años;06 Cantabria;Mujeres;1 de enero de 2025;2.256
7 años;06 Cantabria;Mujeres;1 de enero de 2024;2.334
7 años;07 Castilla y León;Total;1 de enero de 2025;17.381
7 años;07 Castilla y León;Total;1 de enero de 2024;18.273
7 años;07 Castilla y León;Hombres;1 de enero de 2025;8.901
7 años;07 Castilla y León;Hombres;1 de enero de 2024;9.480
7 años;07 Castilla y León;Mujeres;1 de enero de 2025;8.480
7 años;07 Castilla y León;Mujeres;1 de enero de 2024;8.793
7 años;08 Castilla - La Mancha;Total;1 de enero de 2025;19.796
7 años;08 Castilla - La Mancha;Total;1 de enero de 2024;20.496
7 años;08 Castilla - La Mancha;Hombres;1 de enero de 2025;10.232
7 años;08 Castilla - La Mancha;Hombres;1 de enero de 2024;10.535
7 años;08 Castilla - La Mancha;Mujeres;1 de enero de 2025;9.564
7 años;08 Castilla - La Mancha;Mujeres;1 de enero de 2024;9.961
7 años;09 Cataluña;Total;1 de enero de 2025;73.709
7 años;09 Cataluña;Total;1 de enero de 2024;75.665
7 años;09 Cataluña;Hombres;1 de enero de 2025;37.859
7 años;09 Cataluña;Hombres;1 de enero de 2024;38.886
7 años;09 Cataluña;Mujeres;1 de enero de 2025;35.850
7 años;09 Cataluña;Mujeres;1 de enero de 2024;36.779
7 años;10 Comunitat Valenciana;Total;1 de enero de 2025;48.755
7 años;10 Comunitat Valenciana;Total;1 de enero de 2024;49.568
7 años;10 Comunitat Valenciana;Hombres;1 de enero de 2025;25.175
7 años;10 Comunitat Valenciana;Hombres;1 de enero de 2024;25.573
7 años;10 Comunitat Valenciana;Mujeres;1 de enero de 2025;23.580
7 años;10 Comunitat Valenciana;Mujeres;1 de enero de 2024;23.995
7 años;11 Extremadura;Total;1 de enero de 2025;8.936
7 años;11 Extremadura;Total;1 de enero de 2024;9.151
7 años;11 Extremadura;Hombres;1 de enero de 2025;4.574
7 años;11 Extremadura;Hombres;1 de enero de 2024;4.730
7 años;11 Extremadura;Mujeres;1 de enero de 2025;4.362
7 años;11 Extremadura;Mujeres;1 de enero de 2024;4.421
7 años;12 Galicia;Total;1 de enero de 2025;20.644
7 años;12 Galicia;Total;1 de enero de 2024;20.889
7 años;12 Galicia;Hombres;1 de enero de 2025;10.638
7 años;12 Galicia;Hombres;1 de enero de 2024;10.641
7 años;12 Galicia;Mujeres;1 de enero de 2025;10.006
7 años;12 Galicia;Mujeres;1 de enero de 2024;10.248
7 años;13 Madrid, Comunidad de;Total;1 de enero de 2025;64.065
7 años;13 Madrid, Comunidad de;Total;1 de enero de 2024;66.623
7 años;13 Madrid, Comunidad de;Hombres;1 de enero de 2025;32.902
7 años;13 Madrid, Comunidad de;Hombres;1 de enero de 2024;34.164
7 años;13 Madrid, Comunidad de;Mujeres;1 de enero de 2025;31.163
7 años;13 Madrid, Comunidad de;Mujeres;1 de enero de 2024;32.459
7 años;14 Murcia, Región de;Total;1 de enero de 2025;16.507
7 años;14 Murcia, Región de;Total;1 de enero de 2024;16.904
7 años;14 Murcia, Región de;Hombres;1 de enero de 2025;8.489
7 años;14 Murcia, Región de;Hombres;1 de enero de 2024;8.776
7 años;14 Murcia, Región de;Mujeres;1 de enero de 2025;8.018
7 años;14 Murcia, Región de;Mujeres;1 de enero de 2024;8.128
7 años;15 Navarra, Comunidad Foral de;Total;1 de enero de 2025;6.549
7 años;15 Navarra, Comunidad Foral de;Total;1 de enero de 2024;6.728
7 años;15 Navarra, Comunidad Foral de;Hombres;1 de enero de 2025;3.317
7 años;15 Navarra, Comunidad Foral de;Hombres;1 de enero de 2024;3.441
7 años;15 Navarra, Comunidad Foral de;Mujeres;1 de enero de 2025;3.232
7 años;15 Navarra, Comunidad Foral de;Mujeres;1 de enero de 2024;3.287
7 años;16 País Vasco;Total;1 de enero de 2025;18.206
7 años;16 País Vasco;Total;1 de enero de 2024;19.354
7 años;16 País Vasco;Hombres;1 de enero de 2025;9.391
7 años;16 País Vasco;Hombres;1 de enero de 2024;9.889
7 años;16 País Vasco;Mujeres;1 de enero de 2025;8.815
7 años;16 País Vasco;Mujeres;1 de enero de 2024;9.465
7 años;17 Rioja, La;Total;1 de enero de 2025;2.911
7 años;17 Rioja, La;Total;1 de enero de 2024;2.945
7 años;17 Rioja, La;Hombres;1 de enero de 2025;1.543
7 años;17 Rioja, La;Hombres;1 de enero de 2024;1.537
7 años;17 Rioja, La;Mujeres;1 de enero de 2025;1.368
7 años;17 Rioja, La;Mujeres;1 de enero de 2024;1.408
7 años;18 Ceuta;Total;1 de enero de 2025;983
7 años;18 Ceuta;Total;1 de enero de 2024;978
7 años;18 Ceuta;Hombres;1 de enero de 2025;527
7 años;18 Ceuta;Hombres;1 de enero de 2024;518
7 años;18 Ceuta;Mujeres;1 de enero de 2025;456
7 años;18 Ceuta;Mujeres;1 de enero de 2024;460
7 años;19 Melilla;Total;1 de enero de 2025;1.183
7 años;19 Melilla;Total;1 de enero de 2024;1.251
7 años;19 Melilla;Hombres;1 de enero de 2025;593
7 años;19 Melilla;Hombres;1 de enero de 2024;640
7 años;19 Melilla;Mujeres;1 de enero de 2025;590
7 años;19 Melilla;Mujeres;1 de enero de 2024;611
8 años;01 Andalucía;Total;1 de enero de 2025;85.575
8 años;01 Andalucía;Total;1 de enero de 2024;85.813
8 años;01 Andalucía;Hombres;1 de enero de 2025;44.132
8 años;01 Andalucía;Hombres;1 de enero de 2024;44.242
8 años;01 Andalucía;Mujeres;1 de enero de 2025;41.443
8 años;01 Andalucía;Mujeres;1 de enero de 2024;41.571
8 años;02 Aragón;Total;1 de enero de 2025;12.505
8 años;02 Aragón;Total;1 de enero de 2024;12.640
8 años;02 Aragón;Hombres;1 de enero de 2025;6.419
8 años;02 Aragón;Hombres;1 de enero de 2024;6.460
8 años;02 Aragón;Mujeres;1 de enero de 2025;6.086
8 años;02 Aragón;Mujeres;1 de enero de 2024;6.180
8 años;03 Asturias, Principado de;Total;1 de enero de 2025;7.253
8 años;03 Asturias, Principado de;Total;1 de enero de 2024;7.172
8 años;03 Asturias, Principado de;Hombres;1 de enero de 2025;3.661
8 años;03 Asturias, Principado de;Hombres;1 de enero de 2024;3.728
8 años;03 Asturias, Principado de;Mujeres;1 de enero de 2025;3.592
8 años;03 Asturias, Principado de;Mujeres;1 de enero de 2024;3.444
8 años;04 Balears, Illes;Total;1 de enero de 2025;11.911
8 años;04 Balears, Illes;Total;1 de enero de 2024;11.854
8 años;04 Balears, Illes;Hombres;1 de enero de 2025;6.182
8 años;04 Balears, Illes;Hombres;1 de enero de 2024;6.074
8 años;04 Balears, Illes;Mujeres;1 de enero de 2025;5.729
8 años;04 Balears, Illes;Mujeres;1 de enero de 2024;5.780
8 años;05 Canarias;Total;1 de enero de 2025;18.511
8 años;05 Canarias;Total;1 de enero de 2024;18.466
8 años;05 Canarias;Hombres;1 de enero de 2025;9.439
8 años;05 Canarias;Hombres;1 de enero de 2024;9.379
8 años;05 Canarias;Mujeres;1 de enero de 2025;9.072
8 años;05 Canarias;Mujeres;1 de enero de 2024;9.087
8 años;06 Cantabria;Total;1 de enero de 2025;4.878
8 años;06 Cantabria;Total;1 de enero de 2024;4.909
8 años;06 Cantabria;Hombres;1 de enero de 2025;2.492
8 años;06 Cantabria;Hombres;1 de enero de 2024;2.432
8 años;06 Cantabria;Mujeres;1 de enero de 2025;2.386
8 años;06 Cantabria;Mujeres;1 de enero de 2024;2.477
8 años;07 Castilla y León;Total;1 de enero de 2025;18.743
8 años;07 Castilla y León;Total;1 de enero de 2024;19.201
8 años;07 Castilla y León;Hombres;1 de enero de 2025;9.697
8 años;07 Castilla y León;Hombres;1 de enero de 2024;9.794
8 años;07 Castilla y León;Mujeres;1 de enero de 2025;9.046
8 años;07 Castilla y León;Mujeres;1 de enero de 2024;9.407
8 años;08 Castilla - La Mancha;Total;1 de enero de 2025;21.041
8 años;08 Castilla - La Mancha;Total;1 de enero de 2024;20.940
8 años;08 Castilla - La Mancha;Hombres;1 de enero de 2025;10.816
8 años;08 Castilla - La Mancha;Hombres;1 de enero de 2024;10.730
8 años;08 Castilla - La Mancha;Mujeres;1 de enero de 2025;10.225
8 años;08 Castilla - La Mancha;Mujeres;1 de enero de 2024;10.210
8 años;09 Cataluña;Total;1 de enero de 2025;76.975
8 años;09 Cataluña;Total;1 de enero de 2024;78.091
8 años;09 Cataluña;Hombres;1 de enero de 2025;39.556
8 años;09 Cataluña;Hombres;1 de enero de 2024;40.249
8 años;09 Cataluña;Mujeres;1 de enero de 2025;37.419
8 años;09 Cataluña;Mujeres;1 de enero de 2024;37.842
8 años;10 Comunitat Valenciana;Total;1 de enero de 2025;51.333
8 años;10 Comunitat Valenciana;Total;1 de enero de 2024;51.183
8 años;10 Comunitat Valenciana;Hombres;1 de enero de 2025;26.438
8 años;10 Comunitat Valenciana;Hombres;1 de enero de 2024;26.328
8 años;10 Comunitat Valenciana;Mujeres;1 de enero de 2025;24.895
8 años;10 Comunitat Valenciana;Mujeres;1 de enero de 2024;24.855
8 años;11 Extremadura;Total;1 de enero de 2025;9.265
8 años;11 Extremadura;Total;1 de enero de 2024;9.133
8 años;11 Extremadura;Hombres;1 de enero de 2025;4.771
8 años;11 Extremadura;Hombres;1 de enero de 2024;4.722
8 años;11 Extremadura;Mujeres;1 de enero de 2025;4.494
8 años;11 Extremadura;Mujeres;1 de enero de 2024;4.411
8 años;12 Galicia;Total;1 de enero de 2025;21.409
8 años;12 Galicia;Total;1 de enero de 2024;21.319
8 años;12 Galicia;Hombres;1 de enero de 2025;10.931
8 años;12 Galicia;Hombres;1 de enero de 2024;11.029
8 años;12 Galicia;Mujeres;1 de enero de 2025;10.478
8 años;12 Galicia;Mujeres;1 de enero de 2024;10.290
8 años;13 Madrid, Comunidad de;Total;1 de enero de 2025;67.709
8 años;13 Madrid, Comunidad de;Total;1 de enero de 2024;68.739
8 años;13 Madrid, Comunidad de;Hombres;1 de enero de 2025;34.706
8 años;13 Madrid, Comunidad de;Hombres;1 de enero de 2024;35.201
8 años;13 Madrid, Comunidad de;Mujeres;1 de enero de 2025;33.003
8 años;13 Madrid, Comunidad de;Mujeres;1 de enero de 2024;33.538
8 años;14 Murcia, Región de;Total;1 de enero de 2025;17.242
8 años;14 Murcia, Región de;Total;1 de enero de 2024;17.499
8 años;14 Murcia, Región de;Hombres;1 de enero de 2025;8.880
8 años;14 Murcia, Región de;Hombres;1 de enero de 2024;9.029
8 años;14 Murcia, Región de;Mujeres;1 de enero de 2025;8.362
8 años;14 Murcia, Región de;Mujeres;1 de enero de 2024;8.470
8 años;15 Navarra, Comunidad Foral de;Total;1 de enero de 2025;6.848
8 años;15 Navarra, Comunidad Foral de;Total;1 de enero de 2024;6.991
8 años;15 Navarra, Comunidad Foral de;Hombres;1 de enero de 2025;3.491
8 años;15 Navarra, Comunidad Foral de;Hombres;1 de enero de 2024;3.589
8 años;15 Navarra, Comunidad Foral de;Mujeres;1 de enero de 2025;3.357
8 años;15 Navarra, Comunidad Foral de;Mujeres;1 de enero de 2024;3.402
8 años;16 País Vasco;Total;1 de enero de 2025;19.624
8 años;16 País Vasco;Total;1 de enero de 2024;20.100
8 años;16 País Vasco;Hombres;1 de enero de 2025;10.025
8 años;16 País Vasco;Hombres;1 de enero de 2024;10.373
8 años;16 País Vasco;Mujeres;1 de enero de 2025;9.599
8 años;16 País Vasco;Mujeres;1 de enero de 2024;9.727
8 años;17 Rioja, La;Total;1 de enero de 2025;3.012
8 años;17 Rioja, La;Total;1 de enero de 2024;3.063
8 años;17 Rioja, La;Hombres;1 de enero de 2025;1.569
8 años;17 Rioja, La;Hombres;1 de enero de 2024;1.636
8 años;17 Rioja, La;Mujeres;1 de enero de 2025;1.443
8 años;17 Rioja, La;Mujeres;1 de enero de 2024;1.427
8 años;18 Ceuta;Total;1 de enero de 2025;983
8 años;18 Ceuta;Total;1 de enero de 2024;1.035
8 años;18 Ceuta;Hombres;1 de enero de 2025;517
8 años;18 Ceuta;Hombres;1 de enero de 2024;556
8 años;18 Ceuta;Mujeres;1 de enero de 2025;466
8 años;18 Ceuta;Mujeres;1 de enero de 2024;479
8 años;19 Melilla;Total;1 de enero de 2025;1.251
8 años;19 Melilla;Total;1 de enero de 2024;1.239
8 años;19 Melilla;Hombres;1 de enero de 2025;643
8 años;19 Melilla;Hombres;1 de enero de 2024;634
8 años;19 Melilla;Mujeres;1 de enero de 2025;608
8 años;19 Melilla;Mujeres;1 de enero de 2024;605
9 años;01 Andalucía;Total;1 de enero de 2025;87.096
9 años;01 Andalucía;Total;1 de enero de 2024;87.912
9 años;01 Andalucía;Hombres;1 de enero de 2025;44.866
9 años;01 Andalucía;Hombres;1 de enero de 2024;45.159
9 años;01 Andalucía;Mujeres;1 de enero de 2025;42.230
9 años;01 Andalucía;Mujeres;1 de enero de 2024;42.753
9 años;02 Aragón;Total;1 de enero de 2025;12.993
9 años;02 Aragón;Total;1 de enero de 2024;12.902
9 años;02 Aragón;Hombres;1 de enero de 2025;6.634
9 años;02 Aragón;Hombres;1 de enero de 2024;6.691
9 años;02 Aragón;Mujeres;1 de enero de 2025;6.359
9 años;02 Aragón;Mujeres;1 de enero de 2024;6.211
9 años;03 Asturias, Principado de;Total;1 de enero de 2025;7.363
9 años;03 Asturias, Principado de;Total;1 de enero de 2024;7.291
9 años;03 Asturias, Principado de;Hombres;1 de enero de 2025;3.817
9 años;03 Asturias, Principado de;Hombres;1 de enero de 2024;3.805
9 años;03 Asturias, Principado de;Mujeres;1 de enero de 2025;3.546
9 años;03 Asturias, Principado de;Mujeres;1 de enero de 2024;3.486
9 años;04 Balears, Illes;Total;1 de enero de 2025;12.110
9 años;04 Balears, Illes;Total;1 de enero de 2024;11.992
9 años;04 Balears, Illes;Hombres;1 de enero de 2025;6.215
9 años;04 Balears, Illes;Hombres;1 de enero de 2024;6.282
9 años;04 Balears, Illes;Mujeres;1 de enero de 2025;5.895
9 años;04 Balears, Illes;Mujeres;1 de enero de 2024;5.710
9 años;05 Canarias;Total;1 de enero de 2025;18.936
9 años;05 Canarias;Total;1 de enero de 2024;18.847
9 años;05 Canarias;Hombres;1 de enero de 2025;9.635
9 años;05 Canarias;Hombres;1 de enero de 2024;9.659
9 años;05 Canarias;Mujeres;1 de enero de 2025;9.301
9 años;05 Canarias;Mujeres;1 de enero de 2024;9.188
9 años;06 Cantabria;Total;1 de enero de 2025;5.018
9 años;06 Cantabria;Total;1 de enero de 2024;5.037
9 años;06 Cantabria;Hombres;1 de enero de 2025;2.483
9 años;06 Cantabria;Hombres;1 de enero de 2024;2.585
9 años;06 Cantabria;Mujeres;1 de enero de 2025;2.535
9 años;06 Cantabria;Mujeres;1 de enero de 2024;2.452
9 años;07 Castilla y León;Total;1 de enero de 2025;19.635
9 años;07 Castilla y León;Total;1 de enero de 2024;19.454
9 años;07 Castilla y León;Hombres;1 de enero de 2025;9.999
9 años;07 Castilla y León;Hombres;1 de enero de 2024;10.134
9 años;07 Castilla y León;Mujeres;1 de enero de 2025;9.636
9 años;07 Castilla y León;Mujeres;1 de enero de 2024;9.320
9 años;08 Castilla - La Mancha;Total;1 de enero de 2025;21.515
9 años;08 Castilla - La Mancha;Total;1 de enero de 2024;21.030
9 años;08 Castilla - La Mancha;Hombres;1 de enero de 2025;10.990
9 años;08 Castilla - La Mancha;Hombres;1 de enero de 2024;10.819
9 años;08 Castilla - La Mancha;Mujeres;1 de enero de 2025;10.525
9 años;08 Castilla - La Mancha;Mujeres;1 de enero de 2024;10.211
9 años;09 Cataluña;Total;1 de enero de 2025;79.487
9 años;09 Cataluña;Total;1 de enero de 2024;79.471
9 años;09 Cataluña;Hombres;1 de enero de 2025;40.971
9 años;09 Cataluña;Hombres;1 de enero de 2024;41.188
9 años;09 Cataluña;Mujeres;1 de enero de 2025;38.516
9 años;09 Cataluña;Mujeres;1 de enero de 2024;38.283
9 años;10 Comunitat Valenciana;Total;1 de enero de 2025;52.896
9 años;10 Comunitat Valenciana;Total;1 de enero de 2024;52.088
9 años;10 Comunitat Valenciana;Hombres;1 de enero de 2025;27.188
9 años;10 Comunitat Valenciana;Hombres;1 de enero de 2024;26.839
9 años;10 Comunitat Valenciana;Mujeres;1 de enero de 2025;25.708
9 años;10 Comunitat Valenciana;Mujeres;1 de enero de 2024;25.249
9 años;11 Extremadura;Total;1 de enero de 2025;9.253
9 años;11 Extremadura;Total;1 de enero de 2024;9.449
9 años;11 Extremadura;Hombres;1 de enero de 2025;4.787
9 años;11 Extremadura;Hombres;1 de enero de 2024;4.763
9 años;11 Extremadura;Mujeres;1 de enero de 2025;4.466
9 años;11 Extremadura;Mujeres;1 de enero de 2024;4.686
9 años;12 Galicia;Total;1 de enero de 2025;21.749
9 años;12 Galicia;Total;1 de enero de 2024;21.520
9 años;12 Galicia;Hombres;1 de enero de 2025;11.225
9 años;12 Galicia;Hombres;1 de enero de 2024;11.221
9 años;12 Galicia;Mujeres;1 de enero de 2025;10.524
9 años;12 Galicia;Mujeres;1 de enero de 2024;10.299
9 años;13 Madrid, Comunidad de;Total;1 de enero de 2025;69.994
9 años;13 Madrid, Comunidad de;Total;1 de enero de 2024;69.281
9 años;13 Madrid, Comunidad de;Hombres;1 de enero de 2025;35.808
9 años;13 Madrid, Comunidad de;Hombres;1 de enero de 2024;35.603
9 años;13 Madrid, Comunidad de;Mujeres;1 de enero de 2025;34.186
9 años;13 Madrid, Comunidad de;Mujeres;1 de enero de 2024;33.678
9 años;14 Murcia, Región de;Total;1 de enero de 2025;17.828
9 años;14 Murcia, Región de;Total;1 de enero de 2024;17.945
9 años;14 Murcia, Región de;Hombres;1 de enero de 2025;9.157
9 años;14 Murcia, Región de;Hombres;1 de enero de 2024;9.347
9 años;14 Murcia, Región de;Mujeres;1 de enero de 2025;8.671
9 años;14 Murcia, Región de;Mujeres;1 de enero de 2024;8.598
9 años;15 Navarra, Comunidad Foral de;Total;1 de enero de 2025;7.131
9 años;15 Navarra, Comunidad Foral de;Total;1 de enero de 2024;7.140
9 años;15 Navarra, Comunidad Foral de;Hombres;1 de enero de 2025;3.661
9 años;15 Navarra, Comunidad Foral de;Hombres;1 de enero de 2024;3.612
9 años;15 Navarra, Comunidad Foral de;Mujeres;1 de enero de 2025;3.470
9 años;15 Navarra, Comunidad Foral de;Mujeres;1 de enero de 2024;3.528
9 años;16 País Vasco;Total;1 de enero de 2025;20.331
9 años;16 País Vasco;Total;1 de enero de 2024;20.762
9 años;16 País Vasco;Hombres;1 de enero de 2025;10.506
9 años;16 País Vasco;Hombres;1 de enero de 2024;10.571
9 años;16 País Vasco;Mujeres;1 de enero de 2025;9.825
9 años;16 País Vasco;Mujeres;1 de enero de 2024;10.191
9 años;17 Rioja, La;Total;1 de enero de 2025;3.138
9 años;17 Rioja, La;Total;1 de enero de 2024;3.213
9 años;17 Rioja, La;Hombres;1 de enero de 2025;1.664
9 años;17 Rioja, La;Hombres;1 de enero de 2024;1.635
9 años;17 Rioja, La;Mujeres;1 de enero de 2025;1.474
9 años;17 Rioja, La;Mujeres;1 de enero de 2024;1.578
9 años;18 Ceuta;Total;1 de enero de 2025;1.042
9 años;18 Ceuta;Total;1 de enero de 2024;1.155
9 años;18 Ceuta;Hombres;1 de enero de 2025;563
9 años;18 Ceuta;Hombres;1 de enero de 2024;571
9 años;18 Ceuta;Mujeres;1 de enero de 2025;479
9 años;18 Ceuta;Mujeres;1 de enero de 2024;584
9 años;19 Melilla;Total;1 de enero de 2025;1.233
9 años;19 Melilla;Total;1 de enero de 2024;1.376
9 años;19 Melilla;Hombres;1 de enero de 2025;634
9 años;19 Melilla;Hombres;1 de enero de 2024;712
9 años;19 Melilla;Mujeres;1 de enero de 2025;599
9 años;19 Melilla;Mujeres;1 de enero de 2024;664
10 años;01 Andalucía;Total;1 de enero de 2025;89.201
10 años;01 Andalucía;Total;1 de enero de 2024;86.670
10 años;01 Andalucía;Hombres;1 de enero de 2025;45.724
10 años;01 Andalucía;Hombres;1 de enero de 2024;44.828
10 años;01 Andalucía;Mujeres;1 de enero de 2025;43.477
10 años;01 Andalucía;Mujeres;1 de enero de 2024;41.842
10 años;02 Aragón;Total;1 de enero de 2025;13.221
10 años;02 Aragón;Total;1 de enero de 2024;12.927
10 años;02 Aragón;Hombres;1 de enero de 2025;6.841
10 años;02 Aragón;Hombres;1 de enero de 2024;6.673
10 años;02 Aragón;Mujeres;1 de enero de 2025;6.380
10 años;02 Aragón;Mujeres;1 de enero de 2024;6.254
10 años;03 Asturias, Principado de;Total;1 de enero de 2025;7.470
10 años;03 Asturias, Principado de;Total;1 de enero de 2024;7.281
10 años;03 Asturias, Principado de;Hombres;1 de enero de 2025;3.905
10 años;03 Asturias, Principado de;Hombres;1 de enero de 2024;3.721
10 años;03 Asturias, Principado de;Mujeres;1 de enero de 2025;3.565
10 años;03 Asturias, Principado de;Mujeres;1 de enero de 2024;3.560
10 años;04 Balears, Illes;Total;1 de enero de 2025;12.305
10 años;04 Balears, Illes;Total;1 de enero de 2024;11.678
10 años;04 Balears, Illes;Hombres;1 de enero de 2025;6.412
10 años;04 Balears, Illes;Hombres;1 de enero de 2024;5.992
10 años;04 Balears, Illes;Mujeres;1 de enero de 2025;5.893
10 años;04 Balears, Illes;Mujeres;1 de enero de 2024;5.686
10 años;05 Canarias;Total;1 de enero de 2025;19.290
10 años;05 Canarias;Total;1 de enero de 2024;18.351
10 años;05 Canarias;Hombres;1 de enero de 2025;9.874
10 años;05 Canarias;Hombres;1 de enero de 2024;9.395
10 años;05 Canarias;Mujeres;1 de enero de 2025;9.416
10 años;05 Canarias;Mujeres;1 de enero de 2024;8.956
10 años;06 Cantabria;Total;1 de enero de 2025;5.148
10 años;06 Cantabria;Total;1 de enero de 2024;5.284
10 años;06 Cantabria;Hombres;1 de enero de 2025;2.638
10 años;06 Cantabria;Hombres;1 de enero de 2024;2.742
10 años;06 Cantabria;Mujeres;1 de enero de 2025;2.510
10 años;06 Cantabria;Mujeres;1 de enero de 2024;2.542
10 años;07 Castilla y León;Total;1 de enero de 2025;19.949
10 años;07 Castilla y León;Total;1 de enero de 2024;19.325
10 años;07 Castilla y León;Hombres;1 de enero de 2025;10.383
10 años;07 Castilla y León;Hombres;1 de enero de 2024;10.011
10 años;07 Castilla y León;Mujeres;1 de enero de 2025;9.566
10 años;07 Castilla y León;Mujeres;1 de enero de 2024;9.314
10 años;08 Castilla - La Mancha;Total;1 de enero de 2025;21.580
10 años;08 Castilla - La Mancha;Total;1 de enero de 2024;21.298
10 años;08 Castilla - La Mancha;Hombres;1 de enero de 2025;11.107
10 años;08 Castilla - La Mancha;Hombres;1 de enero de 2024;10.894
10 años;08 Castilla - La Mancha;Mujeres;1 de enero de 2025;10.473
10 años;08 Castilla - La Mancha;Mujeres;1 de enero de 2024;10.404
10 años;09 Cataluña;Total;1 de enero de 2025;80.888
10 años;09 Cataluña;Total;1 de enero de 2024;78.895
10 años;09 Cataluña;Hombres;1 de enero de 2025;41.860
10 años;09 Cataluña;Hombres;1 de enero de 2024;40.598
10 años;09 Cataluña;Mujeres;1 de enero de 2025;39.028
10 años;09 Cataluña;Mujeres;1 de enero de 2024;38.297
10 años;10 Comunitat Valenciana;Total;1 de enero de 2025;53.778
10 años;10 Comunitat Valenciana;Total;1 de enero de 2024;51.778
10 años;10 Comunitat Valenciana;Hombres;1 de enero de 2025;27.699
10 años;10 Comunitat Valenciana;Hombres;1 de enero de 2024;26.756
10 años;10 Comunitat Valenciana;Mujeres;1 de enero de 2025;26.079
10 años;10 Comunitat Valenciana;Mujeres;1 de enero de 2024;25.022
10 años;11 Extremadura;Total;1 de enero de 2025;9.518
10 años;11 Extremadura;Total;1 de enero de 2024;9.165
10 años;11 Extremadura;Hombres;1 de enero de 2025;4.806
10 años;11 Extremadura;Hombres;1 de enero de 2024;4.653
10 años;11 Extremadura;Mujeres;1 de enero de 2025;4.712
10 años;11 Extremadura;Mujeres;1 de enero de 2024;4.512
10 años;12 Galicia;Total;1 de enero de 2025;21.978
10 años;12 Galicia;Total;1 de enero de 2024;21.548
10 años;12 Galicia;Hombres;1 de enero de 2025;11.410
10 años;12 Galicia;Hombres;1 de enero de 2024;11.043
10 años;12 Galicia;Mujeres;1 de enero de 2025;10.568
10 años;12 Galicia;Mujeres;1 de enero de 2024;10.505
10 años;13 Madrid, Comunidad de;Total;1 de enero de 2025;70.467
10 años;13 Madrid, Comunidad de;Total;1 de enero de 2024;68.801
10 años;13 Madrid, Comunidad de;Hombres;1 de enero de 2025;36.228
10 años;13 Madrid, Comunidad de;Hombres;1 de enero de 2024;35.275
10 años;13 Madrid, Comunidad de;Mujeres;1 de enero de 2025;34.239
10 años;13 Madrid, Comunidad de;Mujeres;1 de enero de 2024;33.526
10 años;14 Murcia, Región de;Total;1 de enero de 2025;18.340
10 años;14 Murcia, Región de;Total;1 de enero de 2024;17.730
10 años;14 Murcia, Región de;Hombres;1 de enero de 2025;9.511
10 años;14 Murcia, Región de;Hombres;1 de enero de 2024;9.176
10 años;14 Murcia, Región de;Mujeres;1 de enero de 2025;8.829
10 años;14 Murcia, Región de;Mujeres;1 de enero de 2024;8.554
10 años;15 Navarra, Comunidad Foral de;Total;1 de enero de 2025;7.269
10 años;15 Navarra, Comunidad Foral de;Total;1 de enero de 2024;6.959
10 años;15 Navarra, Comunidad Foral de;Hombres;1 de enero de 2025;3.671
10 años;15 Navarra, Comunidad Foral de;Hombres;1 de enero de 2024;3.552
10 años;15 Navarra, Comunidad Foral de;Mujeres;1 de enero de 2025;3.598
10 años;15 Navarra, Comunidad Foral de;Mujeres;1 de enero de 2024;3.407
10 años;16 País Vasco;Total;1 de enero de 2025;21.027
10 años;16 País Vasco;Total;1 de enero de 2024;20.441
10 años;16 País Vasco;Hombres;1 de enero de 2025;10.722
10 años;16 País Vasco;Hombres;1 de enero de 2024;10.459
10 años;16 País Vasco;Mujeres;1 de enero de 2025;10.305
10 años;16 País Vasco;Mujeres;1 de enero de 2024;9.982
10 años;17 Rioja, La;Total;1 de enero de 2025;3.271
10 años;17 Rioja, La;Total;1 de enero de 2024;3.159
10 años;17 Rioja, La;Hombres;1 de enero de 2025;1.668
10 años;17 Rioja, La;Hombres;1 de enero de 2024;1.615
10 años;17 Rioja, La;Mujeres;1 de enero de 2025;1.603
10 años;17 Rioja, La;Mujeres;1 de enero de 2024;1.544
10 años;18 Ceuta;Total;1 de enero de 2025;1.156
10 años;18 Ceuta;Total;1 de enero de 2024;1.062
10 años;18 Ceuta;Hombres;1 de enero de 2025;564
10 años;18 Ceuta;Hombres;1 de enero de 2024;542
10 años;18 Ceuta;Mujeres;1 de enero de 2025;592
10 años;18 Ceuta;Mujeres;1 de enero de 2024;520
10 años;19 Melilla;Total;1 de enero de 2025;1.386
10 años;19 Melilla;Total;1 de enero de 2024;1.306
10 años;19 Melilla;Hombres;1 de enero de 2025;706
10 años;19 Melilla;Hombres;1 de enero de 2024;674
10 años;19 Melilla;Mujeres;1 de enero de 2025;680
10 años;19 Melilla;Mujeres;1 de enero de 2024;632
11 años;01 Andalucía;Total;1 de enero de 2025;87.805
11 años;01 Andalucía;Total;1 de enero de 2024;91.412
11 años;01 Andalucía;Hombres;1 de enero de 2025;45.318
11 años;01 Andalucía;Hombres;1 de enero de 2024;47.131
11 años;01 Andalucía;Mujeres;1 de enero de 2025;42.487
11 años;01 Andalucía;Mujeres;1 de enero de 2024;44.281
11 años;02 Aragón;Total;1 de enero de 2025;13.213
11 años;02 Aragón;Total;1 de enero de 2024;13.178
11 años;02 Aragón;Hombres;1 de enero de 2025;6.825
11 años;02 Aragón;Hombres;1 de enero de 2024;6.716
11 años;02 Aragón;Mujeres;1 de enero de 2025;6.388
11 años;02 Aragón;Mujeres;1 de enero de 2024;6.462
11 años;03 Asturias, Principado de;Total;1 de enero de 2025;7.510
11 años;03 Asturias, Principado de;Total;1 de enero de 2024;8.207
11 años;03 Asturias, Principado de;Hombres;1 de enero de 2025;3.832
11 años;03 Asturias, Principado de;Hombres;1 de enero de 2024;4.272
11 años;03 Asturias, Principado de;Mujeres;1 de enero de 2025;3.678
11 años;03 Asturias, Principado de;Mujeres;1 de enero de 2024;3.935
11 años;04 Balears, Illes;Total;1 de enero de 2025;11.981
11 años;04 Balears, Illes;Total;1 de enero de 2024;12.208
11 años;04 Balears, Illes;Hombres;1 de enero de 2025;6.107
11 años;04 Balears, Illes;Hombres;1 de enero de 2024;6.158
11 años;04 Balears, Illes;Mujeres;1 de enero de 2025;5.874
11 años;04 Balears, Illes;Mujeres;1 de enero de 2024;6.050
11 años;05 Canarias;Total;1 de enero de 2025;18.862
11 años;05 Canarias;Total;1 de enero de 2024;19.924
11 años;05 Canarias;Hombres;1 de enero de 2025;9.665
11 años;05 Canarias;Hombres;1 de enero de 2024;10.231
11 años;05 Canarias;Mujeres;1 de enero de 2025;9.197
11 años;05 Canarias;Mujeres;1 de enero de 2024;9.693
11 años;06 Cantabria;Total;1 de enero de 2025;5.361
11 años;06 Cantabria;Total;1 de enero de 2024;5.520
11 años;06 Cantabria;Hombres;1 de enero de 2025;2.781
11 años;06 Cantabria;Hombres;1 de enero de 2024;2.896
11 años;06 Cantabria;Mujeres;1 de enero de 2025;2.580
11 años;06 Cantabria;Mujeres;1 de enero de 2024;2.624
11 años;07 Castilla y León;Total;1 de enero de 2025;19.748
11 años;07 Castilla y León;Total;1 de enero de 2024;20.456
11 años;07 Castilla y León;Hombres;1 de enero de 2025;10.236
11 años;07 Castilla y León;Hombres;1 de enero de 2024;10.599
11 años;07 Castilla y León;Mujeres;1 de enero de 2025;9.512
11 años;07 Castilla y León;Mujeres;1 de enero de 2024;9.857
11 años;08 Castilla - La Mancha;Total;1 de enero de 2025;21.824
11 años;08 Castilla - La Mancha;Total;1 de enero de 2024;22.374
11 años;08 Castilla - La Mancha;Hombres;1 de enero de 2025;11.168
11 años;08 Castilla - La Mancha;Hombres;1 de enero de 2024;11.479
11 años;08 Castilla - La Mancha;Mujeres;1 de enero de 2025;10.656
11 años;08 Castilla - La Mancha;Mujeres;1 de enero de 2024;10.895
11 años;09 Cataluña;Total;1 de enero de 2025;80.434
11 años;09 Cataluña;Total;1 de enero de 2024;83.574
11 años;09 Cataluña;Hombres;1 de enero de 2025;41.429
11 años;09 Cataluña;Hombres;1 de enero de 2024;43.209
11 años;09 Cataluña;Mujeres;1 de enero de 2025;39.005
11 años;09 Cataluña;Mujeres;1 de enero de 2024;40.365
11 años;10 Comunitat Valenciana;Total;1 de enero de 2025;53.512
11 años;10 Comunitat Valenciana;Total;1 de enero de 2024;54.414
11 años;10 Comunitat Valenciana;Hombres;1 de enero de 2025;27.630
11 años;10 Comunitat Valenciana;Hombres;1 de enero de 2024;27.902
11 años;10 Comunitat Valenciana;Mujeres;1 de enero de 2025;25.882
11 años;10 Comunitat Valenciana;Mujeres;1 de enero de 2024;26.512
11 años;11 Extremadura;Total;1 de enero de 2025;9.284
11 años;11 Extremadura;Total;1 de enero de 2024;9.917
11 años;11 Extremadura;Hombres;1 de enero de 2025;4.702
11 años;11 Extremadura;Hombres;1 de enero de 2024;5.109
11 años;11 Extremadura;Mujeres;1 de enero de 2025;4.582
11 años;11 Extremadura;Mujeres;1 de enero de 2024;4.808
11 años;12 Galicia;Total;1 de enero de 2025;21.908
11 años;12 Galicia;Total;1 de enero de 2024;22.884
11 años;12 Galicia;Hombres;1 de enero de 2025;11.215
11 años;12 Galicia;Hombres;1 de enero de 2024;11.884
11 años;12 Galicia;Mujeres;1 de enero de 2025;10.693
11 años;12 Galicia;Mujeres;1 de enero de 2024;11.000
11 años;13 Madrid, Comunidad de;Total;1 de enero de 2025;70.055
11 años;13 Madrid, Comunidad de;Total;1 de enero de 2024;72.097
11 años;13 Madrid, Comunidad de;Hombres;1 de enero de 2025;35.908
11 años;13 Madrid, Comunidad de;Hombres;1 de enero de 2024;37.013
11 años;13 Madrid, Comunidad de;Mujeres;1 de enero de 2025;34.147
11 años;13 Madrid, Comunidad de;Mujeres;1 de enero de 2024;35.084
11 años;14 Murcia, Región de;Total;1 de enero de 2025;18.030
11 años;14 Murcia, Región de;Total;1 de enero de 2024;18.271
11 años;14 Murcia, Región de;Hombres;1 de enero de 2025;9.292
11 años;14 Murcia, Región de;Hombres;1 de enero de 2024;9.479
11 años;14 Murcia, Región de;Mujeres;1 de enero de 2025;8.738
11 años;14 Murcia, Región de;Mujeres;1 de enero de 2024;8.792
11 años;15 Navarra, Comunidad Foral de;Total;1 de enero de 2025;7.083
11 años;15 Navarra, Comunidad Foral de;Total;1 de enero de 2024;7.579
11 años;15 Navarra, Comunidad Foral de;Hombres;1 de enero de 2025;3.618
11 años;15 Navarra, Comunidad Foral de;Hombres;1 de enero de 2024;3.992
11 años;15 Navarra, Comunidad Foral de;Mujeres;1 de enero de 2025;3.465
11 años;15 Navarra, Comunidad Foral de;Mujeres;1 de enero de 2024;3.587
11 años;16 País Vasco;Total;1 de enero de 2025;20.730
11 años;16 País Vasco;Total;1 de enero de 2024;21.871
11 años;16 País Vasco;Hombres;1 de enero de 2025;10.609
11 años;16 País Vasco;Hombres;1 de enero de 2024;11.373
11 años;16 País Vasco;Mujeres;1 de enero de 2025;10.121
11 años;16 País Vasco;Mujeres;1 de enero de 2024;10.498
11 años;17 Rioja, La;Total;1 de enero de 2025;3.216
11 años;17 Rioja, La;Total;1 de enero de 2024;3.395
11 años;17 Rioja, La;Hombres;1 de enero de 2025;1.640
11 años;17 Rioja, La;Hombres;1 de enero de 2024;1.756
11 años;17 Rioja, La;Mujeres;1 de enero de 2025;1.576
11 años;17 Rioja, La;Mujeres;1 de enero de 2024;1.639
11 años;18 Ceuta;Total;1 de enero de 2025;1.066
11 años;18 Ceuta;Total;1 de enero de 2024;1.146
11 años;18 Ceuta;Hombres;1 de enero de 2025;544
11 años;18 Ceuta;Hombres;1 de enero de 2024;597
11 años;18 Ceuta;Mujeres;1 de enero de 2025;522
11 años;18 Ceuta;Mujeres;1 de enero de 2024;549
11 años;19 Melilla;Total;1 de enero de 2025;1.310
11 años;19 Melilla;Total;1 de enero de 2024;1.327
11 años;19 Melilla;Hombres;1 de enero de 2025;673
11 años;19 Melilla;Hombres;1 de enero de 2024;681
11 años;19 Melilla;Mujeres;1 de enero de 2025;637
11 años;19 Melilla;Mujeres;1 de enero de 2024;646
12 años;01 Andalucía;Total;1 de enero de 2025;92.572
12 años;01 Andalucía;Total;1 de enero de 2024;94.060
12 años;01 Andalucía;Hombres;1 de enero de 2025;47.699
12 años;01 Andalucía;Hombres;1 de enero de 2024;48.201
12 años;01 Andalucía;Mujeres;1 de enero de 2025;44.873
12 años;01 Andalucía;Mujeres;1 de enero de 2024;45.859
12 años;02 Aragón;Total;1 de enero de 2025;13.527
12 años;02 Aragón;Total;1 de enero de 2024;13.614
12 años;02 Aragón;Hombres;1 de enero de 2025;6.894
12 años;02 Aragón;Hombres;1 de enero de 2024;7.009
12 años;02 Aragón;Mujeres;1 de enero de 2025;6.633
12 años;02 Aragón;Mujeres;1 de enero de 2024;6.605
12 años;03 Asturias, Principado de;Total;1 de enero de 2025;8.405
12 años;03 Asturias, Principado de;Total;1 de enero de 2024;8.369
12 años;03 Asturias, Principado de;Hombres;1 de enero de 2025;4.368
12 años;03 Asturias, Principado de;Hombres;1 de enero de 2024;4.347
12 años;03 Asturias, Principado de;Mujeres;1 de enero de 2025;4.037
12 años;03 Asturias, Principado de;Mujeres;1 de enero de 2024;4.022
12 años;04 Balears, Illes;Total;1 de enero de 2025;12.487
12 años;04 Balears, Illes;Total;1 de enero de 2024;12.400
12 años;04 Balears, Illes;Hombres;1 de enero de 2025;6.271
12 años;04 Balears, Illes;Hombres;1 de enero de 2024;6.458
12 años;04 Balears, Illes;Mujeres;1 de enero de 2025;6.216
12 años;04 Balears, Illes;Mujeres;1 de enero de 2024;5.942
12 años;05 Canarias;Total;1 de enero de 2025;20.425
12 años;05 Canarias;Total;1 de enero de 2024;20.153
12 años;05 Canarias;Hombres;1 de enero de 2025;10.512
12 años;05 Canarias;Hombres;1 de enero de 2024;10.339
12 años;05 Canarias;Mujeres;1 de enero de 2025;9.913
12 años;05 Canarias;Mujeres;1 de enero de 2024;9.814
12 años;06 Cantabria;Total;1 de enero de 2025;5.607
12 años;06 Cantabria;Total;1 de enero de 2024;5.779
12 años;06 Cantabria;Hombres;1 de enero de 2025;2.941
12 años;06 Cantabria;Hombres;1 de enero de 2024;3.014
12 años;06 Cantabria;Mujeres;1 de enero de 2025;2.666
12 años;06 Cantabria;Mujeres;1 de enero de 2024;2.765
12 años;07 Castilla y León;Total;1 de enero de 2025;20.947
12 años;07 Castilla y León;Total;1 de enero de 2024;20.986
12 años;07 Castilla y León;Hombres;1 de enero de 2025;10.859
12 años;07 Castilla y León;Hombres;1 de enero de 2024;10.789
12 años;07 Castilla y León;Mujeres;1 de enero de 2025;10.088
12 años;07 Castilla y León;Mujeres;1 de enero de 2024;10.197
12 años;08 Castilla - La Mancha;Total;1 de enero de 2025;22.917
12 años;08 Castilla - La Mancha;Total;1 de enero de 2024;22.875
12 años;08 Castilla - La Mancha;Hombres;1 de enero de 2025;11.748
12 años;08 Castilla - La Mancha;Hombres;1 de enero de 2024;11.846
12 años;08 Castilla - La Mancha;Mujeres;1 de enero de 2025;11.169
12 años;08 Castilla - La Mancha;Mujeres;1 de enero de 2024;11.029
12 años;09 Cataluña;Total;1 de enero de 2025;85.080
12 años;09 Cataluña;Total;1 de enero de 2024;85.812
12 años;09 Cataluña;Hombres;1 de enero de 2025;44.054
12 años;09 Cataluña;Hombres;1 de enero de 2024;44.126
12 años;09 Cataluña;Mujeres;1 de enero de 2025;41.026
12 años;09 Cataluña;Mujeres;1 de enero de 2024;41.686
12 años;10 Comunitat Valenciana;Total;1 de enero de 2025;56.163
12 años;10 Comunitat Valenciana;Total;1 de enero de 2024;55.853
12 años;10 Comunitat Valenciana;Hombres;1 de enero de 2025;28.830
12 años;10 Comunitat Valenciana;Hombres;1 de enero de 2024;29.028
12 años;10 Comunitat Valenciana;Mujeres;1 de enero de 2025;27.333
12 años;10 Comunitat Valenciana;Mujeres;1 de enero de 2024;26.825
12 años;11 Extremadura;Total;1 de enero de 2025;10.016
12 años;11 Extremadura;Total;1 de enero de 2024;10.205
12 años;11 Extremadura;Hombres;1 de enero de 2025;5.150
12 años;11 Extremadura;Hombres;1 de enero de 2024;5.397
12 años;11 Extremadura;Mujeres;1 de enero de 2025;4.866
12 años;11 Extremadura;Mujeres;1 de enero de 2024;4.808
12 años;12 Galicia;Total;1 de enero de 2025;23.294
12 años;12 Galicia;Total;1 de enero de 2024;23.310
12 años;12 Galicia;Hombres;1 de enero de 2025;12.064
12 años;12 Galicia;Hombres;1 de enero de 2024;12.057
12 años;12 Galicia;Mujeres;1 de enero de 2025;11.230
12 años;12 Galicia;Mujeres;1 de enero de 2024;11.253
12 años;13 Madrid, Comunidad de;Total;1 de enero de 2025;73.442
12 años;13 Madrid, Comunidad de;Total;1 de enero de 2024;73.551
12 años;13 Madrid, Comunidad de;Hombres;1 de enero de 2025;37.694
12 años;13 Madrid, Comunidad de;Hombres;1 de enero de 2024;37.771
12 años;13 Madrid, Comunidad de;Mujeres;1 de enero de 2025;35.748
12 años;13 Madrid, Comunidad de;Mujeres;1 de enero de 2024;35.780
12 años;14 Murcia, Región de;Total;1 de enero de 2025;18.667
12 años;14 Murcia, Región de;Total;1 de enero de 2024;18.606
12 años;14 Murcia, Región de;Hombres;1 de enero de 2025;9.645
12 años;14 Murcia, Región de;Hombres;1 de enero de 2024;9.627
12 años;14 Murcia, Región de;Mujeres;1 de enero de 2025;9.022
12 años;14 Murcia, Región de;Mujeres;1 de enero de 2024;8.979
12 años;15 Navarra, Comunidad Foral de;Total;1 de enero de 2025;7.717
12 años;15 Navarra, Comunidad Foral de;Total;1 de enero de 2024;7.688
12 años;15 Navarra, Comunidad Foral de;Hombres;1 de enero de 2025;4.081
12 años;15 Navarra, Comunidad Foral de;Hombres;1 de enero de 2024;3.967
12 años;15 Navarra, Comunidad Foral de;Mujeres;1 de enero de 2025;3.636
12 años;15 Navarra, Comunidad Foral de;Mujeres;1 de enero de 2024;3.721
12 años;16 País Vasco;Total;1 de enero de 2025;22.133
12 años;16 País Vasco;Total;1 de enero de 2024;22.394
12 años;16 País Vasco;Hombres;1 de enero de 2025;11.506
12 años;16 País Vasco;Hombres;1 de enero de 2024;11.385
12 años;16 País Vasco;Mujeres;1 de enero de 2025;10.627
12 años;16 País Vasco;Mujeres;1 de enero de 2024;11.009
12 años;17 Rioja, La;Total;1 de enero de 2025;3.464
12 años;17 Rioja, La;Total;1 de enero de 2024;3.339
12 años;17 Rioja, La;Hombres;1 de enero de 2025;1.782
12 años;17 Rioja, La;Hombres;1 de enero de 2024;1.727
12 años;17 Rioja, La;Mujeres;1 de enero de 2025;1.682
12 años;17 Rioja, La;Mujeres;1 de enero de 2024;1.612
12 años;18 Ceuta;Total;1 de enero de 2025;1.138
12 años;18 Ceuta;Total;1 de enero de 2024;1.164
12 años;18 Ceuta;Hombres;1 de enero de 2025;588
12 años;18 Ceuta;Hombres;1 de enero de 2024;603
12 años;18 Ceuta;Mujeres;1 de enero de 2025;550
12 años;18 Ceuta;Mujeres;1 de enero de 2024;561
12 años;19 Melilla;Total;1 de enero de 2025;1.323
12 años;19 Melilla;Total;1 de enero de 2024;1.367
12 años;19 Melilla;Hombres;1 de enero de 2025;674
12 años;19 Melilla;Hombres;1 de enero de 2024;732
12 años;19 Melilla;Mujeres;1 de enero de 2025;649
12 años;19 Melilla;Mujeres;1 de enero de 2024;635
13 años;01 Andalucía;Total;1 de enero de 2025;95.164
13 años;01 Andalucía;Total;1 de enero de 2024;96.306
13 años;01 Andalucía;Hombres;1 de enero de 2025;48.761
13 años;01 Andalucía;Hombres;1 de enero de 2024;49.633
13 años;01 Andalucía;Mujeres;1 de enero de 2025;46.403
13 años;01 Andalucía;Mujeres;1 de enero de 2024;46.673
13 años;02 Aragón;Total;1 de enero de 2025;13.969
13 años;02 Aragón;Total;1 de enero de 2024;13.865
13 años;02 Aragón;Hombres;1 de enero de 2025;7.210
13 años;02 Aragón;Hombres;1 de enero de 2024;7.077
13 años;02 Aragón;Mujeres;1 de enero de 2025;6.759
13 años;02 Aragón;Mujeres;1 de enero de 2024;6.788
13 años;03 Asturias, Principado de;Total;1 de enero de 2025;8.598
13 años;03 Asturias, Principado de;Total;1 de enero de 2024;8.359
13 años;03 Asturias, Principado de;Hombres;1 de enero de 2025;4.459
13 años;03 Asturias, Principado de;Hombres;1 de enero de 2024;4.193
13 años;03 Asturias, Principado de;Mujeres;1 de enero de 2025;4.139
13 años;03 Asturias, Principado de;Mujeres;1 de enero de 2024;4.166
13 años;04 Balears, Illes;Total;1 de enero de 2025;12.688
13 años;04 Balears, Illes;Total;1 de enero de 2024;12.778
13 años;04 Balears, Illes;Hombres;1 de enero de 2025;6.575
13 años;04 Balears, Illes;Hombres;1 de enero de 2024;6.546
13 años;04 Balears, Illes;Mujeres;1 de enero de 2025;6.113
13 años;04 Balears, Illes;Mujeres;1 de enero de 2024;6.232
13 años;05 Canarias;Total;1 de enero de 2025;20.628
13 años;05 Canarias;Total;1 de enero de 2024;20.794
13 años;05 Canarias;Hombres;1 de enero de 2025;10.633
13 años;05 Canarias;Hombres;1 de enero de 2024;10.691
13 años;05 Canarias;Mujeres;1 de enero de 2025;9.995
13 años;05 Canarias;Mujeres;1 de enero de 2024;10.103
13 años;06 Cantabria;Total;1 de enero de 2025;5.880
13 años;06 Cantabria;Total;1 de enero de 2024;5.889
13 años;06 Cantabria;Hombres;1 de enero de 2025;3.062
13 años;06 Cantabria;Hombres;1 de enero de 2024;3.020
13 años;06 Cantabria;Mujeres;1 de enero de 2025;2.818
13 años;06 Cantabria;Mujeres;1 de enero de 2024;2.869
13 años;07 Castilla y León;Total;1 de enero de 2025;21.469
13 años;07 Castilla y León;Total;1 de enero de 2024;21.579
13 años;07 Castilla y León;Hombres;1 de enero de 2025;11.034
13 años;07 Castilla y León;Hombres;1 de enero de 2024;11.103
13 años;07 Castilla y León;Mujeres;1 de enero de 2025;10.435
13 años;07 Castilla y León;Mujeres;1 de enero de 2024;10.476
13 años;08 Castilla - La Mancha;Total;1 de enero de 2025;23.476
13 años;08 Castilla - La Mancha;Total;1 de enero de 2024;23.185
13 años;08 Castilla - La Mancha;Hombres;1 de enero de 2025;12.156
13 años;08 Castilla - La Mancha;Hombres;1 de enero de 2024;11.903
13 años;08 Castilla - La Mancha;Mujeres;1 de enero de 2025;11.320
13 años;08 Castilla - La Mancha;Mujeres;1 de enero de 2024;11.282
13 años;09 Cataluña;Total;1 de enero de 2025;87.325
13 años;09 Cataluña;Total;1 de enero de 2024;88.200
13 años;09 Cataluña;Hombres;1 de enero de 2025;44.981
13 años;09 Cataluña;Hombres;1 de enero de 2024;45.705
13 años;09 Cataluña;Mujeres;1 de enero de 2025;42.344
13 años;09 Cataluña;Mujeres;1 de enero de 2024;42.495
13 años;10 Comunitat Valenciana;Total;1 de enero de 2025;57.440
13 años;10 Comunitat Valenciana;Total;1 de enero de 2024;57.557
13 años;10 Comunitat Valenciana;Hombres;1 de enero de 2025;29.854
13 años;10 Comunitat Valenciana;Hombres;1 de enero de 2024;29.759
13 años;10 Comunitat Valenciana;Mujeres;1 de enero de 2025;27.586
13 años;10 Comunitat Valenciana;Mujeres;1 de enero de 2024;27.798
13 años;11 Extremadura;Total;1 de enero de 2025;10.303
13 años;11 Extremadura;Total;1 de enero de 2024;10.389
13 años;11 Extremadura;Hombres;1 de enero de 2025;5.448
13 años;11 Extremadura;Hombres;1 de enero de 2024;5.306
13 años;11 Extremadura;Mujeres;1 de enero de 2025;4.855
13 años;11 Extremadura;Mujeres;1 de enero de 2024;5.083
13 años;12 Galicia;Total;1 de enero de 2025;23.725
13 años;12 Galicia;Total;1 de enero de 2024;23.898
13 años;12 Galicia;Hombres;1 de enero de 2025;12.250
13 años;12 Galicia;Hombres;1 de enero de 2024;12.388
13 años;12 Galicia;Mujeres;1 de enero de 2025;11.475
13 años;12 Galicia;Mujeres;1 de enero de 2024;11.510
13 años;13 Madrid, Comunidad de;Total;1 de enero de 2025;75.036
13 años;13 Madrid, Comunidad de;Total;1 de enero de 2024;74.586
13 años;13 Madrid, Comunidad de;Hombres;1 de enero de 2025;38.525
13 años;13 Madrid, Comunidad de;Hombres;1 de enero de 2024;38.198
13 años;13 Madrid, Comunidad de;Mujeres;1 de enero de 2025;36.511
13 años;13 Madrid, Comunidad de;Mujeres;1 de enero de 2024;36.388
13 años;14 Murcia, Región de;Total;1 de enero de 2025;18.987
13 años;14 Murcia, Región de;Total;1 de enero de 2024;19.033
13 años;14 Murcia, Región de;Hombres;1 de enero de 2025;9.815
13 años;14 Murcia, Región de;Hombres;1 de enero de 2024;9.809
13 años;14 Murcia, Región de;Mujeres;1 de enero de 2025;9.172
13 años;14 Murcia, Región de;Mujeres;1 de enero de 2024;9.224
13 años;15 Navarra, Comunidad Foral de;Total;1 de enero de 2025;7.795
13 años;15 Navarra, Comunidad Foral de;Total;1 de enero de 2024;7.635
13 años;15 Navarra, Comunidad Foral de;Hombres;1 de enero de 2025;4.016
13 años;15 Navarra, Comunidad Foral de;Hombres;1 de enero de 2024;3.934
13 años;15 Navarra, Comunidad Foral de;Mujeres;1 de enero de 2025;3.779
13 años;15 Navarra, Comunidad Foral de;Mujeres;1 de enero de 2024;3.701
13 años;16 País Vasco;Total;1 de enero de 2025;22.726
13 años;16 País Vasco;Total;1 de enero de 2024;22.714
13 años;16 País Vasco;Hombres;1 de enero de 2025;11.572
13 años;16 País Vasco;Hombres;1 de enero de 2024;11.557
13 años;16 País Vasco;Mujeres;1 de enero de 2025;11.154
13 años;16 País Vasco;Mujeres;1 de enero de 2024;11.157
13 años;17 Rioja, La;Total;1 de enero de 2025;3.377
13 años;17 Rioja, La;Total;1 de enero de 2024;3.557
13 años;17 Rioja, La;Hombres;1 de enero de 2025;1.738
13 años;17 Rioja, La;Hombres;1 de enero de 2024;1.852
13 años;17 Rioja, La;Mujeres;1 de enero de 2025;1.639
13 años;17 Rioja, La;Mujeres;1 de enero de 2024;1.705
13 años;18 Ceuta;Total;1 de enero de 2025;1.162
13 años;18 Ceuta;Total;1 de enero de 2024;1.213
13 años;18 Ceuta;Hombres;1 de enero de 2025;606
13 años;18 Ceuta;Hombres;1 de enero de 2024;635
13 años;18 Ceuta;Mujeres;1 de enero de 2025;556
13 años;18 Ceuta;Mujeres;1 de enero de 2024;578
13 años;19 Melilla;Total;1 de enero de 2025;1.371
13 años;19 Melilla;Total;1 de enero de 2024;1.279
13 años;19 Melilla;Hombres;1 de enero de 2025;736
13 años;19 Melilla;Hombres;1 de enero de 2024;618
13 años;19 Melilla;Mujeres;1 de enero de 2025;635
13 años;19 Melilla;Mujeres;1 de enero de 2024;661
14 años;01 Andalucía;Total;1 de enero de 2025;97.502
14 años;01 Andalucía;Total;1 de enero de 2024;98.746
14 años;01 Andalucía;Hombres;1 de enero de 2025;50.248
14 años;01 Andalucía;Hombres;1 de enero de 2024;50.808
14 años;01 Andalucía;Mujeres;1 de enero de 2025;47.254
14 años;01 Andalucía;Mujeres;1 de enero de 2024;47.938
14 años;02 Aragón;Total;1 de enero de 2025;14.225
14 años;02 Aragón;Total;1 de enero de 2024;14.055
14 años;02 Aragón;Hombres;1 de enero de 2025;7.280
14 años;02 Aragón;Hombres;1 de enero de 2024;7.243
14 años;02 Aragón;Mujeres;1 de enero de 2025;6.945
14 años;02 Aragón;Mujeres;1 de enero de 2024;6.812
14 años;03 Asturias, Principado de;Total;1 de enero de 2025;8.566
14 años;03 Asturias, Principado de;Total;1 de enero de 2024;8.854
14 años;03 Asturias, Principado de;Hombres;1 de enero de 2025;4.291
14 años;03 Asturias, Principado de;Hombres;1 de enero de 2024;4.548
14 años;03 Asturias, Principado de;Mujeres;1 de enero de 2025;4.275
14 años;03 Asturias, Principado de;Mujeres;1 de enero de 2024;4.306
14 años;04 Balears, Illes;Total;1 de enero de 2025;13.076
14 años;04 Balears, Illes;Total;1 de enero de 2024;12.626
14 años;04 Balears, Illes;Hombres;1 de enero de 2025;6.667
14 años;04 Balears, Illes;Hombres;1 de enero de 2024;6.488
14 años;04 Balears, Illes;Mujeres;1 de enero de 2025;6.409
14 años;04 Balears, Illes;Mujeres;1 de enero de 2024;6.138
14 años;05 Canarias;Total;1 de enero de 2025;21.384
14 años;05 Canarias;Total;1 de enero de 2024;21.505
14 años;05 Canarias;Hombres;1 de enero de 2025;11.067
14 años;05 Canarias;Hombres;1 de enero de 2024;11.053
14 años;05 Canarias;Mujeres;1 de enero de 2025;10.317
14 años;05 Canarias;Mujeres;1 de enero de 2024;10.452
14 años;06 Cantabria;Total;1 de enero de 2025;5.975
14 años;06 Cantabria;Total;1 de enero de 2024;6.089
14 años;06 Cantabria;Hombres;1 de enero de 2025;3.059
14 años;06 Cantabria;Hombres;1 de enero de 2024;3.126
14 años;06 Cantabria;Mujeres;1 de enero de 2025;2.916
14 años;06 Cantabria;Mujeres;1 de enero de 2024;2.963
14 años;07 Castilla y León;Total;1 de enero de 2025;22.000
14 años;07 Castilla y León;Total;1 de enero de 2024;21.678
14 años;07 Castilla y León;Hombres;1 de enero de 2025;11.300
14 años;07 Castilla y León;Hombres;1 de enero de 2024;11.160
14 años;07 Castilla y León;Mujeres;1 de enero de 2025;10.700
14 años;07 Castilla y León;Mujeres;1 de enero de 2024;10.518
14 años;08 Castilla - La Mancha;Total;1 de enero de 2025;23.700
14 años;08 Castilla - La Mancha;Total;1 de enero de 2024;23.583
14 años;08 Castilla - La Mancha;Hombres;1 de enero de 2025;12.168
14 años;08 Castilla - La Mancha;Hombres;1 de enero de 2024;12.206
14 años;08 Castilla - La Mancha;Mujeres;1 de enero de 2025;11.532
14 años;08 Castilla - La Mancha;Mujeres;1 de enero de 2024;11.377
14 años;09 Cataluña;Total;1 de enero de 2025;89.730
14 años;09 Cataluña;Total;1 de enero de 2024;88.849
14 años;09 Cataluña;Hombres;1 de enero de 2025;46.500
14 años;09 Cataluña;Hombres;1 de enero de 2024;46.185
14 años;09 Cataluña;Mujeres;1 de enero de 2025;43.230
14 años;09 Cataluña;Mujeres;1 de enero de 2024;42.664
14 años;10 Comunitat Valenciana;Total;1 de enero de 2025;59.177
14 años;10 Comunitat Valenciana;Total;1 de enero de 2024;58.180
14 años;10 Comunitat Valenciana;Hombres;1 de enero de 2025;30.645
14 años;10 Comunitat Valenciana;Hombres;1 de enero de 2024;29.966
14 años;10 Comunitat Valenciana;Mujeres;1 de enero de 2025;28.532
14 años;10 Comunitat Valenciana;Mujeres;1 de enero de 2024;28.214
14 años;11 Extremadura;Total;1 de enero de 2025;10.495
14 años;11 Extremadura;Total;1 de enero de 2024;10.763
14 años;11 Extremadura;Hombres;1 de enero de 2025;5.368
14 años;11 Extremadura;Hombres;1 de enero de 2024;5.587
14 años;11 Extremadura;Mujeres;1 de enero de 2025;5.127
14 años;11 Extremadura;Mujeres;1 de enero de 2024;5.176
14 años;12 Galicia;Total;1 de enero de 2025;24.342
14 años;12 Galicia;Total;1 de enero de 2024;24.519
14 años;12 Galicia;Hombres;1 de enero de 2025;12.617
14 años;12 Galicia;Hombres;1 de enero de 2024;12.629
14 años;12 Galicia;Mujeres;1 de enero de 2025;11.725
14 años;12 Galicia;Mujeres;1 de enero de 2024;11.890
14 años;13 Madrid, Comunidad de;Total;1 de enero de 2025;75.847
14 años;13 Madrid, Comunidad de;Total;1 de enero de 2024;76.109
14 años;13 Madrid, Comunidad de;Hombres;1 de enero de 2025;38.822
14 años;13 Madrid, Comunidad de;Hombres;1 de enero de 2024;39.186
14 años;13 Madrid, Comunidad de;Mujeres;1 de enero de 2025;37.025
14 años;13 Madrid, Comunidad de;Mujeres;1 de enero de 2024;36.923
14 años;14 Murcia, Región de;Total;1 de enero de 2025;19.392
14 años;14 Murcia, Región de;Total;1 de enero de 2024;19.366
14 años;14 Murcia, Región de;Hombres;1 de enero de 2025;9.975
14 años;14 Murcia, Región de;Hombres;1 de enero de 2024;10.000
14 años;14 Murcia, Región de;Mujeres;1 de enero de 2025;9.417
14 años;14 Murcia, Región de;Mujeres;1 de enero de 2024;9.366
14 años;15 Navarra, Comunidad Foral de;Total;1 de enero de 2025;7.737
14 años;15 Navarra, Comunidad Foral de;Total;1 de enero de 2024;7.726
14 años;15 Navarra, Comunidad Foral de;Hombres;1 de enero de 2025;3.969
14 años;15 Navarra, Comunidad Foral de;Hombres;1 de enero de 2024;3.937
14 años;15 Navarra, Comunidad Foral de;Mujeres;1 de enero de 2025;3.768
14 años;15 Navarra, Comunidad Foral de;Mujeres;1 de enero de 2024;3.789
14 años;16 País Vasco;Total;1 de enero de 2025;23.009
14 años;16 País Vasco;Total;1 de enero de 2024;22.347
14 años;16 País Vasco;Hombres;1 de enero de 2025;11.722
14 años;16 País Vasco;Hombres;1 de enero de 2024;11.625
14 años;16 País Vasco;Mujeres;1 de enero de 2025;11.287
14 años;16 País Vasco;Mujeres;1 de enero de 2024;10.722
14 años;17 Rioja, La;Total;1 de enero de 2025;3.636
14 años;17 Rioja, La;Total;1 de enero de 2024;3.512
14 años;17 Rioja, La;Hombres;1 de enero de 2025;1.886
14 años;17 Rioja, La;Hombres;1 de enero de 2024;1.810
14 años;17 Rioja, La;Mujeres;1 de enero de 2025;1.750
14 años;17 Rioja, La;Mujeres;1 de enero de 2024;1.702
14 años;18 Ceuta;Total;1 de enero de 2025;1.219
14 años;18 Ceuta;Total;1 de enero de 2024;1.180
14 años;18 Ceuta;Hombres;1 de enero de 2025;639
14 años;18 Ceuta;Hombres;1 de enero de 2024;609
14 años;18 Ceuta;Mujeres;1 de enero de 2025;580
14 años;18 Ceuta;Mujeres;1 de enero de 2024;571
14 años;19 Melilla;Total;1 de enero de 2025;1.293
14 años;19 Melilla;Total;1 de enero de 2024;1.232
14 años;19 Melilla;Hombres;1 de enero de 2025;633
14 años;19 Melilla;Hombres;1 de enero de 2024;644
14 años;19 Melilla;Mujeres;1 de enero de 2025;660
14 años;19 Melilla;Mujeres;1 de enero de 2024;588
15 años;01 Andalucía;Total;1 de enero de 2025;99.848
15 años;01 Andalucía;Total;1 de enero de 2024;104.496
15 años;01 Andalucía;Hombres;1 de enero de 2025;51.357
15 años;01 Andalucía;Hombres;1 de enero de 2024;53.987
15 años;01 Andalucía;Mujeres;1 de enero de 2025;48.491
15 años;01 Andalucía;Mujeres;1 de enero de 2024;50.509
15 años;02 Aragón;Total;1 de enero de 2025;14.376
15 años;02 Aragón;Total;1 de enero de 2024;14.534
15 años;02 Aragón;Hombres;1 de enero de 2025;7.416
15 años;02 Aragón;Hombres;1 de enero de 2024;7.625
15 años;02 Aragón;Mujeres;1 de enero de 2025;6.960
15 años;02 Aragón;Mujeres;1 de enero de 2024;6.909
15 años;03 Asturias, Principado de;Total;1 de enero de 2025;9.032
15 años;03 Asturias, Principado de;Total;1 de enero de 2024;8.905
15 años;03 Asturias, Principado de;Hombres;1 de enero de 2025;4.648
15 años;03 Asturias, Principado de;Hombres;1 de enero de 2024;4.489
15 años;03 Asturias, Principado de;Mujeres;1 de enero de 2025;4.384
15 años;03 Asturias, Principado de;Mujeres;1 de enero de 2024;4.416
15 años;04 Balears, Illes;Total;1 de enero de 2025;12.985
15 años;04 Balears, Illes;Total;1 de enero de 2024;13.481
15 años;04 Balears, Illes;Hombres;1 de enero de 2025;6.668
15 años;04 Balears, Illes;Hombres;1 de enero de 2024;7.064
15 años;04 Balears, Illes;Mujeres;1 de enero de 2025;6.317
15 años;04 Balears, Illes;Mujeres;1 de enero de 2024;6.417
15 años;05 Canarias;Total;1 de enero de 2025;22.243
15 años;05 Canarias;Total;1 de enero de 2024;23.068
15 años;05 Canarias;Hombres;1 de enero de 2025;11.571
15 años;05 Canarias;Hombres;1 de enero de 2024;11.912
15 años;05 Canarias;Mujeres;1 de enero de 2025;10.672
15 años;05 Canarias;Mujeres;1 de enero de 2024;11.156
15 años;06 Cantabria;Total;1 de enero de 2025;6.173
15 años;06 Cantabria;Total;1 de enero de 2024;6.299
15 años;06 Cantabria;Hombres;1 de enero de 2025;3.161
15 años;06 Cantabria;Hombres;1 de enero de 2024;3.210
15 años;06 Cantabria;Mujeres;1 de enero de 2025;3.012
15 años;06 Cantabria;Mujeres;1 de enero de 2024;3.089
15 años;07 Castilla y León;Total;1 de enero de 2025;22.094
15 años;07 Castilla y León;Total;1 de enero de 2024;22.594
15 años;07 Castilla y León;Hombres;1 de enero de 2025;11.372
15 años;07 Castilla y León;Hombres;1 de enero de 2024;11.610
15 años;07 Castilla y León;Mujeres;1 de enero de 2025;10.722
15 años;07 Castilla y León;Mujeres;1 de enero de 2024;10.984
15 años;08 Castilla - La Mancha;Total;1 de enero de 2025;24.054
15 años;08 Castilla - La Mancha;Total;1 de enero de 2024;24.649
15 años;08 Castilla - La Mancha;Hombres;1 de enero de 2025;12.458
15 años;08 Castilla - La Mancha;Hombres;1 de enero de 2024;12.753
15 años;08 Castilla - La Mancha;Mujeres;1 de enero de 2025;11.596
15 años;08 Castilla - La Mancha;Mujeres;1 de enero de 2024;11.896
15 años;09 Cataluña;Total;1 de enero de 2025;90.412
15 años;09 Cataluña;Total;1 de enero de 2024;92.465
15 años;09 Cataluña;Hombres;1 de enero de 2025;46.992
15 años;09 Cataluña;Hombres;1 de enero de 2024;47.693
15 años;09 Cataluña;Mujeres;1 de enero de 2025;43.420
15 años;09 Cataluña;Mujeres;1 de enero de 2024;44.772
15 años;10 Comunitat Valenciana;Total;1 de enero de 2025;59.855
15 años;10 Comunitat Valenciana;Total;1 de enero de 2024;61.669
15 años;10 Comunitat Valenciana;Hombres;1 de enero de 2025;30.883
15 años;10 Comunitat Valenciana;Hombres;1 de enero de 2024;31.775
15 años;10 Comunitat Valenciana;Mujeres;1 de enero de 2025;28.972
15 años;10 Comunitat Valenciana;Mujeres;1 de enero de 2024;29.894
15 años;11 Extremadura;Total;1 de enero de 2025;10.861
15 años;11 Extremadura;Total;1 de enero de 2024;11.262
15 años;11 Extremadura;Hombres;1 de enero de 2025;5.634
15 años;11 Extremadura;Hombres;1 de enero de 2024;5.832
15 años;11 Extremadura;Mujeres;1 de enero de 2025;5.227
15 años;11 Extremadura;Mujeres;1 de enero de 2024;5.430
15 años;12 Galicia;Total;1 de enero de 2025;24.950
15 años;12 Galicia;Total;1 de enero de 2024;25.300
15 años;12 Galicia;Hombres;1 de enero de 2025;12.837
15 años;12 Galicia;Hombres;1 de enero de 2024;13.022
15 años;12 Galicia;Mujeres;1 de enero de 2025;12.113
15 años;12 Galicia;Mujeres;1 de enero de 2024;12.278
15 años;13 Madrid, Comunidad de;Total;1 de enero de 2025;77.672
15 años;13 Madrid, Comunidad de;Total;1 de enero de 2024;78.186
15 años;13 Madrid, Comunidad de;Hombres;1 de enero de 2025;39.942
15 años;13 Madrid, Comunidad de;Hombres;1 de enero de 2024;40.082
15 años;13 Madrid, Comunidad de;Mujeres;1 de enero de 2025;37.730
15 años;13 Madrid, Comunidad de;Mujeres;1 de enero de 2024;38.104
15 años;14 Murcia, Región de;Total;1 de enero de 2025;19.750
15 años;14 Murcia, Región de;Total;1 de enero de 2024;20.121
15 años;14 Murcia, Región de;Hombres;1 de enero de 2025;10.218
15 años;14 Murcia, Región de;Hombres;1 de enero de 2024;10.375
15 años;14 Murcia, Región de;Mujeres;1 de enero de 2025;9.532
15 años;14 Murcia, Región de;Mujeres;1 de enero de 2024;9.746
15 años;15 Navarra, Comunidad Foral de;Total;1 de enero de 2025;7.857
15 años;15 Navarra, Comunidad Foral de;Total;1 de enero de 2024;7.924
15 años;15 Navarra, Comunidad Foral de;Hombres;1 de enero de 2025;4.013
15 años;15 Navarra, Comunidad Foral de;Hombres;1 de enero de 2024;4.123
15 años;15 Navarra, Comunidad Foral de;Mujeres;1 de enero de 2025;3.844
15 años;15 Navarra, Comunidad Foral de;Mujeres;1 de enero de 2024;3.801
15 años;16 País Vasco;Total;1 de enero de 2025;22.675
15 años;16 País Vasco;Total;1 de enero de 2024;23.139
15 años;16 País Vasco;Hombres;1 de enero de 2025;11.796
15 años;16 País Vasco;Hombres;1 de enero de 2024;11.971
15 años;16 País Vasco;Mujeres;1 de enero de 2025;10.879
15 años;16 País Vasco;Mujeres;1 de enero de 2024;11.168
15 años;17 Rioja, La;Total;1 de enero de 2025;3.578
15 años;17 Rioja, La;Total;1 de enero de 2024;3.623
15 años;17 Rioja, La;Hombres;1 de enero de 2025;1.830
15 años;17 Rioja, La;Hombres;1 de enero de 2024;1.864
15 años;17 Rioja, La;Mujeres;1 de enero de 2025;1.748
15 años;17 Rioja, La;Mujeres;1 de enero de 2024;1.759
15 años;18 Ceuta;Total;1 de enero de 2025;1.189
15 años;18 Ceuta;Total;1 de enero de 2024;1.219
15 años;18 Ceuta;Hombres;1 de enero de 2025;611
15 años;18 Ceuta;Hombres;1 de enero de 2024;581
15 años;18 Ceuta;Mujeres;1 de enero de 2025;578
15 años;18 Ceuta;Mujeres;1 de enero de 2024;638
15 años;19 Melilla;Total;1 de enero de 2025;1.235
15 años;19 Melilla;Total;1 de enero de 2024;1.279
15 años;19 Melilla;Hombres;1 de enero de 2025;647
15 años;19 Melilla;Hombres;1 de enero de 2024;656
15 años;19 Melilla;Mujeres;1 de enero de 2025;588
15 años;19 Melilla;Mujeres;1 de enero de 2024;623
16 años;01 Andalucía;Total;1 de enero de 2025;105.105
16 años;01 Andalucía;Total;1 de enero de 2024;101.254
16 años;01 Andalucía;Hombres;1 de enero de 2025;54.360
16 años;01 Andalucía;Hombres;1 de enero de 2024;52.007
16 años;01 Andalucía;Mujeres;1 de enero de 2025;50.745
16 años;01 Andalucía;Mujeres;1 de enero de 2024;49.247
16 años;02 Aragón;Total;1 de enero de 2025;14.747
16 años;02 Aragón;Total;1 de enero de 2024;14.164
16 años;02 Aragón;Hombres;1 de enero de 2025;7.760
16 años;02 Aragón;Hombres;1 de enero de 2024;7.338
16 años;02 Aragón;Mujeres;1 de enero de 2025;6.987
16 años;02 Aragón;Mujeres;1 de enero de 2024;6.826
16 años;03 Asturias, Principado de;Total;1 de enero de 2025;9.098
16 años;03 Asturias, Principado de;Total;1 de enero de 2024;8.670
16 años;03 Asturias, Principado de;Hombres;1 de enero de 2025;4.600
16 años;03 Asturias, Principado de;Hombres;1 de enero de 2024;4.510
16 años;03 Asturias, Principado de;Mujeres;1 de enero de 2025;4.498
16 años;03 Asturias, Principado de;Mujeres;1 de enero de 2024;4.160
16 años;04 Balears, Illes;Total;1 de enero de 2025;13.659
16 años;04 Balears, Illes;Total;1 de enero de 2024;12.897
16 años;04 Balears, Illes;Hombres;1 de enero de 2025;7.182
16 años;04 Balears, Illes;Hombres;1 de enero de 2024;6.746
16 años;04 Balears, Illes;Mujeres;1 de enero de 2025;6.477
16 años;04 Balears, Illes;Mujeres;1 de enero de 2024;6.151
16 años;05 Canarias;Total;1 de enero de 2025;23.784
16 años;05 Canarias;Total;1 de enero de 2024;23.208
16 años;05 Canarias;Hombres;1 de enero de 2025;12.467
16 años;05 Canarias;Hombres;1 de enero de 2024;12.125
16 años;05 Canarias;Mujeres;1 de enero de 2025;11.317
16 años;05 Canarias;Mujeres;1 de enero de 2024;11.083
16 años;06 Cantabria;Total;1 de enero de 2025;6.356
16 años;06 Cantabria;Total;1 de enero de 2024;5.900
16 años;06 Cantabria;Hombres;1 de enero de 2025;3.227
16 años;06 Cantabria;Hombres;1 de enero de 2024;3.011
16 años;06 Cantabria;Mujeres;1 de enero de 2025;3.129
16 años;06 Cantabria;Mujeres;1 de enero de 2024;2.889
16 años;07 Castilla y León;Total;1 de enero de 2025;22.878
16 años;07 Castilla y León;Total;1 de enero de 2024;21.770
16 años;07 Castilla y León;Hombres;1 de enero de 2025;11.792
16 años;07 Castilla y León;Hombres;1 de enero de 2024;11.275
16 años;07 Castilla y León;Mujeres;1 de enero de 2025;11.086
16 años;07 Castilla y León;Mujeres;1 de enero de 2024;10.495
16 años;08 Castilla - La Mancha;Total;1 de enero de 2025;24.911
16 años;08 Castilla - La Mancha;Total;1 de enero de 2024;23.582
16 años;08 Castilla - La Mancha;Hombres;1 de enero de 2025;12.886
16 años;08 Castilla - La Mancha;Hombres;1 de enero de 2024;12.005
16 años;08 Castilla - La Mancha;Mujeres;1 de enero de 2025;12.025
16 años;08 Castilla - La Mancha;Mujeres;1 de enero de 2024;11.577
16 años;09 Cataluña;Total;1 de enero de 2025;93.994
16 años;09 Cataluña;Total;1 de enero de 2024;88.862
16 años;09 Cataluña;Hombres;1 de enero de 2025;48.618
16 años;09 Cataluña;Hombres;1 de enero de 2024;46.062
16 años;09 Cataluña;Mujeres;1 de enero de 2025;45.376
16 años;09 Cataluña;Mujeres;1 de enero de 2024;42.800
16 años;10 Comunitat Valenciana;Total;1 de enero de 2025;62.772
16 años;10 Comunitat Valenciana;Total;1 de enero de 2024;59.773
16 años;10 Comunitat Valenciana;Hombres;1 de enero de 2025;32.418
16 años;10 Comunitat Valenciana;Hombres;1 de enero de 2024;30.813
16 años;10 Comunitat Valenciana;Mujeres;1 de enero de 2025;30.354
16 años;10 Comunitat Valenciana;Mujeres;1 de enero de 2024;28.960
16 años;11 Extremadura;Total;1 de enero de 2025;11.319
16 años;11 Extremadura;Total;1 de enero de 2024;10.804
16 años;11 Extremadura;Hombres;1 de enero de 2025;5.868
16 años;11 Extremadura;Hombres;1 de enero de 2024;5.603
16 años;11 Extremadura;Mujeres;1 de enero de 2025;5.451
16 años;11 Extremadura;Mujeres;1 de enero de 2024;5.201
16 años;12 Galicia;Total;1 de enero de 2025;25.637
16 años;12 Galicia;Total;1 de enero de 2024;23.977
16 años;12 Galicia;Hombres;1 de enero de 2025;13.218
16 años;12 Galicia;Hombres;1 de enero de 2024;12.269
16 años;12 Galicia;Mujeres;1 de enero de 2025;12.419
16 años;12 Galicia;Mujeres;1 de enero de 2024;11.708
16 años;13 Madrid, Comunidad de;Total;1 de enero de 2025;79.402
16 años;13 Madrid, Comunidad de;Total;1 de enero de 2024;75.386
16 años;13 Madrid, Comunidad de;Hombres;1 de enero de 2025;40.733
16 años;13 Madrid, Comunidad de;Hombres;1 de enero de 2024;38.713
16 años;13 Madrid, Comunidad de;Mujeres;1 de enero de 2025;38.669
16 años;13 Madrid, Comunidad de;Mujeres;1 de enero de 2024;36.673
16 años;14 Murcia, Región de;Total;1 de enero de 2025;20.409
16 años;14 Murcia, Región de;Total;1 de enero de 2024;19.463
16 años;14 Murcia, Región de;Hombres;1 de enero de 2025;10.537
16 años;14 Murcia, Región de;Hombres;1 de enero de 2024;10.100
16 años;14 Murcia, Región de;Mujeres;1 de enero de 2025;9.872
16 años;14 Murcia, Región de;Mujeres;1 de enero de 2024;9.363
16 años;15 Navarra, Comunidad Foral de;Total;1 de enero de 2025;8.016
16 años;15 Navarra, Comunidad Foral de;Total;1 de enero de 2024;7.484
16 años;15 Navarra, Comunidad Foral de;Hombres;1 de enero de 2025;4.185
16 años;15 Navarra, Comunidad Foral de;Hombres;1 de enero de 2024;3.832
16 años;15 Navarra, Comunidad Foral de;Mujeres;1 de enero de 2025;3.831
16 años;15 Navarra, Comunidad Foral de;Mujeres;1 de enero de 2024;3.652
16 años;16 País Vasco;Total;1 de enero de 2025;23.472
16 años;16 País Vasco;Total;1 de enero de 2024;22.487
16 años;16 País Vasco;Hombres;1 de enero de 2025;12.206
16 años;16 País Vasco;Hombres;1 de enero de 2024;11.676
16 años;16 País Vasco;Mujeres;1 de enero de 2025;11.266
16 años;16 País Vasco;Mujeres;1 de enero de 2024;10.811
16 años;17 Rioja, La;Total;1 de enero de 2025;3.682
16 años;17 Rioja, La;Total;1 de enero de 2024;3.498
16 años;17 Rioja, La;Hombres;1 de enero de 2025;1.903
16 años;17 Rioja, La;Hombres;1 de enero de 2024;1.820
16 años;17 Rioja, La;Mujeres;1 de enero de 2025;1.779
16 años;17 Rioja, La;Mujeres;1 de enero de 2024;1.678
16 años;18 Ceuta;Total;1 de enero de 2025;1.214
16 años;18 Ceuta;Total;1 de enero de 2024;1.187
16 años;18 Ceuta;Hombres;1 de enero de 2025;581
16 años;18 Ceuta;Hombres;1 de enero de 2024;594
16 años;18 Ceuta;Mujeres;1 de enero de 2025;633
16 años;18 Ceuta;Mujeres;1 de enero de 2024;593
16 años;19 Melilla;Total;1 de enero de 2025;1.288
16 años;19 Melilla;Total;1 de enero de 2024;1.158
16 años;19 Melilla;Hombres;1 de enero de 2025;651
16 años;19 Melilla;Hombres;1 de enero de 2024;610
16 años;19 Melilla;Mujeres;1 de enero de 2025;637
16 años;19 Melilla;Mujeres;1 de enero de 2024;548
17 años;01 Andalucía;Total;1 de enero de 2025;101.831
17 años;01 Andalucía;Total;1 de enero de 2024;102.330
17 años;01 Andalucía;Hombres;1 de enero de 2025;52.430
17 años;01 Andalucía;Hombres;1 de enero de 2024;52.876
17 años;01 Andalucía;Mujeres;1 de enero de 2025;49.401
17 años;01 Andalucía;Mujeres;1 de enero de 2024;49.454
17 años;02 Aragón;Total;1 de enero de 2025;14.399
17 años;02 Aragón;Total;1 de enero de 2024;13.823
17 años;02 Aragón;Hombres;1 de enero de 2025;7.506
17 años;02 Aragón;Hombres;1 de enero de 2024;7.271
17 años;02 Aragón;Mujeres;1 de enero de 2025;6.893
17 años;02 Aragón;Mujeres;1 de enero de 2024;6.552
17 años;03 Asturias, Principado de;Total;1 de enero de 2025;8.819
17 años;03 Asturias, Principado de;Total;1 de enero de 2024;8.603
17 años;03 Asturias, Principado de;Hombres;1 de enero de 2025;4.615
17 años;03 Asturias, Principado de;Hombres;1 de enero de 2024;4.480
17 años;03 Asturias, Principado de;Mujeres;1 de enero de 2025;4.204
17 años;03 Asturias, Principado de;Mujeres;1 de enero de 2024;4.123
17 años;04 Balears, Illes;Total;1 de enero de 2025;13.165
17 años;04 Balears, Illes;Total;1 de enero de 2024;12.948
17 años;04 Balears, Illes;Hombres;1 de enero de 2025;6.925
17 años;04 Balears, Illes;Hombres;1 de enero de 2024;6.716
17 años;04 Balears, Illes;Mujeres;1 de enero de 2025;6.240
17 años;04 Balears, Illes;Mujeres;1 de enero de 2024;6.232
17 años;05 Canarias;Total;1 de enero de 2025;24.106
17 años;05 Canarias;Total;1 de enero de 2024;23.652
17 años;05 Canarias;Hombres;1 de enero de 2025;12.917
17 años;05 Canarias;Hombres;1 de enero de 2024;12.318
17 años;05 Canarias;Mujeres;1 de enero de 2025;11.189
17 años;05 Canarias;Mujeres;1 de enero de 2024;11.334
17 años;06 Cantabria;Total;1 de enero de 2025;5.970
17 años;06 Cantabria;Total;1 de enero de 2024;5.934
17 años;06 Cantabria;Hombres;1 de enero de 2025;3.052
17 años;06 Cantabria;Hombres;1 de enero de 2024;3.070
17 años;06 Cantabria;Mujeres;1 de enero de 2025;2.918
17 años;06 Cantabria;Mujeres;1 de enero de 2024;2.864
17 años;07 Castilla y León;Total;1 de enero de 2025;22.061
17 años;07 Castilla y León;Total;1 de enero de 2024;21.688
17 años;07 Castilla y León;Hombres;1 de enero de 2025;11.460
17 años;07 Castilla y León;Hombres;1 de enero de 2024;11.138
17 años;07 Castilla y León;Mujeres;1 de enero de 2025;10.601
17 años;07 Castilla y León;Mujeres;1 de enero de 2024;10.550
17 años;08 Castilla - La Mancha;Total;1 de enero de 2025;23.868
17 años;08 Castilla - La Mancha;Total;1 de enero de 2024;23.670
17 años;08 Castilla - La Mancha;Hombres;1 de enero de 2025;12.164
17 años;08 Castilla - La Mancha;Hombres;1 de enero de 2024;12.316
17 años;08 Castilla - La Mancha;Mujeres;1 de enero de 2025;11.704
17 años;08 Castilla - La Mancha;Mujeres;1 de enero de 2024;11.354
17 años;09 Cataluña;Total;1 de enero de 2025;90.871
17 años;09 Cataluña;Total;1 de enero de 2024;89.760
17 años;09 Cataluña;Hombres;1 de enero de 2025;47.522
17 años;09 Cataluña;Hombres;1 de enero de 2024;46.712
17 años;09 Cataluña;Mujeres;1 de enero de 2025;43.349
17 años;09 Cataluña;Mujeres;1 de enero de 2024;43.048
17 años;10 Comunitat Valenciana;Total;1 de enero de 2025;60.889
17 años;10 Comunitat Valenciana;Total;1 de enero de 2024;58.845
17 años;10 Comunitat Valenciana;Hombres;1 de enero de 2025;31.539
17 años;10 Comunitat Valenciana;Hombres;1 de enero de 2024;30.323
17 años;10 Comunitat Valenciana;Mujeres;1 de enero de 2025;29.350
17 años;10 Comunitat Valenciana;Mujeres;1 de enero de 2024;28.522
17 años;11 Extremadura;Total;1 de enero de 2025;10.866
17 años;11 Extremadura;Total;1 de enero de 2024;10.860
17 años;11 Extremadura;Hombres;1 de enero de 2025;5.645
17 años;11 Extremadura;Hombres;1 de enero de 2024;5.545
17 años;11 Extremadura;Mujeres;1 de enero de 2025;5.221
17 años;11 Extremadura;Mujeres;1 de enero de 2024;5.315
17 años;12 Galicia;Total;1 de enero de 2025;24.295
17 años;12 Galicia;Total;1 de enero de 2024;23.814
17 años;12 Galicia;Hombres;1 de enero de 2025;12.459
17 años;12 Galicia;Hombres;1 de enero de 2024;12.275
17 años;12 Galicia;Mujeres;1 de enero de 2025;11.836
17 años;12 Galicia;Mujeres;1 de enero de 2024;11.539
17 años;13 Madrid, Comunidad de;Total;1 de enero de 2025;76.734
17 años;13 Madrid, Comunidad de;Total;1 de enero de 2024;74.071
17 años;13 Madrid, Comunidad de;Hombres;1 de enero de 2025;39.574
17 años;13 Madrid, Comunidad de;Hombres;1 de enero de 2024;37.934
17 años;13 Madrid, Comunidad de;Mujeres;1 de enero de 2025;37.160
17 años;13 Madrid, Comunidad de;Mujeres;1 de enero de 2024;36.137
17 años;14 Murcia, Región de;Total;1 de enero de 2025;19.832
17 años;14 Murcia, Región de;Total;1 de enero de 2024;19.259
17 años;14 Murcia, Región de;Hombres;1 de enero de 2025;10.335
17 años;14 Murcia, Región de;Hombres;1 de enero de 2024;10.008
17 años;14 Murcia, Región de;Mujeres;1 de enero de 2025;9.497
17 años;14 Murcia, Región de;Mujeres;1 de enero de 2024;9.251
17 años;15 Navarra, Comunidad Foral de;Total;1 de enero de 2025;7.627
17 años;15 Navarra, Comunidad Foral de;Total;1 de enero de 2024;7.619
17 años;15 Navarra, Comunidad Foral de;Hombres;1 de enero de 2025;3.927
17 años;15 Navarra, Comunidad Foral de;Hombres;1 de enero de 2024;3.869
17 años;15 Navarra, Comunidad Foral de;Mujeres;1 de enero de 2025;3.700
17 años;15 Navarra, Comunidad Foral de;Mujeres;1 de enero de 2024;3.750
17 años;16 País Vasco;Total;1 de enero de 2025;23.062
17 años;16 País Vasco;Total;1 de enero de 2024;22.478
17 años;16 País Vasco;Hombres;1 de enero de 2025;12.116
17 años;16 País Vasco;Hombres;1 de enero de 2024;11.703
17 años;16 País Vasco;Mujeres;1 de enero de 2025;10.946
17 años;16 País Vasco;Mujeres;1 de enero de 2024;10.775
17 años;17 Rioja, La;Total;1 de enero de 2025;3.543
17 años;17 Rioja, La;Total;1 de enero de 2024;3.381
17 años;17 Rioja, La;Hombres;1 de enero de 2025;1.843
17 años;17 Rioja, La;Hombres;1 de enero de 2024;1.750
17 años;17 Rioja, La;Mujeres;1 de enero de 2025;1.700
17 años;17 Rioja, La;Mujeres;1 de enero de 2024;1.631
17 años;18 Ceuta;Total;1 de enero de 2025;1.201
17 años;18 Ceuta;Total;1 de enero de 2024;1.142
17 años;18 Ceuta;Hombres;1 de enero de 2025;597
17 años;18 Ceuta;Hombres;1 de enero de 2024;557
17 años;18 Ceuta;Mujeres;1 de enero de 2025;604
17 años;18 Ceuta;Mujeres;1 de enero de 2024;585
17 años;19 Melilla;Total;1 de enero de 2025;1.161
17 años;19 Melilla;Total;1 de enero de 2024;1.195
17 años;19 Melilla;Hombres;1 de enero de 2025;611
17 años;19 Melilla;Hombres;1 de enero de 2024;604
17 años;19 Melilla;Mujeres;1 de enero de 2025;550
17 años;19 Melilla;Mujeres;1 de enero de 2024;591
18 años;01 Andalucía;Total;1 de enero de 2025;103.592
18 años;01 Andalucía;Total;1 de enero de 2024;99.651
18 años;01 Andalucía;Hombres;1 de enero de 2025;53.809
18 años;01 Andalucía;Hombres;1 de enero de 2024;51.230
18 años;01 Andalucía;Mujeres;1 de enero de 2025;49.783
18 años;01 Andalucía;Mujeres;1 de enero de 2024;48.421
18 años;02 Aragón;Total;1 de enero de 2025;14.268
18 años;02 Aragón;Total;1 de enero de 2024;13.783
18 años;02 Aragón;Hombres;1 de enero de 2025;7.563
18 años;02 Aragón;Hombres;1 de enero de 2024;7.198
18 años;02 Aragón;Mujeres;1 de enero de 2025;6.705
18 años;02 Aragón;Mujeres;1 de enero de 2024;6.585
18 años;03 Asturias, Principado de;Total;1 de enero de 2025;8.805
18 años;03 Asturias, Principado de;Total;1 de enero de 2024;8.572
18 años;03 Asturias, Principado de;Hombres;1 de enero de 2025;4.609
18 años;03 Asturias, Principado de;Hombres;1 de enero de 2024;4.453
18 años;03 Asturias, Principado de;Mujeres;1 de enero de 2025;4.196
18 años;03 Asturias, Principado de;Mujeres;1 de enero de 2024;4.119
18 años;04 Balears, Illes;Total;1 de enero de 2025;13.557
18 años;04 Balears, Illes;Total;1 de enero de 2024;12.616
18 años;04 Balears, Illes;Hombres;1 de enero de 2025;7.057
18 años;04 Balears, Illes;Hombres;1 de enero de 2024;6.604
18 años;04 Balears, Illes;Mujeres;1 de enero de 2025;6.500
18 años;04 Balears, Illes;Mujeres;1 de enero de 2024;6.012
18 años;05 Canarias;Total;1 de enero de 2025;24.651
18 años;05 Canarias;Total;1 de enero de 2024;23.966
18 años;05 Canarias;Hombres;1 de enero de 2025;13.018
18 años;05 Canarias;Hombres;1 de enero de 2024;12.611
18 años;05 Canarias;Mujeres;1 de enero de 2025;11.633
18 años;05 Canarias;Mujeres;1 de enero de 2024;11.355
18 años;06 Cantabria;Total;1 de enero de 2025;6.094
18 años;06 Cantabria;Total;1 de enero de 2024;6.063
18 años;06 Cantabria;Hombres;1 de enero de 2025;3.153
18 años;06 Cantabria;Hombres;1 de enero de 2024;3.067
18 años;06 Cantabria;Mujeres;1 de enero de 2025;2.941
18 años;06 Cantabria;Mujeres;1 de enero de 2024;2.996
18 años;07 Castilla y León;Total;1 de enero de 2025;22.374
18 años;07 Castilla y León;Total;1 de enero de 2024;22.042
18 años;07 Castilla y León;Hombres;1 de enero de 2025;11.591
18 años;07 Castilla y León;Hombres;1 de enero de 2024;11.376
18 años;07 Castilla y León;Mujeres;1 de enero de 2025;10.783
18 años;07 Castilla y León;Mujeres;1 de enero de 2024;10.666
18 años;08 Castilla - La Mancha;Total;1 de enero de 2025;23.999
18 años;08 Castilla - La Mancha;Total;1 de enero de 2024;22.940
18 años;08 Castilla - La Mancha;Hombres;1 de enero de 2025;12.560
18 años;08 Castilla - La Mancha;Hombres;1 de enero de 2024;11.835
18 años;08 Castilla - La Mancha;Mujeres;1 de enero de 2025;11.439
18 años;08 Castilla - La Mancha;Mujeres;1 de enero de 2024;11.105
18 años;09 Cataluña;Total;1 de enero de 2025;92.998
18 años;09 Cataluña;Total;1 de enero de 2024;90.285
18 años;09 Cataluña;Hombres;1 de enero de 2025;48.746
18 años;09 Cataluña;Hombres;1 de enero de 2024;47.332
18 años;09 Cataluña;Mujeres;1 de enero de 2025;44.252
18 años;09 Cataluña;Mujeres;1 de enero de 2024;42.953
18 años;10 Comunitat Valenciana;Total;1 de enero de 2025;60.882
18 años;10 Comunitat Valenciana;Total;1 de enero de 2024;58.124
18 años;10 Comunitat Valenciana;Hombres;1 de enero de 2025;31.450
18 años;10 Comunitat Valenciana;Hombres;1 de enero de 2024;29.857
18 años;10 Comunitat Valenciana;Mujeres;1 de enero de 2025;29.432
18 años;10 Comunitat Valenciana;Mujeres;1 de enero de 2024;28.267
18 años;11 Extremadura;Total;1 de enero de 2025;10.907
18 años;11 Extremadura;Total;1 de enero de 2024;10.730
18 años;11 Extremadura;Hombres;1 de enero de 2025;5.572
18 años;11 Extremadura;Hombres;1 de enero de 2024;5.458
18 años;11 Extremadura;Mujeres;1 de enero de 2025;5.335
18 años;11 Extremadura;Mujeres;1 de enero de 2024;5.272
18 años;12 Galicia;Total;1 de enero de 2025;24.389
18 años;12 Galicia;Total;1 de enero de 2024;23.992
18 años;12 Galicia;Hombres;1 de enero de 2025;12.633
18 años;12 Galicia;Hombres;1 de enero de 2024;12.253
18 años;12 Galicia;Mujeres;1 de enero de 2025;11.756
18 años;12 Galicia;Mujeres;1 de enero de 2024;11.739
18 años;13 Madrid, Comunidad de;Total;1 de enero de 2025;77.807
18 años;13 Madrid, Comunidad de;Total;1 de enero de 2024;74.939
18 años;13 Madrid, Comunidad de;Hombres;1 de enero de 2025;39.832
18 años;13 Madrid, Comunidad de;Hombres;1 de enero de 2024;38.117
18 años;13 Madrid, Comunidad de;Mujeres;1 de enero de 2025;37.975
18 años;13 Madrid, Comunidad de;Mujeres;1 de enero de 2024;36.822
18 años;14 Murcia, Región de;Total;1 de enero de 2025;19.754
18 años;14 Murcia, Región de;Total;1 de enero de 2024;18.931
18 años;14 Murcia, Región de;Hombres;1 de enero de 2025;10.313
18 años;14 Murcia, Región de;Hombres;1 de enero de 2024;9.875
18 años;14 Murcia, Región de;Mujeres;1 de enero de 2025;9.441
18 años;14 Murcia, Región de;Mujeres;1 de enero de 2024;9.056
18 años;15 Navarra, Comunidad Foral de;Total;1 de enero de 2025;7.867
18 años;15 Navarra, Comunidad Foral de;Total;1 de enero de 2024;7.411
18 años;15 Navarra, Comunidad Foral de;Hombres;1 de enero de 2025;4.019
18 años;15 Navarra, Comunidad Foral de;Hombres;1 de enero de 2024;3.813
18 años;15 Navarra, Comunidad Foral de;Mujeres;1 de enero de 2025;3.848
18 años;15 Navarra, Comunidad Foral de;Mujeres;1 de enero de 2024;3.598
18 años;16 País Vasco;Total;1 de enero de 2025;23.151
18 años;16 País Vasco;Total;1 de enero de 2024;22.576
18 años;16 País Vasco;Hombres;1 de enero de 2025;12.122
18 años;16 País Vasco;Hombres;1 de enero de 2024;11.727
18 años;16 País Vasco;Mujeres;1 de enero de 2025;11.029
18 años;16 País Vasco;Mujeres;1 de enero de 2024;10.849
18 años;17 Rioja, La;Total;1 de enero de 2025;3.443
18 años;17 Rioja, La;Total;1 de enero de 2024;3.438
18 años;17 Rioja, La;Hombres;1 de enero de 2025;1.784
18 años;17 Rioja, La;Hombres;1 de enero de 2024;1.748
18 años;17 Rioja, La;Mujeres;1 de enero de 2025;1.659
18 años;17 Rioja, La;Mujeres;1 de enero de 2024;1.690
18 años;18 Ceuta;Total;1 de enero de 2025;1.214
18 años;18 Ceuta;Total;1 de enero de 2024;1.209
18 años;18 Ceuta;Hombres;1 de enero de 2025;595
18 años;18 Ceuta;Hombres;1 de enero de 2024;631
18 años;18 Ceuta;Mujeres;1 de enero de 2025;619
18 años;18 Ceuta;Mujeres;1 de enero de 2024;578
18 años;19 Melilla;Total;1 de enero de 2025;1.296
18 años;19 Melilla;Total;1 de enero de 2024;1.157
18 años;19 Melilla;Hombres;1 de enero de 2025;655
18 años;19 Melilla;Hombres;1 de enero de 2024;589
18 años;19 Melilla;Mujeres;1 de enero de 2025;641
18 años;19 Melilla;Mujeres;1 de enero de 2024;568
19 años;01 Andalucía;Total;1 de enero de 2025;101.282
19 años;01 Andalucía;Total;1 de enero de 2024;98.438
19 años;01 Andalucía;Hombres;1 de enero de 2025;52.241
19 años;01 Andalucía;Hombres;1 de enero de 2024;50.928
19 años;01 Andalucía;Mujeres;1 de enero de 2025;49.041
19 años;01 Andalucía;Mujeres;1 de enero de 2024;47.510
19 años;02 Aragón;Total;1 de enero de 2025;14.358
19 años;02 Aragón;Total;1 de enero de 2024;14.063
19 años;02 Aragón;Hombres;1 de enero de 2025;7.583
19 años;02 Aragón;Hombres;1 de enero de 2024;7.258
19 años;02 Aragón;Mujeres;1 de enero de 2025;6.775
19 años;02 Aragón;Mujeres;1 de enero de 2024;6.805
19 años;03 Asturias, Principado de;Total;1 de enero de 2025;8.751
19 años;03 Asturias, Principado de;Total;1 de enero de 2024;8.502
19 años;03 Asturias, Principado de;Hombres;1 de enero de 2025;4.532
19 años;03 Asturias, Principado de;Hombres;1 de enero de 2024;4.424
19 años;03 Asturias, Principado de;Mujeres;1 de enero de 2025;4.219
19 años;03 Asturias, Principado de;Mujeres;1 de enero de 2024;4.078
19 años;04 Balears, Illes;Total;1 de enero de 2025;13.156
19 años;04 Balears, Illes;Total;1 de enero de 2024;13.225
19 años;04 Balears, Illes;Hombres;1 de enero de 2025;6.854
19 años;04 Balears, Illes;Hombres;1 de enero de 2024;6.818
19 años;04 Balears, Illes;Mujeres;1 de enero de 2025;6.302
19 años;04 Balears, Illes;Mujeres;1 de enero de 2024;6.407
19 años;05 Canarias;Total;1 de enero de 2025;24.444
19 años;05 Canarias;Total;1 de enero de 2024;24.496
19 años;05 Canarias;Hombres;1 de enero de 2025;12.750
19 años;05 Canarias;Hombres;1 de enero de 2024;12.651
19 años;05 Canarias;Mujeres;1 de enero de 2025;11.694
19 años;05 Canarias;Mujeres;1 de enero de 2024;11.845
19 años;06 Cantabria;Total;1 de enero de 2025;6.231
19 años;06 Cantabria;Total;1 de enero de 2024;5.960
19 años;06 Cantabria;Hombres;1 de enero de 2025;3.135
19 años;06 Cantabria;Hombres;1 de enero de 2024;3.003
19 años;06 Cantabria;Mujeres;1 de enero de 2025;3.096
19 años;06 Cantabria;Mujeres;1 de enero de 2024;2.957
19 años;07 Castilla y León;Total;1 de enero de 2025;22.814
19 años;07 Castilla y León;Total;1 de enero de 2024;22.001
19 años;07 Castilla y León;Hombres;1 de enero de 2025;11.834
19 años;07 Castilla y León;Hombres;1 de enero de 2024;11.335
19 años;07 Castilla y León;Mujeres;1 de enero de 2025;10.980
19 años;07 Castilla y León;Mujeres;1 de enero de 2024;10.666
19 años;08 Castilla - La Mancha;Total;1 de enero de 2025;23.484
19 años;08 Castilla - La Mancha;Total;1 de enero de 2024;22.995
19 años;08 Castilla - La Mancha;Hombres;1 de enero de 2025;12.154
19 años;08 Castilla - La Mancha;Hombres;1 de enero de 2024;12.087
19 años;08 Castilla - La Mancha;Mujeres;1 de enero de 2025;11.330
19 años;08 Castilla - La Mancha;Mujeres;1 de enero de 2024;10.908
19 años;09 Cataluña;Total;1 de enero de 2025;93.466
19 años;09 Cataluña;Total;1 de enero de 2024;90.723
19 años;09 Cataluña;Hombres;1 de enero de 2025;49.045
19 años;09 Cataluña;Hombres;1 de enero de 2024;47.083
19 años;09 Cataluña;Mujeres;1 de enero de 2025;44.421
19 años;09 Cataluña;Mujeres;1 de enero de 2024;43.640
19 años;10 Comunitat Valenciana;Total;1 de enero de 2025;60.294
19 años;10 Comunitat Valenciana;Total;1 de enero de 2024;58.461
19 años;10 Comunitat Valenciana;Hombres;1 de enero de 2025;31.084
19 años;10 Comunitat Valenciana;Hombres;1 de enero de 2024;30.369
19 años;10 Comunitat Valenciana;Mujeres;1 de enero de 2025;29.210
19 años;10 Comunitat Valenciana;Mujeres;1 de enero de 2024;28.092
19 años;11 Extremadura;Total;1 de enero de 2025;10.853
19 años;11 Extremadura;Total;1 de enero de 2024;10.719
19 años;11 Extremadura;Hombres;1 de enero de 2025;5.528
19 años;11 Extremadura;Hombres;1 de enero de 2024;5.468
19 años;11 Extremadura;Mujeres;1 de enero de 2025;5.325
19 años;11 Extremadura;Mujeres;1 de enero de 2024;5.251
19 años;12 Galicia;Total;1 de enero de 2025;24.608
19 años;12 Galicia;Total;1 de enero de 2024;23.948
19 años;12 Galicia;Hombres;1 de enero de 2025;12.614
19 años;12 Galicia;Hombres;1 de enero de 2024;12.354
19 años;12 Galicia;Mujeres;1 de enero de 2025;11.994
19 años;12 Galicia;Mujeres;1 de enero de 2024;11.594
19 años;13 Madrid, Comunidad de;Total;1 de enero de 2025;79.185
19 años;13 Madrid, Comunidad de;Total;1 de enero de 2024;78.510
19 años;13 Madrid, Comunidad de;Hombres;1 de enero de 2025;40.182
19 años;13 Madrid, Comunidad de;Hombres;1 de enero de 2024;40.259
19 años;13 Madrid, Comunidad de;Mujeres;1 de enero de 2025;39.003
19 años;13 Madrid, Comunidad de;Mujeres;1 de enero de 2024;38.251
19 años;14 Murcia, Región de;Total;1 de enero de 2025;19.476
19 años;14 Murcia, Región de;Total;1 de enero de 2024;18.923
19 años;14 Murcia, Región de;Hombres;1 de enero de 2025;10.182
19 años;14 Murcia, Región de;Hombres;1 de enero de 2024;9.935
19 años;14 Murcia, Región de;Mujeres;1 de enero de 2025;9.294
19 años;14 Murcia, Región de;Mujeres;1 de enero de 2024;8.988
19 años;15 Navarra, Comunidad Foral de;Total;1 de enero de 2025;7.743
19 años;15 Navarra, Comunidad Foral de;Total;1 de enero de 2024;7.754
19 años;15 Navarra, Comunidad Foral de;Hombres;1 de enero de 2025;3.950
19 años;15 Navarra, Comunidad Foral de;Hombres;1 de enero de 2024;4.058
19 años;15 Navarra, Comunidad Foral de;Mujeres;1 de enero de 2025;3.793
19 años;15 Navarra, Comunidad Foral de;Mujeres;1 de enero de 2024;3.696
19 años;16 País Vasco;Total;1 de enero de 2025;23.237
19 años;16 País Vasco;Total;1 de enero de 2024;22.932
19 años;16 País Vasco;Hombres;1 de enero de 2025;12.083
19 años;16 País Vasco;Hombres;1 de enero de 2024;11.848
19 años;16 País Vasco;Mujeres;1 de enero de 2025;11.154
19 años;16 País Vasco;Mujeres;1 de enero de 2024;11.084
19 años;17 Rioja, La;Total;1 de enero de 2025;3.520
19 años;17 Rioja, La;Total;1 de enero de 2024;3.571
19 años;17 Rioja, La;Hombres;1 de enero de 2025;1.792
19 años;17 Rioja, La;Hombres;1 de enero de 2024;1.830
19 años;17 Rioja, La;Mujeres;1 de enero de 2025;1.728
19 años;17 Rioja, La;Mujeres;1 de enero de 2024;1.741
19 años;18 Ceuta;Total;1 de enero de 2025;1.226
19 años;18 Ceuta;Total;1 de enero de 2024;1.237
19 años;18 Ceuta;Hombres;1 de enero de 2025;627
19 años;18 Ceuta;Hombres;1 de enero de 2024;636
19 años;18 Ceuta;Mujeres;1 de enero de 2025;599
19 años;18 Ceuta;Mujeres;1 de enero de 2024;601
19 años;19 Melilla;Total;1 de enero de 2025;1.208
19 años;19 Melilla;Total;1 de enero de 2024;1.176
19 años;19 Melilla;Hombres;1 de enero de 2025;622
19 años;19 Melilla;Hombres;1 de enero de 2024;595
19 años;19 Melilla;Mujeres;1 de enero de 2025;586
19 años;19 Melilla;Mujeres;1 de enero de 2024;581
20 años;01 Andalucía;Total;1 de enero de 2025;99.661
20 años;01 Andalucía;Total;1 de enero de 2024;96.866
20 años;01 Andalucía;Hombres;1 de enero de 2025;51.584
20 años;01 Andalucía;Hombres;1 de enero de 2024;49.890
20 años;01 Andalucía;Mujeres;1 de enero de 2025;48.077
20 años;01 Andalucía;Mujeres;1 de enero de 2024;46.976
20 años;02 Aragón;Total;1 de enero de 2025;14.554
20 años;02 Aragón;Total;1 de enero de 2024;13.971
20 años;02 Aragón;Hombres;1 de enero de 2025;7.569
20 años;02 Aragón;Hombres;1 de enero de 2024;7.256
20 años;02 Aragón;Mujeres;1 de enero de 2025;6.985
20 años;02 Aragón;Mujeres;1 de enero de 2024;6.715
20 años;03 Asturias, Principado de;Total;1 de enero de 2025;8.696
20 años;03 Asturias, Principado de;Total;1 de enero de 2024;8.318
20 años;03 Asturias, Principado de;Hombres;1 de enero de 2025;4.511
20 años;03 Asturias, Principado de;Hombres;1 de enero de 2024;4.271
20 años;03 Asturias, Principado de;Mujeres;1 de enero de 2025;4.185
20 años;03 Asturias, Principado de;Mujeres;1 de enero de 2024;4.047
20 años;04 Balears, Illes;Total;1 de enero de 2025;13.764
20 años;04 Balears, Illes;Total;1 de enero de 2024;13.259
20 años;04 Balears, Illes;Hombres;1 de enero de 2025;7.096
20 años;04 Balears, Illes;Hombres;1 de enero de 2024;6.784
20 años;04 Balears, Illes;Mujeres;1 de enero de 2025;6.668
20 años;04 Balears, Illes;Mujeres;1 de enero de 2024;6.475
20 años;05 Canarias;Total;1 de enero de 2025;25.234
20 años;05 Canarias;Total;1 de enero de 2024;24.504
20 años;05 Canarias;Hombres;1 de enero de 2025;12.971
20 años;05 Canarias;Hombres;1 de enero de 2024;12.628
20 años;05 Canarias;Mujeres;1 de enero de 2025;12.263
20 años;05 Canarias;Mujeres;1 de enero de 2024;11.876
20 años;06 Cantabria;Total;1 de enero de 2025;6.097
20 años;06 Cantabria;Total;1 de enero de 2024;5.902
20 años;06 Cantabria;Hombres;1 de enero de 2025;3.083
20 años;06 Cantabria;Hombres;1 de enero de 2024;3.038
20 años;06 Cantabria;Mujeres;1 de enero de 2025;3.014
20 años;06 Cantabria;Mujeres;1 de enero de 2024;2.864
20 años;07 Castilla y León;Total;1 de enero de 2025;22.622
20 años;07 Castilla y León;Total;1 de enero de 2024;22.125
20 años;07 Castilla y León;Hombres;1 de enero de 2025;11.674
20 años;07 Castilla y León;Hombres;1 de enero de 2024;11.198
20 años;07 Castilla y León;Mujeres;1 de enero de 2025;10.948
20 años;07 Castilla y León;Mujeres;1 de enero de 2024;10.927
20 años;08 Castilla - La Mancha;Total;1 de enero de 2025;23.504
20 años;08 Castilla - La Mancha;Total;1 de enero de 2024;23.138
20 años;08 Castilla - La Mancha;Hombres;1 de enero de 2025;12.369
20 años;08 Castilla - La Mancha;Hombres;1 de enero de 2024;11.910
20 años;08 Castilla - La Mancha;Mujeres;1 de enero de 2025;11.135
20 años;08 Castilla - La Mancha;Mujeres;1 de enero de 2024;11.228
20 años;09 Cataluña;Total;1 de enero de 2025;93.870
20 años;09 Cataluña;Total;1 de enero de 2024;89.756
20 años;09 Cataluña;Hombres;1 de enero de 2025;48.896
20 años;09 Cataluña;Hombres;1 de enero de 2024;46.843
20 años;09 Cataluña;Mujeres;1 de enero de 2025;44.974
20 años;09 Cataluña;Mujeres;1 de enero de 2024;42.913
20 años;10 Comunitat Valenciana;Total;1 de enero de 2025;60.531
20 años;10 Comunitat Valenciana;Total;1 de enero de 2024;58.223
20 años;10 Comunitat Valenciana;Hombres;1 de enero de 2025;31.453
20 años;10 Comunitat Valenciana;Hombres;1 de enero de 2024;29.804
20 años;10 Comunitat Valenciana;Mujeres;1 de enero de 2025;29.078
20 años;10 Comunitat Valenciana;Mujeres;1 de enero de 2024;28.419
20 años;11 Extremadura;Total;1 de enero de 2025;10.793
20 años;11 Extremadura;Total;1 de enero de 2024;10.879
20 años;11 Extremadura;Hombres;1 de enero de 2025;5.512
20 años;11 Extremadura;Hombres;1 de enero de 2024;5.553
20 años;11 Extremadura;Mujeres;1 de enero de 2025;5.281
20 años;11 Extremadura;Mujeres;1 de enero de 2024;5.326
20 años;12 Galicia;Total;1 de enero de 2025;24.528
20 años;12 Galicia;Total;1 de enero de 2024;23.838
20 años;12 Galicia;Hombres;1 de enero de 2025;12.736
20 años;12 Galicia;Hombres;1 de enero de 2024;12.214
20 años;12 Galicia;Mujeres;1 de enero de 2025;11.792
20 años;12 Galicia;Mujeres;1 de enero de 2024;11.624
20 años;13 Madrid, Comunidad de;Total;1 de enero de 2025;81.757
20 años;13 Madrid, Comunidad de;Total;1 de enero de 2024;78.584
20 años;13 Madrid, Comunidad de;Hombres;1 de enero de 2025;41.840
20 años;13 Madrid, Comunidad de;Hombres;1 de enero de 2024;39.824
20 años;13 Madrid, Comunidad de;Mujeres;1 de enero de 2025;39.917
20 años;13 Madrid, Comunidad de;Mujeres;1 de enero de 2024;38.760
20 años;14 Murcia, Región de;Total;1 de enero de 2025;19.389
20 años;14 Murcia, Región de;Total;1 de enero de 2024;19.061
20 años;14 Murcia, Región de;Hombres;1 de enero de 2025;10.226
20 años;14 Murcia, Región de;Hombres;1 de enero de 2024;10.093
20 años;14 Murcia, Región de;Mujeres;1 de enero de 2025;9.163
20 años;14 Murcia, Región de;Mujeres;1 de enero de 2024;8.968
20 años;15 Navarra, Comunidad Foral de;Total;1 de enero de 2025;7.978
20 años;15 Navarra, Comunidad Foral de;Total;1 de enero de 2024;8.003
20 años;15 Navarra, Comunidad Foral de;Hombres;1 de enero de 2025;4.152
20 años;15 Navarra, Comunidad Foral de;Hombres;1 de enero de 2024;4.066
20 años;15 Navarra, Comunidad Foral de;Mujeres;1 de enero de 2025;3.826
20 años;15 Navarra, Comunidad Foral de;Mujeres;1 de enero de 2024;3.937
20 años;16 País Vasco;Total;1 de enero de 2025;23.569
20 años;16 País Vasco;Total;1 de enero de 2024;23.031
20 años;16 País Vasco;Hombres;1 de enero de 2025;12.187
20 años;16 País Vasco;Hombres;1 de enero de 2024;11.944
20 años;16 País Vasco;Mujeres;1 de enero de 2025;11.382
20 años;16 País Vasco;Mujeres;1 de enero de 2024;11.087
20 años;17 Rioja, La;Total;1 de enero de 2025;3.633
20 años;17 Rioja, La;Total;1 de enero de 2024;3.437
20 años;17 Rioja, La;Hombres;1 de enero de 2025;1.859
20 años;17 Rioja, La;Hombres;1 de enero de 2024;1.743
20 años;17 Rioja, La;Mujeres;1 de enero de 2025;1.774
20 años;17 Rioja, La;Mujeres;1 de enero de 2024;1.694
20 años;18 Ceuta;Total;1 de enero de 2025;1.285
20 años;18 Ceuta;Total;1 de enero de 2024;1.232
20 años;18 Ceuta;Hombres;1 de enero de 2025;652
20 años;18 Ceuta;Hombres;1 de enero de 2024;605
20 años;18 Ceuta;Mujeres;1 de enero de 2025;633
20 años;18 Ceuta;Mujeres;1 de enero de 2024;627
20 años;19 Melilla;Total;1 de enero de 2025;1.255
20 años;19 Melilla;Total;1 de enero de 2024;1.291
20 años;19 Melilla;Hombres;1 de enero de 2025;642
20 años;19 Melilla;Hombres;1 de enero de 2024;653
20 años;19 Melilla;Mujeres;1 de enero de 2025;613
20 años;19 Melilla;Mujeres;1 de enero de 2024;638
21 años;01 Andalucía;Total;1 de enero de 2025;98.108
21 años;01 Andalucía;Total;1 de enero de 2024;93.971
21 años;01 Andalucía;Hombres;1 de enero de 2025;50.618
21 años;01 Andalucía;Hombres;1 de enero de 2024;48.604
21 años;01 Andalucía;Mujeres;1 de enero de 2025;47.490
21 años;01 Andalucía;Mujeres;1 de enero de 2024;45.367
21 años;02 Aragón;Total;1 de enero de 2025;14.386
21 años;02 Aragón;Total;1 de enero de 2024;13.639
21 años;02 Aragón;Hombres;1 de enero de 2025;7.522
21 años;02 Aragón;Hombres;1 de enero de 2024;7.154
21 años;02 Aragón;Mujeres;1 de enero de 2025;6.864
21 años;02 Aragón;Mujeres;1 de enero de 2024;6.485
21 años;03 Asturias, Principado de;Total;1 de enero de 2025;8.531
21 años;03 Asturias, Principado de;Total;1 de enero de 2024;8.154
21 años;03 Asturias, Principado de;Hombres;1 de enero de 2025;4.365
21 años;03 Asturias, Principado de;Hombres;1 de enero de 2024;4.131
21 años;03 Asturias, Principado de;Mujeres;1 de enero de 2025;4.166
21 años;03 Asturias, Principado de;Mujeres;1 de enero de 2024;4.023
21 años;04 Balears, Illes;Total;1 de enero de 2025;13.854
21 años;04 Balears, Illes;Total;1 de enero de 2024;13.512
21 años;04 Balears, Illes;Hombres;1 de enero de 2025;7.069
21 años;04 Balears, Illes;Hombres;1 de enero de 2024;7.017
21 años;04 Balears, Illes;Mujeres;1 de enero de 2025;6.785
21 años;04 Balears, Illes;Mujeres;1 de enero de 2024;6.495
21 años;05 Canarias;Total;1 de enero de 2025;25.379
21 años;05 Canarias;Total;1 de enero de 2024;24.686
21 años;05 Canarias;Hombres;1 de enero de 2025;13.054
21 años;05 Canarias;Hombres;1 de enero de 2024;12.647
21 años;05 Canarias;Mujeres;1 de enero de 2025;12.325
21 años;05 Canarias;Mujeres;1 de enero de 2024;12.039
21 años;06 Cantabria;Total;1 de enero de 2025;6.055
21 años;06 Cantabria;Total;1 de enero de 2024;5.763
21 años;06 Cantabria;Hombres;1 de enero de 2025;3.100
21 años;06 Cantabria;Hombres;1 de enero de 2024;2.986
21 años;06 Cantabria;Mujeres;1 de enero de 2025;2.955
21 años;06 Cantabria;Mujeres;1 de enero de 2024;2.777
21 años;07 Castilla y León;Total;1 de enero de 2025;22.741
21 años;07 Castilla y León;Total;1 de enero de 2024;21.958
21 años;07 Castilla y León;Hombres;1 de enero de 2025;11.531
21 años;07 Castilla y León;Hombres;1 de enero de 2024;11.385
21 años;07 Castilla y León;Mujeres;1 de enero de 2025;11.210
21 años;07 Castilla y León;Mujeres;1 de enero de 2024;10.573
21 años;08 Castilla - La Mancha;Total;1 de enero de 2025;23.573
21 años;08 Castilla - La Mancha;Total;1 de enero de 2024;22.600
21 años;08 Castilla - La Mancha;Hombres;1 de enero de 2025;12.229
21 años;08 Castilla - La Mancha;Hombres;1 de enero de 2024;11.823
21 años;08 Castilla - La Mancha;Mujeres;1 de enero de 2025;11.344
21 años;08 Castilla - La Mancha;Mujeres;1 de enero de 2024;10.777
21 años;09 Cataluña;Total;1 de enero de 2025;93.254
21 años;09 Cataluña;Total;1 de enero de 2024;88.192
21 años;09 Cataluña;Hombres;1 de enero de 2025;48.858
21 años;09 Cataluña;Hombres;1 de enero de 2024;46.264
21 años;09 Cataluña;Mujeres;1 de enero de 2025;44.396
21 años;09 Cataluña;Mujeres;1 de enero de 2024;41.928
21 años;10 Comunitat Valenciana;Total;1 de enero de 2025;60.487
21 años;10 Comunitat Valenciana;Total;1 de enero de 2024;56.209
21 años;10 Comunitat Valenciana;Hombres;1 de enero de 2025;31.024
21 años;10 Comunitat Valenciana;Hombres;1 de enero de 2024;28.996
21 años;10 Comunitat Valenciana;Mujeres;1 de enero de 2025;29.463
21 años;10 Comunitat Valenciana;Mujeres;1 de enero de 2024;27.213
21 años;11 Extremadura;Total;1 de enero de 2025;10.886
21 años;11 Extremadura;Total;1 de enero de 2024;10.784
21 años;11 Extremadura;Hombres;1 de enero de 2025;5.557
21 años;11 Extremadura;Hombres;1 de enero de 2024;5.517
21 años;11 Extremadura;Mujeres;1 de enero de 2025;5.329
21 años;11 Extremadura;Mujeres;1 de enero de 2024;5.267
21 años;12 Galicia;Total;1 de enero de 2025;24.368
21 años;12 Galicia;Total;1 de enero de 2024;23.052
21 años;12 Galicia;Hombres;1 de enero de 2025;12.514
21 años;12 Galicia;Hombres;1 de enero de 2024;11.776
21 años;12 Galicia;Mujeres;1 de enero de 2025;11.854
21 años;12 Galicia;Mujeres;1 de enero de 2024;11.276
21 años;13 Madrid, Comunidad de;Total;1 de enero de 2025;81.830
21 años;13 Madrid, Comunidad de;Total;1 de enero de 2024;77.416
21 años;13 Madrid, Comunidad de;Hombres;1 de enero de 2025;41.364
21 años;13 Madrid, Comunidad de;Hombres;1 de enero de 2024;39.231
21 años;13 Madrid, Comunidad de;Mujeres;1 de enero de 2025;40.466
21 años;13 Madrid, Comunidad de;Mujeres;1 de enero de 2024;38.185
21 años;14 Murcia, Región de;Total;1 de enero de 2025;19.540
21 años;14 Murcia, Región de;Total;1 de enero de 2024;18.662
21 años;14 Murcia, Región de;Hombres;1 de enero de 2025;10.362
21 años;14 Murcia, Región de;Hombres;1 de enero de 2024;9.804
21 años;14 Murcia, Región de;Mujeres;1 de enero de 2025;9.178
21 años;14 Murcia, Región de;Mujeres;1 de enero de 2024;8.858
21 años;15 Navarra, Comunidad Foral de;Total;1 de enero de 2025;8.176
21 años;15 Navarra, Comunidad Foral de;Total;1 de enero de 2024;7.669
21 años;15 Navarra, Comunidad Foral de;Hombres;1 de enero de 2025;4.178
21 años;15 Navarra, Comunidad Foral de;Hombres;1 de enero de 2024;3.909
21 años;15 Navarra, Comunidad Foral de;Mujeres;1 de enero de 2025;3.998
21 años;15 Navarra, Comunidad Foral de;Mujeres;1 de enero de 2024;3.760
21 años;16 País Vasco;Total;1 de enero de 2025;23.751
21 años;16 País Vasco;Total;1 de enero de 2024;22.177
21 años;16 País Vasco;Hombres;1 de enero de 2025;12.331
21 años;16 País Vasco;Hombres;1 de enero de 2024;11.445
21 años;16 País Vasco;Mujeres;1 de enero de 2025;11.420
21 años;16 País Vasco;Mujeres;1 de enero de 2024;10.732
21 años;17 Rioja, La;Total;1 de enero de 2025;3.519
21 años;17 Rioja, La;Total;1 de enero de 2024;3.256
21 años;17 Rioja, La;Hombres;1 de enero de 2025;1.777
21 años;17 Rioja, La;Hombres;1 de enero de 2024;1.683
21 años;17 Rioja, La;Mujeres;1 de enero de 2025;1.742
21 años;17 Rioja, La;Mujeres;1 de enero de 2024;1.573
21 años;18 Ceuta;Total;1 de enero de 2025;1.255
21 años;18 Ceuta;Total;1 de enero de 2024;1.180
21 años;18 Ceuta;Hombres;1 de enero de 2025;621
21 años;18 Ceuta;Hombres;1 de enero de 2024;573
21 años;18 Ceuta;Mujeres;1 de enero de 2025;634
21 años;18 Ceuta;Mujeres;1 de enero de 2024;607
21 años;19 Melilla;Total;1 de enero de 2025;1.318
21 años;19 Melilla;Total;1 de enero de 2024;1.276
21 años;19 Melilla;Hombres;1 de enero de 2025;673
21 años;19 Melilla;Hombres;1 de enero de 2024;659
21 años;19 Melilla;Mujeres;1 de enero de 2025;645
21 años;19 Melilla;Mujeres;1 de enero de 2024;617
22 años;01 Andalucía;Total;1 de enero de 2025;95.287
22 años;01 Andalucía;Total;1 de enero de 2024;94.346
22 años;01 Andalucía;Hombres;1 de enero de 2025;49.282
22 años;01 Andalucía;Hombres;1 de enero de 2024;48.578
22 años;01 Andalucía;Mujeres;1 de enero de 2025;46.005
22 años;01 Andalucía;Mujeres;1 de enero de 2024;45.768
22 años;02 Aragón;Total;1 de enero de 2025;14.155
22 años;02 Aragón;Total;1 de enero de 2024;14.030
22 años;02 Aragón;Hombres;1 de enero de 2025;7.497
22 años;02 Aragón;Hombres;1 de enero de 2024;7.292
22 años;02 Aragón;Mujeres;1 de enero de 2025;6.658
22 años;02 Aragón;Mujeres;1 de enero de 2024;6.738
22 años;03 Asturias, Principado de;Total;1 de enero de 2025;8.337
22 años;03 Asturias, Principado de;Total;1 de enero de 2024;8.299
22 años;03 Asturias, Principado de;Hombres;1 de enero de 2025;4.229
22 años;03 Asturias, Principado de;Hombres;1 de enero de 2024;4.316
22 años;03 Asturias, Principado de;Mujeres;1 de enero de 2025;4.108
22 años;03 Asturias, Principado de;Mujeres;1 de enero de 2024;3.983
22 años;04 Balears, Illes;Total;1 de enero de 2025;14.184
22 años;04 Balears, Illes;Total;1 de enero de 2024;13.862
22 años;04 Balears, Illes;Hombres;1 de enero de 2025;7.324
22 años;04 Balears, Illes;Hombres;1 de enero de 2024;7.099
22 años;04 Balears, Illes;Mujeres;1 de enero de 2025;6.860
22 años;04 Balears, Illes;Mujeres;1 de enero de 2024;6.763
22 años;05 Canarias;Total;1 de enero de 2025;25.500
22 años;05 Canarias;Total;1 de enero de 2024;25.292
22 años;05 Canarias;Hombres;1 de enero de 2025;13.006
22 años;05 Canarias;Hombres;1 de enero de 2024;12.845
22 años;05 Canarias;Mujeres;1 de enero de 2025;12.494
22 años;05 Canarias;Mujeres;1 de enero de 2024;12.447
22 años;06 Cantabria;Total;1 de enero de 2025;5.802
22 años;06 Cantabria;Total;1 de enero de 2024;5.483
22 años;06 Cantabria;Hombres;1 de enero de 2025;2.991
22 años;06 Cantabria;Hombres;1 de enero de 2024;2.770
22 años;06 Cantabria;Mujeres;1 de enero de 2025;2.811
22 años;06 Cantabria;Mujeres;1 de enero de 2024;2.713
22 años;07 Castilla y León;Total;1 de enero de 2025;22.398
22 años;07 Castilla y León;Total;1 de enero de 2024;21.833
22 años;07 Castilla y León;Hombres;1 de enero de 2025;11.678
22 años;07 Castilla y León;Hombres;1 de enero de 2024;11.247
22 años;07 Castilla y León;Mujeres;1 de enero de 2025;10.720
22 años;07 Castilla y León;Mujeres;1 de enero de 2024;10.586
22 años;08 Castilla - La Mancha;Total;1 de enero de 2025;22.996
22 años;08 Castilla - La Mancha;Total;1 de enero de 2024;22.527
22 años;08 Castilla - La Mancha;Hombres;1 de enero de 2025;12.143
22 años;08 Castilla - La Mancha;Hombres;1 de enero de 2024;11.688
22 años;08 Castilla - La Mancha;Mujeres;1 de enero de 2025;10.853
22 años;08 Castilla - La Mancha;Mujeres;1 de enero de 2024;10.839
22 años;09 Cataluña;Total;1 de enero de 2025;91.744
22 años;09 Cataluña;Total;1 de enero de 2024;88.451
22 años;09 Cataluña;Hombres;1 de enero de 2025;48.362
22 años;09 Cataluña;Hombres;1 de enero de 2024;46.170
22 años;09 Cataluña;Mujeres;1 de enero de 2025;43.382
22 años;09 Cataluña;Mujeres;1 de enero de 2024;42.281
22 años;10 Comunitat Valenciana;Total;1 de enero de 2025;58.491
22 años;10 Comunitat Valenciana;Total;1 de enero de 2024;56.612
22 años;10 Comunitat Valenciana;Hombres;1 de enero de 2025;30.231
22 años;10 Comunitat Valenciana;Hombres;1 de enero de 2024;29.219
22 años;10 Comunitat Valenciana;Mujeres;1 de enero de 2025;28.260
22 años;10 Comunitat Valenciana;Mujeres;1 de enero de 2024;27.393
22 años;11 Extremadura;Total;1 de enero de 2025;10.778
22 años;11 Extremadura;Total;1 de enero de 2024;10.914
22 años;11 Extremadura;Hombres;1 de enero de 2025;5.518
22 años;11 Extremadura;Hombres;1 de enero de 2024;5.601
22 años;11 Extremadura;Mujeres;1 de enero de 2025;5.260
22 años;11 Extremadura;Mujeres;1 de enero de 2024;5.313
22 años;12 Galicia;Total;1 de enero de 2025;23.649
22 años;12 Galicia;Total;1 de enero de 2024;23.311
22 años;12 Galicia;Hombres;1 de enero de 2025;12.132
22 años;12 Galicia;Hombres;1 de enero de 2024;11.968
22 años;12 Galicia;Mujeres;1 de enero de 2025;11.517
22 años;12 Galicia;Mujeres;1 de enero de 2024;11.343
22 años;13 Madrid, Comunidad de;Total;1 de enero de 2025;81.184
22 años;13 Madrid, Comunidad de;Total;1 de enero de 2024;77.667
22 años;13 Madrid, Comunidad de;Hombres;1 de enero de 2025;40.886
22 años;13 Madrid, Comunidad de;Hombres;1 de enero de 2024;39.160
22 años;13 Madrid, Comunidad de;Mujeres;1 de enero de 2025;40.298
22 años;13 Madrid, Comunidad de;Mujeres;1 de enero de 2024;38.507
22 años;14 Murcia, Región de;Total;1 de enero de 2025;19.097
22 años;14 Murcia, Región de;Total;1 de enero de 2024;18.891
22 años;14 Murcia, Región de;Hombres;1 de enero de 2025;10.065
22 años;14 Murcia, Región de;Hombres;1 de enero de 2024;9.813
22 años;14 Murcia, Región de;Mujeres;1 de enero de 2025;9.032
22 años;14 Murcia, Región de;Mujeres;1 de enero de 2024;9.078
22 años;15 Navarra, Comunidad Foral de;Total;1 de enero de 2025;7.824
22 años;15 Navarra, Comunidad Foral de;Total;1 de enero de 2024;7.737
22 años;15 Navarra, Comunidad Foral de;Hombres;1 de enero de 2025;4.022
22 años;15 Navarra, Comunidad Foral de;Hombres;1 de enero de 2024;3.963
22 años;15 Navarra, Comunidad Foral de;Mujeres;1 de enero de 2025;3.802
22 años;15 Navarra, Comunidad Foral de;Mujeres;1 de enero de 2024;3.774
22 años;16 País Vasco;Total;1 de enero de 2025;23.035
22 años;16 País Vasco;Total;1 de enero de 2024;22.144
22 años;16 País Vasco;Hombres;1 de enero de 2025;11.922
22 años;16 País Vasco;Hombres;1 de enero de 2024;11.555
22 años;16 País Vasco;Mujeres;1 de enero de 2025;11.113
22 años;16 País Vasco;Mujeres;1 de enero de 2024;10.589
22 años;17 Rioja, La;Total;1 de enero de 2025;3.356
22 años;17 Rioja, La;Total;1 de enero de 2024;3.179
22 años;17 Rioja, La;Hombres;1 de enero de 2025;1.728
22 años;17 Rioja, La;Hombres;1 de enero de 2024;1.635
22 años;17 Rioja, La;Mujeres;1 de enero de 2025;1.628
22 años;17 Rioja, La;Mujeres;1 de enero de 2024;1.544
22 años;18 Ceuta;Total;1 de enero de 2025;1.195
22 años;18 Ceuta;Total;1 de enero de 2024;1.202
22 años;18 Ceuta;Hombres;1 de enero de 2025;588
22 años;18 Ceuta;Hombres;1 de enero de 2024;628
22 años;18 Ceuta;Mujeres;1 de enero de 2025;607
22 años;18 Ceuta;Mujeres;1 de enero de 2024;574
22 años;19 Melilla;Total;1 de enero de 2025;1.285
22 años;19 Melilla;Total;1 de enero de 2024;1.297
22 años;19 Melilla;Hombres;1 de enero de 2025;667
22 años;19 Melilla;Hombres;1 de enero de 2024;664
22 años;19 Melilla;Mujeres;1 de enero de 2025;618
22 años;19 Melilla;Mujeres;1 de enero de 2024;633
23 años;01 Andalucía;Total;1 de enero de 2025;95.552
23 años;01 Andalucía;Total;1 de enero de 2024;94.900
23 años;01 Andalucía;Hombres;1 de enero de 2025;49.326
23 años;01 Andalucía;Hombres;1 de enero de 2024;49.324
23 años;01 Andalucía;Mujeres;1 de enero de 2025;46.226
23 años;01 Andalucía;Mujeres;1 de enero de 2024;45.576
23 años;02 Aragón;Total;1 de enero de 2025;14.424
23 años;02 Aragón;Total;1 de enero de 2024;14.110
23 años;02 Aragón;Hombres;1 de enero de 2025;7.567
23 años;02 Aragón;Hombres;1 de enero de 2024;7.387
23 años;02 Aragón;Mujeres;1 de enero de 2025;6.857
23 años;02 Aragón;Mujeres;1 de enero de 2024;6.723
23 años;03 Asturias, Principado de;Total;1 de enero de 2025;8.456
23 años;03 Asturias, Principado de;Total;1 de enero de 2024;8.293
23 años;03 Asturias, Principado de;Hombres;1 de enero de 2025;4.409
23 años;03 Asturias, Principado de;Hombres;1 de enero de 2024;4.260
23 años;03 Asturias, Principado de;Mujeres;1 de enero de 2025;4.047
23 años;03 Asturias, Principado de;Mujeres;1 de enero de 2024;4.033
23 años;04 Balears, Illes;Total;1 de enero de 2025;14.607
23 años;04 Balears, Illes;Total;1 de enero de 2024;14.219
23 años;04 Balears, Illes;Hombres;1 de enero de 2025;7.397
23 años;04 Balears, Illes;Hombres;1 de enero de 2024;7.290
23 años;04 Balears, Illes;Mujeres;1 de enero de 2025;7.210
23 años;04 Balears, Illes;Mujeres;1 de enero de 2024;6.929
23 años;05 Canarias;Total;1 de enero de 2025;26.097
23 años;05 Canarias;Total;1 de enero de 2024;26.013
23 años;05 Canarias;Hombres;1 de enero de 2025;13.223
23 años;05 Canarias;Hombres;1 de enero de 2024;13.191
23 años;05 Canarias;Mujeres;1 de enero de 2025;12.874
23 años;05 Canarias;Mujeres;1 de enero de 2024;12.822
23 años;06 Cantabria;Total;1 de enero de 2025;5.590
23 años;06 Cantabria;Total;1 de enero de 2024;5.549
23 años;06 Cantabria;Hombres;1 de enero de 2025;2.835
23 años;06 Cantabria;Hombres;1 de enero de 2024;2.818
23 años;06 Cantabria;Mujeres;1 de enero de 2025;2.755
23 años;06 Cantabria;Mujeres;1 de enero de 2024;2.731
23 años;07 Castilla y León;Total;1 de enero de 2025;22.391
23 años;07 Castilla y León;Total;1 de enero de 2024;22.290
23 años;07 Castilla y León;Hombres;1 de enero de 2025;11.592
23 años;07 Castilla y León;Hombres;1 de enero de 2024;11.642
23 años;07 Castilla y León;Mujeres;1 de enero de 2025;10.799
23 años;07 Castilla y León;Mujeres;1 de enero de 2024;10.648
23 años;08 Castilla - La Mancha;Total;1 de enero de 2025;22.913
23 años;08 Castilla - La Mancha;Total;1 de enero de 2024;23.093
23 años;08 Castilla - La Mancha;Hombres;1 de enero de 2025;11.985
23 años;08 Castilla - La Mancha;Hombres;1 de enero de 2024;12.169
23 años;08 Castilla - La Mancha;Mujeres;1 de enero de 2025;10.928
23 años;08 Castilla - La Mancha;Mujeres;1 de enero de 2024;10.924
23 años;09 Cataluña;Total;1 de enero de 2025;92.502
23 años;09 Cataluña;Total;1 de enero de 2024;91.117
23 años;09 Cataluña;Hombres;1 de enero de 2025;48.480
23 años;09 Cataluña;Hombres;1 de enero de 2024;47.163
23 años;09 Cataluña;Mujeres;1 de enero de 2025;44.022
23 años;09 Cataluña;Mujeres;1 de enero de 2024;43.954
23 años;10 Comunitat Valenciana;Total;1 de enero de 2025;59.051
23 años;10 Comunitat Valenciana;Total;1 de enero de 2024;57.590
23 años;10 Comunitat Valenciana;Hombres;1 de enero de 2025;30.537
23 años;10 Comunitat Valenciana;Hombres;1 de enero de 2024;29.536
23 años;10 Comunitat Valenciana;Mujeres;1 de enero de 2025;28.514
23 años;10 Comunitat Valenciana;Mujeres;1 de enero de 2024;28.054
23 años;11 Extremadura;Total;1 de enero de 2025;10.892
23 años;11 Extremadura;Total;1 de enero de 2024;11.026
23 años;11 Extremadura;Hombres;1 de enero de 2025;5.585
23 años;11 Extremadura;Hombres;1 de enero de 2024;5.637
23 años;11 Extremadura;Mujeres;1 de enero de 2025;5.307
23 años;11 Extremadura;Mujeres;1 de enero de 2024;5.389
23 años;12 Galicia;Total;1 de enero de 2025;23.830
23 años;12 Galicia;Total;1 de enero de 2024;23.775
23 años;12 Galicia;Hombres;1 de enero de 2025;12.232
23 años;12 Galicia;Hombres;1 de enero de 2024;12.183
23 años;12 Galicia;Mujeres;1 de enero de 2025;11.598
23 años;12 Galicia;Mujeres;1 de enero de 2024;11.592
23 años;13 Madrid, Comunidad de;Total;1 de enero de 2025;82.084
23 años;13 Madrid, Comunidad de;Total;1 de enero de 2024;80.101
23 años;13 Madrid, Comunidad de;Hombres;1 de enero de 2025;41.037
23 años;13 Madrid, Comunidad de;Hombres;1 de enero de 2024;40.260
23 años;13 Madrid, Comunidad de;Mujeres;1 de enero de 2025;41.047
23 años;13 Madrid, Comunidad de;Mujeres;1 de enero de 2024;39.841
23 años;14 Murcia, Región de;Total;1 de enero de 2025;19.226
23 años;14 Murcia, Región de;Total;1 de enero de 2024;18.637
23 años;14 Murcia, Región de;Hombres;1 de enero de 2025;10.015
23 años;14 Murcia, Región de;Hombres;1 de enero de 2024;9.831
23 años;14 Murcia, Región de;Mujeres;1 de enero de 2025;9.211
23 años;14 Murcia, Región de;Mujeres;1 de enero de 2024;8.806
23 años;15 Navarra, Comunidad Foral de;Total;1 de enero de 2025;7.853
23 años;15 Navarra, Comunidad Foral de;Total;1 de enero de 2024;7.564
23 años;15 Navarra, Comunidad Foral de;Hombres;1 de enero de 2025;4.038
23 años;15 Navarra, Comunidad Foral de;Hombres;1 de enero de 2024;3.939
23 años;15 Navarra, Comunidad Foral de;Mujeres;1 de enero de 2025;3.815
23 años;15 Navarra, Comunidad Foral de;Mujeres;1 de enero de 2024;3.625
23 años;16 País Vasco;Total;1 de enero de 2025;23.000
23 años;16 País Vasco;Total;1 de enero de 2024;22.394
23 años;16 País Vasco;Hombres;1 de enero de 2025;12.015
23 años;16 País Vasco;Hombres;1 de enero de 2024;11.654
23 años;16 País Vasco;Mujeres;1 de enero de 2025;10.985
23 años;16 País Vasco;Mujeres;1 de enero de 2024;10.740
23 años;17 Rioja, La;Total;1 de enero de 2025;3.294
23 años;17 Rioja, La;Total;1 de enero de 2024;3.283
23 años;17 Rioja, La;Hombres;1 de enero de 2025;1.674
23 años;17 Rioja, La;Hombres;1 de enero de 2024;1.690
23 años;17 Rioja, La;Mujeres;1 de enero de 2025;1.620
23 años;17 Rioja, La;Mujeres;1 de enero de 2024;1.593
23 años;18 Ceuta;Total;1 de enero de 2025;1.208
23 años;18 Ceuta;Total;1 de enero de 2024;1.140
23 años;18 Ceuta;Hombres;1 de enero de 2025;633
23 años;18 Ceuta;Hombres;1 de enero de 2024;569
23 años;18 Ceuta;Mujeres;1 de enero de 2025;575
23 años;18 Ceuta;Mujeres;1 de enero de 2024;571
23 años;19 Melilla;Total;1 de enero de 2025;1.296
23 años;19 Melilla;Total;1 de enero de 2024;1.296
23 años;19 Melilla;Hombres;1 de enero de 2025;666
23 años;19 Melilla;Hombres;1 de enero de 2024;700
23 años;19 Melilla;Mujeres;1 de enero de 2025;630
23 años;19 Melilla;Mujeres;1 de enero de 2024;596
24 años;01 Andalucía;Total;1 de enero de 2025;96.106
24 años;01 Andalucía;Total;1 de enero de 2024;93.275
24 años;01 Andalucía;Hombres;1 de enero de 2025;50.083
24 años;01 Andalucía;Hombres;1 de enero de 2024;48.429
24 años;01 Andalucía;Mujeres;1 de enero de 2025;46.023
24 años;01 Andalucía;Mujeres;1 de enero de 2024;44.846
24 años;02 Aragón;Total;1 de enero de 2025;14.503
24 años;02 Aragón;Total;1 de enero de 2024;13.665
24 años;02 Aragón;Hombres;1 de enero de 2025;7.715
24 años;02 Aragón;Hombres;1 de enero de 2024;7.153
24 años;02 Aragón;Mujeres;1 de enero de 2025;6.788
24 años;02 Aragón;Mujeres;1 de enero de 2024;6.512
24 años;03 Asturias, Principado de;Total;1 de enero de 2025;8.505
24 años;03 Asturias, Principado de;Total;1 de enero de 2024;8.119
24 años;03 Asturias, Principado de;Hombres;1 de enero de 2025;4.383
24 años;03 Asturias, Principado de;Hombres;1 de enero de 2024;4.240
24 años;03 Asturias, Principado de;Mujeres;1 de enero de 2025;4.122
24 años;03 Asturias, Principado de;Mujeres;1 de enero de 2024;3.879
24 años;04 Balears, Illes;Total;1 de enero de 2025;15.099
24 años;04 Balears, Illes;Total;1 de enero de 2024;14.358
24 años;04 Balears, Illes;Hombres;1 de enero de 2025;7.752
24 años;04 Balears, Illes;Hombres;1 de enero de 2024;7.305
24 años;04 Balears, Illes;Mujeres;1 de enero de 2025;7.347
24 años;04 Balears, Illes;Mujeres;1 de enero de 2024;7.053
24 años;05 Canarias;Total;1 de enero de 2025;26.907
24 años;05 Canarias;Total;1 de enero de 2024;26.326
24 años;05 Canarias;Hombres;1 de enero de 2025;13.570
24 años;05 Canarias;Hombres;1 de enero de 2024;13.052
24 años;05 Canarias;Mujeres;1 de enero de 2025;13.337
24 años;05 Canarias;Mujeres;1 de enero de 2024;13.274
24 años;06 Cantabria;Total;1 de enero de 2025;5.654
24 años;06 Cantabria;Total;1 de enero de 2024;5.258
24 años;06 Cantabria;Hombres;1 de enero de 2025;2.870
24 años;06 Cantabria;Hombres;1 de enero de 2024;2.679
24 años;06 Cantabria;Mujeres;1 de enero de 2025;2.784
24 años;06 Cantabria;Mujeres;1 de enero de 2024;2.579
24 años;07 Castilla y León;Total;1 de enero de 2025;22.729
24 años;07 Castilla y León;Total;1 de enero de 2024;21.510
24 años;07 Castilla y León;Hombres;1 de enero de 2025;11.978
24 años;07 Castilla y León;Hombres;1 de enero de 2024;11.053
24 años;07 Castilla y León;Mujeres;1 de enero de 2025;10.751
24 años;07 Castilla y León;Mujeres;1 de enero de 2024;10.457
24 años;08 Castilla - La Mancha;Total;1 de enero de 2025;23.346
24 años;08 Castilla - La Mancha;Total;1 de enero de 2024;22.596
24 años;08 Castilla - La Mancha;Hombres;1 de enero de 2025;12.334
24 años;08 Castilla - La Mancha;Hombres;1 de enero de 2024;11.901
24 años;08 Castilla - La Mancha;Mujeres;1 de enero de 2025;11.012
24 años;08 Castilla - La Mancha;Mujeres;1 de enero de 2024;10.695
24 años;09 Cataluña;Total;1 de enero de 2025;95.850
24 años;09 Cataluña;Total;1 de enero de 2024;90.289
24 años;09 Cataluña;Hombres;1 de enero de 2025;49.839
24 años;09 Cataluña;Hombres;1 de enero de 2024;46.571
24 años;09 Cataluña;Mujeres;1 de enero de 2025;46.011
24 años;09 Cataluña;Mujeres;1 de enero de 2024;43.718
24 años;10 Comunitat Valenciana;Total;1 de enero de 2025;60.228
24 años;10 Comunitat Valenciana;Total;1 de enero de 2024;56.230
24 años;10 Comunitat Valenciana;Hombres;1 de enero de 2025;30.955
24 años;10 Comunitat Valenciana;Hombres;1 de enero de 2024;28.508
24 años;10 Comunitat Valenciana;Mujeres;1 de enero de 2025;29.273
24 años;10 Comunitat Valenciana;Mujeres;1 de enero de 2024;27.722
24 años;11 Extremadura;Total;1 de enero de 2025;10.944
24 años;11 Extremadura;Total;1 de enero de 2024;10.795
24 años;11 Extremadura;Hombres;1 de enero de 2025;5.600
24 años;11 Extremadura;Hombres;1 de enero de 2024;5.509
24 años;11 Extremadura;Mujeres;1 de enero de 2025;5.344
24 años;11 Extremadura;Mujeres;1 de enero de 2024;5.286
24 años;12 Galicia;Total;1 de enero de 2025;24.366
24 años;12 Galicia;Total;1 de enero de 2024;23.183
24 años;12 Galicia;Hombres;1 de enero de 2025;12.584
24 años;12 Galicia;Hombres;1 de enero de 2024;11.885
24 años;12 Galicia;Mujeres;1 de enero de 2025;11.782
24 años;12 Galicia;Mujeres;1 de enero de 2024;11.298
24 años;13 Madrid, Comunidad de;Total;1 de enero de 2025;85.242
24 años;13 Madrid, Comunidad de;Total;1 de enero de 2024;80.733
24 años;13 Madrid, Comunidad de;Hombres;1 de enero de 2025;42.552
24 años;13 Madrid, Comunidad de;Hombres;1 de enero de 2024;40.340
24 años;13 Madrid, Comunidad de;Mujeres;1 de enero de 2025;42.690
24 años;13 Madrid, Comunidad de;Mujeres;1 de enero de 2024;40.393
24 años;14 Murcia, Región de;Total;1 de enero de 2025;18.966
24 años;14 Murcia, Región de;Total;1 de enero de 2024;18.080
24 años;14 Murcia, Región de;Hombres;1 de enero de 2025;10.075
24 años;14 Murcia, Región de;Hombres;1 de enero de 2024;9.506
24 años;14 Murcia, Región de;Mujeres;1 de enero de 2025;8.891
24 años;14 Murcia, Región de;Mujeres;1 de enero de 2024;8.574
24 años;15 Navarra, Comunidad Foral de;Total;1 de enero de 2025;7.710
24 años;15 Navarra, Comunidad Foral de;Total;1 de enero de 2024;7.496
24 años;15 Navarra, Comunidad Foral de;Hombres;1 de enero de 2025;3.993
24 años;15 Navarra, Comunidad Foral de;Hombres;1 de enero de 2024;3.879
24 años;15 Navarra, Comunidad Foral de;Mujeres;1 de enero de 2025;3.717
24 años;15 Navarra, Comunidad Foral de;Mujeres;1 de enero de 2024;3.617
24 años;16 País Vasco;Total;1 de enero de 2025;23.426
24 años;16 País Vasco;Total;1 de enero de 2024;22.171
24 años;16 País Vasco;Hombres;1 de enero de 2025;12.230
24 años;16 País Vasco;Hombres;1 de enero de 2024;11.348
24 años;16 País Vasco;Mujeres;1 de enero de 2025;11.196
24 años;16 País Vasco;Mujeres;1 de enero de 2024;10.823
24 años;17 Rioja, La;Total;1 de enero de 2025;3.340
24 años;17 Rioja, La;Total;1 de enero de 2024;3.237
24 años;17 Rioja, La;Hombres;1 de enero de 2025;1.717
24 años;17 Rioja, La;Hombres;1 de enero de 2024;1.641
24 años;17 Rioja, La;Mujeres;1 de enero de 2025;1.623
24 años;17 Rioja, La;Mujeres;1 de enero de 2024;1.596
24 años;18 Ceuta;Total;1 de enero de 2025;1.131
24 años;18 Ceuta;Total;1 de enero de 2024;1.186
24 años;18 Ceuta;Hombres;1 de enero de 2025;567
24 años;18 Ceuta;Hombres;1 de enero de 2024;577
24 años;18 Ceuta;Mujeres;1 de enero de 2025;564
24 años;18 Ceuta;Mujeres;1 de enero de 2024;609
24 años;19 Melilla;Total;1 de enero de 2025;1.285
24 años;19 Melilla;Total;1 de enero de 2024;1.213
24 años;19 Melilla;Hombres;1 de enero de 2025;707
24 años;19 Melilla;Hombres;1 de enero de 2024;636
24 años;19 Melilla;Mujeres;1 de enero de 2025;578
24 años;19 Melilla;Mujeres;1 de enero de 2024;577
25 años;01 Andalucía;Total;1 de enero de 2025;94.290
25 años;01 Andalucía;Total;1 de enero de 2024;90.722
25 años;01 Andalucía;Hombres;1 de enero de 2025;49.116
25 años;01 Andalucía;Hombres;1 de enero de 2024;47.069
25 años;01 Andalucía;Mujeres;1 de enero de 2025;45.174
25 años;01 Andalucía;Mujeres;1 de enero de 2024;43.653
25 años;02 Aragón;Total;1 de enero de 2025;14.128
25 años;02 Aragón;Total;1 de enero de 2024;13.380
25 años;02 Aragón;Hombres;1 de enero de 2025;7.508
25 años;02 Aragón;Hombres;1 de enero de 2024;7.018
25 años;02 Aragón;Mujeres;1 de enero de 2025;6.620
25 años;02 Aragón;Mujeres;1 de enero de 2024;6.362
25 años;03 Asturias, Principado de;Total;1 de enero de 2025;8.324
25 años;03 Asturias, Principado de;Total;1 de enero de 2024;7.922
25 años;03 Asturias, Principado de;Hombres;1 de enero de 2025;4.327
25 años;03 Asturias, Principado de;Hombres;1 de enero de 2024;3.992
25 años;03 Asturias, Principado de;Mujeres;1 de enero de 2025;3.997
25 años;03 Asturias, Principado de;Mujeres;1 de enero de 2024;3.930
25 años;04 Balears, Illes;Total;1 de enero de 2025;15.230
25 años;04 Balears, Illes;Total;1 de enero de 2024;14.484
25 años;04 Balears, Illes;Hombres;1 de enero de 2025;7.757
25 años;04 Balears, Illes;Hombres;1 de enero de 2024;7.322
25 años;04 Balears, Illes;Mujeres;1 de enero de 2025;7.473
25 años;04 Balears, Illes;Mujeres;1 de enero de 2024;7.162
25 años;05 Canarias;Total;1 de enero de 2025;27.118
25 años;05 Canarias;Total;1 de enero de 2024;25.454
25 años;05 Canarias;Hombres;1 de enero de 2025;13.503
25 años;05 Canarias;Hombres;1 de enero de 2024;12.818
25 años;05 Canarias;Mujeres;1 de enero de 2025;13.615
25 años;05 Canarias;Mujeres;1 de enero de 2024;12.636
25 años;06 Cantabria;Total;1 de enero de 2025;5.356
25 años;06 Cantabria;Total;1 de enero de 2024;5.016
25 años;06 Cantabria;Hombres;1 de enero de 2025;2.721
25 años;06 Cantabria;Hombres;1 de enero de 2024;2.548
25 años;06 Cantabria;Mujeres;1 de enero de 2025;2.635
25 años;06 Cantabria;Mujeres;1 de enero de 2024;2.468
25 años;07 Castilla y León;Total;1 de enero de 2025;21.850
25 años;07 Castilla y León;Total;1 de enero de 2024;20.792
25 años;07 Castilla y León;Hombres;1 de enero de 2025;11.289
25 años;07 Castilla y León;Hombres;1 de enero de 2024;10.785
25 años;07 Castilla y León;Mujeres;1 de enero de 2025;10.561
25 años;07 Castilla y León;Mujeres;1 de enero de 2024;10.007
25 años;08 Castilla - La Mancha;Total;1 de enero de 2025;22.850
25 años;08 Castilla - La Mancha;Total;1 de enero de 2024;22.070
25 años;08 Castilla - La Mancha;Hombres;1 de enero de 2025;12.132
25 años;08 Castilla - La Mancha;Hombres;1 de enero de 2024;11.565
25 años;08 Castilla - La Mancha;Mujeres;1 de enero de 2025;10.718
25 años;08 Castilla - La Mancha;Mujeres;1 de enero de 2024;10.505
25 años;09 Cataluña;Total;1 de enero de 2025;95.291
25 años;09 Cataluña;Total;1 de enero de 2024;89.599
25 años;09 Cataluña;Hombres;1 de enero de 2025;49.362
25 años;09 Cataluña;Hombres;1 de enero de 2024;46.410
25 años;09 Cataluña;Mujeres;1 de enero de 2025;45.929
25 años;09 Cataluña;Mujeres;1 de enero de 2024;43.189
25 años;10 Comunitat Valenciana;Total;1 de enero de 2025;58.695
25 años;10 Comunitat Valenciana;Total;1 de enero de 2024;55.038
25 años;10 Comunitat Valenciana;Hombres;1 de enero de 2025;29.970
25 años;10 Comunitat Valenciana;Hombres;1 de enero de 2024;28.339
25 años;10 Comunitat Valenciana;Mujeres;1 de enero de 2025;28.725
25 años;10 Comunitat Valenciana;Mujeres;1 de enero de 2024;26.699
25 años;11 Extremadura;Total;1 de enero de 2025;10.631
25 años;11 Extremadura;Total;1 de enero de 2024;10.395
25 años;11 Extremadura;Hombres;1 de enero de 2025;5.436
25 años;11 Extremadura;Hombres;1 de enero de 2024;5.362
25 años;11 Extremadura;Mujeres;1 de enero de 2025;5.195
25 años;11 Extremadura;Mujeres;1 de enero de 2024;5.033
25 años;12 Galicia;Total;1 de enero de 2025;23.780
25 años;12 Galicia;Total;1 de enero de 2024;22.789
25 años;12 Galicia;Hombres;1 de enero de 2025;12.222
25 años;12 Galicia;Hombres;1 de enero de 2024;11.644
25 años;12 Galicia;Mujeres;1 de enero de 2025;11.558
25 años;12 Galicia;Mujeres;1 de enero de 2024;11.145
25 años;13 Madrid, Comunidad de;Total;1 de enero de 2025;85.930
25 años;13 Madrid, Comunidad de;Total;1 de enero de 2024;81.009
25 años;13 Madrid, Comunidad de;Hombres;1 de enero de 2025;42.748
25 años;13 Madrid, Comunidad de;Hombres;1 de enero de 2024;40.246
25 años;13 Madrid, Comunidad de;Mujeres;1 de enero de 2025;43.182
25 años;13 Madrid, Comunidad de;Mujeres;1 de enero de 2024;40.763
25 años;14 Murcia, Región de;Total;1 de enero de 2025;18.461
25 años;14 Murcia, Región de;Total;1 de enero de 2024;18.157
25 años;14 Murcia, Región de;Hombres;1 de enero de 2025;9.767
25 años;14 Murcia, Región de;Hombres;1 de enero de 2024;9.592
25 años;14 Murcia, Región de;Mujeres;1 de enero de 2025;8.694
25 años;14 Murcia, Región de;Mujeres;1 de enero de 2024;8.565
25 años;15 Navarra, Comunidad Foral de;Total;1 de enero de 2025;7.638
25 años;15 Navarra, Comunidad Foral de;Total;1 de enero de 2024;7.377
25 años;15 Navarra, Comunidad Foral de;Hombres;1 de enero de 2025;3.960
25 años;15 Navarra, Comunidad Foral de;Hombres;1 de enero de 2024;3.824
25 años;15 Navarra, Comunidad Foral de;Mujeres;1 de enero de 2025;3.678
25 años;15 Navarra, Comunidad Foral de;Mujeres;1 de enero de 2024;3.553
25 años;16 País Vasco;Total;1 de enero de 2025;23.082
25 años;16 País Vasco;Total;1 de enero de 2024;21.389
25 años;16 País Vasco;Hombres;1 de enero de 2025;11.831
25 años;16 País Vasco;Hombres;1 de enero de 2024;11.021
25 años;16 País Vasco;Mujeres;1 de enero de 2025;11.251
25 años;16 País Vasco;Mujeres;1 de enero de 2024;10.368
25 años;17 Rioja, La;Total;1 de enero de 2025;3.291
25 años;17 Rioja, La;Total;1 de enero de 2024;3.199
25 años;17 Rioja, La;Hombres;1 de enero de 2025;1.683
25 años;17 Rioja, La;Hombres;1 de enero de 2024;1.645
25 años;17 Rioja, La;Mujeres;1 de enero de 2025;1.608
25 años;17 Rioja, La;Mujeres;1 de enero de 2024;1.554
25 años;18 Ceuta;Total;1 de enero de 2025;1.170
25 años;18 Ceuta;Total;1 de enero de 2024;1.075
25 años;18 Ceuta;Hombres;1 de enero de 2025;569
25 años;18 Ceuta;Hombres;1 de enero de 2024;562
25 años;18 Ceuta;Mujeres;1 de enero de 2025;601
25 años;18 Ceuta;Mujeres;1 de enero de 2024;513
25 años;19 Melilla;Total;1 de enero de 2025;1.213
25 años;19 Melilla;Total;1 de enero de 2024;1.218
25 años;19 Melilla;Hombres;1 de enero de 2025;633
25 años;19 Melilla;Hombres;1 de enero de 2024;622
25 años;19 Melilla;Mujeres;1 de enero de 2025;580
25 años;19 Melilla;Mujeres;1 de enero de 2024;596
26 años;01 Andalucía;Total;1 de enero de 2025;91.605
26 años;01 Andalucía;Total;1 de enero de 2024;92.341
26 años;01 Andalucía;Hombres;1 de enero de 2025;47.694
26 años;01 Andalucía;Hombres;1 de enero de 2024;47.482
26 años;01 Andalucía;Mujeres;1 de enero de 2025;43.911
26 años;01 Andalucía;Mujeres;1 de enero de 2024;44.859
26 años;02 Aragón;Total;1 de enero de 2025;13.865
26 años;02 Aragón;Total;1 de enero de 2024;13.796
26 años;02 Aragón;Hombres;1 de enero de 2025;7.361
26 años;02 Aragón;Hombres;1 de enero de 2024;7.149
26 años;02 Aragón;Mujeres;1 de enero de 2025;6.504
26 años;02 Aragón;Mujeres;1 de enero de 2024;6.647
26 años;03 Asturias, Principado de;Total;1 de enero de 2025;8.124
26 años;03 Asturias, Principado de;Total;1 de enero de 2024;7.895
26 años;03 Asturias, Principado de;Hombres;1 de enero de 2025;4.135
26 años;03 Asturias, Principado de;Hombres;1 de enero de 2024;4.059
26 años;03 Asturias, Principado de;Mujeres;1 de enero de 2025;3.989
26 años;03 Asturias, Principado de;Mujeres;1 de enero de 2024;3.836
26 años;04 Balears, Illes;Total;1 de enero de 2025;15.383
26 años;04 Balears, Illes;Total;1 de enero de 2024;15.127
26 años;04 Balears, Illes;Hombres;1 de enero de 2025;7.723
26 años;04 Balears, Illes;Hombres;1 de enero de 2024;7.576
26 años;04 Balears, Illes;Mujeres;1 de enero de 2025;7.660
26 años;04 Balears, Illes;Mujeres;1 de enero de 2024;7.551
26 años;05 Canarias;Total;1 de enero de 2025;26.154
26 años;05 Canarias;Total;1 de enero de 2024;26.086
26 años;05 Canarias;Hombres;1 de enero de 2025;13.165
26 años;05 Canarias;Hombres;1 de enero de 2024;12.755
26 años;05 Canarias;Mujeres;1 de enero de 2025;12.989
26 años;05 Canarias;Mujeres;1 de enero de 2024;13.331
26 años;06 Cantabria;Total;1 de enero de 2025;5.079
26 años;06 Cantabria;Total;1 de enero de 2024;5.096
26 años;06 Cantabria;Hombres;1 de enero de 2025;2.595
26 años;06 Cantabria;Hombres;1 de enero de 2024;2.663
26 años;06 Cantabria;Mujeres;1 de enero de 2025;2.484
26 años;06 Cantabria;Mujeres;1 de enero de 2024;2.433
26 años;07 Castilla y León;Total;1 de enero de 2025;21.219
26 años;07 Castilla y León;Total;1 de enero de 2024;21.613
26 años;07 Castilla y León;Hombres;1 de enero de 2025;11.089
26 años;07 Castilla y León;Hombres;1 de enero de 2024;11.244
26 años;07 Castilla y León;Mujeres;1 de enero de 2025;10.130
26 años;07 Castilla y León;Mujeres;1 de enero de 2024;10.369
26 años;08 Castilla - La Mancha;Total;1 de enero de 2025;22.346
26 años;08 Castilla - La Mancha;Total;1 de enero de 2024;22.123
26 años;08 Castilla - La Mancha;Hombres;1 de enero de 2025;11.833
26 años;08 Castilla - La Mancha;Hombres;1 de enero de 2024;11.581
26 años;08 Castilla - La Mancha;Mujeres;1 de enero de 2025;10.513
26 años;08 Castilla - La Mancha;Mujeres;1 de enero de 2024;10.542
26 años;09 Cataluña;Total;1 de enero de 2025;94.731
26 años;09 Cataluña;Total;1 de enero de 2024;92.419
26 años;09 Cataluña;Hombres;1 de enero de 2025;49.272
26 años;09 Cataluña;Hombres;1 de enero de 2024;47.368
26 años;09 Cataluña;Mujeres;1 de enero de 2025;45.459
26 años;09 Cataluña;Mujeres;1 de enero de 2024;45.051
26 años;10 Comunitat Valenciana;Total;1 de enero de 2025;57.799
26 años;10 Comunitat Valenciana;Total;1 de enero de 2024;56.170
26 años;10 Comunitat Valenciana;Hombres;1 de enero de 2025;29.822
26 años;10 Comunitat Valenciana;Hombres;1 de enero de 2024;28.806
26 años;10 Comunitat Valenciana;Mujeres;1 de enero de 2025;27.977
26 años;10 Comunitat Valenciana;Mujeres;1 de enero de 2024;27.364
26 años;11 Extremadura;Total;1 de enero de 2025;10.304
26 años;11 Extremadura;Total;1 de enero de 2024;10.628
26 años;11 Extremadura;Hombres;1 de enero de 2025;5.312
26 años;11 Extremadura;Hombres;1 de enero de 2024;5.567
26 años;11 Extremadura;Mujeres;1 de enero de 2025;4.992
26 años;11 Extremadura;Mujeres;1 de enero de 2024;5.061
26 años;12 Galicia;Total;1 de enero de 2025;23.427
26 años;12 Galicia;Total;1 de enero de 2024;23.116
26 años;12 Galicia;Hombres;1 de enero de 2025;11.976
26 años;12 Galicia;Hombres;1 de enero de 2024;11.778
26 años;12 Galicia;Mujeres;1 de enero de 2025;11.451
26 años;12 Galicia;Mujeres;1 de enero de 2024;11.338
26 años;13 Madrid, Comunidad de;Total;1 de enero de 2025;86.160
26 años;13 Madrid, Comunidad de;Total;1 de enero de 2024;84.282
26 años;13 Madrid, Comunidad de;Hombres;1 de enero de 2025;42.882
26 años;13 Madrid, Comunidad de;Hombres;1 de enero de 2024;41.688
26 años;13 Madrid, Comunidad de;Mujeres;1 de enero de 2025;43.278
26 años;13 Madrid, Comunidad de;Mujeres;1 de enero de 2024;42.594
26 años;14 Murcia, Región de;Total;1 de enero de 2025;18.589
26 años;14 Murcia, Región de;Total;1 de enero de 2024;18.197
26 años;14 Murcia, Región de;Hombres;1 de enero de 2025;9.856
26 años;14 Murcia, Región de;Hombres;1 de enero de 2024;9.562
26 años;14 Murcia, Región de;Mujeres;1 de enero de 2025;8.733
26 años;14 Murcia, Región de;Mujeres;1 de enero de 2024;8.635
26 años;15 Navarra, Comunidad Foral de;Total;1 de enero de 2025;7.509
26 años;15 Navarra, Comunidad Foral de;Total;1 de enero de 2024;7.453
26 años;15 Navarra, Comunidad Foral de;Hombres;1 de enero de 2025;3.886
26 años;15 Navarra, Comunidad Foral de;Hombres;1 de enero de 2024;3.805
26 años;15 Navarra, Comunidad Foral de;Mujeres;1 de enero de 2025;3.623
26 años;15 Navarra, Comunidad Foral de;Mujeres;1 de enero de 2024;3.648
26 años;16 País Vasco;Total;1 de enero de 2025;22.290
26 años;16 País Vasco;Total;1 de enero de 2024;21.979
26 años;16 País Vasco;Hombres;1 de enero de 2025;11.501
26 años;16 País Vasco;Hombres;1 de enero de 2024;11.305
26 años;16 País Vasco;Mujeres;1 de enero de 2025;10.789
26 años;16 País Vasco;Mujeres;1 de enero de 2024;10.674
26 años;17 Rioja, La;Total;1 de enero de 2025;3.240
26 años;17 Rioja, La;Total;1 de enero de 2024;3.245
26 años;17 Rioja, La;Hombres;1 de enero de 2025;1.673
26 años;17 Rioja, La;Hombres;1 de enero de 2024;1.677
26 años;17 Rioja, La;Mujeres;1 de enero de 2025;1.567
26 años;17 Rioja, La;Mujeres;1 de enero de 2024;1.568
26 años;18 Ceuta;Total;1 de enero de 2025;1.069
26 años;18 Ceuta;Total;1 de enero de 2024;1.127
26 años;18 Ceuta;Hombres;1 de enero de 2025;574
26 años;18 Ceuta;Hombres;1 de enero de 2024;562
26 años;18 Ceuta;Mujeres;1 de enero de 2025;495
26 años;18 Ceuta;Mujeres;1 de enero de 2024;565
26 años;19 Melilla;Total;1 de enero de 2025;1.239
26 años;19 Melilla;Total;1 de enero de 2024;1.175
26 años;19 Melilla;Hombres;1 de enero de 2025;640
26 años;19 Melilla;Hombres;1 de enero de 2024;605
26 años;19 Melilla;Mujeres;1 de enero de 2025;599
26 años;19 Melilla;Mujeres;1 de enero de 2024;570
27 años;01 Andalucía;Total;1 de enero de 2025;93.409
27 años;01 Andalucía;Total;1 de enero de 2024;91.653
27 años;01 Andalucía;Hombres;1 de enero de 2025;48.076
27 años;01 Andalucía;Hombres;1 de enero de 2024;47.082
27 años;01 Andalucía;Mujeres;1 de enero de 2025;45.333
27 años;01 Andalucía;Mujeres;1 de enero de 2024;44.571
27 años;02 Aragón;Total;1 de enero de 2025;14.247
27 años;02 Aragón;Total;1 de enero de 2024;13.946
27 años;02 Aragón;Hombres;1 de enero de 2025;7.469
27 años;02 Aragón;Hombres;1 de enero de 2024;7.255
27 años;02 Aragón;Mujeres;1 de enero de 2025;6.778
27 años;02 Aragón;Mujeres;1 de enero de 2024;6.691
27 años;03 Asturias, Principado de;Total;1 de enero de 2025;8.109
27 años;03 Asturias, Principado de;Total;1 de enero de 2024;7.869
27 años;03 Asturias, Principado de;Hombres;1 de enero de 2025;4.184
27 años;03 Asturias, Principado de;Hombres;1 de enero de 2024;3.967
27 años;03 Asturias, Principado de;Mujeres;1 de enero de 2025;3.925
27 años;03 Asturias, Principado de;Mujeres;1 de enero de 2024;3.902
27 años;04 Balears, Illes;Total;1 de enero de 2025;15.999
27 años;04 Balears, Illes;Total;1 de enero de 2024;15.431
27 años;04 Balears, Illes;Hombres;1 de enero de 2025;8.029
27 años;04 Balears, Illes;Hombres;1 de enero de 2024;7.814
27 años;04 Balears, Illes;Mujeres;1 de enero de 2025;7.970
27 años;04 Balears, Illes;Mujeres;1 de enero de 2024;7.617
27 años;05 Canarias;Total;1 de enero de 2025;26.654
27 años;05 Canarias;Total;1 de enero de 2024;26.286
27 años;05 Canarias;Hombres;1 de enero de 2025;13.066
27 años;05 Canarias;Hombres;1 de enero de 2024;12.970
27 años;05 Canarias;Mujeres;1 de enero de 2025;13.588
27 años;05 Canarias;Mujeres;1 de enero de 2024;13.316
27 años;06 Cantabria;Total;1 de enero de 2025;5.203
27 años;06 Cantabria;Total;1 de enero de 2024;5.052
27 años;06 Cantabria;Hombres;1 de enero de 2025;2.708
27 años;06 Cantabria;Hombres;1 de enero de 2024;2.570
27 años;06 Cantabria;Mujeres;1 de enero de 2025;2.495
27 años;06 Cantabria;Mujeres;1 de enero de 2024;2.482
27 años;07 Castilla y León;Total;1 de enero de 2025;22.099
27 años;07 Castilla y León;Total;1 de enero de 2024;21.150
27 años;07 Castilla y León;Hombres;1 de enero de 2025;11.503
27 años;07 Castilla y León;Hombres;1 de enero de 2024;10.924
27 años;07 Castilla y León;Mujeres;1 de enero de 2025;10.596
27 años;07 Castilla y León;Mujeres;1 de enero de 2024;10.226
27 años;08 Castilla - La Mancha;Total;1 de enero de 2025;22.516
27 años;08 Castilla - La Mancha;Total;1 de enero de 2024;21.882
27 años;08 Castilla - La Mancha;Hombres;1 de enero de 2025;11.901
27 años;08 Castilla - La Mancha;Hombres;1 de enero de 2024;11.497
27 años;08 Castilla - La Mancha;Mujeres;1 de enero de 2025;10.615
27 años;08 Castilla - La Mancha;Mujeres;1 de enero de 2024;10.385
27 años;09 Cataluña;Total;1 de enero de 2025;97.437
27 años;09 Cataluña;Total;1 de enero de 2024;92.400
27 años;09 Cataluña;Hombres;1 de enero de 2025;50.195
27 años;09 Cataluña;Hombres;1 de enero de 2024;47.549
27 años;09 Cataluña;Mujeres;1 de enero de 2025;47.242
27 años;09 Cataluña;Mujeres;1 de enero de 2024;44.851
27 años;10 Comunitat Valenciana;Total;1 de enero de 2025;58.863
27 años;10 Comunitat Valenciana;Total;1 de enero de 2024;56.441
27 años;10 Comunitat Valenciana;Hombres;1 de enero de 2025;30.293
27 años;10 Comunitat Valenciana;Hombres;1 de enero de 2024;28.958
27 años;10 Comunitat Valenciana;Mujeres;1 de enero de 2025;28.570
27 años;10 Comunitat Valenciana;Mujeres;1 de enero de 2024;27.483
27 años;11 Extremadura;Total;1 de enero de 2025;10.496
27 años;11 Extremadura;Total;1 de enero de 2024;10.458
27 años;11 Extremadura;Hombres;1 de enero de 2025;5.532
27 años;11 Extremadura;Hombres;1 de enero de 2024;5.353
27 años;11 Extremadura;Mujeres;1 de enero de 2025;4.964
27 años;11 Extremadura;Mujeres;1 de enero de 2024;5.105
27 años;12 Galicia;Total;1 de enero de 2025;23.782
27 años;12 Galicia;Total;1 de enero de 2024;22.911
27 años;12 Galicia;Hombres;1 de enero de 2025;12.161
27 años;12 Galicia;Hombres;1 de enero de 2024;11.546
27 años;12 Galicia;Mujeres;1 de enero de 2025;11.621
27 años;12 Galicia;Mujeres;1 de enero de 2024;11.365
27 años;13 Madrid, Comunidad de;Total;1 de enero de 2025;89.274
27 años;13 Madrid, Comunidad de;Total;1 de enero de 2024;84.933
27 años;13 Madrid, Comunidad de;Hombres;1 de enero de 2025;44.171
27 años;13 Madrid, Comunidad de;Hombres;1 de enero de 2024;41.476
27 años;13 Madrid, Comunidad de;Mujeres;1 de enero de 2025;45.103
27 años;13 Madrid, Comunidad de;Mujeres;1 de enero de 2024;43.457
27 años;14 Murcia, Región de;Total;1 de enero de 2025;18.591
27 años;14 Murcia, Región de;Total;1 de enero de 2024;17.837
27 años;14 Murcia, Región de;Hombres;1 de enero de 2025;9.855
27 años;14 Murcia, Región de;Hombres;1 de enero de 2024;9.412
27 años;14 Murcia, Región de;Mujeres;1 de enero de 2025;8.736
27 años;14 Murcia, Región de;Mujeres;1 de enero de 2024;8.425
27 años;15 Navarra, Comunidad Foral de;Total;1 de enero de 2025;7.629
27 años;15 Navarra, Comunidad Foral de;Total;1 de enero de 2024;7.313
27 años;15 Navarra, Comunidad Foral de;Hombres;1 de enero de 2025;3.897
27 años;15 Navarra, Comunidad Foral de;Hombres;1 de enero de 2024;3.677
27 años;15 Navarra, Comunidad Foral de;Mujeres;1 de enero de 2025;3.732
27 años;15 Navarra, Comunidad Foral de;Mujeres;1 de enero de 2024;3.636
27 años;16 País Vasco;Total;1 de enero de 2025;22.717
27 años;16 País Vasco;Total;1 de enero de 2024;21.951
27 años;16 País Vasco;Hombres;1 de enero de 2025;11.694
27 años;16 País Vasco;Hombres;1 de enero de 2024;11.161
27 años;16 País Vasco;Mujeres;1 de enero de 2025;11.023
27 años;16 País Vasco;Mujeres;1 de enero de 2024;10.790
27 años;17 Rioja, La;Total;1 de enero de 2025;3.306
27 años;17 Rioja, La;Total;1 de enero de 2024;3.087
27 años;17 Rioja, La;Hombres;1 de enero de 2025;1.706
27 años;17 Rioja, La;Hombres;1 de enero de 2024;1.520
27 años;17 Rioja, La;Mujeres;1 de enero de 2025;1.600
27 años;17 Rioja, La;Mujeres;1 de enero de 2024;1.567
27 años;18 Ceuta;Total;1 de enero de 2025;1.126
27 años;18 Ceuta;Total;1 de enero de 2024;1.010
27 años;18 Ceuta;Hombres;1 de enero de 2025;563
27 años;18 Ceuta;Hombres;1 de enero de 2024;537
27 años;18 Ceuta;Mujeres;1 de enero de 2025;563
27 años;18 Ceuta;Mujeres;1 de enero de 2024;473
27 años;19 Melilla;Total;1 de enero de 2025;1.189
27 años;19 Melilla;Total;1 de enero de 2024;1.174
27 años;19 Melilla;Hombres;1 de enero de 2025;605
27 años;19 Melilla;Hombres;1 de enero de 2024;626
27 años;19 Melilla;Mujeres;1 de enero de 2025;584
27 años;19 Melilla;Mujeres;1 de enero de 2024;548
28 años;01 Andalucía;Total;1 de enero de 2025;92.790
28 años;01 Andalucía;Total;1 de enero de 2024;93.210
28 años;01 Andalucía;Hombres;1 de enero de 2025;47.658
28 años;01 Andalucía;Hombres;1 de enero de 2024;47.840
28 años;01 Andalucía;Mujeres;1 de enero de 2025;45.132
28 años;01 Andalucía;Mujeres;1 de enero de 2024;45.370
28 años;02 Aragón;Total;1 de enero de 2025;14.411
28 años;02 Aragón;Total;1 de enero de 2024;13.741
28 años;02 Aragón;Hombres;1 de enero de 2025;7.550
28 años;02 Aragón;Hombres;1 de enero de 2024;7.160
28 años;02 Aragón;Mujeres;1 de enero de 2025;6.861
28 años;02 Aragón;Mujeres;1 de enero de 2024;6.581
28 años;03 Asturias, Principado de;Total;1 de enero de 2025;8.122
28 años;03 Asturias, Principado de;Total;1 de enero de 2024;7.980
28 años;03 Asturias, Principado de;Hombres;1 de enero de 2025;4.089
28 años;03 Asturias, Principado de;Hombres;1 de enero de 2024;4.037
28 años;03 Asturias, Principado de;Mujeres;1 de enero de 2025;4.033
28 años;03 Asturias, Principado de;Mujeres;1 de enero de 2024;3.943
28 años;04 Balears, Illes;Total;1 de enero de 2025;16.222
28 años;04 Balears, Illes;Total;1 de enero de 2024;15.837
28 años;04 Balears, Illes;Hombres;1 de enero de 2025;8.256
28 años;04 Balears, Illes;Hombres;1 de enero de 2024;7.978
28 años;04 Balears, Illes;Mujeres;1 de enero de 2025;7.966
28 años;04 Balears, Illes;Mujeres;1 de enero de 2024;7.859
28 años;05 Canarias;Total;1 de enero de 2025;26.792
28 años;05 Canarias;Total;1 de enero de 2024;26.664
28 años;05 Canarias;Hombres;1 de enero de 2025;13.349
28 años;05 Canarias;Hombres;1 de enero de 2024;13.221
28 años;05 Canarias;Mujeres;1 de enero de 2025;13.443
28 años;05 Canarias;Mujeres;1 de enero de 2024;13.443
28 años;06 Cantabria;Total;1 de enero de 2025;5.205
28 años;06 Cantabria;Total;1 de enero de 2024;5.002
28 años;06 Cantabria;Hombres;1 de enero de 2025;2.662
28 años;06 Cantabria;Hombres;1 de enero de 2024;2.545
28 años;06 Cantabria;Mujeres;1 de enero de 2025;2.543
28 años;06 Cantabria;Mujeres;1 de enero de 2024;2.457
28 años;07 Castilla y León;Total;1 de enero de 2025;21.587
28 años;07 Castilla y León;Total;1 de enero de 2024;21.185
28 años;07 Castilla y León;Hombres;1 de enero de 2025;11.222
28 años;07 Castilla y León;Hombres;1 de enero de 2024;10.871
28 años;07 Castilla y León;Mujeres;1 de enero de 2025;10.365
28 años;07 Castilla y León;Mujeres;1 de enero de 2024;10.314
28 años;08 Castilla - La Mancha;Total;1 de enero de 2025;22.308
28 años;08 Castilla - La Mancha;Total;1 de enero de 2024;22.251
28 años;08 Castilla - La Mancha;Hombres;1 de enero de 2025;11.834
28 años;08 Castilla - La Mancha;Hombres;1 de enero de 2024;11.794
28 años;08 Castilla - La Mancha;Mujeres;1 de enero de 2025;10.474
28 años;08 Castilla - La Mancha;Mujeres;1 de enero de 2024;10.457
28 años;09 Cataluña;Total;1 de enero de 2025;97.210
28 años;09 Cataluña;Total;1 de enero de 2024;93.932
28 años;09 Cataluña;Hombres;1 de enero de 2025;50.374
28 años;09 Cataluña;Hombres;1 de enero de 2024;48.041
28 años;09 Cataluña;Mujeres;1 de enero de 2025;46.836
28 años;09 Cataluña;Mujeres;1 de enero de 2024;45.891
28 años;10 Comunitat Valenciana;Total;1 de enero de 2025;59.333
28 años;10 Comunitat Valenciana;Total;1 de enero de 2024;56.900
28 años;10 Comunitat Valenciana;Hombres;1 de enero de 2025;30.514
28 años;10 Comunitat Valenciana;Hombres;1 de enero de 2024;29.114
28 años;10 Comunitat Valenciana;Mujeres;1 de enero de 2025;28.819
28 años;10 Comunitat Valenciana;Mujeres;1 de enero de 2024;27.786
28 años;11 Extremadura;Total;1 de enero de 2025;10.382
28 años;11 Extremadura;Total;1 de enero de 2024;10.604
28 años;11 Extremadura;Hombres;1 de enero de 2025;5.314
28 años;11 Extremadura;Hombres;1 de enero de 2024;5.478
28 años;11 Extremadura;Mujeres;1 de enero de 2025;5.068
28 años;11 Extremadura;Mujeres;1 de enero de 2024;5.126
28 años;12 Galicia;Total;1 de enero de 2025;23.446
28 años;12 Galicia;Total;1 de enero de 2024;23.294
28 años;12 Galicia;Hombres;1 de enero de 2025;11.838
28 años;12 Galicia;Hombres;1 de enero de 2024;11.823
28 años;12 Galicia;Mujeres;1 de enero de 2025;11.608
28 años;12 Galicia;Mujeres;1 de enero de 2024;11.471
28 años;13 Madrid, Comunidad de;Total;1 de enero de 2025;89.311
28 años;13 Madrid, Comunidad de;Total;1 de enero de 2024;86.198
28 años;13 Madrid, Comunidad de;Hombres;1 de enero de 2025;43.707
28 años;13 Madrid, Comunidad de;Hombres;1 de enero de 2024;42.444
28 años;13 Madrid, Comunidad de;Mujeres;1 de enero de 2025;45.604
28 años;13 Madrid, Comunidad de;Mujeres;1 de enero de 2024;43.754
28 años;14 Murcia, Región de;Total;1 de enero de 2025;18.169
28 años;14 Murcia, Región de;Total;1 de enero de 2024;17.905
28 años;14 Murcia, Región de;Hombres;1 de enero de 2025;9.584
28 años;14 Murcia, Región de;Hombres;1 de enero de 2024;9.376
28 años;14 Murcia, Región de;Mujeres;1 de enero de 2025;8.585
28 años;14 Murcia, Región de;Mujeres;1 de enero de 2024;8.529
28 años;15 Navarra, Comunidad Foral de;Total;1 de enero de 2025;7.534
28 años;15 Navarra, Comunidad Foral de;Total;1 de enero de 2024;7.231
28 años;15 Navarra, Comunidad Foral de;Hombres;1 de enero de 2025;3.838
28 años;15 Navarra, Comunidad Foral de;Hombres;1 de enero de 2024;3.711
28 años;15 Navarra, Comunidad Foral de;Mujeres;1 de enero de 2025;3.696
28 años;15 Navarra, Comunidad Foral de;Mujeres;1 de enero de 2024;3.520
28 años;16 País Vasco;Total;1 de enero de 2025;22.772
28 años;16 País Vasco;Total;1 de enero de 2024;21.340
28 años;16 País Vasco;Hombres;1 de enero de 2025;11.644
28 años;16 País Vasco;Hombres;1 de enero de 2024;10.919
28 años;16 País Vasco;Mujeres;1 de enero de 2025;11.128
28 años;16 País Vasco;Mujeres;1 de enero de 2024;10.421
28 años;17 Rioja, La;Total;1 de enero de 2025;3.174
28 años;17 Rioja, La;Total;1 de enero de 2024;3.047
28 años;17 Rioja, La;Hombres;1 de enero de 2025;1.560
28 años;17 Rioja, La;Hombres;1 de enero de 2024;1.594
28 años;17 Rioja, La;Mujeres;1 de enero de 2025;1.614
28 años;17 Rioja, La;Mujeres;1 de enero de 2024;1.453
28 años;18 Ceuta;Total;1 de enero de 2025;1.013
28 años;18 Ceuta;Total;1 de enero de 2024;1.064
28 años;18 Ceuta;Hombres;1 de enero de 2025;539
28 años;18 Ceuta;Hombres;1 de enero de 2024;534
28 años;18 Ceuta;Mujeres;1 de enero de 2025;474
28 años;18 Ceuta;Mujeres;1 de enero de 2024;530
28 años;19 Melilla;Total;1 de enero de 2025;1.175
28 años;19 Melilla;Total;1 de enero de 2024;1.229
28 años;19 Melilla;Hombres;1 de enero de 2025;622
28 años;19 Melilla;Hombres;1 de enero de 2024;625
28 años;19 Melilla;Mujeres;1 de enero de 2025;553
28 años;19 Melilla;Mujeres;1 de enero de 2024;604
29 años;01 Andalucía;Total;1 de enero de 2025;94.315
29 años;01 Andalucía;Total;1 de enero de 2024;94.917
29 años;01 Andalucía;Hombres;1 de enero de 2025;48.439
29 años;01 Andalucía;Hombres;1 de enero de 2024;48.470
29 años;01 Andalucía;Mujeres;1 de enero de 2025;45.876
29 años;01 Andalucía;Mujeres;1 de enero de 2024;46.447
29 años;02 Aragón;Total;1 de enero de 2025;14.322
29 años;02 Aragón;Total;1 de enero de 2024;14.248
29 años;02 Aragón;Hombres;1 de enero de 2025;7.527
29 años;02 Aragón;Hombres;1 de enero de 2024;7.354
29 años;02 Aragón;Mujeres;1 de enero de 2025;6.795
29 años;02 Aragón;Mujeres;1 de enero de 2024;6.894
29 años;03 Asturias, Principado de;Total;1 de enero de 2025;8.278
29 años;03 Asturias, Principado de;Total;1 de enero de 2024;7.953
29 años;03 Asturias, Principado de;Hombres;1 de enero de 2025;4.197
29 años;03 Asturias, Principado de;Hombres;1 de enero de 2024;3.924
29 años;03 Asturias, Principado de;Mujeres;1 de enero de 2025;4.081
29 años;03 Asturias, Principado de;Mujeres;1 de enero de 2024;4.029
29 años;04 Balears, Illes;Total;1 de enero de 2025;16.499
29 años;04 Balears, Illes;Total;1 de enero de 2024;16.079
29 años;04 Balears, Illes;Hombres;1 de enero de 2025;8.347
29 años;04 Balears, Illes;Hombres;1 de enero de 2024;8.164
29 años;04 Balears, Illes;Mujeres;1 de enero de 2025;8.152
29 años;04 Balears, Illes;Mujeres;1 de enero de 2024;7.915
29 años;05 Canarias;Total;1 de enero de 2025;27.119
29 años;05 Canarias;Total;1 de enero de 2024;26.932
29 años;05 Canarias;Hombres;1 de enero de 2025;13.502
29 años;05 Canarias;Hombres;1 de enero de 2024;13.561
29 años;05 Canarias;Mujeres;1 de enero de 2025;13.617
29 años;05 Canarias;Mujeres;1 de enero de 2024;13.371
29 años;06 Cantabria;Total;1 de enero de 2025;5.129
29 años;06 Cantabria;Total;1 de enero de 2024;5.044
29 años;06 Cantabria;Hombres;1 de enero de 2025;2.611
29 años;06 Cantabria;Hombres;1 de enero de 2024;2.595
29 años;06 Cantabria;Mujeres;1 de enero de 2025;2.518
29 años;06 Cantabria;Mujeres;1 de enero de 2024;2.449
29 años;07 Castilla y León;Total;1 de enero de 2025;21.620
29 años;07 Castilla y León;Total;1 de enero de 2024;21.272
29 años;07 Castilla y León;Hombres;1 de enero de 2025;11.105
29 años;07 Castilla y León;Hombres;1 de enero de 2024;11.124
29 años;07 Castilla y León;Mujeres;1 de enero de 2025;10.515
29 años;07 Castilla y León;Mujeres;1 de enero de 2024;10.148
29 años;08 Castilla - La Mancha;Total;1 de enero de 2025;22.688
29 años;08 Castilla - La Mancha;Total;1 de enero de 2024;22.511
29 años;08 Castilla - La Mancha;Hombres;1 de enero de 2025;12.108
29 años;08 Castilla - La Mancha;Hombres;1 de enero de 2024;11.862
29 años;08 Castilla - La Mancha;Mujeres;1 de enero de 2025;10.580
29 años;08 Castilla - La Mancha;Mujeres;1 de enero de 2024;10.649
29 años;09 Cataluña;Total;1 de enero de 2025;98.445
29 años;09 Cataluña;Total;1 de enero de 2024;96.169
29 años;09 Cataluña;Hombres;1 de enero de 2025;50.590
29 años;09 Cataluña;Hombres;1 de enero de 2024;48.943
29 años;09 Cataluña;Mujeres;1 de enero de 2025;47.855
29 años;09 Cataluña;Mujeres;1 de enero de 2024;47.226
29 años;10 Comunitat Valenciana;Total;1 de enero de 2025;59.671
29 años;10 Comunitat Valenciana;Total;1 de enero de 2024;57.392
29 años;10 Comunitat Valenciana;Hombres;1 de enero de 2025;30.627
29 años;10 Comunitat Valenciana;Hombres;1 de enero de 2024;29.130
29 años;10 Comunitat Valenciana;Mujeres;1 de enero de 2025;29.044
29 años;10 Comunitat Valenciana;Mujeres;1 de enero de 2024;28.262
29 años;11 Extremadura;Total;1 de enero de 2025;10.535
29 años;11 Extremadura;Total;1 de enero de 2024;10.881
29 años;11 Extremadura;Hombres;1 de enero de 2025;5.440
29 años;11 Extremadura;Hombres;1 de enero de 2024;5.573
29 años;11 Extremadura;Mujeres;1 de enero de 2025;5.095
29 años;11 Extremadura;Mujeres;1 de enero de 2024;5.308
29 años;12 Galicia;Total;1 de enero de 2025;23.887
29 años;12 Galicia;Total;1 de enero de 2024;23.985
29 años;12 Galicia;Hombres;1 de enero de 2025;12.179
29 años;12 Galicia;Hombres;1 de enero de 2024;12.100
29 años;12 Galicia;Mujeres;1 de enero de 2025;11.708
29 años;12 Galicia;Mujeres;1 de enero de 2024;11.885
29 años;13 Madrid, Comunidad de;Total;1 de enero de 2025;90.168
29 años;13 Madrid, Comunidad de;Total;1 de enero de 2024;88.193
29 años;13 Madrid, Comunidad de;Hombres;1 de enero de 2025;44.538
29 años;13 Madrid, Comunidad de;Hombres;1 de enero de 2024;43.548
29 años;13 Madrid, Comunidad de;Mujeres;1 de enero de 2025;45.630
29 años;13 Madrid, Comunidad de;Mujeres;1 de enero de 2024;44.645
29 años;14 Murcia, Región de;Total;1 de enero de 2025;18.326
29 años;14 Murcia, Región de;Total;1 de enero de 2024;17.715
29 años;14 Murcia, Región de;Hombres;1 de enero de 2025;9.583
29 años;14 Murcia, Región de;Hombres;1 de enero de 2024;9.332
29 años;14 Murcia, Región de;Mujeres;1 de enero de 2025;8.743
29 años;14 Murcia, Región de;Mujeres;1 de enero de 2024;8.383
29 años;15 Navarra, Comunidad Foral de;Total;1 de enero de 2025;7.383
29 años;15 Navarra, Comunidad Foral de;Total;1 de enero de 2024;7.350
29 años;15 Navarra, Comunidad Foral de;Hombres;1 de enero de 2025;3.811
29 años;15 Navarra, Comunidad Foral de;Hombres;1 de enero de 2024;3.795
29 años;15 Navarra, Comunidad Foral de;Mujeres;1 de enero de 2025;3.572
29 años;15 Navarra, Comunidad Foral de;Mujeres;1 de enero de 2024;3.555
29 años;16 País Vasco;Total;1 de enero de 2025;22.066
29 años;16 País Vasco;Total;1 de enero de 2024;21.272
29 años;16 País Vasco;Hombres;1 de enero de 2025;11.341
29 años;16 País Vasco;Hombres;1 de enero de 2024;10.874
29 años;16 País Vasco;Mujeres;1 de enero de 2025;10.725
29 años;16 País Vasco;Mujeres;1 de enero de 2024;10.398
29 años;17 Rioja, La;Total;1 de enero de 2025;3.145
29 años;17 Rioja, La;Total;1 de enero de 2024;3.178
29 años;17 Rioja, La;Hombres;1 de enero de 2025;1.633
29 años;17 Rioja, La;Hombres;1 de enero de 2024;1.595
29 años;17 Rioja, La;Mujeres;1 de enero de 2025;1.512
29 años;17 Rioja, La;Mujeres;1 de enero de 2024;1.583
29 años;18 Ceuta;Total;1 de enero de 2025;1.067
29 años;18 Ceuta;Total;1 de enero de 2024;1.020
29 años;18 Ceuta;Hombres;1 de enero de 2025;540
29 años;18 Ceuta;Hombres;1 de enero de 2024;505
29 años;18 Ceuta;Mujeres;1 de enero de 2025;527
29 años;18 Ceuta;Mujeres;1 de enero de 2024;515
29 años;19 Melilla;Total;1 de enero de 2025;1.246
29 años;19 Melilla;Total;1 de enero de 2024;1.166
29 años;19 Melilla;Hombres;1 de enero de 2025;637
29 años;19 Melilla;Hombres;1 de enero de 2024;605
29 años;19 Melilla;Mujeres;1 de enero de 2025;609
29 años;19 Melilla;Mujeres;1 de enero de 2024;561
30 años;01 Andalucía;Total;1 de enero de 2025;96.159
30 años;01 Andalucía;Total;1 de enero de 2024;99.346
30 años;01 Andalucía;Hombres;1 de enero de 2025;49.159
30 años;01 Andalucía;Hombres;1 de enero de 2024;50.792
30 años;01 Andalucía;Mujeres;1 de enero de 2025;47.000
30 años;01 Andalucía;Mujeres;1 de enero de 2024;48.554
30 años;02 Aragón;Total;1 de enero de 2025;14.735
30 años;02 Aragón;Total;1 de enero de 2024;14.264
30 años;02 Aragón;Hombres;1 de enero de 2025;7.663
30 años;02 Aragón;Hombres;1 de enero de 2024;7.356
30 años;02 Aragón;Mujeres;1 de enero de 2025;7.072
30 años;02 Aragón;Mujeres;1 de enero de 2024;6.908
30 años;03 Asturias, Principado de;Total;1 de enero de 2025;8.247
30 años;03 Asturias, Principado de;Total;1 de enero de 2024;8.163
30 años;03 Asturias, Principado de;Hombres;1 de enero de 2025;4.082
30 años;03 Asturias, Principado de;Hombres;1 de enero de 2024;4.150
30 años;03 Asturias, Principado de;Mujeres;1 de enero de 2025;4.165
30 años;03 Asturias, Principado de;Mujeres;1 de enero de 2024;4.013
30 años;04 Balears, Illes;Total;1 de enero de 2025;16.765
30 años;04 Balears, Illes;Total;1 de enero de 2024;16.497
30 años;04 Balears, Illes;Hombres;1 de enero de 2025;8.459
30 años;04 Balears, Illes;Hombres;1 de enero de 2024;8.258
30 años;04 Balears, Illes;Mujeres;1 de enero de 2025;8.306
30 años;04 Balears, Illes;Mujeres;1 de enero de 2024;8.239
30 años;05 Canarias;Total;1 de enero de 2025;27.368
30 años;05 Canarias;Total;1 de enero de 2024;27.673
30 años;05 Canarias;Hombres;1 de enero de 2025;13.795
30 años;05 Canarias;Hombres;1 de enero de 2024;13.868
30 años;05 Canarias;Mujeres;1 de enero de 2025;13.573
30 años;05 Canarias;Mujeres;1 de enero de 2024;13.805
30 años;06 Cantabria;Total;1 de enero de 2025;5.155
30 años;06 Cantabria;Total;1 de enero de 2024;5.397
30 años;06 Cantabria;Hombres;1 de enero de 2025;2.644
30 años;06 Cantabria;Hombres;1 de enero de 2024;2.716
30 años;06 Cantabria;Mujeres;1 de enero de 2025;2.511
30 años;06 Cantabria;Mujeres;1 de enero de 2024;2.681
30 años;07 Castilla y León;Total;1 de enero de 2025;21.772
30 años;07 Castilla y León;Total;1 de enero de 2024;22.099
30 años;07 Castilla y León;Hombres;1 de enero de 2025;11.370
30 años;07 Castilla y León;Hombres;1 de enero de 2024;11.363
30 años;07 Castilla y León;Mujeres;1 de enero de 2025;10.402
30 años;07 Castilla y León;Mujeres;1 de enero de 2024;10.736
30 años;08 Castilla - La Mancha;Total;1 de enero de 2025;23.017
30 años;08 Castilla - La Mancha;Total;1 de enero de 2024;23.036
30 años;08 Castilla - La Mancha;Hombres;1 de enero de 2025;12.195
30 años;08 Castilla - La Mancha;Hombres;1 de enero de 2024;12.062
30 años;08 Castilla - La Mancha;Mujeres;1 de enero de 2025;10.822
30 años;08 Castilla - La Mancha;Mujeres;1 de enero de 2024;10.974
30 años;09 Cataluña;Total;1 de enero de 2025;100.527
30 años;09 Cataluña;Total;1 de enero de 2024;97.545
30 años;09 Cataluña;Hombres;1 de enero de 2025;51.599
30 años;09 Cataluña;Hombres;1 de enero de 2024;49.690
30 años;09 Cataluña;Mujeres;1 de enero de 2025;48.928
30 años;09 Cataluña;Mujeres;1 de enero de 2024;47.855
30 años;10 Comunitat Valenciana;Total;1 de enero de 2025;60.446
30 años;10 Comunitat Valenciana;Total;1 de enero de 2024;58.711
30 años;10 Comunitat Valenciana;Hombres;1 de enero de 2025;30.759
30 años;10 Comunitat Valenciana;Hombres;1 de enero de 2024;29.914
30 años;10 Comunitat Valenciana;Mujeres;1 de enero de 2025;29.687
30 años;10 Comunitat Valenciana;Mujeres;1 de enero de 2024;28.797
30 años;11 Extremadura;Total;1 de enero de 2025;10.865
30 años;11 Extremadura;Total;1 de enero de 2024;11.243
30 años;11 Extremadura;Hombres;1 de enero de 2025;5.534
30 años;11 Extremadura;Hombres;1 de enero de 2024;5.750
30 años;11 Extremadura;Mujeres;1 de enero de 2025;5.331
30 años;11 Extremadura;Mujeres;1 de enero de 2024;5.493
30 años;12 Galicia;Total;1 de enero de 2025;24.531
30 años;12 Galicia;Total;1 de enero de 2024;25.599
30 años;12 Galicia;Hombres;1 de enero de 2025;12.374
30 años;12 Galicia;Hombres;1 de enero de 2024;13.021
30 años;12 Galicia;Mujeres;1 de enero de 2025;12.157
30 años;12 Galicia;Mujeres;1 de enero de 2024;12.578
30 años;13 Madrid, Comunidad de;Total;1 de enero de 2025;91.864
30 años;13 Madrid, Comunidad de;Total;1 de enero de 2024;90.054
30 años;13 Madrid, Comunidad de;Hombres;1 de enero de 2025;45.530
30 años;13 Madrid, Comunidad de;Hombres;1 de enero de 2024;44.313
30 años;13 Madrid, Comunidad de;Mujeres;1 de enero de 2025;46.334
30 años;13 Madrid, Comunidad de;Mujeres;1 de enero de 2024;45.741
30 años;14 Murcia, Región de;Total;1 de enero de 2025;18.108
30 años;14 Murcia, Región de;Total;1 de enero de 2024;18.644
30 años;14 Murcia, Región de;Hombres;1 de enero de 2025;9.523
30 años;14 Murcia, Región de;Hombres;1 de enero de 2024;9.722
30 años;14 Murcia, Región de;Mujeres;1 de enero de 2025;8.585
30 años;14 Murcia, Región de;Mujeres;1 de enero de 2024;8.922
30 años;15 Navarra, Comunidad Foral de;Total;1 de enero de 2025;7.555
30 años;15 Navarra, Comunidad Foral de;Total;1 de enero de 2024;7.083
30 años;15 Navarra, Comunidad Foral de;Hombres;1 de enero de 2025;3.900
30 años;15 Navarra, Comunidad Foral de;Hombres;1 de enero de 2024;3.685
30 años;15 Navarra, Comunidad Foral de;Mujeres;1 de enero de 2025;3.655
30 años;15 Navarra, Comunidad Foral de;Mujeres;1 de enero de 2024;3.398
30 años;16 País Vasco;Total;1 de enero de 2025;22.045
30 años;16 País Vasco;Total;1 de enero de 2024;21.771
30 años;16 País Vasco;Hombres;1 de enero de 2025;11.289
30 años;16 País Vasco;Hombres;1 de enero de 2024;10.956
30 años;16 País Vasco;Mujeres;1 de enero de 2025;10.756
30 años;16 País Vasco;Mujeres;1 de enero de 2024;10.815
30 años;17 Rioja, La;Total;1 de enero de 2025;3.260
30 años;17 Rioja, La;Total;1 de enero de 2024;3.121
30 años;17 Rioja, La;Hombres;1 de enero de 2025;1.630
30 años;17 Rioja, La;Hombres;1 de enero de 2024;1.595
30 años;17 Rioja, La;Mujeres;1 de enero de 2025;1.630
30 años;17 Rioja, La;Mujeres;1 de enero de 2024;1.526
30 años;18 Ceuta;Total;1 de enero de 2025;1.019
30 años;18 Ceuta;Total;1 de enero de 2024;1.182
30 años;18 Ceuta;Hombres;1 de enero de 2025;502
30 años;18 Ceuta;Hombres;1 de enero de 2024;610
30 años;18 Ceuta;Mujeres;1 de enero de 2025;517
30 años;18 Ceuta;Mujeres;1 de enero de 2024;572
30 años;19 Melilla;Total;1 de enero de 2025;1.187
30 años;19 Melilla;Total;1 de enero de 2024;1.189
30 años;19 Melilla;Hombres;1 de enero de 2025;595
30 años;19 Melilla;Hombres;1 de enero de 2024;613
30 años;19 Melilla;Mujeres;1 de enero de 2025;592
30 años;19 Melilla;Mujeres;1 de enero de 2024;576
31 años;01 Andalucía;Total;1 de enero de 2025;100.530
31 años;01 Andalucía;Total;1 de enero de 2024;102.508
31 años;01 Andalucía;Hombres;1 de enero de 2025;51.253
31 años;01 Andalucía;Hombres;1 de enero de 2024;51.943
31 años;01 Andalucía;Mujeres;1 de enero de 2025;49.277
31 años;01 Andalucía;Mujeres;1 de enero de 2024;50.565
31 años;02 Aragón;Total;1 de enero de 2025;14.705
31 años;02 Aragón;Total;1 de enero de 2024;14.482
31 años;02 Aragón;Hombres;1 de enero de 2025;7.626
31 años;02 Aragón;Hombres;1 de enero de 2024;7.315
31 años;02 Aragón;Mujeres;1 de enero de 2025;7.079
31 años;02 Aragón;Mujeres;1 de enero de 2024;7.167
31 años;03 Asturias, Principado de;Total;1 de enero de 2025;8.470
31 años;03 Asturias, Principado de;Total;1 de enero de 2024;8.603
31 años;03 Asturias, Principado de;Hombres;1 de enero de 2025;4.299
31 años;03 Asturias, Principado de;Hombres;1 de enero de 2024;4.314
31 años;03 Asturias, Principado de;Mujeres;1 de enero de 2025;4.171
31 años;03 Asturias, Principado de;Mujeres;1 de enero de 2024;4.289
31 años;04 Balears, Illes;Total;1 de enero de 2025;17.101
31 años;04 Balears, Illes;Total;1 de enero de 2024;17.201
31 años;04 Balears, Illes;Hombres;1 de enero de 2025;8.586
31 años;04 Balears, Illes;Hombres;1 de enero de 2024;8.600
31 años;04 Balears, Illes;Mujeres;1 de enero de 2025;8.515
31 años;04 Balears, Illes;Mujeres;1 de enero de 2024;8.601
31 años;05 Canarias;Total;1 de enero de 2025;28.228
31 años;05 Canarias;Total;1 de enero de 2024;28.667
31 años;05 Canarias;Hombres;1 de enero de 2025;14.136
31 años;05 Canarias;Hombres;1 de enero de 2024;14.487
31 años;05 Canarias;Mujeres;1 de enero de 2025;14.092
31 años;05 Canarias;Mujeres;1 de enero de 2024;14.180
31 años;06 Cantabria;Total;1 de enero de 2025;5.480
31 años;06 Cantabria;Total;1 de enero de 2024;5.627
31 años;06 Cantabria;Hombres;1 de enero de 2025;2.764
31 años;06 Cantabria;Hombres;1 de enero de 2024;2.903
31 años;06 Cantabria;Mujeres;1 de enero de 2025;2.716
31 años;06 Cantabria;Mujeres;1 de enero de 2024;2.724
31 años;07 Castilla y León;Total;1 de enero de 2025;22.495
31 años;07 Castilla y León;Total;1 de enero de 2024;22.472
31 años;07 Castilla y León;Hombres;1 de enero de 2025;11.584
31 años;07 Castilla y León;Hombres;1 de enero de 2024;11.707
31 años;07 Castilla y León;Mujeres;1 de enero de 2025;10.911
31 años;07 Castilla y León;Mujeres;1 de enero de 2024;10.765
31 años;08 Castilla - La Mancha;Total;1 de enero de 2025;23.564
31 años;08 Castilla - La Mancha;Total;1 de enero de 2024;24.063
31 años;08 Castilla - La Mancha;Hombres;1 de enero de 2025;12.376
31 años;08 Castilla - La Mancha;Hombres;1 de enero de 2024;12.402
31 años;08 Castilla - La Mancha;Mujeres;1 de enero de 2025;11.188
31 años;08 Castilla - La Mancha;Mujeres;1 de enero de 2024;11.661
31 años;09 Cataluña;Total;1 de enero de 2025;101.491
31 años;09 Cataluña;Total;1 de enero de 2024;100.205
31 años;09 Cataluña;Hombres;1 de enero de 2025;52.077
31 años;09 Cataluña;Hombres;1 de enero de 2024;51.039
31 años;09 Cataluña;Mujeres;1 de enero de 2025;49.414
31 años;09 Cataluña;Mujeres;1 de enero de 2024;49.166
31 años;10 Comunitat Valenciana;Total;1 de enero de 2025;61.850
31 años;10 Comunitat Valenciana;Total;1 de enero de 2024;60.637
31 años;10 Comunitat Valenciana;Hombres;1 de enero de 2025;31.634
31 años;10 Comunitat Valenciana;Hombres;1 de enero de 2024;30.678
31 años;10 Comunitat Valenciana;Mujeres;1 de enero de 2025;30.216
31 años;10 Comunitat Valenciana;Mujeres;1 de enero de 2024;29.959
31 años;11 Extremadura;Total;1 de enero de 2025;11.241
31 años;11 Extremadura;Total;1 de enero de 2024;11.666
31 años;11 Extremadura;Hombres;1 de enero de 2025;5.761
31 años;11 Extremadura;Hombres;1 de enero de 2024;5.947
31 años;11 Extremadura;Mujeres;1 de enero de 2025;5.480
31 años;11 Extremadura;Mujeres;1 de enero de 2024;5.719
31 años;12 Galicia;Total;1 de enero de 2025;26.247
31 años;12 Galicia;Total;1 de enero de 2024;26.095
31 años;12 Galicia;Hombres;1 de enero de 2025;13.358
31 años;12 Galicia;Hombres;1 de enero de 2024;13.188
31 años;12 Galicia;Mujeres;1 de enero de 2025;12.889
31 años;12 Galicia;Mujeres;1 de enero de 2024;12.907
31 años;13 Madrid, Comunidad de;Total;1 de enero de 2025;93.408
31 años;13 Madrid, Comunidad de;Total;1 de enero de 2024;91.312
31 años;13 Madrid, Comunidad de;Hombres;1 de enero de 2025;46.143
31 años;13 Madrid, Comunidad de;Hombres;1 de enero de 2024;44.862
31 años;13 Madrid, Comunidad de;Mujeres;1 de enero de 2025;47.265
31 años;13 Madrid, Comunidad de;Mujeres;1 de enero de 2024;46.450
31 años;14 Murcia, Región de;Total;1 de enero de 2025;18.945
31 años;14 Murcia, Región de;Total;1 de enero de 2024;19.003
31 años;14 Murcia, Región de;Hombres;1 de enero de 2025;9.827
31 años;14 Murcia, Región de;Hombres;1 de enero de 2024;9.863
31 años;14 Murcia, Región de;Mujeres;1 de enero de 2025;9.118
31 años;14 Murcia, Región de;Mujeres;1 de enero de 2024;9.140
31 años;15 Navarra, Comunidad Foral de;Total;1 de enero de 2025;7.247
31 años;15 Navarra, Comunidad Foral de;Total;1 de enero de 2024;7.198
31 años;15 Navarra, Comunidad Foral de;Hombres;1 de enero de 2025;3.793
31 años;15 Navarra, Comunidad Foral de;Hombres;1 de enero de 2024;3.688
31 años;15 Navarra, Comunidad Foral de;Mujeres;1 de enero de 2025;3.454
31 años;15 Navarra, Comunidad Foral de;Mujeres;1 de enero de 2024;3.510
31 años;16 País Vasco;Total;1 de enero de 2025;22.417
31 años;16 País Vasco;Total;1 de enero de 2024;22.360
31 años;16 País Vasco;Hombres;1 de enero de 2025;11.346
31 años;16 País Vasco;Hombres;1 de enero de 2024;11.349
31 años;16 País Vasco;Mujeres;1 de enero de 2025;11.071
31 años;16 País Vasco;Mujeres;1 de enero de 2024;11.011
31 años;17 Rioja, La;Total;1 de enero de 2025;3.239
31 años;17 Rioja, La;Total;1 de enero de 2024;3.264
31 años;17 Rioja, La;Hombres;1 de enero de 2025;1.665
31 años;17 Rioja, La;Hombres;1 de enero de 2024;1.628
31 años;17 Rioja, La;Mujeres;1 de enero de 2025;1.574
31 años;17 Rioja, La;Mujeres;1 de enero de 2024;1.636
31 años;18 Ceuta;Total;1 de enero de 2025;1.170
31 años;18 Ceuta;Total;1 de enero de 2024;1.059
31 años;18 Ceuta;Hombres;1 de enero de 2025;600
31 años;18 Ceuta;Hombres;1 de enero de 2024;541
31 años;18 Ceuta;Mujeres;1 de enero de 2025;570
31 años;18 Ceuta;Mujeres;1 de enero de 2024;518
31 años;19 Melilla;Total;1 de enero de 2025;1.192
31 años;19 Melilla;Total;1 de enero de 2024;1.174
31 años;19 Melilla;Hombres;1 de enero de 2025;620
31 años;19 Melilla;Hombres;1 de enero de 2024;595
31 años;19 Melilla;Mujeres;1 de enero de 2025;572
31 años;19 Melilla;Mujeres;1 de enero de 2024;579
32 años;01 Andalucía;Total;1 de enero de 2025;103.697
32 años;01 Andalucía;Total;1 de enero de 2024;102.704
32 años;01 Andalucía;Hombres;1 de enero de 2025;52.526
32 años;01 Andalucía;Hombres;1 de enero de 2024;52.242
32 años;01 Andalucía;Mujeres;1 de enero de 2025;51.171
32 años;01 Andalucía;Mujeres;1 de enero de 2024;50.462
32 años;02 Aragón;Total;1 de enero de 2025;15.010
32 años;02 Aragón;Total;1 de enero de 2024;14.552
32 años;02 Aragón;Hombres;1 de enero de 2025;7.646
32 años;02 Aragón;Hombres;1 de enero de 2024;7.371
32 años;02 Aragón;Mujeres;1 de enero de 2025;7.364
32 años;02 Aragón;Mujeres;1 de enero de 2024;7.181
32 años;03 Asturias, Principado de;Total;1 de enero de 2025;8.923
32 años;03 Asturias, Principado de;Total;1 de enero de 2024;8.903
32 años;03 Asturias, Principado de;Hombres;1 de enero de 2025;4.480
32 años;03 Asturias, Principado de;Hombres;1 de enero de 2024;4.472
32 años;03 Asturias, Principado de;Mujeres;1 de enero de 2025;4.443
32 años;03 Asturias, Principado de;Mujeres;1 de enero de 2024;4.431
32 años;04 Balears, Illes;Total;1 de enero de 2025;17.751
32 años;04 Balears, Illes;Total;1 de enero de 2024;17.400
32 años;04 Balears, Illes;Hombres;1 de enero de 2025;8.959
32 años;04 Balears, Illes;Hombres;1 de enero de 2024;8.892
32 años;04 Balears, Illes;Mujeres;1 de enero de 2025;8.792
32 años;04 Balears, Illes;Mujeres;1 de enero de 2024;8.508
32 años;05 Canarias;Total;1 de enero de 2025;28.954
32 años;05 Canarias;Total;1 de enero de 2024;28.409
32 años;05 Canarias;Hombres;1 de enero de 2025;14.693
32 años;05 Canarias;Hombres;1 de enero de 2024;14.263
32 años;05 Canarias;Mujeres;1 de enero de 2025;14.261
32 años;05 Canarias;Mujeres;1 de enero de 2024;14.146
32 años;06 Cantabria;Total;1 de enero de 2025;5.771
32 años;06 Cantabria;Total;1 de enero de 2024;5.589
32 años;06 Cantabria;Hombres;1 de enero de 2025;2.952
32 años;06 Cantabria;Hombres;1 de enero de 2024;2.851
32 años;06 Cantabria;Mujeres;1 de enero de 2025;2.819
32 años;06 Cantabria;Mujeres;1 de enero de 2024;2.738
32 años;07 Castilla y León;Total;1 de enero de 2025;22.972
32 años;07 Castilla y León;Total;1 de enero de 2024;22.665
32 años;07 Castilla y León;Hombres;1 de enero de 2025;11.935
32 años;07 Castilla y León;Hombres;1 de enero de 2024;11.832
32 años;07 Castilla y León;Mujeres;1 de enero de 2025;11.037
32 años;07 Castilla y León;Mujeres;1 de enero de 2024;10.833
32 años;08 Castilla - La Mancha;Total;1 de enero de 2025;24.688
32 años;08 Castilla - La Mancha;Total;1 de enero de 2024;24.044
32 años;08 Castilla - La Mancha;Hombres;1 de enero de 2025;12.756
32 años;08 Castilla - La Mancha;Hombres;1 de enero de 2024;12.509
32 años;08 Castilla - La Mancha;Mujeres;1 de enero de 2025;11.932
32 años;08 Castilla - La Mancha;Mujeres;1 de enero de 2024;11.535
32 años;09 Cataluña;Total;1 de enero de 2025;104.140
32 años;09 Cataluña;Total;1 de enero de 2024;98.756
32 años;09 Cataluña;Hombres;1 de enero de 2025;53.334
32 años;09 Cataluña;Hombres;1 de enero de 2024;50.288
32 años;09 Cataluña;Mujeres;1 de enero de 2025;50.806
32 años;09 Cataluña;Mujeres;1 de enero de 2024;48.468
32 años;10 Comunitat Valenciana;Total;1 de enero de 2025;63.544
32 años;10 Comunitat Valenciana;Total;1 de enero de 2024;60.549
32 años;10 Comunitat Valenciana;Hombres;1 de enero de 2025;32.356
32 años;10 Comunitat Valenciana;Hombres;1 de enero de 2024;30.537
32 años;10 Comunitat Valenciana;Mujeres;1 de enero de 2025;31.188
32 años;10 Comunitat Valenciana;Mujeres;1 de enero de 2024;30.012
32 años;11 Extremadura;Total;1 de enero de 2025;11.658
32 años;11 Extremadura;Total;1 de enero de 2024;11.781
32 años;11 Extremadura;Hombres;1 de enero de 2025;5.943
32 años;11 Extremadura;Hombres;1 de enero de 2024;6.010
32 años;11 Extremadura;Mujeres;1 de enero de 2025;5.715
32 años;11 Extremadura;Mujeres;1 de enero de 2024;5.771
32 años;12 Galicia;Total;1 de enero de 2025;26.656
32 años;12 Galicia;Total;1 de enero de 2024;26.260
32 años;12 Galicia;Hombres;1 de enero de 2025;13.497
32 años;12 Galicia;Hombres;1 de enero de 2024;13.272
32 años;12 Galicia;Mujeres;1 de enero de 2025;13.159
32 años;12 Galicia;Mujeres;1 de enero de 2024;12.988
32 años;13 Madrid, Comunidad de;Total;1 de enero de 2025;94.077
32 años;13 Madrid, Comunidad de;Total;1 de enero de 2024;89.440
32 años;13 Madrid, Comunidad de;Hombres;1 de enero de 2025;46.371
32 años;13 Madrid, Comunidad de;Hombres;1 de enero de 2024;44.256
32 años;13 Madrid, Comunidad de;Mujeres;1 de enero de 2025;47.706
32 años;13 Madrid, Comunidad de;Mujeres;1 de enero de 2024;45.184
32 años;14 Murcia, Región de;Total;1 de enero de 2025;19.387
32 años;14 Murcia, Región de;Total;1 de enero de 2024;19.169
32 años;14 Murcia, Región de;Hombres;1 de enero de 2025;10.056
32 años;14 Murcia, Región de;Hombres;1 de enero de 2024;9.692
32 años;14 Murcia, Región de;Mujeres;1 de enero de 2025;9.331
32 años;14 Murcia, Región de;Mujeres;1 de enero de 2024;9.477
32 años;15 Navarra, Comunidad Foral de;Total;1 de enero de 2025;7.410
32 años;15 Navarra, Comunidad Foral de;Total;1 de enero de 2024;7.269
32 años;15 Navarra, Comunidad Foral de;Hombres;1 de enero de 2025;3.810
32 años;15 Navarra, Comunidad Foral de;Hombres;1 de enero de 2024;3.759
32 años;15 Navarra, Comunidad Foral de;Mujeres;1 de enero de 2025;3.600
32 años;15 Navarra, Comunidad Foral de;Mujeres;1 de enero de 2024;3.510
32 años;16 País Vasco;Total;1 de enero de 2025;22.969
32 años;16 País Vasco;Total;1 de enero de 2024;21.798
32 años;16 País Vasco;Hombres;1 de enero de 2025;11.711
32 años;16 País Vasco;Hombres;1 de enero de 2024;11.012
32 años;16 País Vasco;Mujeres;1 de enero de 2025;11.258
32 años;16 País Vasco;Mujeres;1 de enero de 2024;10.786
32 años;17 Rioja, La;Total;1 de enero de 2025;3.367
32 años;17 Rioja, La;Total;1 de enero de 2024;3.278
32 años;17 Rioja, La;Hombres;1 de enero de 2025;1.683
32 años;17 Rioja, La;Hombres;1 de enero de 2024;1.631
32 años;17 Rioja, La;Mujeres;1 de enero de 2025;1.684
32 años;17 Rioja, La;Mujeres;1 de enero de 2024;1.647
32 años;18 Ceuta;Total;1 de enero de 2025;1.052
32 años;18 Ceuta;Total;1 de enero de 2024;1.104
32 años;18 Ceuta;Hombres;1 de enero de 2025;529
32 años;18 Ceuta;Hombres;1 de enero de 2024;565
32 años;18 Ceuta;Mujeres;1 de enero de 2025;523
32 años;18 Ceuta;Mujeres;1 de enero de 2024;539
32 años;19 Melilla;Total;1 de enero de 2025;1.201
32 años;19 Melilla;Total;1 de enero de 2024;1.145
32 años;19 Melilla;Hombres;1 de enero de 2025;610
32 años;19 Melilla;Hombres;1 de enero de 2024;567
32 años;19 Melilla;Mujeres;1 de enero de 2025;591
32 años;19 Melilla;Mujeres;1 de enero de 2024;578
33 años;01 Andalucía;Total;1 de enero de 2025;103.855
33 años;01 Andalucía;Total;1 de enero de 2024;104.402
33 años;01 Andalucía;Hombres;1 de enero de 2025;52.711
33 años;01 Andalucía;Hombres;1 de enero de 2024;52.809
33 años;01 Andalucía;Mujeres;1 de enero de 2025;51.144
33 años;01 Andalucía;Mujeres;1 de enero de 2024;51.593
33 años;02 Aragón;Total;1 de enero de 2025;14.988
33 años;02 Aragón;Total;1 de enero de 2024;14.693
33 años;02 Aragón;Hombres;1 de enero de 2025;7.630
33 años;02 Aragón;Hombres;1 de enero de 2024;7.568
33 años;02 Aragón;Mujeres;1 de enero de 2025;7.358
33 años;02 Aragón;Mujeres;1 de enero de 2024;7.125
33 años;03 Asturias, Principado de;Total;1 de enero de 2025;9.239
33 años;03 Asturias, Principado de;Total;1 de enero de 2024;8.874
33 años;03 Asturias, Principado de;Hombres;1 de enero de 2025;4.623
33 años;03 Asturias, Principado de;Hombres;1 de enero de 2024;4.362
33 años;03 Asturias, Principado de;Mujeres;1 de enero de 2025;4.616
33 años;03 Asturias, Principado de;Mujeres;1 de enero de 2024;4.512
33 años;04 Balears, Illes;Total;1 de enero de 2025;17.898
33 años;04 Balears, Illes;Total;1 de enero de 2024;17.659
33 años;04 Balears, Illes;Hombres;1 de enero de 2025;9.209
33 años;04 Balears, Illes;Hombres;1 de enero de 2024;8.984
33 años;04 Balears, Illes;Mujeres;1 de enero de 2025;8.689
33 años;04 Balears, Illes;Mujeres;1 de enero de 2024;8.675
33 años;05 Canarias;Total;1 de enero de 2025;28.788
33 años;05 Canarias;Total;1 de enero de 2024;28.877
33 años;05 Canarias;Hombres;1 de enero de 2025;14.440
33 años;05 Canarias;Hombres;1 de enero de 2024;14.448
33 años;05 Canarias;Mujeres;1 de enero de 2025;14.348
33 años;05 Canarias;Mujeres;1 de enero de 2024;14.429
33 años;06 Cantabria;Total;1 de enero de 2025;5.761
33 años;06 Cantabria;Total;1 de enero de 2024;5.813
33 años;06 Cantabria;Hombres;1 de enero de 2025;2.927
33 años;06 Cantabria;Hombres;1 de enero de 2024;2.890
33 años;06 Cantabria;Mujeres;1 de enero de 2025;2.834
33 años;06 Cantabria;Mujeres;1 de enero de 2024;2.923
33 años;07 Castilla y León;Total;1 de enero de 2025;23.118
33 años;07 Castilla y León;Total;1 de enero de 2024;23.150
33 años;07 Castilla y León;Hombres;1 de enero de 2025;12.036
33 años;07 Castilla y León;Hombres;1 de enero de 2024;11.806
33 años;07 Castilla y León;Mujeres;1 de enero de 2025;11.082
33 años;07 Castilla y León;Mujeres;1 de enero de 2024;11.344
33 años;08 Castilla - La Mancha;Total;1 de enero de 2025;24.623
33 años;08 Castilla - La Mancha;Total;1 de enero de 2024;24.453
33 años;08 Castilla - La Mancha;Hombres;1 de enero de 2025;12.815
33 años;08 Castilla - La Mancha;Hombres;1 de enero de 2024;12.729
33 años;08 Castilla - La Mancha;Mujeres;1 de enero de 2025;11.808
33 años;08 Castilla - La Mancha;Mujeres;1 de enero de 2024;11.724
33 años;09 Cataluña;Total;1 de enero de 2025;102.331
33 años;09 Cataluña;Total;1 de enero de 2024;100.242
33 años;09 Cataluña;Hombres;1 de enero de 2025;52.427
33 años;09 Cataluña;Hombres;1 de enero de 2024;50.805
33 años;09 Cataluña;Mujeres;1 de enero de 2025;49.904
33 años;09 Cataluña;Mujeres;1 de enero de 2024;49.437
33 años;10 Comunitat Valenciana;Total;1 de enero de 2025;63.515
33 años;10 Comunitat Valenciana;Total;1 de enero de 2024;61.715
33 años;10 Comunitat Valenciana;Hombres;1 de enero de 2025;32.183
33 años;10 Comunitat Valenciana;Hombres;1 de enero de 2024;31.182
33 años;10 Comunitat Valenciana;Mujeres;1 de enero de 2025;31.332
33 años;10 Comunitat Valenciana;Mujeres;1 de enero de 2024;30.533
33 años;11 Extremadura;Total;1 de enero de 2025;11.814
33 años;11 Extremadura;Total;1 de enero de 2024;11.945
33 años;11 Extremadura;Hombres;1 de enero de 2025;6.037
33 años;11 Extremadura;Hombres;1 de enero de 2024;6.091
33 años;11 Extremadura;Mujeres;1 de enero de 2025;5.777
33 años;11 Extremadura;Mujeres;1 de enero de 2024;5.854
33 años;12 Galicia;Total;1 de enero de 2025;26.760
33 años;12 Galicia;Total;1 de enero de 2024;26.703
33 años;12 Galicia;Hombres;1 de enero de 2025;13.537
33 años;12 Galicia;Hombres;1 de enero de 2024;13.393
33 años;12 Galicia;Mujeres;1 de enero de 2025;13.223
33 años;12 Galicia;Mujeres;1 de enero de 2024;13.310
33 años;13 Madrid, Comunidad de;Total;1 de enero de 2025;92.051
33 años;13 Madrid, Comunidad de;Total;1 de enero de 2024;89.647
33 años;13 Madrid, Comunidad de;Hombres;1 de enero de 2025;45.730
33 años;13 Madrid, Comunidad de;Hombres;1 de enero de 2024;44.053
33 años;13 Madrid, Comunidad de;Mujeres;1 de enero de 2025;46.321
33 años;13 Madrid, Comunidad de;Mujeres;1 de enero de 2024;45.594
33 años;14 Murcia, Región de;Total;1 de enero de 2025;19.523
33 años;14 Murcia, Región de;Total;1 de enero de 2024;19.297
33 años;14 Murcia, Región de;Hombres;1 de enero de 2025;9.832
33 años;14 Murcia, Región de;Hombres;1 de enero de 2024;9.807
33 años;14 Murcia, Región de;Mujeres;1 de enero de 2025;9.691
33 años;14 Murcia, Región de;Mujeres;1 de enero de 2024;9.490
33 años;15 Navarra, Comunidad Foral de;Total;1 de enero de 2025;7.462
33 años;15 Navarra, Comunidad Foral de;Total;1 de enero de 2024;7.179
33 años;15 Navarra, Comunidad Foral de;Hombres;1 de enero de 2025;3.865
33 años;15 Navarra, Comunidad Foral de;Hombres;1 de enero de 2024;3.636
33 años;15 Navarra, Comunidad Foral de;Mujeres;1 de enero de 2025;3.597
33 años;15 Navarra, Comunidad Foral de;Mujeres;1 de enero de 2024;3.543
33 años;16 País Vasco;Total;1 de enero de 2025;22.433
33 años;16 País Vasco;Total;1 de enero de 2024;22.252
33 años;16 País Vasco;Hombres;1 de enero de 2025;11.354
33 años;16 País Vasco;Hombres;1 de enero de 2024;11.228
33 años;16 País Vasco;Mujeres;1 de enero de 2025;11.079
33 años;16 País Vasco;Mujeres;1 de enero de 2024;11.024
33 años;17 Rioja, La;Total;1 de enero de 2025;3.385
33 años;17 Rioja, La;Total;1 de enero de 2024;3.531
33 años;17 Rioja, La;Hombres;1 de enero de 2025;1.685
33 años;17 Rioja, La;Hombres;1 de enero de 2024;1.769
33 años;17 Rioja, La;Mujeres;1 de enero de 2025;1.700
33 años;17 Rioja, La;Mujeres;1 de enero de 2024;1.762
33 años;18 Ceuta;Total;1 de enero de 2025;1.102
33 años;18 Ceuta;Total;1 de enero de 2024;1.040
33 años;18 Ceuta;Hombres;1 de enero de 2025;565
33 años;18 Ceuta;Hombres;1 de enero de 2024;510
33 años;18 Ceuta;Mujeres;1 de enero de 2025;537
33 años;18 Ceuta;Mujeres;1 de enero de 2024;530
33 años;19 Melilla;Total;1 de enero de 2025;1.143
33 años;19 Melilla;Total;1 de enero de 2024;1.147
33 años;19 Melilla;Hombres;1 de enero de 2025;563
33 años;19 Melilla;Hombres;1 de enero de 2024;550
33 años;19 Melilla;Mujeres;1 de enero de 2025;580
33 años;19 Melilla;Mujeres;1 de enero de 2024;597
34 años;01 Andalucía;Total;1 de enero de 2025;105.646
34 años;01 Andalucía;Total;1 de enero de 2024;105.515
34 años;01 Andalucía;Hombres;1 de enero de 2025;53.414
34 años;01 Andalucía;Hombres;1 de enero de 2024;53.021
34 años;01 Andalucía;Mujeres;1 de enero de 2025;52.232
34 años;01 Andalucía;Mujeres;1 de enero de 2024;52.494
34 años;02 Aragón;Total;1 de enero de 2025;15.103
34 años;02 Aragón;Total;1 de enero de 2024;15.301
34 años;02 Aragón;Hombres;1 de enero de 2025;7.839
34 años;02 Aragón;Hombres;1 de enero de 2024;7.823
34 años;02 Aragón;Mujeres;1 de enero de 2025;7.264
34 años;02 Aragón;Mujeres;1 de enero de 2024;7.478
34 años;03 Asturias, Principado de;Total;1 de enero de 2025;9.261
34 años;03 Asturias, Principado de;Total;1 de enero de 2024;9.282
34 años;03 Asturias, Principado de;Hombres;1 de enero de 2025;4.566
34 años;03 Asturias, Principado de;Hombres;1 de enero de 2024;4.610
34 años;03 Asturias, Principado de;Mujeres;1 de enero de 2025;4.695
34 años;03 Asturias, Principado de;Mujeres;1 de enero de 2024;4.672
34 años;04 Balears, Illes;Total;1 de enero de 2025;18.067
34 años;04 Balears, Illes;Total;1 de enero de 2024;17.632
34 años;04 Balears, Illes;Hombres;1 de enero de 2025;9.191
34 años;04 Balears, Illes;Hombres;1 de enero de 2024;8.948
34 años;04 Balears, Illes;Mujeres;1 de enero de 2025;8.876
34 años;04 Balears, Illes;Mujeres;1 de enero de 2024;8.684
34 años;05 Canarias;Total;1 de enero de 2025;29.360
34 años;05 Canarias;Total;1 de enero de 2024;29.729
34 años;05 Canarias;Hombres;1 de enero de 2025;14.689
34 años;05 Canarias;Hombres;1 de enero de 2024;14.860
34 años;05 Canarias;Mujeres;1 de enero de 2025;14.671
34 años;05 Canarias;Mujeres;1 de enero de 2024;14.869
34 años;06 Cantabria;Total;1 de enero de 2025;5.957
34 años;06 Cantabria;Total;1 de enero de 2024;5.838
34 años;06 Cantabria;Hombres;1 de enero de 2025;2.964
34 años;06 Cantabria;Hombres;1 de enero de 2024;2.862
34 años;06 Cantabria;Mujeres;1 de enero de 2025;2.993
34 años;06 Cantabria;Mujeres;1 de enero de 2024;2.976
34 años;07 Castilla y León;Total;1 de enero de 2025;23.688
34 años;07 Castilla y León;Total;1 de enero de 2024;23.639
34 años;07 Castilla y León;Hombres;1 de enero de 2025;12.092
34 años;07 Castilla y León;Hombres;1 de enero de 2024;12.072
34 años;07 Castilla y León;Mujeres;1 de enero de 2025;11.596
34 años;07 Castilla y León;Mujeres;1 de enero de 2024;11.567
34 años;08 Castilla - La Mancha;Total;1 de enero de 2025;25.222
34 años;08 Castilla - La Mancha;Total;1 de enero de 2024;24.960
34 años;08 Castilla - La Mancha;Hombres;1 de enero de 2025;13.131
34 años;08 Castilla - La Mancha;Hombres;1 de enero de 2024;12.824
34 años;08 Castilla - La Mancha;Mujeres;1 de enero de 2025;12.091
34 años;08 Castilla - La Mancha;Mujeres;1 de enero de 2024;12.136
34 años;09 Cataluña;Total;1 de enero de 2025;103.416
34 años;09 Cataluña;Total;1 de enero de 2024;100.335
34 años;09 Cataluña;Hombres;1 de enero de 2025;52.701
34 años;09 Cataluña;Hombres;1 de enero de 2024;50.670
34 años;09 Cataluña;Mujeres;1 de enero de 2025;50.715
34 años;09 Cataluña;Mujeres;1 de enero de 2024;49.665
34 años;10 Comunitat Valenciana;Total;1 de enero de 2025;64.559
34 años;10 Comunitat Valenciana;Total;1 de enero de 2024;62.189
34 años;10 Comunitat Valenciana;Hombres;1 de enero de 2025;32.695
34 años;10 Comunitat Valenciana;Hombres;1 de enero de 2024;31.044
34 años;10 Comunitat Valenciana;Mujeres;1 de enero de 2025;31.864
34 años;10 Comunitat Valenciana;Mujeres;1 de enero de 2024;31.145
34 años;11 Extremadura;Total;1 de enero de 2025;12.038
34 años;11 Extremadura;Total;1 de enero de 2024;12.298
34 años;11 Extremadura;Hombres;1 de enero de 2025;6.129
34 años;11 Extremadura;Hombres;1 de enero de 2024;6.251
34 años;11 Extremadura;Mujeres;1 de enero de 2025;5.909
34 años;11 Extremadura;Mujeres;1 de enero de 2024;6.047
34 años;12 Galicia;Total;1 de enero de 2025;27.201
34 años;12 Galicia;Total;1 de enero de 2024;27.661
34 años;12 Galicia;Hombres;1 de enero de 2025;13.634
34 años;12 Galicia;Hombres;1 de enero de 2024;13.772
34 años;12 Galicia;Mujeres;1 de enero de 2025;13.567
34 años;12 Galicia;Mujeres;1 de enero de 2024;13.889
34 años;13 Madrid, Comunidad de;Total;1 de enero de 2025;91.936
34 años;13 Madrid, Comunidad de;Total;1 de enero de 2024;91.057
34 años;13 Madrid, Comunidad de;Hombres;1 de enero de 2025;45.302
34 años;13 Madrid, Comunidad de;Hombres;1 de enero de 2024;44.922
34 años;13 Madrid, Comunidad de;Mujeres;1 de enero de 2025;46.634
34 años;13 Madrid, Comunidad de;Mujeres;1 de enero de 2024;46.135
34 años;14 Murcia, Región de;Total;1 de enero de 2025;19.627
34 años;14 Murcia, Región de;Total;1 de enero de 2024;19.442
34 años;14 Murcia, Región de;Hombres;1 de enero de 2025;9.992
34 años;14 Murcia, Región de;Hombres;1 de enero de 2024;9.909
34 años;14 Murcia, Región de;Mujeres;1 de enero de 2025;9.635
34 años;14 Murcia, Región de;Mujeres;1 de enero de 2024;9.533
34 años;15 Navarra, Comunidad Foral de;Total;1 de enero de 2025;7.357
34 años;15 Navarra, Comunidad Foral de;Total;1 de enero de 2024;7.496
34 años;15 Navarra, Comunidad Foral de;Hombres;1 de enero de 2025;3.729
34 años;15 Navarra, Comunidad Foral de;Hombres;1 de enero de 2024;3.798
34 años;15 Navarra, Comunidad Foral de;Mujeres;1 de enero de 2025;3.628
34 años;15 Navarra, Comunidad Foral de;Mujeres;1 de enero de 2024;3.698
34 años;16 País Vasco;Total;1 de enero de 2025;22.767
34 años;16 País Vasco;Total;1 de enero de 2024;22.634
34 años;16 País Vasco;Hombres;1 de enero de 2025;11.488
34 años;16 País Vasco;Hombres;1 de enero de 2024;11.271
34 años;16 País Vasco;Mujeres;1 de enero de 2025;11.279
34 años;16 País Vasco;Mujeres;1 de enero de 2024;11.363
34 años;17 Rioja, La;Total;1 de enero de 2025;3.625
34 años;17 Rioja, La;Total;1 de enero de 2024;3.562
34 años;17 Rioja, La;Hombres;1 de enero de 2025;1.824
34 años;17 Rioja, La;Hombres;1 de enero de 2024;1.798
34 años;17 Rioja, La;Mujeres;1 de enero de 2025;1.801
34 años;17 Rioja, La;Mujeres;1 de enero de 2024;1.764
34 años;18 Ceuta;Total;1 de enero de 2025;1.032
34 años;18 Ceuta;Total;1 de enero de 2024;1.104
34 años;18 Ceuta;Hombres;1 de enero de 2025;503
34 años;18 Ceuta;Hombres;1 de enero de 2024;549
34 años;18 Ceuta;Mujeres;1 de enero de 2025;529
34 años;18 Ceuta;Mujeres;1 de enero de 2024;555
34 años;19 Melilla;Total;1 de enero de 2025;1.163
34 años;19 Melilla;Total;1 de enero de 2024;1.079
34 años;19 Melilla;Hombres;1 de enero de 2025;563
34 años;19 Melilla;Hombres;1 de enero de 2024;506
34 años;19 Melilla;Mujeres;1 de enero de 2025;600
34 años;19 Melilla;Mujeres;1 de enero de 2024;573
35 años;01 Andalucía;Total;1 de enero de 2025;106.640
35 años;01 Andalucía;Total;1 de enero de 2024;106.935
35 años;01 Andalucía;Hombres;1 de enero de 2025;53.454
35 años;01 Andalucía;Hombres;1 de enero de 2024;53.583
35 años;01 Andalucía;Mujeres;1 de enero de 2025;53.186
35 años;01 Andalucía;Mujeres;1 de enero de 2024;53.352
35 años;02 Aragón;Total;1 de enero de 2025;15.673
35 años;02 Aragón;Total;1 de enero de 2024;15.491
35 años;02 Aragón;Hombres;1 de enero de 2025;8.070
35 años;02 Aragón;Hombres;1 de enero de 2024;7.871
35 años;02 Aragón;Mujeres;1 de enero de 2025;7.603
35 años;02 Aragón;Mujeres;1 de enero de 2024;7.620
35 años;03 Asturias, Principado de;Total;1 de enero de 2025;9.625
35 años;03 Asturias, Principado de;Total;1 de enero de 2024;9.743
35 años;03 Asturias, Principado de;Hombres;1 de enero de 2025;4.792
35 años;03 Asturias, Principado de;Hombres;1 de enero de 2024;4.856
35 años;03 Asturias, Principado de;Mujeres;1 de enero de 2025;4.833
35 años;03 Asturias, Principado de;Mujeres;1 de enero de 2024;4.887
35 años;04 Balears, Illes;Total;1 de enero de 2025;17.914
35 años;04 Balears, Illes;Total;1 de enero de 2024;17.835
35 años;04 Balears, Illes;Hombres;1 de enero de 2025;9.117
35 años;04 Balears, Illes;Hombres;1 de enero de 2024;9.098
35 años;04 Balears, Illes;Mujeres;1 de enero de 2025;8.797
35 años;04 Balears, Illes;Mujeres;1 de enero de 2024;8.737
35 años;05 Canarias;Total;1 de enero de 2025;30.004
35 años;05 Canarias;Total;1 de enero de 2024;30.210
35 años;05 Canarias;Hombres;1 de enero de 2025;15.047
35 años;05 Canarias;Hombres;1 de enero de 2024;15.010
35 años;05 Canarias;Mujeres;1 de enero de 2025;14.957
35 años;05 Canarias;Mujeres;1 de enero de 2024;15.200
35 años;06 Cantabria;Total;1 de enero de 2025;5.981
35 años;06 Cantabria;Total;1 de enero de 2024;6.306
35 años;06 Cantabria;Hombres;1 de enero de 2025;2.912
35 años;06 Cantabria;Hombres;1 de enero de 2024;3.089
35 años;06 Cantabria;Mujeres;1 de enero de 2025;3.069
35 años;06 Cantabria;Mujeres;1 de enero de 2024;3.217
35 años;07 Castilla y León;Total;1 de enero de 2025;24.086
35 años;07 Castilla y León;Total;1 de enero de 2024;24.031
35 años;07 Castilla y León;Hombres;1 de enero de 2025;12.286
35 años;07 Castilla y León;Hombres;1 de enero de 2024;12.336
35 años;07 Castilla y León;Mujeres;1 de enero de 2025;11.800
35 años;07 Castilla y León;Mujeres;1 de enero de 2024;11.695
35 años;08 Castilla - La Mancha;Total;1 de enero de 2025;25.713
35 años;08 Castilla - La Mancha;Total;1 de enero de 2024;25.287
35 años;08 Castilla - La Mancha;Hombres;1 de enero de 2025;13.248
35 años;08 Castilla - La Mancha;Hombres;1 de enero de 2024;13.095
35 años;08 Castilla - La Mancha;Mujeres;1 de enero de 2025;12.465
35 años;08 Castilla - La Mancha;Mujeres;1 de enero de 2024;12.192
35 años;09 Cataluña;Total;1 de enero de 2025;103.392
35 años;09 Cataluña;Total;1 de enero de 2024;101.634
35 años;09 Cataluña;Hombres;1 de enero de 2025;52.547
35 años;09 Cataluña;Hombres;1 de enero de 2024;51.004
35 años;09 Cataluña;Mujeres;1 de enero de 2025;50.845
35 años;09 Cataluña;Mujeres;1 de enero de 2024;50.630
35 años;10 Comunitat Valenciana;Total;1 de enero de 2025;65.038
35 años;10 Comunitat Valenciana;Total;1 de enero de 2024;63.846
35 años;10 Comunitat Valenciana;Hombres;1 de enero de 2025;32.554
35 años;10 Comunitat Valenciana;Hombres;1 de enero de 2024;31.910
35 años;10 Comunitat Valenciana;Mujeres;1 de enero de 2025;32.484
35 años;10 Comunitat Valenciana;Mujeres;1 de enero de 2024;31.936
35 años;11 Extremadura;Total;1 de enero de 2025;12.375
35 años;11 Extremadura;Total;1 de enero de 2024;12.372
35 años;11 Extremadura;Hombres;1 de enero de 2025;6.254
35 años;11 Extremadura;Hombres;1 de enero de 2024;6.341
35 años;11 Extremadura;Mujeres;1 de enero de 2025;6.121
35 años;11 Extremadura;Mujeres;1 de enero de 2024;6.031
35 años;12 Galicia;Total;1 de enero de 2025;28.299
35 años;12 Galicia;Total;1 de enero de 2024;28.426
35 años;12 Galicia;Hombres;1 de enero de 2025;14.095
35 años;12 Galicia;Hombres;1 de enero de 2024;14.211
35 años;12 Galicia;Mujeres;1 de enero de 2025;14.204
35 años;12 Galicia;Mujeres;1 de enero de 2024;14.215
35 años;13 Madrid, Comunidad de;Total;1 de enero de 2025;93.243
35 años;13 Madrid, Comunidad de;Total;1 de enero de 2024;90.783
35 años;13 Madrid, Comunidad de;Hombres;1 de enero de 2025;46.160
35 años;13 Madrid, Comunidad de;Hombres;1 de enero de 2024;44.530
35 años;13 Madrid, Comunidad de;Mujeres;1 de enero de 2025;47.083
35 años;13 Madrid, Comunidad de;Mujeres;1 de enero de 2024;46.253
35 años;14 Murcia, Región de;Total;1 de enero de 2025;19.728
35 años;14 Murcia, Región de;Total;1 de enero de 2024;19.705
35 años;14 Murcia, Región de;Hombres;1 de enero de 2025;10.085
35 años;14 Murcia, Región de;Hombres;1 de enero de 2024;9.984
35 años;14 Murcia, Región de;Mujeres;1 de enero de 2025;9.643
35 años;14 Murcia, Región de;Mujeres;1 de enero de 2024;9.721
35 años;15 Navarra, Comunidad Foral de;Total;1 de enero de 2025;7.600
35 años;15 Navarra, Comunidad Foral de;Total;1 de enero de 2024;7.740
35 años;15 Navarra, Comunidad Foral de;Hombres;1 de enero de 2025;3.871
35 años;15 Navarra, Comunidad Foral de;Hombres;1 de enero de 2024;3.887
35 años;15 Navarra, Comunidad Foral de;Mujeres;1 de enero de 2025;3.729
35 años;15 Navarra, Comunidad Foral de;Mujeres;1 de enero de 2024;3.853
35 años;16 País Vasco;Total;1 de enero de 2025;23.089
35 años;16 País Vasco;Total;1 de enero de 2024;23.658
35 años;16 País Vasco;Hombres;1 de enero de 2025;11.528
35 años;16 País Vasco;Hombres;1 de enero de 2024;11.818
35 años;16 País Vasco;Mujeres;1 de enero de 2025;11.561
35 años;16 País Vasco;Mujeres;1 de enero de 2024;11.840
35 años;17 Rioja, La;Total;1 de enero de 2025;3.638
35 años;17 Rioja, La;Total;1 de enero de 2024;3.626
35 años;17 Rioja, La;Hombres;1 de enero de 2025;1.829
35 años;17 Rioja, La;Hombres;1 de enero de 2024;1.774
35 años;17 Rioja, La;Mujeres;1 de enero de 2025;1.809
35 años;17 Rioja, La;Mujeres;1 de enero de 2024;1.852
35 años;18 Ceuta;Total;1 de enero de 2025;1.102
35 años;18 Ceuta;Total;1 de enero de 2024;1.106
35 años;18 Ceuta;Hombres;1 de enero de 2025;566
35 años;18 Ceuta;Hombres;1 de enero de 2024;556
35 años;18 Ceuta;Mujeres;1 de enero de 2025;536
35 años;18 Ceuta;Mujeres;1 de enero de 2024;550
35 años;19 Melilla;Total;1 de enero de 2025;1.094
35 años;19 Melilla;Total;1 de enero de 2024;1.088
35 años;19 Melilla;Hombres;1 de enero de 2025;524
35 años;19 Melilla;Hombres;1 de enero de 2024;514
35 años;19 Melilla;Mujeres;1 de enero de 2025;570
35 años;19 Melilla;Mujeres;1 de enero de 2024;574
36 años;01 Andalucía;Total;1 de enero de 2025;108.266
36 años;01 Andalucía;Total;1 de enero de 2024;108.373
36 años;01 Andalucía;Hombres;1 de enero de 2025;54.253
36 años;01 Andalucía;Hombres;1 de enero de 2024;54.063
36 años;01 Andalucía;Mujeres;1 de enero de 2025;54.013
36 años;01 Andalucía;Mujeres;1 de enero de 2024;54.310
36 años;02 Aragón;Total;1 de enero de 2025;15.840
36 años;02 Aragón;Total;1 de enero de 2024;15.660
36 años;02 Aragón;Hombres;1 de enero de 2025;8.090
36 años;02 Aragón;Hombres;1 de enero de 2024;7.840
36 años;02 Aragón;Mujeres;1 de enero de 2025;7.750
36 años;02 Aragón;Mujeres;1 de enero de 2024;7.820
36 años;03 Asturias, Principado de;Total;1 de enero de 2025;10.085
36 años;03 Asturias, Principado de;Total;1 de enero de 2024;10.351
36 años;03 Asturias, Principado de;Hombres;1 de enero de 2025;5.027
36 años;03 Asturias, Principado de;Hombres;1 de enero de 2024;5.077
36 años;03 Asturias, Principado de;Mujeres;1 de enero de 2025;5.058
36 años;03 Asturias, Principado de;Mujeres;1 de enero de 2024;5.274
36 años;04 Balears, Illes;Total;1 de enero de 2025;18.218
36 años;04 Balears, Illes;Total;1 de enero de 2024;17.898
36 años;04 Balears, Illes;Hombres;1 de enero de 2025;9.325
36 años;04 Balears, Illes;Hombres;1 de enero de 2024;8.922
36 años;04 Balears, Illes;Mujeres;1 de enero de 2025;8.893
36 años;04 Balears, Illes;Mujeres;1 de enero de 2024;8.976
36 años;05 Canarias;Total;1 de enero de 2025;30.583
36 años;05 Canarias;Total;1 de enero de 2024;29.952
36 años;05 Canarias;Hombres;1 de enero de 2025;15.224
36 años;05 Canarias;Hombres;1 de enero de 2024;14.859
36 años;05 Canarias;Mujeres;1 de enero de 2025;15.359
36 años;05 Canarias;Mujeres;1 de enero de 2024;15.093
36 años;06 Cantabria;Total;1 de enero de 2025;6.423
36 años;06 Cantabria;Total;1 de enero de 2024;6.394
36 años;06 Cantabria;Hombres;1 de enero de 2025;3.157
36 años;06 Cantabria;Hombres;1 de enero de 2024;3.195
36 años;06 Cantabria;Mujeres;1 de enero de 2025;3.266
36 años;06 Cantabria;Mujeres;1 de enero de 2024;3.199
36 años;07 Castilla y León;Total;1 de enero de 2025;24.518
36 años;07 Castilla y León;Total;1 de enero de 2024;24.961
36 años;07 Castilla y León;Hombres;1 de enero de 2025;12.576
36 años;07 Castilla y León;Hombres;1 de enero de 2024;12.562
36 años;07 Castilla y León;Mujeres;1 de enero de 2025;11.942
36 años;07 Castilla y León;Mujeres;1 de enero de 2024;12.399
36 años;08 Castilla - La Mancha;Total;1 de enero de 2025;25.943
36 años;08 Castilla - La Mancha;Total;1 de enero de 2024;25.985
36 años;08 Castilla - La Mancha;Hombres;1 de enero de 2025;13.427
36 años;08 Castilla - La Mancha;Hombres;1 de enero de 2024;13.221
36 años;08 Castilla - La Mancha;Mujeres;1 de enero de 2025;12.516
36 años;08 Castilla - La Mancha;Mujeres;1 de enero de 2024;12.764
36 años;09 Cataluña;Total;1 de enero de 2025;104.384
36 años;09 Cataluña;Total;1 de enero de 2024;101.598
36 años;09 Cataluña;Hombres;1 de enero de 2025;52.721
36 años;09 Cataluña;Hombres;1 de enero de 2024;51.265
36 años;09 Cataluña;Mujeres;1 de enero de 2025;51.663
36 años;09 Cataluña;Mujeres;1 de enero de 2024;50.333
36 años;10 Comunitat Valenciana;Total;1 de enero de 2025;66.589
36 años;10 Comunitat Valenciana;Total;1 de enero de 2024;64.483
36 años;10 Comunitat Valenciana;Hombres;1 de enero de 2025;33.366
36 años;10 Comunitat Valenciana;Hombres;1 de enero de 2024;32.213
36 años;10 Comunitat Valenciana;Mujeres;1 de enero de 2025;33.223
36 años;10 Comunitat Valenciana;Mujeres;1 de enero de 2024;32.270
36 años;11 Extremadura;Total;1 de enero de 2025;12.463
36 años;11 Extremadura;Total;1 de enero de 2024;12.676
36 años;11 Extremadura;Hombres;1 de enero de 2025;6.406
36 años;11 Extremadura;Hombres;1 de enero de 2024;6.467
36 años;11 Extremadura;Mujeres;1 de enero de 2025;6.057
36 años;11 Extremadura;Mujeres;1 de enero de 2024;6.209
36 años;12 Galicia;Total;1 de enero de 2025;28.985
36 años;12 Galicia;Total;1 de enero de 2024;29.481
36 años;12 Galicia;Hombres;1 de enero de 2025;14.514
36 años;12 Galicia;Hombres;1 de enero de 2024;14.760
36 años;12 Galicia;Mujeres;1 de enero de 2025;14.471
36 años;12 Galicia;Mujeres;1 de enero de 2024;14.721
36 años;13 Madrid, Comunidad de;Total;1 de enero de 2025;92.602
36 años;13 Madrid, Comunidad de;Total;1 de enero de 2024;91.396
36 años;13 Madrid, Comunidad de;Hombres;1 de enero de 2025;45.511
36 años;13 Madrid, Comunidad de;Hombres;1 de enero de 2024;44.888
36 años;13 Madrid, Comunidad de;Mujeres;1 de enero de 2025;47.091
36 años;13 Madrid, Comunidad de;Mujeres;1 de enero de 2024;46.508
36 años;14 Murcia, Región de;Total;1 de enero de 2025;19.961
36 años;14 Murcia, Región de;Total;1 de enero de 2024;19.920
36 años;14 Murcia, Región de;Hombres;1 de enero de 2025;10.096
36 años;14 Murcia, Región de;Hombres;1 de enero de 2024;10.033
36 años;14 Murcia, Región de;Mujeres;1 de enero de 2025;9.865
36 años;14 Murcia, Región de;Mujeres;1 de enero de 2024;9.887
36 años;15 Navarra, Comunidad Foral de;Total;1 de enero de 2025;7.900
36 años;15 Navarra, Comunidad Foral de;Total;1 de enero de 2024;7.544
36 años;15 Navarra, Comunidad Foral de;Hombres;1 de enero de 2025;3.976
36 años;15 Navarra, Comunidad Foral de;Hombres;1 de enero de 2024;3.787
36 años;15 Navarra, Comunidad Foral de;Mujeres;1 de enero de 2025;3.924
36 años;15 Navarra, Comunidad Foral de;Mujeres;1 de enero de 2024;3.757
36 años;16 País Vasco;Total;1 de enero de 2025;24.177
36 años;16 País Vasco;Total;1 de enero de 2024;23.791
36 años;16 País Vasco;Hombres;1 de enero de 2025;12.084
36 años;16 País Vasco;Hombres;1 de enero de 2024;11.913
36 años;16 País Vasco;Mujeres;1 de enero de 2025;12.093
36 años;16 País Vasco;Mujeres;1 de enero de 2024;11.878
36 años;17 Rioja, La;Total;1 de enero de 2025;3.702
36 años;17 Rioja, La;Total;1 de enero de 2024;3.631
36 años;17 Rioja, La;Hombres;1 de enero de 2025;1.804
36 años;17 Rioja, La;Hombres;1 de enero de 2024;1.824
36 años;17 Rioja, La;Mujeres;1 de enero de 2025;1.898
36 años;17 Rioja, La;Mujeres;1 de enero de 2024;1.807
36 años;18 Ceuta;Total;1 de enero de 2025;1.106
36 años;18 Ceuta;Total;1 de enero de 2024;1.121
36 años;18 Ceuta;Hombres;1 de enero de 2025;555
36 años;18 Ceuta;Hombres;1 de enero de 2024;585
36 años;18 Ceuta;Mujeres;1 de enero de 2025;551
36 años;18 Ceuta;Mujeres;1 de enero de 2024;536
36 años;19 Melilla;Total;1 de enero de 2025;1.117
36 años;19 Melilla;Total;1 de enero de 2024;1.069
36 años;19 Melilla;Hombres;1 de enero de 2025;529
36 años;19 Melilla;Hombres;1 de enero de 2024;553
36 años;19 Melilla;Mujeres;1 de enero de 2025;588
36 años;19 Melilla;Mujeres;1 de enero de 2024;516
37 años;01 Andalucía;Total;1 de enero de 2025;109.545
37 años;01 Andalucía;Total;1 de enero de 2024;110.962
37 años;01 Andalucía;Hombres;1 de enero de 2025;54.694
37 años;01 Andalucía;Hombres;1 de enero de 2024;55.204
37 años;01 Andalucía;Mujeres;1 de enero de 2025;54.851
37 años;01 Andalucía;Mujeres;1 de enero de 2024;55.758
37 años;02 Aragón;Total;1 de enero de 2025;16.034
37 años;02 Aragón;Total;1 de enero de 2024;16.299
37 años;02 Aragón;Hombres;1 de enero de 2025;8.090
37 años;02 Aragón;Hombres;1 de enero de 2024;8.197
37 años;02 Aragón;Mujeres;1 de enero de 2025;7.944
37 años;02 Aragón;Mujeres;1 de enero de 2024;8.102
37 años;03 Asturias, Principado de;Total;1 de enero de 2025;10.683
37 años;03 Asturias, Principado de;Total;1 de enero de 2024;11.035
37 años;03 Asturias, Principado de;Hombres;1 de enero de 2025;5.257
37 años;03 Asturias, Principado de;Hombres;1 de enero de 2024;5.491
37 años;03 Asturias, Principado de;Mujeres;1 de enero de 2025;5.426
37 años;03 Asturias, Principado de;Mujeres;1 de enero de 2024;5.544
37 años;04 Balears, Illes;Total;1 de enero de 2025;18.153
37 años;04 Balears, Illes;Total;1 de enero de 2024;18.125
37 años;04 Balears, Illes;Hombres;1 de enero de 2025;9.091
37 años;04 Balears, Illes;Hombres;1 de enero de 2024;9.139
37 años;04 Balears, Illes;Mujeres;1 de enero de 2025;9.062
37 años;04 Balears, Illes;Mujeres;1 de enero de 2024;8.986
37 años;05 Canarias;Total;1 de enero de 2025;30.361
37 años;05 Canarias;Total;1 de enero de 2024;30.052
37 años;05 Canarias;Hombres;1 de enero de 2025;15.052
37 años;05 Canarias;Hombres;1 de enero de 2024;14.810
37 años;05 Canarias;Mujeres;1 de enero de 2025;15.309
37 años;05 Canarias;Mujeres;1 de enero de 2024;15.242
37 años;06 Cantabria;Total;1 de enero de 2025;6.517
37 años;06 Cantabria;Total;1 de enero de 2024;6.719
37 años;06 Cantabria;Hombres;1 de enero de 2025;3.250
37 años;06 Cantabria;Hombres;1 de enero de 2024;3.342
37 años;06 Cantabria;Mujeres;1 de enero de 2025;3.267
37 años;06 Cantabria;Mujeres;1 de enero de 2024;3.377
37 años;07 Castilla y León;Total;1 de enero de 2025;25.417
37 años;07 Castilla y León;Total;1 de enero de 2024;25.962
37 años;07 Castilla y León;Hombres;1 de enero de 2025;12.829
37 años;07 Castilla y León;Hombres;1 de enero de 2024;13.201
37 años;07 Castilla y León;Mujeres;1 de enero de 2025;12.588
37 años;07 Castilla y León;Mujeres;1 de enero de 2024;12.761
37 años;08 Castilla - La Mancha;Total;1 de enero de 2025;26.671
37 años;08 Castilla - La Mancha;Total;1 de enero de 2024;26.577
37 años;08 Castilla - La Mancha;Hombres;1 de enero de 2025;13.582
37 años;08 Castilla - La Mancha;Hombres;1 de enero de 2024;13.607
37 años;08 Castilla - La Mancha;Mujeres;1 de enero de 2025;13.089
37 años;08 Castilla - La Mancha;Mujeres;1 de enero de 2024;12.970
37 años;09 Cataluña;Total;1 de enero de 2025;104.040
37 años;09 Cataluña;Total;1 de enero de 2024;102.487
37 años;09 Cataluña;Hombres;1 de enero de 2025;52.779
37 años;09 Cataluña;Hombres;1 de enero de 2024;50.977
37 años;09 Cataluña;Mujeres;1 de enero de 2025;51.261
37 años;09 Cataluña;Mujeres;1 de enero de 2024;51.510
37 años;10 Comunitat Valenciana;Total;1 de enero de 2025;67.167
37 años;10 Comunitat Valenciana;Total;1 de enero de 2024;66.096
37 años;10 Comunitat Valenciana;Hombres;1 de enero de 2025;33.664
37 años;10 Comunitat Valenciana;Hombres;1 de enero de 2024;32.763
37 años;10 Comunitat Valenciana;Mujeres;1 de enero de 2025;33.503
37 años;10 Comunitat Valenciana;Mujeres;1 de enero de 2024;33.333
37 años;11 Extremadura;Total;1 de enero de 2025;12.730
37 años;11 Extremadura;Total;1 de enero de 2024;12.793
37 años;11 Extremadura;Hombres;1 de enero de 2025;6.490
37 años;11 Extremadura;Hombres;1 de enero de 2024;6.534
37 años;11 Extremadura;Mujeres;1 de enero de 2025;6.240
37 años;11 Extremadura;Mujeres;1 de enero de 2024;6.259
37 años;12 Galicia;Total;1 de enero de 2025;29.992
37 años;12 Galicia;Total;1 de enero de 2024;30.096
37 años;12 Galicia;Hombres;1 de enero de 2025;14.982
37 años;12 Galicia;Hombres;1 de enero de 2024;14.949
37 años;12 Galicia;Mujeres;1 de enero de 2025;15.010
37 años;12 Galicia;Mujeres;1 de enero de 2024;15.147
37 años;13 Madrid, Comunidad de;Total;1 de enero de 2025;92.859
37 años;13 Madrid, Comunidad de;Total;1 de enero de 2024;92.580
37 años;13 Madrid, Comunidad de;Hombres;1 de enero de 2025;45.657
37 años;13 Madrid, Comunidad de;Hombres;1 de enero de 2024;45.012
37 años;13 Madrid, Comunidad de;Mujeres;1 de enero de 2025;47.202
37 años;13 Madrid, Comunidad de;Mujeres;1 de enero de 2024;47.568
37 años;14 Murcia, Región de;Total;1 de enero de 2025;20.205
37 años;14 Murcia, Región de;Total;1 de enero de 2024;19.851
37 años;14 Murcia, Región de;Hombres;1 de enero de 2025;10.213
37 años;14 Murcia, Región de;Hombres;1 de enero de 2024;10.071
37 años;14 Murcia, Región de;Mujeres;1 de enero de 2025;9.992
37 años;14 Murcia, Región de;Mujeres;1 de enero de 2024;9.780
37 años;15 Navarra, Comunidad Foral de;Total;1 de enero de 2025;7.693
37 años;15 Navarra, Comunidad Foral de;Total;1 de enero de 2024;7.913
37 años;15 Navarra, Comunidad Foral de;Hombres;1 de enero de 2025;3.854
37 años;15 Navarra, Comunidad Foral de;Hombres;1 de enero de 2024;4.055
37 años;15 Navarra, Comunidad Foral de;Mujeres;1 de enero de 2025;3.839
37 años;15 Navarra, Comunidad Foral de;Mujeres;1 de enero de 2024;3.858
37 años;16 País Vasco;Total;1 de enero de 2025;24.284
37 años;16 País Vasco;Total;1 de enero de 2024;25.000
37 años;16 País Vasco;Hombres;1 de enero de 2025;12.158
37 años;16 País Vasco;Hombres;1 de enero de 2024;12.567
37 años;16 País Vasco;Mujeres;1 de enero de 2025;12.126
37 años;16 País Vasco;Mujeres;1 de enero de 2024;12.433
37 años;17 Rioja, La;Total;1 de enero de 2025;3.724
37 años;17 Rioja, La;Total;1 de enero de 2024;3.766
37 años;17 Rioja, La;Hombres;1 de enero de 2025;1.862
37 años;17 Rioja, La;Hombres;1 de enero de 2024;1.855
37 años;17 Rioja, La;Mujeres;1 de enero de 2025;1.862
37 años;17 Rioja, La;Mujeres;1 de enero de 2024;1.911
37 años;18 Ceuta;Total;1 de enero de 2025;1.130
37 años;18 Ceuta;Total;1 de enero de 2024;1.085
37 años;18 Ceuta;Hombres;1 de enero de 2025;581
37 años;18 Ceuta;Hombres;1 de enero de 2024;542
37 años;18 Ceuta;Mujeres;1 de enero de 2025;549
37 años;18 Ceuta;Mujeres;1 de enero de 2024;543
37 años;19 Melilla;Total;1 de enero de 2025;1.094
37 años;19 Melilla;Total;1 de enero de 2024;1.131
37 años;19 Melilla;Hombres;1 de enero de 2025;579
37 años;19 Melilla;Hombres;1 de enero de 2024;528
37 años;19 Melilla;Mujeres;1 de enero de 2025;515
37 años;19 Melilla;Mujeres;1 de enero de 2024;603
38 años;01 Andalucía;Total;1 de enero de 2025;112.081
38 años;01 Andalucía;Total;1 de enero de 2024;113.532
38 años;01 Andalucía;Hombres;1 de enero de 2025;55.711
38 años;01 Andalucía;Hombres;1 de enero de 2024;56.633
38 años;01 Andalucía;Mujeres;1 de enero de 2025;56.370
38 años;01 Andalucía;Mujeres;1 de enero de 2024;56.899
38 años;02 Aragón;Total;1 de enero de 2025;16.656
38 años;02 Aragón;Total;1 de enero de 2024;16.694
38 años;02 Aragón;Hombres;1 de enero de 2025;8.429
38 años;02 Aragón;Hombres;1 de enero de 2024;8.475
38 años;02 Aragón;Mujeres;1 de enero de 2025;8.227
38 años;02 Aragón;Mujeres;1 de enero de 2024;8.219
38 años;03 Asturias, Principado de;Total;1 de enero de 2025;11.367
38 años;03 Asturias, Principado de;Total;1 de enero de 2024;11.599
38 años;03 Asturias, Principado de;Hombres;1 de enero de 2025;5.657
38 años;03 Asturias, Principado de;Hombres;1 de enero de 2024;5.806
38 años;03 Asturias, Principado de;Mujeres;1 de enero de 2025;5.710
38 años;03 Asturias, Principado de;Mujeres;1 de enero de 2024;5.793
38 años;04 Balears, Illes;Total;1 de enero de 2025;18.411
38 años;04 Balears, Illes;Total;1 de enero de 2024;18.588
38 años;04 Balears, Illes;Hombres;1 de enero de 2025;9.286
38 años;04 Balears, Illes;Hombres;1 de enero de 2024;9.438
38 años;04 Balears, Illes;Mujeres;1 de enero de 2025;9.125
38 años;04 Balears, Illes;Mujeres;1 de enero de 2024;9.150
38 años;05 Canarias;Total;1 de enero de 2025;30.462
38 años;05 Canarias;Total;1 de enero de 2024;30.505
38 años;05 Canarias;Hombres;1 de enero de 2025;15.050
38 años;05 Canarias;Hombres;1 de enero de 2024;15.098
38 años;05 Canarias;Mujeres;1 de enero de 2025;15.412
38 años;05 Canarias;Mujeres;1 de enero de 2024;15.407
38 años;06 Cantabria;Total;1 de enero de 2025;6.844
38 años;06 Cantabria;Total;1 de enero de 2024;7.136
38 años;06 Cantabria;Hombres;1 de enero de 2025;3.408
38 años;06 Cantabria;Hombres;1 de enero de 2024;3.484
38 años;06 Cantabria;Mujeres;1 de enero de 2025;3.436
38 años;06 Cantabria;Mujeres;1 de enero de 2024;3.652
38 años;07 Castilla y León;Total;1 de enero de 2025;26.451
38 años;07 Castilla y León;Total;1 de enero de 2024;27.158
38 años;07 Castilla y León;Hombres;1 de enero de 2025;13.464
38 años;07 Castilla y León;Hombres;1 de enero de 2024;13.861
38 años;07 Castilla y León;Mujeres;1 de enero de 2025;12.987
38 años;07 Castilla y León;Mujeres;1 de enero de 2024;13.297
38 años;08 Castilla - La Mancha;Total;1 de enero de 2025;27.176
38 años;08 Castilla - La Mancha;Total;1 de enero de 2024;26.921
38 años;08 Castilla - La Mancha;Hombres;1 de enero de 2025;13.913
38 años;08 Castilla - La Mancha;Hombres;1 de enero de 2024;13.594
38 años;08 Castilla - La Mancha;Mujeres;1 de enero de 2025;13.263
38 años;08 Castilla - La Mancha;Mujeres;1 de enero de 2024;13.327
38 años;09 Cataluña;Total;1 de enero de 2025;104.791
38 años;09 Cataluña;Total;1 de enero de 2024;105.633
38 años;09 Cataluña;Hombres;1 de enero de 2025;52.410
38 años;09 Cataluña;Hombres;1 de enero de 2024;52.853
38 años;09 Cataluña;Mujeres;1 de enero de 2025;52.381
38 años;09 Cataluña;Mujeres;1 de enero de 2024;52.780
38 años;10 Comunitat Valenciana;Total;1 de enero de 2025;68.597
38 años;10 Comunitat Valenciana;Total;1 de enero de 2024;67.913
38 años;10 Comunitat Valenciana;Hombres;1 de enero de 2025;34.101
38 años;10 Comunitat Valenciana;Hombres;1 de enero de 2024;33.547
38 años;10 Comunitat Valenciana;Mujeres;1 de enero de 2025;34.496
38 años;10 Comunitat Valenciana;Mujeres;1 de enero de 2024;34.366
38 años;11 Extremadura;Total;1 de enero de 2025;12.888
38 años;11 Extremadura;Total;1 de enero de 2024;12.820
38 años;11 Extremadura;Hombres;1 de enero de 2025;6.608
38 años;11 Extremadura;Hombres;1 de enero de 2024;6.559
38 años;11 Extremadura;Mujeres;1 de enero de 2025;6.280
38 años;11 Extremadura;Mujeres;1 de enero de 2024;6.261
38 años;12 Galicia;Total;1 de enero de 2025;30.626
38 años;12 Galicia;Total;1 de enero de 2024;31.915
38 años;12 Galicia;Hombres;1 de enero de 2025;15.231
38 años;12 Galicia;Hombres;1 de enero de 2024;15.820
38 años;12 Galicia;Mujeres;1 de enero de 2025;15.395
38 años;12 Galicia;Mujeres;1 de enero de 2024;16.095
38 años;13 Madrid, Comunidad de;Total;1 de enero de 2025;93.888
38 años;13 Madrid, Comunidad de;Total;1 de enero de 2024;94.741
38 años;13 Madrid, Comunidad de;Hombres;1 de enero de 2025;45.760
38 años;13 Madrid, Comunidad de;Hombres;1 de enero de 2024;46.241
38 años;13 Madrid, Comunidad de;Mujeres;1 de enero de 2025;48.128
38 años;13 Madrid, Comunidad de;Mujeres;1 de enero de 2024;48.500
38 años;14 Murcia, Región de;Total;1 de enero de 2025;20.166
38 años;14 Murcia, Región de;Total;1 de enero de 2024;20.690
38 años;14 Murcia, Región de;Hombres;1 de enero de 2025;10.222
38 años;14 Murcia, Región de;Hombres;1 de enero de 2024;10.260
38 años;14 Murcia, Región de;Mujeres;1 de enero de 2025;9.944
38 años;14 Murcia, Región de;Mujeres;1 de enero de 2024;10.430
38 años;15 Navarra, Comunidad Foral de;Total;1 de enero de 2025;8.047
38 años;15 Navarra, Comunidad Foral de;Total;1 de enero de 2024;8.140
38 años;15 Navarra, Comunidad Foral de;Hombres;1 de enero de 2025;4.095
38 años;15 Navarra, Comunidad Foral de;Hombres;1 de enero de 2024;4.037
38 años;15 Navarra, Comunidad Foral de;Mujeres;1 de enero de 2025;3.952
38 años;15 Navarra, Comunidad Foral de;Mujeres;1 de enero de 2024;4.103
38 años;16 País Vasco;Total;1 de enero de 2025;25.435
38 años;16 País Vasco;Total;1 de enero de 2024;25.934
38 años;16 País Vasco;Hombres;1 de enero de 2025;12.839
38 años;16 País Vasco;Hombres;1 de enero de 2024;12.996
38 años;16 País Vasco;Mujeres;1 de enero de 2025;12.596
38 años;16 País Vasco;Mujeres;1 de enero de 2024;12.938
38 años;17 Rioja, La;Total;1 de enero de 2025;3.783
38 años;17 Rioja, La;Total;1 de enero de 2024;3.998
38 años;17 Rioja, La;Hombres;1 de enero de 2025;1.867
38 años;17 Rioja, La;Hombres;1 de enero de 2024;1.934
38 años;17 Rioja, La;Mujeres;1 de enero de 2025;1.916
38 años;17 Rioja, La;Mujeres;1 de enero de 2024;2.064
38 años;18 Ceuta;Total;1 de enero de 2025;1.087
38 años;18 Ceuta;Total;1 de enero de 2024;1.170
38 años;18 Ceuta;Hombres;1 de enero de 2025;542
38 años;18 Ceuta;Hombres;1 de enero de 2024;601
38 años;18 Ceuta;Mujeres;1 de enero de 2025;545
38 años;18 Ceuta;Mujeres;1 de enero de 2024;569
38 años;19 Melilla;Total;1 de enero de 2025;1.119
38 años;19 Melilla;Total;1 de enero de 2024;1.190
38 años;19 Melilla;Hombres;1 de enero de 2025;522
38 años;19 Melilla;Hombres;1 de enero de 2024;609
38 años;19 Melilla;Mujeres;1 de enero de 2025;597
38 años;19 Melilla;Mujeres;1 de enero de 2024;581
39 años;01 Andalucía;Total;1 de enero de 2025;114.659
39 años;01 Andalucía;Total;1 de enero de 2024;118.409
39 años;01 Andalucía;Hombres;1 de enero de 2025;57.002
39 años;01 Andalucía;Hombres;1 de enero de 2024;58.686
39 años;01 Andalucía;Mujeres;1 de enero de 2025;57.657
39 años;01 Andalucía;Mujeres;1 de enero de 2024;59.723
39 años;02 Aragón;Total;1 de enero de 2025;16.999
39 años;02 Aragón;Total;1 de enero de 2024;17.200
39 años;02 Aragón;Hombres;1 de enero de 2025;8.635
39 años;02 Aragón;Hombres;1 de enero de 2024;8.800
39 años;02 Aragón;Mujeres;1 de enero de 2025;8.364
39 años;02 Aragón;Mujeres;1 de enero de 2024;8.400
39 años;03 Asturias, Principado de;Total;1 de enero de 2025;11.902
39 años;03 Asturias, Principado de;Total;1 de enero de 2024;11.967
39 años;03 Asturias, Principado de;Hombres;1 de enero de 2025;5.937
39 años;03 Asturias, Principado de;Hombres;1 de enero de 2024;5.873
39 años;03 Asturias, Principado de;Mujeres;1 de enero de 2025;5.965
39 años;03 Asturias, Principado de;Mujeres;1 de enero de 2024;6.094
39 años;04 Balears, Illes;Total;1 de enero de 2025;18.823
39 años;04 Balears, Illes;Total;1 de enero de 2024;18.988
39 años;04 Balears, Illes;Hombres;1 de enero de 2025;9.604
39 años;04 Balears, Illes;Hombres;1 de enero de 2024;9.516
39 años;04 Balears, Illes;Mujeres;1 de enero de 2025;9.219
39 años;04 Balears, Illes;Mujeres;1 de enero de 2024;9.472
39 años;05 Canarias;Total;1 de enero de 2025;30.810
39 años;05 Canarias;Total;1 de enero de 2024;31.482
39 años;05 Canarias;Hombres;1 de enero de 2025;15.238
39 años;05 Canarias;Hombres;1 de enero de 2024;15.591
39 años;05 Canarias;Mujeres;1 de enero de 2025;15.572
39 años;05 Canarias;Mujeres;1 de enero de 2024;15.891
39 años;06 Cantabria;Total;1 de enero de 2025;7.265
39 años;06 Cantabria;Total;1 de enero de 2024;7.468
39 años;06 Cantabria;Hombres;1 de enero de 2025;3.541
39 años;06 Cantabria;Hombres;1 de enero de 2024;3.710
39 años;06 Cantabria;Mujeres;1 de enero de 2025;3.724
39 años;06 Cantabria;Mujeres;1 de enero de 2024;3.758
39 años;07 Castilla y León;Total;1 de enero de 2025;27.639
39 años;07 Castilla y León;Total;1 de enero de 2024;28.124
39 años;07 Castilla y León;Hombres;1 de enero de 2025;14.114
39 años;07 Castilla y León;Hombres;1 de enero de 2024;14.265
39 años;07 Castilla y León;Mujeres;1 de enero de 2025;13.525
39 años;07 Castilla y León;Mujeres;1 de enero de 2024;13.859
39 años;08 Castilla - La Mancha;Total;1 de enero de 2025;27.447
39 años;08 Castilla - La Mancha;Total;1 de enero de 2024;28.210
39 años;08 Castilla - La Mancha;Hombres;1 de enero de 2025;13.923
39 años;08 Castilla - La Mancha;Hombres;1 de enero de 2024;14.404
39 años;08 Castilla - La Mancha;Mujeres;1 de enero de 2025;13.524
39 años;08 Castilla - La Mancha;Mujeres;1 de enero de 2024;13.806
39 años;09 Cataluña;Total;1 de enero de 2025;107.805
39 años;09 Cataluña;Total;1 de enero de 2024;107.665
39 años;09 Cataluña;Hombres;1 de enero de 2025;54.100
39 años;09 Cataluña;Hombres;1 de enero de 2024;53.840
39 años;09 Cataluña;Mujeres;1 de enero de 2025;53.705
39 años;09 Cataluña;Mujeres;1 de enero de 2024;53.825
39 años;10 Comunitat Valenciana;Total;1 de enero de 2025;70.244
39 años;10 Comunitat Valenciana;Total;1 de enero de 2024;70.837
39 años;10 Comunitat Valenciana;Hombres;1 de enero de 2025;34.828
39 años;10 Comunitat Valenciana;Hombres;1 de enero de 2024;35.097
39 años;10 Comunitat Valenciana;Mujeres;1 de enero de 2025;35.416
39 años;10 Comunitat Valenciana;Mujeres;1 de enero de 2024;35.740
39 años;11 Extremadura;Total;1 de enero de 2025;12.866
39 años;11 Extremadura;Total;1 de enero de 2024;13.309
39 años;11 Extremadura;Hombres;1 de enero de 2025;6.600
39 años;11 Extremadura;Hombres;1 de enero de 2024;6.752
39 años;11 Extremadura;Mujeres;1 de enero de 2025;6.266
39 años;11 Extremadura;Mujeres;1 de enero de 2024;6.557
39 años;12 Galicia;Total;1 de enero de 2025;32.405
39 años;12 Galicia;Total;1 de enero de 2024;33.582
39 años;12 Galicia;Hombres;1 de enero de 2025;16.087
39 años;12 Galicia;Hombres;1 de enero de 2024;16.673
39 años;12 Galicia;Mujeres;1 de enero de 2025;16.318
39 años;12 Galicia;Mujeres;1 de enero de 2024;16.909
39 años;13 Madrid, Comunidad de;Total;1 de enero de 2025;96.045
39 años;13 Madrid, Comunidad de;Total;1 de enero de 2024;98.026
39 años;13 Madrid, Comunidad de;Hombres;1 de enero de 2025;46.989
39 años;13 Madrid, Comunidad de;Hombres;1 de enero de 2024;47.820
39 años;13 Madrid, Comunidad de;Mujeres;1 de enero de 2025;49.056
39 años;13 Madrid, Comunidad de;Mujeres;1 de enero de 2024;50.206
39 años;14 Murcia, Región de;Total;1 de enero de 2025;20.970
39 años;14 Murcia, Región de;Total;1 de enero de 2024;21.075
39 años;14 Murcia, Región de;Hombres;1 de enero de 2025;10.395
39 años;14 Murcia, Región de;Hombres;1 de enero de 2024;10.530
39 años;14 Murcia, Región de;Mujeres;1 de enero de 2025;10.575
39 años;14 Murcia, Región de;Mujeres;1 de enero de 2024;10.545
39 años;15 Navarra, Comunidad Foral de;Total;1 de enero de 2025;8.278
39 años;15 Navarra, Comunidad Foral de;Total;1 de enero de 2024;8.365
39 años;15 Navarra, Comunidad Foral de;Hombres;1 de enero de 2025;4.108
39 años;15 Navarra, Comunidad Foral de;Hombres;1 de enero de 2024;4.137
39 años;15 Navarra, Comunidad Foral de;Mujeres;1 de enero de 2025;4.170
39 años;15 Navarra, Comunidad Foral de;Mujeres;1 de enero de 2024;4.228
39 años;16 País Vasco;Total;1 de enero de 2025;26.265
39 años;16 País Vasco;Total;1 de enero de 2024;26.741
39 años;16 País Vasco;Hombres;1 de enero de 2025;13.148
39 años;16 País Vasco;Hombres;1 de enero de 2024;13.377
39 años;16 País Vasco;Mujeres;1 de enero de 2025;13.117
39 años;16 País Vasco;Mujeres;1 de enero de 2024;13.364
39 años;17 Rioja, La;Total;1 de enero de 2025;4.068
39 años;17 Rioja, La;Total;1 de enero de 2024;4.123
39 años;17 Rioja, La;Hombres;1 de enero de 2025;1.964
39 años;17 Rioja, La;Hombres;1 de enero de 2024;2.107
39 años;17 Rioja, La;Mujeres;1 de enero de 2025;2.104
39 años;17 Rioja, La;Mujeres;1 de enero de 2024;2.016
39 años;18 Ceuta;Total;1 de enero de 2025;1.194
39 años;18 Ceuta;Total;1 de enero de 2024;1.129
39 años;18 Ceuta;Hombres;1 de enero de 2025;612
39 años;18 Ceuta;Hombres;1 de enero de 2024;558
39 años;18 Ceuta;Mujeres;1 de enero de 2025;582
39 años;18 Ceuta;Mujeres;1 de enero de 2024;571
39 años;19 Melilla;Total;1 de enero de 2025;1.188
39 años;19 Melilla;Total;1 de enero de 2024;1.187
39 años;19 Melilla;Hombres;1 de enero de 2025;609
39 años;19 Melilla;Hombres;1 de enero de 2024;583
39 años;19 Melilla;Mujeres;1 de enero de 2025;579
39 años;19 Melilla;Mujeres;1 de enero de 2024;604
40 años;01 Andalucía;Total;1 de enero de 2025;119.488
40 años;01 Andalucía;Total;1 de enero de 2024;122.172
40 años;01 Andalucía;Hombres;1 de enero de 2025;59.089
40 años;01 Andalucía;Hombres;1 de enero de 2024;60.869
40 años;01 Andalucía;Mujeres;1 de enero de 2025;60.399
40 años;01 Andalucía;Mujeres;1 de enero de 2024;61.303
40 años;02 Aragón;Total;1 de enero de 2025;17.514
40 años;02 Aragón;Total;1 de enero de 2024;17.297
40 años;02 Aragón;Hombres;1 de enero de 2025;8.988
40 años;02 Aragón;Hombres;1 de enero de 2024;8.823
40 años;02 Aragón;Mujeres;1 de enero de 2025;8.526
40 años;02 Aragón;Mujeres;1 de enero de 2024;8.474
40 años;03 Asturias, Principado de;Total;1 de enero de 2025;12.207
40 años;03 Asturias, Principado de;Total;1 de enero de 2024;12.777
40 años;03 Asturias, Principado de;Hombres;1 de enero de 2025;5.982
40 años;03 Asturias, Principado de;Hombres;1 de enero de 2024;6.370
40 años;03 Asturias, Principado de;Mujeres;1 de enero de 2025;6.225
40 años;03 Asturias, Principado de;Mujeres;1 de enero de 2024;6.407
40 años;04 Balears, Illes;Total;1 de enero de 2025;19.223
40 años;04 Balears, Illes;Total;1 de enero de 2024;19.239
40 años;04 Balears, Illes;Hombres;1 de enero de 2025;9.675
40 años;04 Balears, Illes;Hombres;1 de enero de 2024;9.750
40 años;04 Balears, Illes;Mujeres;1 de enero de 2025;9.548
40 años;04 Balears, Illes;Mujeres;1 de enero de 2024;9.489
40 años;05 Canarias;Total;1 de enero de 2025;31.839
40 años;05 Canarias;Total;1 de enero de 2024;32.762
40 años;05 Canarias;Hombres;1 de enero de 2025;15.743
40 años;05 Canarias;Hombres;1 de enero de 2024;16.177
40 años;05 Canarias;Mujeres;1 de enero de 2025;16.096
40 años;05 Canarias;Mujeres;1 de enero de 2024;16.585
40 años;06 Cantabria;Total;1 de enero de 2025;7.593
40 años;06 Cantabria;Total;1 de enero de 2024;7.876
40 años;06 Cantabria;Hombres;1 de enero de 2025;3.752
40 años;06 Cantabria;Hombres;1 de enero de 2024;3.886
40 años;06 Cantabria;Mujeres;1 de enero de 2025;3.841
40 años;06 Cantabria;Mujeres;1 de enero de 2024;3.990
40 años;07 Castilla y León;Total;1 de enero de 2025;28.553
40 años;07 Castilla y León;Total;1 de enero de 2024;28.989
40 años;07 Castilla y León;Hombres;1 de enero de 2025;14.458
40 años;07 Castilla y León;Hombres;1 de enero de 2024;14.552
40 años;07 Castilla y León;Mujeres;1 de enero de 2025;14.095
40 años;07 Castilla y León;Mujeres;1 de enero de 2024;14.437
40 años;08 Castilla - La Mancha;Total;1 de enero de 2025;28.717
40 años;08 Castilla - La Mancha;Total;1 de enero de 2024;29.124
40 años;08 Castilla - La Mancha;Hombres;1 de enero de 2025;14.652
40 años;08 Castilla - La Mancha;Hombres;1 de enero de 2024;14.905
40 años;08 Castilla - La Mancha;Mujeres;1 de enero de 2025;14.065
40 años;08 Castilla - La Mancha;Mujeres;1 de enero de 2024;14.219
40 años;09 Cataluña;Total;1 de enero de 2025;109.557
40 años;09 Cataluña;Total;1 de enero de 2024;110.341
40 años;09 Cataluña;Hombres;1 de enero de 2025;54.892
40 años;09 Cataluña;Hombres;1 de enero de 2024;55.048
40 años;09 Cataluña;Mujeres;1 de enero de 2025;54.665
40 años;09 Cataluña;Mujeres;1 de enero de 2024;55.293
40 años;10 Comunitat Valenciana;Total;1 de enero de 2025;72.946
40 años;10 Comunitat Valenciana;Total;1 de enero de 2024;72.358
40 años;10 Comunitat Valenciana;Hombres;1 de enero de 2025;36.212
40 años;10 Comunitat Valenciana;Hombres;1 de enero de 2024;36.035
40 años;10 Comunitat Valenciana;Mujeres;1 de enero de 2025;36.734
40 años;10 Comunitat Valenciana;Mujeres;1 de enero de 2024;36.323
40 años;11 Extremadura;Total;1 de enero de 2025;13.394
40 años;11 Extremadura;Total;1 de enero de 2024;13.741
40 años;11 Extremadura;Hombres;1 de enero de 2025;6.788
40 años;11 Extremadura;Hombres;1 de enero de 2024;6.989
40 años;11 Extremadura;Mujeres;1 de enero de 2025;6.606
40 años;11 Extremadura;Mujeres;1 de enero de 2024;6.752
40 años;12 Galicia;Total;1 de enero de 2025;34.084
40 años;12 Galicia;Total;1 de enero de 2024;35.428
40 años;12 Galicia;Hombres;1 de enero de 2025;16.940
40 años;12 Galicia;Hombres;1 de enero de 2024;17.555
40 años;12 Galicia;Mujeres;1 de enero de 2025;17.144
40 años;12 Galicia;Mujeres;1 de enero de 2024;17.873
40 años;13 Madrid, Comunidad de;Total;1 de enero de 2025;99.143
40 años;13 Madrid, Comunidad de;Total;1 de enero de 2024;99.323
40 años;13 Madrid, Comunidad de;Hombres;1 de enero de 2025;48.457
40 años;13 Madrid, Comunidad de;Hombres;1 de enero de 2024;48.501
40 años;13 Madrid, Comunidad de;Mujeres;1 de enero de 2025;50.686
40 años;13 Madrid, Comunidad de;Mujeres;1 de enero de 2024;50.822
40 años;14 Murcia, Región de;Total;1 de enero de 2025;21.307
40 años;14 Murcia, Región de;Total;1 de enero de 2024;22.444
40 años;14 Murcia, Región de;Hombres;1 de enero de 2025;10.637
40 años;14 Murcia, Región de;Hombres;1 de enero de 2024;11.316
40 años;14 Murcia, Región de;Mujeres;1 de enero de 2025;10.670
40 años;14 Murcia, Región de;Mujeres;1 de enero de 2024;11.128
40 años;15 Navarra, Comunidad Foral de;Total;1 de enero de 2025;8.464
40 años;15 Navarra, Comunidad Foral de;Total;1 de enero de 2024;8.716
40 años;15 Navarra, Comunidad Foral de;Hombres;1 de enero de 2025;4.210
40 años;15 Navarra, Comunidad Foral de;Hombres;1 de enero de 2024;4.370
40 años;15 Navarra, Comunidad Foral de;Mujeres;1 de enero de 2025;4.254
40 años;15 Navarra, Comunidad Foral de;Mujeres;1 de enero de 2024;4.346
40 años;16 País Vasco;Total;1 de enero de 2025;27.117
40 años;16 País Vasco;Total;1 de enero de 2024;27.970
40 años;16 País Vasco;Hombres;1 de enero de 2025;13.572
40 años;16 País Vasco;Hombres;1 de enero de 2024;14.000
40 años;16 País Vasco;Mujeres;1 de enero de 2025;13.545
40 años;16 País Vasco;Mujeres;1 de enero de 2024;13.970
40 años;17 Rioja, La;Total;1 de enero de 2025;4.216
40 años;17 Rioja, La;Total;1 de enero de 2024;4.229
40 años;17 Rioja, La;Hombres;1 de enero de 2025;2.142
40 años;17 Rioja, La;Hombres;1 de enero de 2024;2.080
40 años;17 Rioja, La;Mujeres;1 de enero de 2025;2.074
40 años;17 Rioja, La;Mujeres;1 de enero de 2024;2.149
40 años;18 Ceuta;Total;1 de enero de 2025;1.130
40 años;18 Ceuta;Total;1 de enero de 2024;1.179
40 años;18 Ceuta;Hombres;1 de enero de 2025;556
40 años;18 Ceuta;Hombres;1 de enero de 2024;590
40 años;18 Ceuta;Mujeres;1 de enero de 2025;574
40 años;18 Ceuta;Mujeres;1 de enero de 2024;589
40 años;19 Melilla;Total;1 de enero de 2025;1.169
40 años;19 Melilla;Total;1 de enero de 2024;1.245
40 años;19 Melilla;Hombres;1 de enero de 2025;576
40 años;19 Melilla;Hombres;1 de enero de 2024;620
40 años;19 Melilla;Mujeres;1 de enero de 2025;593
40 años;19 Melilla;Mujeres;1 de enero de 2024;625
41 años;01 Andalucía;Total;1 de enero de 2025;123.053
41 años;01 Andalucía;Total;1 de enero de 2024;127.804
41 años;01 Andalucía;Hombres;1 de enero de 2025;61.226
41 años;01 Andalucía;Hombres;1 de enero de 2024;63.692
41 años;01 Andalucía;Mujeres;1 de enero de 2025;61.827
41 años;01 Andalucía;Mujeres;1 de enero de 2024;64.112
41 años;02 Aragón;Total;1 de enero de 2025;17.585
41 años;02 Aragón;Total;1 de enero de 2024;18.389
41 años;02 Aragón;Hombres;1 de enero de 2025;8.987
41 años;02 Aragón;Hombres;1 de enero de 2024;9.236
41 años;02 Aragón;Mujeres;1 de enero de 2025;8.598
41 años;02 Aragón;Mujeres;1 de enero de 2024;9.153
41 años;03 Asturias, Principado de;Total;1 de enero de 2025;13.031
41 años;03 Asturias, Principado de;Total;1 de enero de 2024;13.324
41 años;03 Asturias, Principado de;Hombres;1 de enero de 2025;6.491
41 años;03 Asturias, Principado de;Hombres;1 de enero de 2024;6.505
41 años;03 Asturias, Principado de;Mujeres;1 de enero de 2025;6.540
41 años;03 Asturias, Principado de;Mujeres;1 de enero de 2024;6.819
41 años;04 Balears, Illes;Total;1 de enero de 2025;19.365
41 años;04 Balears, Illes;Total;1 de enero de 2024;19.969
41 años;04 Balears, Illes;Hombres;1 de enero de 2025;9.836
41 años;04 Balears, Illes;Hombres;1 de enero de 2024;10.162
41 años;04 Balears, Illes;Mujeres;1 de enero de 2025;9.529
41 años;04 Balears, Illes;Mujeres;1 de enero de 2024;9.807
41 años;05 Canarias;Total;1 de enero de 2025;33.114
41 años;05 Canarias;Total;1 de enero de 2024;34.454
41 años;05 Canarias;Hombres;1 de enero de 2025;16.320
41 años;05 Canarias;Hombres;1 de enero de 2024;16.989
41 años;05 Canarias;Mujeres;1 de enero de 2025;16.794
41 años;05 Canarias;Mujeres;1 de enero de 2024;17.465
41 años;06 Cantabria;Total;1 de enero de 2025;7.948
41 años;06 Cantabria;Total;1 de enero de 2024;8.347
41 años;06 Cantabria;Hombres;1 de enero de 2025;3.910
41 años;06 Cantabria;Hombres;1 de enero de 2024;4.162
41 años;06 Cantabria;Mujeres;1 de enero de 2025;4.038
41 años;06 Cantabria;Mujeres;1 de enero de 2024;4.185
41 años;07 Castilla y León;Total;1 de enero de 2025;29.383
41 años;07 Castilla y León;Total;1 de enero de 2024;30.412
41 años;07 Castilla y León;Hombres;1 de enero de 2025;14.723
41 años;07 Castilla y León;Hombres;1 de enero de 2024;15.295
41 años;07 Castilla y León;Mujeres;1 de enero de 2025;14.660
41 años;07 Castilla y León;Mujeres;1 de enero de 2024;15.117
41 años;08 Castilla - La Mancha;Total;1 de enero de 2025;29.620
41 años;08 Castilla - La Mancha;Total;1 de enero de 2024;30.547
41 años;08 Castilla - La Mancha;Hombres;1 de enero de 2025;15.204
41 años;08 Castilla - La Mancha;Hombres;1 de enero de 2024;15.663
41 años;08 Castilla - La Mancha;Mujeres;1 de enero de 2025;14.416
41 años;08 Castilla - La Mancha;Mujeres;1 de enero de 2024;14.884
41 años;09 Cataluña;Total;1 de enero de 2025;111.940
41 años;09 Cataluña;Total;1 de enero de 2024;116.147
41 años;09 Cataluña;Hombres;1 de enero de 2025;55.986
41 años;09 Cataluña;Hombres;1 de enero de 2024;58.359
41 años;09 Cataluña;Mujeres;1 de enero de 2025;55.954
41 años;09 Cataluña;Mujeres;1 de enero de 2024;57.788
41 años;10 Comunitat Valenciana;Total;1 de enero de 2025;74.412
41 años;10 Comunitat Valenciana;Total;1 de enero de 2024;76.641
41 años;10 Comunitat Valenciana;Hombres;1 de enero de 2025;37.081
41 años;10 Comunitat Valenciana;Hombres;1 de enero de 2024;38.341
41 años;10 Comunitat Valenciana;Mujeres;1 de enero de 2025;37.331
41 años;10 Comunitat Valenciana;Mujeres;1 de enero de 2024;38.300
41 años;11 Extremadura;Total;1 de enero de 2025;13.811
41 años;11 Extremadura;Total;1 de enero de 2024;14.522
41 años;11 Extremadura;Hombres;1 de enero de 2025;7.012
41 años;11 Extremadura;Hombres;1 de enero de 2024;7.303
41 años;11 Extremadura;Mujeres;1 de enero de 2025;6.799
41 años;11 Extremadura;Mujeres;1 de enero de 2024;7.219
41 años;12 Galicia;Total;1 de enero de 2025;35.859
41 años;12 Galicia;Total;1 de enero de 2024;37.490
41 años;12 Galicia;Hombres;1 de enero de 2025;17.752
41 años;12 Galicia;Hombres;1 de enero de 2024;18.750
41 años;12 Galicia;Mujeres;1 de enero de 2025;18.107
41 años;12 Galicia;Mujeres;1 de enero de 2024;18.740
41 años;13 Madrid, Comunidad de;Total;1 de enero de 2025;100.150
41 años;13 Madrid, Comunidad de;Total;1 de enero de 2024;104.502
41 años;13 Madrid, Comunidad de;Hombres;1 de enero de 2025;48.846
41 años;13 Madrid, Comunidad de;Hombres;1 de enero de 2024;51.047
41 años;13 Madrid, Comunidad de;Mujeres;1 de enero de 2025;51.304
41 años;13 Madrid, Comunidad de;Mujeres;1 de enero de 2024;53.455
41 años;14 Murcia, Región de;Total;1 de enero de 2025;22.663
41 años;14 Murcia, Región de;Total;1 de enero de 2024;23.669
41 años;14 Murcia, Región de;Hombres;1 de enero de 2025;11.351
41 años;14 Murcia, Región de;Hombres;1 de enero de 2024;11.914
41 años;14 Murcia, Región de;Mujeres;1 de enero de 2025;11.312
41 años;14 Murcia, Región de;Mujeres;1 de enero de 2024;11.755
41 años;15 Navarra, Comunidad Foral de;Total;1 de enero de 2025;8.827
41 años;15 Navarra, Comunidad Foral de;Total;1 de enero de 2024;9.281
41 años;15 Navarra, Comunidad Foral de;Hombres;1 de enero de 2025;4.446
41 años;15 Navarra, Comunidad Foral de;Hombres;1 de enero de 2024;4.636
41 años;15 Navarra, Comunidad Foral de;Mujeres;1 de enero de 2025;4.381
41 años;15 Navarra, Comunidad Foral de;Mujeres;1 de enero de 2024;4.645
41 años;16 País Vasco;Total;1 de enero de 2025;28.250
41 años;16 País Vasco;Total;1 de enero de 2024;29.426
41 años;16 País Vasco;Hombres;1 de enero de 2025;14.131
41 años;16 País Vasco;Hombres;1 de enero de 2024;14.719
41 años;16 País Vasco;Mujeres;1 de enero de 2025;14.119
41 años;16 País Vasco;Mujeres;1 de enero de 2024;14.707
41 años;17 Rioja, La;Total;1 de enero de 2025;4.317
41 años;17 Rioja, La;Total;1 de enero de 2024;4.492
41 años;17 Rioja, La;Hombres;1 de enero de 2025;2.143
41 años;17 Rioja, La;Hombres;1 de enero de 2024;2.323
41 años;17 Rioja, La;Mujeres;1 de enero de 2025;2.174
41 años;17 Rioja, La;Mujeres;1 de enero de 2024;2.169
41 años;18 Ceuta;Total;1 de enero de 2025;1.194
41 años;18 Ceuta;Total;1 de enero de 2024;1.196
41 años;18 Ceuta;Hombres;1 de enero de 2025;602
41 años;18 Ceuta;Hombres;1 de enero de 2024;612
41 años;18 Ceuta;Mujeres;1 de enero de 2025;592
41 años;18 Ceuta;Mujeres;1 de enero de 2024;584
41 años;19 Melilla;Total;1 de enero de 2025;1.272
41 años;19 Melilla;Total;1 de enero de 2024;1.219
41 años;19 Melilla;Hombres;1 de enero de 2025;639
41 años;19 Melilla;Hombres;1 de enero de 2024;623
41 años;19 Melilla;Mujeres;1 de enero de 2025;633
41 años;19 Melilla;Mujeres;1 de enero de 2024;596
42 años;01 Andalucía;Total;1 de enero de 2025;128.524
42 años;01 Andalucía;Total;1 de enero de 2024;131.029
42 años;01 Andalucía;Hombres;1 de enero de 2025;63.948
42 años;01 Andalucía;Hombres;1 de enero de 2024;65.346
42 años;01 Andalucía;Mujeres;1 de enero de 2025;64.576
42 años;01 Andalucía;Mujeres;1 de enero de 2024;65.683
42 años;02 Aragón;Total;1 de enero de 2025;18.695
42 años;02 Aragón;Total;1 de enero de 2024;19.282
42 años;02 Aragón;Hombres;1 de enero de 2025;9.416
42 años;02 Aragón;Hombres;1 de enero de 2024;9.777
42 años;02 Aragón;Mujeres;1 de enero de 2025;9.279
42 años;02 Aragón;Mujeres;1 de enero de 2024;9.505
42 años;03 Asturias, Principado de;Total;1 de enero de 2025;13.569
42 años;03 Asturias, Principado de;Total;1 de enero de 2024;14.312
42 años;03 Asturias, Principado de;Hombres;1 de enero de 2025;6.622
42 años;03 Asturias, Principado de;Hombres;1 de enero de 2024;6.977
42 años;03 Asturias, Principado de;Mujeres;1 de enero de 2025;6.947
42 años;03 Asturias, Principado de;Mujeres;1 de enero de 2024;7.335
42 años;04 Balears, Illes;Total;1 de enero de 2025;20.122
42 años;04 Balears, Illes;Total;1 de enero de 2024;20.534
42 años;04 Balears, Illes;Hombres;1 de enero de 2025;10.218
42 años;04 Balears, Illes;Hombres;1 de enero de 2024;10.314
42 años;04 Balears, Illes;Mujeres;1 de enero de 2025;9.904
42 años;04 Balears, Illes;Mujeres;1 de enero de 2024;10.220
42 años;05 Canarias;Total;1 de enero de 2025;34.720
42 años;05 Canarias;Total;1 de enero de 2024;35.462
42 años;05 Canarias;Hombres;1 de enero de 2025;17.114
42 años;05 Canarias;Hombres;1 de enero de 2024;17.685
42 años;05 Canarias;Mujeres;1 de enero de 2025;17.606
42 años;05 Canarias;Mujeres;1 de enero de 2024;17.777
42 años;06 Cantabria;Total;1 de enero de 2025;8.421
42 años;06 Cantabria;Total;1 de enero de 2024;8.910
42 años;06 Cantabria;Hombres;1 de enero de 2025;4.191
42 años;06 Cantabria;Hombres;1 de enero de 2024;4.492
42 años;06 Cantabria;Mujeres;1 de enero de 2025;4.230
42 años;06 Cantabria;Mujeres;1 de enero de 2024;4.418
42 años;07 Castilla y León;Total;1 de enero de 2025;30.741
42 años;07 Castilla y León;Total;1 de enero de 2024;31.828
42 años;07 Castilla y León;Hombres;1 de enero de 2025;15.494
42 años;07 Castilla y León;Hombres;1 de enero de 2024;16.155
42 años;07 Castilla y León;Mujeres;1 de enero de 2025;15.247
42 años;07 Castilla y León;Mujeres;1 de enero de 2024;15.673
42 años;08 Castilla - La Mancha;Total;1 de enero de 2025;30.974
42 años;08 Castilla - La Mancha;Total;1 de enero de 2024;31.769
42 años;08 Castilla - La Mancha;Hombres;1 de enero de 2025;15.914
42 años;08 Castilla - La Mancha;Hombres;1 de enero de 2024;16.363
42 años;08 Castilla - La Mancha;Mujeres;1 de enero de 2025;15.060
42 años;08 Castilla - La Mancha;Mujeres;1 de enero de 2024;15.406
42 años;09 Cataluña;Total;1 de enero de 2025;117.499
42 años;09 Cataluña;Total;1 de enero de 2024;120.269
42 años;09 Cataluña;Hombres;1 de enero de 2025;59.154
42 años;09 Cataluña;Hombres;1 de enero de 2024;60.740
42 años;09 Cataluña;Mujeres;1 de enero de 2025;58.345
42 años;09 Cataluña;Mujeres;1 de enero de 2024;59.529
42 años;10 Comunitat Valenciana;Total;1 de enero de 2025;78.666
42 años;10 Comunitat Valenciana;Total;1 de enero de 2024;80.173
42 años;10 Comunitat Valenciana;Hombres;1 de enero de 2025;39.369
42 años;10 Comunitat Valenciana;Hombres;1 de enero de 2024;40.347
42 años;10 Comunitat Valenciana;Mujeres;1 de enero de 2025;39.297
42 años;10 Comunitat Valenciana;Mujeres;1 de enero de 2024;39.826
42 años;11 Extremadura;Total;1 de enero de 2025;14.549
42 años;11 Extremadura;Total;1 de enero de 2024;14.679
42 años;11 Extremadura;Hombres;1 de enero de 2025;7.317
42 años;11 Extremadura;Hombres;1 de enero de 2024;7.445
42 años;11 Extremadura;Mujeres;1 de enero de 2025;7.232
42 años;11 Extremadura;Mujeres;1 de enero de 2024;7.234
42 años;12 Galicia;Total;1 de enero de 2025;37.862
42 años;12 Galicia;Total;1 de enero de 2024;39.982
42 años;12 Galicia;Hombres;1 de enero de 2025;18.922
42 años;12 Galicia;Hombres;1 de enero de 2024;20.099
42 años;12 Galicia;Mujeres;1 de enero de 2025;18.940
42 años;12 Galicia;Mujeres;1 de enero de 2024;19.883
42 años;13 Madrid, Comunidad de;Total;1 de enero de 2025;105.397
42 años;13 Madrid, Comunidad de;Total;1 de enero de 2024;107.515
42 años;13 Madrid, Comunidad de;Hombres;1 de enero de 2025;51.398
42 años;13 Madrid, Comunidad de;Hombres;1 de enero de 2024;52.345
42 años;13 Madrid, Comunidad de;Mujeres;1 de enero de 2025;53.999
42 años;13 Madrid, Comunidad de;Mujeres;1 de enero de 2024;55.170
42 años;14 Murcia, Región de;Total;1 de enero de 2025;23.855
42 años;14 Murcia, Región de;Total;1 de enero de 2024;24.810
42 años;14 Murcia, Región de;Hombres;1 de enero de 2025;12.003
42 años;14 Murcia, Región de;Hombres;1 de enero de 2024;12.699
42 años;14 Murcia, Región de;Mujeres;1 de enero de 2025;11.852
42 años;14 Murcia, Región de;Mujeres;1 de enero de 2024;12.111
42 años;15 Navarra, Comunidad Foral de;Total;1 de enero de 2025;9.365
42 años;15 Navarra, Comunidad Foral de;Total;1 de enero de 2024;9.808
42 años;15 Navarra, Comunidad Foral de;Hombres;1 de enero de 2025;4.692
42 años;15 Navarra, Comunidad Foral de;Hombres;1 de enero de 2024;4.802
42 años;15 Navarra, Comunidad Foral de;Mujeres;1 de enero de 2025;4.673
42 años;15 Navarra, Comunidad Foral de;Mujeres;1 de enero de 2024;5.006
42 años;16 País Vasco;Total;1 de enero de 2025;29.774
42 años;16 País Vasco;Total;1 de enero de 2024;31.018
42 años;16 País Vasco;Hombres;1 de enero de 2025;14.895
42 años;16 País Vasco;Hombres;1 de enero de 2024;15.481
42 años;16 País Vasco;Mujeres;1 de enero de 2025;14.879
42 años;16 País Vasco;Mujeres;1 de enero de 2024;15.537
42 años;17 Rioja, La;Total;1 de enero de 2025;4.537
42 años;17 Rioja, La;Total;1 de enero de 2024;4.704
42 años;17 Rioja, La;Hombres;1 de enero de 2025;2.338
42 años;17 Rioja, La;Hombres;1 de enero de 2024;2.347
42 años;17 Rioja, La;Mujeres;1 de enero de 2025;2.199
42 años;17 Rioja, La;Mujeres;1 de enero de 2024;2.357
42 años;18 Ceuta;Total;1 de enero de 2025;1.210
42 años;18 Ceuta;Total;1 de enero de 2024;1.213
42 años;18 Ceuta;Hombres;1 de enero de 2025;620
42 años;18 Ceuta;Hombres;1 de enero de 2024;634
42 años;18 Ceuta;Mujeres;1 de enero de 2025;590
42 años;18 Ceuta;Mujeres;1 de enero de 2024;579
42 años;19 Melilla;Total;1 de enero de 2025;1.231
42 años;19 Melilla;Total;1 de enero de 2024;1.221
42 años;19 Melilla;Hombres;1 de enero de 2025;632
42 años;19 Melilla;Hombres;1 de enero de 2024;602
42 años;19 Melilla;Mujeres;1 de enero de 2025;599
42 años;19 Melilla;Mujeres;1 de enero de 2024;619
43 años;01 Andalucía;Total;1 de enero de 2025;131.873
43 años;01 Andalucía;Total;1 de enero de 2024;137.487
43 años;01 Andalucía;Hombres;1 de enero de 2025;65.706
43 años;01 Andalucía;Hombres;1 de enero de 2024;68.786
43 años;01 Andalucía;Mujeres;1 de enero de 2025;66.167
43 años;01 Andalucía;Mujeres;1 de enero de 2024;68.701
43 años;02 Aragón;Total;1 de enero de 2025;19.502
43 años;02 Aragón;Total;1 de enero de 2024;20.528
43 años;02 Aragón;Hombres;1 de enero de 2025;9.905
43 años;02 Aragón;Hombres;1 de enero de 2024;10.408
43 años;02 Aragón;Mujeres;1 de enero de 2025;9.597
43 años;02 Aragón;Mujeres;1 de enero de 2024;10.120
43 años;03 Asturias, Principado de;Total;1 de enero de 2025;14.526
43 años;03 Asturias, Principado de;Total;1 de enero de 2024;15.102
43 años;03 Asturias, Principado de;Hombres;1 de enero de 2025;7.071
43 años;03 Asturias, Principado de;Hombres;1 de enero de 2024;7.478
43 años;03 Asturias, Principado de;Mujeres;1 de enero de 2025;7.455
43 años;03 Asturias, Principado de;Mujeres;1 de enero de 2024;7.624
43 años;04 Balears, Illes;Total;1 de enero de 2025;20.660
43 años;04 Balears, Illes;Total;1 de enero de 2024;21.314
43 años;04 Balears, Illes;Hombres;1 de enero de 2025;10.421
43 años;04 Balears, Illes;Hombres;1 de enero de 2024;10.965
43 años;04 Balears, Illes;Mujeres;1 de enero de 2025;10.239
43 años;04 Balears, Illes;Mujeres;1 de enero de 2024;10.349
43 años;05 Canarias;Total;1 de enero de 2025;35.689
43 años;05 Canarias;Total;1 de enero de 2024;36.629
43 años;05 Canarias;Hombres;1 de enero de 2025;17.766
43 años;05 Canarias;Hombres;1 de enero de 2024;18.337
43 años;05 Canarias;Mujeres;1 de enero de 2025;17.923
43 años;05 Canarias;Mujeres;1 de enero de 2024;18.292
43 años;06 Cantabria;Total;1 de enero de 2025;9.006
43 años;06 Cantabria;Total;1 de enero de 2024;9.426
43 años;06 Cantabria;Hombres;1 de enero de 2025;4.560
43 años;06 Cantabria;Hombres;1 de enero de 2024;4.697
43 años;06 Cantabria;Mujeres;1 de enero de 2025;4.446
43 años;06 Cantabria;Mujeres;1 de enero de 2024;4.729
43 años;07 Castilla y León;Total;1 de enero de 2025;32.270
43 años;07 Castilla y León;Total;1 de enero de 2024;33.846
43 años;07 Castilla y León;Hombres;1 de enero de 2025;16.371
43 años;07 Castilla y León;Hombres;1 de enero de 2024;17.139
43 años;07 Castilla y León;Mujeres;1 de enero de 2025;15.899
43 años;07 Castilla y León;Mujeres;1 de enero de 2024;16.707
43 años;08 Castilla - La Mancha;Total;1 de enero de 2025;32.166
43 años;08 Castilla - La Mancha;Total;1 de enero de 2024;33.067
43 años;08 Castilla - La Mancha;Hombres;1 de enero de 2025;16.535
43 años;08 Castilla - La Mancha;Hombres;1 de enero de 2024;17.046
43 años;08 Castilla - La Mancha;Mujeres;1 de enero de 2025;15.631
43 años;08 Castilla - La Mancha;Mujeres;1 de enero de 2024;16.021
43 años;09 Cataluña;Total;1 de enero de 2025;121.590
43 años;09 Cataluña;Total;1 de enero de 2024;126.079
43 años;09 Cataluña;Hombres;1 de enero de 2025;61.440
43 años;09 Cataluña;Hombres;1 de enero de 2024;63.387
43 años;09 Cataluña;Mujeres;1 de enero de 2025;60.150
43 años;09 Cataluña;Mujeres;1 de enero de 2024;62.692
43 años;10 Comunitat Valenciana;Total;1 de enero de 2025;81.906
43 años;10 Comunitat Valenciana;Total;1 de enero de 2024;84.399
43 años;10 Comunitat Valenciana;Hombres;1 de enero de 2025;41.209
43 años;10 Comunitat Valenciana;Hombres;1 de enero de 2024;42.276
43 años;10 Comunitat Valenciana;Mujeres;1 de enero de 2025;40.697
43 años;10 Comunitat Valenciana;Mujeres;1 de enero de 2024;42.123
43 años;11 Extremadura;Total;1 de enero de 2025;14.739
43 años;11 Extremadura;Total;1 de enero de 2024;15.261
43 años;11 Extremadura;Hombres;1 de enero de 2025;7.449
43 años;11 Extremadura;Hombres;1 de enero de 2024;7.567
43 años;11 Extremadura;Mujeres;1 de enero de 2025;7.290
43 años;11 Extremadura;Mujeres;1 de enero de 2024;7.694
43 años;12 Galicia;Total;1 de enero de 2025;40.374
43 años;12 Galicia;Total;1 de enero de 2024;42.043
43 años;12 Galicia;Hombres;1 de enero de 2025;20.272
43 años;12 Galicia;Hombres;1 de enero de 2024;20.959
43 años;12 Galicia;Mujeres;1 de enero de 2025;20.102
43 años;12 Galicia;Mujeres;1 de enero de 2024;21.084
43 años;13 Madrid, Comunidad de;Total;1 de enero de 2025;108.258
43 años;13 Madrid, Comunidad de;Total;1 de enero de 2024;109.997
43 años;13 Madrid, Comunidad de;Hombres;1 de enero de 2025;52.633
43 años;13 Madrid, Comunidad de;Hombres;1 de enero de 2024;53.740
43 años;13 Madrid, Comunidad de;Mujeres;1 de enero de 2025;55.625
43 años;13 Madrid, Comunidad de;Mujeres;1 de enero de 2024;56.257
43 años;14 Murcia, Región de;Total;1 de enero de 2025;25.026
43 años;14 Murcia, Región de;Total;1 de enero de 2024;25.902
43 años;14 Murcia, Región de;Hombres;1 de enero de 2025;12.801
43 años;14 Murcia, Región de;Hombres;1 de enero de 2024;13.502
43 años;14 Murcia, Región de;Mujeres;1 de enero de 2025;12.225
43 años;14 Murcia, Región de;Mujeres;1 de enero de 2024;12.400
43 años;15 Navarra, Comunidad Foral de;Total;1 de enero de 2025;9.898
43 años;15 Navarra, Comunidad Foral de;Total;1 de enero de 2024;10.211
43 años;15 Navarra, Comunidad Foral de;Hombres;1 de enero de 2025;4.844
43 años;15 Navarra, Comunidad Foral de;Hombres;1 de enero de 2024;5.119
43 años;15 Navarra, Comunidad Foral de;Mujeres;1 de enero de 2025;5.054
43 años;15 Navarra, Comunidad Foral de;Mujeres;1 de enero de 2024;5.092
43 años;16 País Vasco;Total;1 de enero de 2025;31.339
43 años;16 País Vasco;Total;1 de enero de 2024;32.210
43 años;16 País Vasco;Hombres;1 de enero de 2025;15.620
43 años;16 País Vasco;Hombres;1 de enero de 2024;16.250
43 años;16 País Vasco;Mujeres;1 de enero de 2025;15.719
43 años;16 País Vasco;Mujeres;1 de enero de 2024;15.960
43 años;17 Rioja, La;Total;1 de enero de 2025;4.793
43 años;17 Rioja, La;Total;1 de enero de 2024;5.042
43 años;17 Rioja, La;Hombres;1 de enero de 2025;2.389
43 años;17 Rioja, La;Hombres;1 de enero de 2024;2.552
43 años;17 Rioja, La;Mujeres;1 de enero de 2025;2.404
43 años;17 Rioja, La;Mujeres;1 de enero de 2024;2.490
43 años;18 Ceuta;Total;1 de enero de 2025;1.208
43 años;18 Ceuta;Total;1 de enero de 2024;1.287
43 años;18 Ceuta;Hombres;1 de enero de 2025;625
43 años;18 Ceuta;Hombres;1 de enero de 2024;678
43 años;18 Ceuta;Mujeres;1 de enero de 2025;583
43 años;18 Ceuta;Mujeres;1 de enero de 2024;609
43 años;19 Melilla;Total;1 de enero de 2025;1.237
43 años;19 Melilla;Total;1 de enero de 2024;1.282
43 años;19 Melilla;Hombres;1 de enero de 2025;609
43 años;19 Melilla;Hombres;1 de enero de 2024;620
43 años;19 Melilla;Mujeres;1 de enero de 2025;628
43 años;19 Melilla;Mujeres;1 de enero de 2024;662
44 años;01 Andalucía;Total;1 de enero de 2025;138.153
44 años;01 Andalucía;Total;1 de enero de 2024;138.736
44 años;01 Andalucía;Hombres;1 de enero de 2025;69.006
44 años;01 Andalucía;Hombres;1 de enero de 2024;69.647
44 años;01 Andalucía;Mujeres;1 de enero de 2025;69.147
44 años;01 Andalucía;Mujeres;1 de enero de 2024;69.089
44 años;02 Aragón;Total;1 de enero de 2025;20.779
44 años;02 Aragón;Total;1 de enero de 2024;21.073
44 años;02 Aragón;Hombres;1 de enero de 2025;10.530
44 años;02 Aragón;Hombres;1 de enero de 2024;10.686
44 años;02 Aragón;Mujeres;1 de enero de 2025;10.249
44 años;02 Aragón;Mujeres;1 de enero de 2024;10.387
44 años;03 Asturias, Principado de;Total;1 de enero de 2025;15.304
44 años;03 Asturias, Principado de;Total;1 de enero de 2024;15.942
44 años;03 Asturias, Principado de;Hombres;1 de enero de 2025;7.553
44 años;03 Asturias, Principado de;Hombres;1 de enero de 2024;7.861
44 años;03 Asturias, Principado de;Mujeres;1 de enero de 2025;7.751
44 años;03 Asturias, Principado de;Mujeres;1 de enero de 2024;8.081
44 años;04 Balears, Illes;Total;1 de enero de 2025;21.461
44 años;04 Balears, Illes;Total;1 de enero de 2024;21.166
44 años;04 Balears, Illes;Hombres;1 de enero de 2025;11.031
44 años;04 Balears, Illes;Hombres;1 de enero de 2024;10.716
44 años;04 Balears, Illes;Mujeres;1 de enero de 2025;10.430
44 años;04 Balears, Illes;Mujeres;1 de enero de 2024;10.450
44 años;05 Canarias;Total;1 de enero de 2025;36.855
44 años;05 Canarias;Total;1 de enero de 2024;37.244
44 años;05 Canarias;Hombres;1 de enero de 2025;18.447
44 años;05 Canarias;Hombres;1 de enero de 2024;18.557
44 años;05 Canarias;Mujeres;1 de enero de 2025;18.408
44 años;05 Canarias;Mujeres;1 de enero de 2024;18.687
44 años;06 Cantabria;Total;1 de enero de 2025;9.495
44 años;06 Cantabria;Total;1 de enero de 2024;9.719
44 años;06 Cantabria;Hombres;1 de enero de 2025;4.717
44 años;06 Cantabria;Hombres;1 de enero de 2024;4.840
44 años;06 Cantabria;Mujeres;1 de enero de 2025;4.778
44 años;06 Cantabria;Mujeres;1 de enero de 2024;4.879
44 años;07 Castilla y León;Total;1 de enero de 2025;34.157
44 años;07 Castilla y León;Total;1 de enero de 2024;34.929
44 años;07 Castilla y León;Hombres;1 de enero de 2025;17.302
44 años;07 Castilla y León;Hombres;1 de enero de 2024;17.601
44 años;07 Castilla y León;Mujeres;1 de enero de 2025;16.855
44 años;07 Castilla y León;Mujeres;1 de enero de 2024;17.328
44 años;08 Castilla - La Mancha;Total;1 de enero de 2025;33.396
44 años;08 Castilla - La Mancha;Total;1 de enero de 2024;33.801
44 años;08 Castilla - La Mancha;Hombres;1 de enero de 2025;17.214
44 años;08 Castilla - La Mancha;Hombres;1 de enero de 2024;17.247
44 años;08 Castilla - La Mancha;Mujeres;1 de enero de 2025;16.182
44 años;08 Castilla - La Mancha;Mujeres;1 de enero de 2024;16.554
44 años;09 Cataluña;Total;1 de enero de 2025;127.193
44 años;09 Cataluña;Total;1 de enero de 2024;129.353
44 años;09 Cataluña;Hombres;1 de enero de 2025;64.005
44 años;09 Cataluña;Hombres;1 de enero de 2024;65.412
44 años;09 Cataluña;Mujeres;1 de enero de 2025;63.188
44 años;09 Cataluña;Mujeres;1 de enero de 2024;63.941
44 años;10 Comunitat Valenciana;Total;1 de enero de 2025;85.965
44 años;10 Comunitat Valenciana;Total;1 de enero de 2024;86.961
44 años;10 Comunitat Valenciana;Hombres;1 de enero de 2025;43.033
44 años;10 Comunitat Valenciana;Hombres;1 de enero de 2024;43.675
44 años;10 Comunitat Valenciana;Mujeres;1 de enero de 2025;42.932
44 años;10 Comunitat Valenciana;Mujeres;1 de enero de 2024;43.286
44 años;11 Extremadura;Total;1 de enero de 2025;15.324
44 años;11 Extremadura;Total;1 de enero de 2024;15.413
44 años;11 Extremadura;Hombres;1 de enero de 2025;7.579
44 años;11 Extremadura;Hombres;1 de enero de 2024;7.783
44 años;11 Extremadura;Mujeres;1 de enero de 2025;7.745
44 años;11 Extremadura;Mujeres;1 de enero de 2024;7.630
44 años;12 Galicia;Total;1 de enero de 2025;42.399
44 años;12 Galicia;Total;1 de enero de 2024;43.657
44 años;12 Galicia;Hombres;1 de enero de 2025;21.091
44 años;12 Galicia;Hombres;1 de enero de 2024;21.606
44 años;12 Galicia;Mujeres;1 de enero de 2025;21.308
44 años;12 Galicia;Mujeres;1 de enero de 2024;22.051
44 años;13 Madrid, Comunidad de;Total;1 de enero de 2025;110.690
44 años;13 Madrid, Comunidad de;Total;1 de enero de 2024;113.634
44 años;13 Madrid, Comunidad de;Hombres;1 de enero de 2025;54.015
44 años;13 Madrid, Comunidad de;Hombres;1 de enero de 2024;55.550
44 años;13 Madrid, Comunidad de;Mujeres;1 de enero de 2025;56.675
44 años;13 Madrid, Comunidad de;Mujeres;1 de enero de 2024;58.084
44 años;14 Murcia, Región de;Total;1 de enero de 2025;26.013
44 años;14 Murcia, Región de;Total;1 de enero de 2024;25.883
44 años;14 Murcia, Región de;Hombres;1 de enero de 2025;13.521
44 años;14 Murcia, Región de;Hombres;1 de enero de 2024;13.386
44 años;14 Murcia, Región de;Mujeres;1 de enero de 2025;12.492
44 años;14 Murcia, Región de;Mujeres;1 de enero de 2024;12.497
44 años;15 Navarra, Comunidad Foral de;Total;1 de enero de 2025;10.295
44 años;15 Navarra, Comunidad Foral de;Total;1 de enero de 2024;10.386
44 años;15 Navarra, Comunidad Foral de;Hombres;1 de enero de 2025;5.156
44 años;15 Navarra, Comunidad Foral de;Hombres;1 de enero de 2024;5.218
44 años;15 Navarra, Comunidad Foral de;Mujeres;1 de enero de 2025;5.139
44 años;15 Navarra, Comunidad Foral de;Mujeres;1 de enero de 2024;5.168
44 años;16 País Vasco;Total;1 de enero de 2025;32.478
44 años;16 País Vasco;Total;1 de enero de 2024;33.592
44 años;16 País Vasco;Hombres;1 de enero de 2025;16.372
44 años;16 País Vasco;Hombres;1 de enero de 2024;16.826
44 años;16 País Vasco;Mujeres;1 de enero de 2025;16.106
44 años;16 País Vasco;Mujeres;1 de enero de 2024;16.766
44 años;17 Rioja, La;Total;1 de enero de 2025;5.098
44 años;17 Rioja, La;Total;1 de enero de 2024;5.268
44 años;17 Rioja, La;Hombres;1 de enero de 2025;2.600
44 años;17 Rioja, La;Hombres;1 de enero de 2024;2.664
44 años;17 Rioja, La;Mujeres;1 de enero de 2025;2.498
44 años;17 Rioja, La;Mujeres;1 de enero de 2024;2.604
44 años;18 Ceuta;Total;1 de enero de 2025;1.291
44 años;18 Ceuta;Total;1 de enero de 2024;1.259
44 años;18 Ceuta;Hombres;1 de enero de 2025;684
44 años;18 Ceuta;Hombres;1 de enero de 2024;655
44 años;18 Ceuta;Mujeres;1 de enero de 2025;607
44 años;18 Ceuta;Mujeres;1 de enero de 2024;604
44 años;19 Melilla;Total;1 de enero de 2025;1.309
44 años;19 Melilla;Total;1 de enero de 2024;1.268
44 años;19 Melilla;Hombres;1 de enero de 2025;635
44 años;19 Melilla;Hombres;1 de enero de 2024;612
44 años;19 Melilla;Mujeres;1 de enero de 2025;674
44 años;19 Melilla;Mujeres;1 de enero de 2024;656
45 años;01 Andalucía;Total;1 de enero de 2025;139.334
45 años;01 Andalucía;Total;1 de enero de 2024;143.071
45 años;01 Andalucía;Hombres;1 de enero de 2025;69.811
45 años;01 Andalucía;Hombres;1 de enero de 2024;71.871
45 años;01 Andalucía;Mujeres;1 de enero de 2025;69.523
45 años;01 Andalucía;Mujeres;1 de enero de 2024;71.200
45 años;02 Aragón;Total;1 de enero de 2025;21.258
45 años;02 Aragón;Total;1 de enero de 2024;21.858
45 años;02 Aragón;Hombres;1 de enero de 2025;10.782
45 años;02 Aragón;Hombres;1 de enero de 2024;11.104
45 años;02 Aragón;Mujeres;1 de enero de 2025;10.476
45 años;02 Aragón;Mujeres;1 de enero de 2024;10.754
45 años;03 Asturias, Principado de;Total;1 de enero de 2025;16.137
45 años;03 Asturias, Principado de;Total;1 de enero de 2024;16.584
45 años;03 Asturias, Principado de;Hombres;1 de enero de 2025;7.959
45 años;03 Asturias, Principado de;Hombres;1 de enero de 2024;8.258
45 años;03 Asturias, Principado de;Mujeres;1 de enero de 2025;8.178
45 años;03 Asturias, Principado de;Mujeres;1 de enero de 2024;8.326
45 años;04 Balears, Illes;Total;1 de enero de 2025;21.388
45 años;04 Balears, Illes;Total;1 de enero de 2024;21.569
45 años;04 Balears, Illes;Hombres;1 de enero de 2025;10.847
45 años;04 Balears, Illes;Hombres;1 de enero de 2024;11.046
45 años;04 Balears, Illes;Mujeres;1 de enero de 2025;10.541
45 años;04 Balears, Illes;Mujeres;1 de enero de 2024;10.523
45 años;05 Canarias;Total;1 de enero de 2025;37.469
45 años;05 Canarias;Total;1 de enero de 2024;37.875
45 años;05 Canarias;Hombres;1 de enero de 2025;18.639
45 años;05 Canarias;Hombres;1 de enero de 2024;19.015
45 años;05 Canarias;Mujeres;1 de enero de 2025;18.830
45 años;05 Canarias;Mujeres;1 de enero de 2024;18.860
45 años;06 Cantabria;Total;1 de enero de 2025;9.800
45 años;06 Cantabria;Total;1 de enero de 2024;10.227
45 años;06 Cantabria;Hombres;1 de enero de 2025;4.879
45 años;06 Cantabria;Hombres;1 de enero de 2024;5.071
45 años;06 Cantabria;Mujeres;1 de enero de 2025;4.921
45 años;06 Cantabria;Mujeres;1 de enero de 2024;5.156
45 años;07 Castilla y León;Total;1 de enero de 2025;35.266
45 años;07 Castilla y León;Total;1 de enero de 2024;36.725
45 años;07 Castilla y León;Hombres;1 de enero de 2025;17.763
45 años;07 Castilla y León;Hombres;1 de enero de 2024;18.594
45 años;07 Castilla y León;Mujeres;1 de enero de 2025;17.503
45 años;07 Castilla y León;Mujeres;1 de enero de 2024;18.131
45 años;08 Castilla - La Mancha;Total;1 de enero de 2025;34.022
45 años;08 Castilla - La Mancha;Total;1 de enero de 2024;35.039
45 años;08 Castilla - La Mancha;Hombres;1 de enero de 2025;17.365
45 años;08 Castilla - La Mancha;Hombres;1 de enero de 2024;18.088
45 años;08 Castilla - La Mancha;Mujeres;1 de enero de 2025;16.657
45 años;08 Castilla - La Mancha;Mujeres;1 de enero de 2024;16.951
45 años;09 Cataluña;Total;1 de enero de 2025;130.474
45 años;09 Cataluña;Total;1 de enero de 2024;135.331
45 años;09 Cataluña;Hombres;1 de enero de 2025;65.914
45 años;09 Cataluña;Hombres;1 de enero de 2024;68.802
45 años;09 Cataluña;Mujeres;1 de enero de 2025;64.560
45 años;09 Cataluña;Mujeres;1 de enero de 2024;66.529
45 años;10 Comunitat Valenciana;Total;1 de enero de 2025;88.316
45 años;10 Comunitat Valenciana;Total;1 de enero de 2024;90.382
45 años;10 Comunitat Valenciana;Hombres;1 de enero de 2025;44.266
45 años;10 Comunitat Valenciana;Hombres;1 de enero de 2024;45.726
45 años;10 Comunitat Valenciana;Mujeres;1 de enero de 2025;44.050
45 años;10 Comunitat Valenciana;Mujeres;1 de enero de 2024;44.656
45 años;11 Extremadura;Total;1 de enero de 2025;15.430
45 años;11 Extremadura;Total;1 de enero de 2024;15.839
45 años;11 Extremadura;Hombres;1 de enero de 2025;7.777
45 años;11 Extremadura;Hombres;1 de enero de 2024;7.875
45 años;11 Extremadura;Mujeres;1 de enero de 2025;7.653
45 años;11 Extremadura;Mujeres;1 de enero de 2024;7.964
45 años;12 Galicia;Total;1 de enero de 2025;43.980
45 años;12 Galicia;Total;1 de enero de 2024;45.801
45 años;12 Galicia;Hombres;1 de enero de 2025;21.727
45 años;12 Galicia;Hombres;1 de enero de 2024;22.701
45 años;12 Galicia;Mujeres;1 de enero de 2025;22.253
45 años;12 Galicia;Mujeres;1 de enero de 2024;23.100
45 años;13 Madrid, Comunidad de;Total;1 de enero de 2025;114.220
45 años;13 Madrid, Comunidad de;Total;1 de enero de 2024;118.482
45 años;13 Madrid, Comunidad de;Hombres;1 de enero de 2025;55.699
45 años;13 Madrid, Comunidad de;Hombres;1 de enero de 2024;57.776
45 años;13 Madrid, Comunidad de;Mujeres;1 de enero de 2025;58.521
45 años;13 Madrid, Comunidad de;Mujeres;1 de enero de 2024;60.706
45 años;14 Murcia, Región de;Total;1 de enero de 2025;26.076
45 años;14 Murcia, Región de;Total;1 de enero de 2024;27.113
45 años;14 Murcia, Región de;Hombres;1 de enero de 2025;13.464
45 años;14 Murcia, Región de;Hombres;1 de enero de 2024;14.093
45 años;14 Murcia, Región de;Mujeres;1 de enero de 2025;12.612
45 años;14 Murcia, Región de;Mujeres;1 de enero de 2024;13.020
45 años;15 Navarra, Comunidad Foral de;Total;1 de enero de 2025;10.424
45 años;15 Navarra, Comunidad Foral de;Total;1 de enero de 2024;10.856
45 años;15 Navarra, Comunidad Foral de;Hombres;1 de enero de 2025;5.226
45 años;15 Navarra, Comunidad Foral de;Hombres;1 de enero de 2024;5.547
45 años;15 Navarra, Comunidad Foral de;Mujeres;1 de enero de 2025;5.198
45 años;15 Navarra, Comunidad Foral de;Mujeres;1 de enero de 2024;5.309
45 años;16 País Vasco;Total;1 de enero de 2025;33.782
45 años;16 País Vasco;Total;1 de enero de 2024;35.784
45 años;16 País Vasco;Hombres;1 de enero de 2025;16.906
45 años;16 País Vasco;Hombres;1 de enero de 2024;17.966
45 años;16 País Vasco;Mujeres;1 de enero de 2025;16.876
45 años;16 País Vasco;Mujeres;1 de enero de 2024;17.818
45 años;17 Rioja, La;Total;1 de enero de 2025;5.316
45 años;17 Rioja, La;Total;1 de enero de 2024;5.551
45 años;17 Rioja, La;Hombres;1 de enero de 2025;2.703
45 años;17 Rioja, La;Hombres;1 de enero de 2024;2.822
45 años;17 Rioja, La;Mujeres;1 de enero de 2025;2.613
45 años;17 Rioja, La;Mujeres;1 de enero de 2024;2.729
45 años;18 Ceuta;Total;1 de enero de 2025;1.256
45 años;18 Ceuta;Total;1 de enero de 2024;1.259
45 años;18 Ceuta;Hombres;1 de enero de 2025;659
45 años;18 Ceuta;Hombres;1 de enero de 2024;661
45 años;18 Ceuta;Mujeres;1 de enero de 2025;597
45 años;18 Ceuta;Mujeres;1 de enero de 2024;598
45 años;19 Melilla;Total;1 de enero de 2025;1.274
45 años;19 Melilla;Total;1 de enero de 2024;1.207
45 años;19 Melilla;Hombres;1 de enero de 2025;605
45 años;19 Melilla;Hombres;1 de enero de 2024;604
45 años;19 Melilla;Mujeres;1 de enero de 2025;669
45 años;19 Melilla;Mujeres;1 de enero de 2024;603
46 años;01 Andalucía;Total;1 de enero de 2025;143.601
46 años;01 Andalucía;Total;1 de enero de 2024;144.224
46 años;01 Andalucía;Hombres;1 de enero de 2025;72.036
46 años;01 Andalucía;Hombres;1 de enero de 2024;72.444
46 años;01 Andalucía;Mujeres;1 de enero de 2025;71.565
46 años;01 Andalucía;Mujeres;1 de enero de 2024;71.780
46 años;02 Aragón;Total;1 de enero de 2025;22.025
46 años;02 Aragón;Total;1 de enero de 2024;22.578
46 años;02 Aragón;Hombres;1 de enero de 2025;11.189
46 años;02 Aragón;Hombres;1 de enero de 2024;11.504
46 años;02 Aragón;Mujeres;1 de enero de 2025;10.836
46 años;02 Aragón;Mujeres;1 de enero de 2024;11.074
46 años;03 Asturias, Principado de;Total;1 de enero de 2025;16.787
46 años;03 Asturias, Principado de;Total;1 de enero de 2024;17.396
46 años;03 Asturias, Principado de;Hombres;1 de enero de 2025;8.360
46 años;03 Asturias, Principado de;Hombres;1 de enero de 2024;8.652
46 años;03 Asturias, Principado de;Mujeres;1 de enero de 2025;8.427
46 años;03 Asturias, Principado de;Mujeres;1 de enero de 2024;8.744
46 años;04 Balears, Illes;Total;1 de enero de 2025;21.617
46 años;04 Balears, Illes;Total;1 de enero de 2024;21.719
46 años;04 Balears, Illes;Hombres;1 de enero de 2025;11.036
46 años;04 Balears, Illes;Hombres;1 de enero de 2024;11.191
46 años;04 Balears, Illes;Mujeres;1 de enero de 2025;10.581
46 años;04 Balears, Illes;Mujeres;1 de enero de 2024;10.528
46 años;05 Canarias;Total;1 de enero de 2025;38.033
46 años;05 Canarias;Total;1 de enero de 2024;38.075
46 años;05 Canarias;Hombres;1 de enero de 2025;19.078
46 años;05 Canarias;Hombres;1 de enero de 2024;19.239
46 años;05 Canarias;Mujeres;1 de enero de 2025;18.955
46 años;05 Canarias;Mujeres;1 de enero de 2024;18.836
46 años;06 Cantabria;Total;1 de enero de 2025;10.298
46 años;06 Cantabria;Total;1 de enero de 2024;10.313
46 años;06 Cantabria;Hombres;1 de enero de 2025;5.115
46 años;06 Cantabria;Hombres;1 de enero de 2024;5.119
46 años;06 Cantabria;Mujeres;1 de enero de 2025;5.183
46 años;06 Cantabria;Mujeres;1 de enero de 2024;5.194
46 años;07 Castilla y León;Total;1 de enero de 2025;37.039
46 años;07 Castilla y León;Total;1 de enero de 2024;36.830
46 años;07 Castilla y León;Hombres;1 de enero de 2025;18.734
46 años;07 Castilla y León;Hombres;1 de enero de 2024;18.605
46 años;07 Castilla y León;Mujeres;1 de enero de 2025;18.305
46 años;07 Castilla y León;Mujeres;1 de enero de 2024;18.225
46 años;08 Castilla - La Mancha;Total;1 de enero de 2025;35.359
46 años;08 Castilla - La Mancha;Total;1 de enero de 2024;34.721
46 años;08 Castilla - La Mancha;Hombres;1 de enero de 2025;18.285
46 años;08 Castilla - La Mancha;Hombres;1 de enero de 2024;18.212
46 años;08 Castilla - La Mancha;Mujeres;1 de enero de 2025;17.074
46 años;08 Castilla - La Mancha;Mujeres;1 de enero de 2024;16.509
46 años;09 Cataluña;Total;1 de enero de 2025;136.320
46 años;09 Cataluña;Total;1 de enero de 2024;137.084
46 años;09 Cataluña;Hombres;1 de enero de 2025;69.265
46 años;09 Cataluña;Hombres;1 de enero de 2024;69.715
46 años;09 Cataluña;Mujeres;1 de enero de 2025;67.055
46 años;09 Cataluña;Mujeres;1 de enero de 2024;67.369
46 años;10 Comunitat Valenciana;Total;1 de enero de 2025;91.679
46 años;10 Comunitat Valenciana;Total;1 de enero de 2024;91.828
46 años;10 Comunitat Valenciana;Hombres;1 de enero de 2025;46.374
46 años;10 Comunitat Valenciana;Hombres;1 de enero de 2024;46.657
46 años;10 Comunitat Valenciana;Mujeres;1 de enero de 2025;45.305
46 años;10 Comunitat Valenciana;Mujeres;1 de enero de 2024;45.171
46 años;11 Extremadura;Total;1 de enero de 2025;15.883
46 años;11 Extremadura;Total;1 de enero de 2024;15.680
46 años;11 Extremadura;Hombres;1 de enero de 2025;7.881
46 años;11 Extremadura;Hombres;1 de enero de 2024;7.858
46 años;11 Extremadura;Mujeres;1 de enero de 2025;8.002
46 años;11 Extremadura;Mujeres;1 de enero de 2024;7.822
46 años;12 Galicia;Total;1 de enero de 2025;46.058
46 años;12 Galicia;Total;1 de enero de 2024;46.371
46 años;12 Galicia;Hombres;1 de enero de 2025;22.806
46 años;12 Galicia;Hombres;1 de enero de 2024;23.255
46 años;12 Galicia;Mujeres;1 de enero de 2025;23.252
46 años;12 Galicia;Mujeres;1 de enero de 2024;23.116
46 años;13 Madrid, Comunidad de;Total;1 de enero de 2025;118.967
46 años;13 Madrid, Comunidad de;Total;1 de enero de 2024;119.961
46 años;13 Madrid, Comunidad de;Hombres;1 de enero de 2025;57.767
46 años;13 Madrid, Comunidad de;Hombres;1 de enero de 2024;58.901
46 años;13 Madrid, Comunidad de;Mujeres;1 de enero de 2025;61.200
46 años;13 Madrid, Comunidad de;Mujeres;1 de enero de 2024;61.060
46 años;14 Murcia, Región de;Total;1 de enero de 2025;27.236
46 años;14 Murcia, Región de;Total;1 de enero de 2024;26.633
46 años;14 Murcia, Región de;Hombres;1 de enero de 2025;14.147
46 años;14 Murcia, Región de;Hombres;1 de enero de 2024;13.908
46 años;14 Murcia, Región de;Mujeres;1 de enero de 2025;13.089
46 años;14 Murcia, Región de;Mujeres;1 de enero de 2024;12.725
46 años;15 Navarra, Comunidad Foral de;Total;1 de enero de 2025;10.940
46 años;15 Navarra, Comunidad Foral de;Total;1 de enero de 2024;11.253
46 años;15 Navarra, Comunidad Foral de;Hombres;1 de enero de 2025;5.598
46 años;15 Navarra, Comunidad Foral de;Hombres;1 de enero de 2024;5.722
46 años;15 Navarra, Comunidad Foral de;Mujeres;1 de enero de 2025;5.342
46 años;15 Navarra, Comunidad Foral de;Mujeres;1 de enero de 2024;5.531
46 años;16 País Vasco;Total;1 de enero de 2025;35.996
46 años;16 País Vasco;Total;1 de enero de 2024;36.759
46 años;16 País Vasco;Hombres;1 de enero de 2025;18.047
46 años;16 País Vasco;Hombres;1 de enero de 2024;18.708
46 años;16 País Vasco;Mujeres;1 de enero de 2025;17.949
46 años;16 País Vasco;Mujeres;1 de enero de 2024;18.051
46 años;17 Rioja, La;Total;1 de enero de 2025;5.592
46 años;17 Rioja, La;Total;1 de enero de 2024;5.449
46 años;17 Rioja, La;Hombres;1 de enero de 2025;2.838
46 años;17 Rioja, La;Hombres;1 de enero de 2024;2.717
46 años;17 Rioja, La;Mujeres;1 de enero de 2025;2.754
46 años;17 Rioja, La;Mujeres;1 de enero de 2024;2.732
46 años;18 Ceuta;Total;1 de enero de 2025;1.262
46 años;18 Ceuta;Total;1 de enero de 2024;1.207
46 años;18 Ceuta;Hombres;1 de enero de 2025;652
46 años;18 Ceuta;Hombres;1 de enero de 2024;615
46 años;18 Ceuta;Mujeres;1 de enero de 2025;610
46 años;18 Ceuta;Mujeres;1 de enero de 2024;592
46 años;19 Melilla;Total;1 de enero de 2025;1.241
46 años;19 Melilla;Total;1 de enero de 2024;1.280
46 años;19 Melilla;Hombres;1 de enero de 2025;619
46 años;19 Melilla;Hombres;1 de enero de 2024;627
46 años;19 Melilla;Mujeres;1 de enero de 2025;622
46 años;19 Melilla;Mujeres;1 de enero de 2024;653
47 años;01 Andalucía;Total;1 de enero de 2025;144.579
47 años;01 Andalucía;Total;1 de enero de 2024;144.850
47 años;01 Andalucía;Hombres;1 de enero de 2025;72.465
47 años;01 Andalucía;Hombres;1 de enero de 2024;72.691
47 años;01 Andalucía;Mujeres;1 de enero de 2025;72.114
47 años;01 Andalucía;Mujeres;1 de enero de 2024;72.159
47 años;02 Aragón;Total;1 de enero de 2025;22.773
47 años;02 Aragón;Total;1 de enero de 2024;22.579
47 años;02 Aragón;Hombres;1 de enero de 2025;11.597
47 años;02 Aragón;Hombres;1 de enero de 2024;11.695
47 años;02 Aragón;Mujeres;1 de enero de 2025;11.176
47 años;02 Aragón;Mujeres;1 de enero de 2024;10.884
47 años;03 Asturias, Principado de;Total;1 de enero de 2025;17.557
47 años;03 Asturias, Principado de;Total;1 de enero de 2024;17.714
47 años;03 Asturias, Principado de;Hombres;1 de enero de 2025;8.736
47 años;03 Asturias, Principado de;Hombres;1 de enero de 2024;8.922
47 años;03 Asturias, Principado de;Mujeres;1 de enero de 2025;8.821
47 años;03 Asturias, Principado de;Mujeres;1 de enero de 2024;8.792
47 años;04 Balears, Illes;Total;1 de enero de 2025;21.767
47 años;04 Balears, Illes;Total;1 de enero de 2024;21.758
47 años;04 Balears, Illes;Hombres;1 de enero de 2025;11.193
47 años;04 Balears, Illes;Hombres;1 de enero de 2024;11.345
47 años;04 Balears, Illes;Mujeres;1 de enero de 2025;10.574
47 años;04 Balears, Illes;Mujeres;1 de enero de 2024;10.413
47 años;05 Canarias;Total;1 de enero de 2025;38.365
47 años;05 Canarias;Total;1 de enero de 2024;39.160
47 años;05 Canarias;Hombres;1 de enero de 2025;19.360
47 años;05 Canarias;Hombres;1 de enero de 2024;19.807
47 años;05 Canarias;Mujeres;1 de enero de 2025;19.005
47 años;05 Canarias;Mujeres;1 de enero de 2024;19.353
47 años;06 Cantabria;Total;1 de enero de 2025;10.339
47 años;06 Cantabria;Total;1 de enero de 2024;10.592
47 años;06 Cantabria;Hombres;1 de enero de 2025;5.131
47 años;06 Cantabria;Hombres;1 de enero de 2024;5.273
47 años;06 Cantabria;Mujeres;1 de enero de 2025;5.208
47 años;06 Cantabria;Mujeres;1 de enero de 2024;5.319
47 años;07 Castilla y León;Total;1 de enero de 2025;37.082
47 años;07 Castilla y León;Total;1 de enero de 2024;38.236
47 años;07 Castilla y León;Hombres;1 de enero de 2025;18.691
47 años;07 Castilla y León;Hombres;1 de enero de 2024;19.275
47 años;07 Castilla y León;Mujeres;1 de enero de 2025;18.391
47 años;07 Castilla y León;Mujeres;1 de enero de 2024;18.961
47 años;08 Castilla - La Mancha;Total;1 de enero de 2025;34.941
47 años;08 Castilla - La Mancha;Total;1 de enero de 2024;35.498
47 años;08 Castilla - La Mancha;Hombres;1 de enero de 2025;18.321
47 años;08 Castilla - La Mancha;Hombres;1 de enero de 2024;18.128
47 años;08 Castilla - La Mancha;Mujeres;1 de enero de 2025;16.620
47 años;08 Castilla - La Mancha;Mujeres;1 de enero de 2024;17.370
47 años;09 Cataluña;Total;1 de enero de 2025;138.050
47 años;09 Cataluña;Total;1 de enero de 2024;138.410
47 años;09 Cataluña;Hombres;1 de enero de 2025;70.168
47 años;09 Cataluña;Hombres;1 de enero de 2024;70.384
47 años;09 Cataluña;Mujeres;1 de enero de 2025;67.882
47 años;09 Cataluña;Mujeres;1 de enero de 2024;68.026
47 años;10 Comunitat Valenciana;Total;1 de enero de 2025;93.018
47 años;10 Comunitat Valenciana;Total;1 de enero de 2024;91.907
47 años;10 Comunitat Valenciana;Hombres;1 de enero de 2025;47.189
47 años;10 Comunitat Valenciana;Hombres;1 de enero de 2024;46.695
47 años;10 Comunitat Valenciana;Mujeres;1 de enero de 2025;45.829
47 años;10 Comunitat Valenciana;Mujeres;1 de enero de 2024;45.212
47 años;11 Extremadura;Total;1 de enero de 2025;15.762
47 años;11 Extremadura;Total;1 de enero de 2024;16.271
47 años;11 Extremadura;Hombres;1 de enero de 2025;7.894
47 años;11 Extremadura;Hombres;1 de enero de 2024;8.194
47 años;11 Extremadura;Mujeres;1 de enero de 2025;7.868
47 años;11 Extremadura;Mujeres;1 de enero de 2024;8.077
47 años;12 Galicia;Total;1 de enero de 2025;46.728
47 años;12 Galicia;Total;1 de enero de 2024;47.220
47 años;12 Galicia;Hombres;1 de enero de 2025;23.447
47 años;12 Galicia;Hombres;1 de enero de 2024;23.287
47 años;12 Galicia;Mujeres;1 de enero de 2025;23.281
47 años;12 Galicia;Mujeres;1 de enero de 2024;23.933
47 años;13 Madrid, Comunidad de;Total;1 de enero de 2025;120.325
47 años;13 Madrid, Comunidad de;Total;1 de enero de 2024;122.949
47 años;13 Madrid, Comunidad de;Hombres;1 de enero de 2025;58.993
47 años;13 Madrid, Comunidad de;Hombres;1 de enero de 2024;60.016
47 años;13 Madrid, Comunidad de;Mujeres;1 de enero de 2025;61.332
47 años;13 Madrid, Comunidad de;Mujeres;1 de enero de 2024;62.933
47 años;14 Murcia, Región de;Total;1 de enero de 2025;26.743
47 años;14 Murcia, Región de;Total;1 de enero de 2024;26.658
47 años;14 Murcia, Región de;Hombres;1 de enero de 2025;13.903
47 años;14 Murcia, Región de;Hombres;1 de enero de 2024;13.828
47 años;14 Murcia, Región de;Mujeres;1 de enero de 2025;12.840
47 años;14 Murcia, Región de;Mujeres;1 de enero de 2024;12.830
47 años;15 Navarra, Comunidad Foral de;Total;1 de enero de 2025;11.344
47 años;15 Navarra, Comunidad Foral de;Total;1 de enero de 2024;11.434
47 años;15 Navarra, Comunidad Foral de;Hombres;1 de enero de 2025;5.781
47 años;15 Navarra, Comunidad Foral de;Hombres;1 de enero de 2024;5.862
47 años;15 Navarra, Comunidad Foral de;Mujeres;1 de enero de 2025;5.563
47 años;15 Navarra, Comunidad Foral de;Mujeres;1 de enero de 2024;5.572
47 años;16 País Vasco;Total;1 de enero de 2025;36.957
47 años;16 País Vasco;Total;1 de enero de 2024;37.979
47 años;16 País Vasco;Hombres;1 de enero de 2025;18.759
47 años;16 País Vasco;Hombres;1 de enero de 2024;19.121
47 años;16 País Vasco;Mujeres;1 de enero de 2025;18.198
47 años;16 País Vasco;Mujeres;1 de enero de 2024;18.858
47 años;17 Rioja, La;Total;1 de enero de 2025;5.505
47 años;17 Rioja, La;Total;1 de enero de 2024;5.646
47 años;17 Rioja, La;Hombres;1 de enero de 2025;2.747
47 años;17 Rioja, La;Hombres;1 de enero de 2024;2.805
47 años;17 Rioja, La;Mujeres;1 de enero de 2025;2.758
47 años;17 Rioja, La;Mujeres;1 de enero de 2024;2.841
47 años;18 Ceuta;Total;1 de enero de 2025;1.210
47 años;18 Ceuta;Total;1 de enero de 2024;1.243
47 años;18 Ceuta;Hombres;1 de enero de 2025;613
47 años;18 Ceuta;Hombres;1 de enero de 2024;644
47 años;18 Ceuta;Mujeres;1 de enero de 2025;597
47 años;18 Ceuta;Mujeres;1 de enero de 2024;599
47 años;19 Melilla;Total;1 de enero de 2025;1.281
47 años;19 Melilla;Total;1 de enero de 2024;1.133
47 años;19 Melilla;Hombres;1 de enero de 2025;623
47 años;19 Melilla;Hombres;1 de enero de 2024;598
47 años;19 Melilla;Mujeres;1 de enero de 2025;658
47 años;19 Melilla;Mujeres;1 de enero de 2024;535
48 años;01 Andalucía;Total;1 de enero de 2025;145.192
48 años;01 Andalucía;Total;1 de enero de 2024;142.763
48 años;01 Andalucía;Hombres;1 de enero de 2025;72.635
48 años;01 Andalucía;Hombres;1 de enero de 2024;71.894
48 años;01 Andalucía;Mujeres;1 de enero de 2025;72.557
48 años;01 Andalucía;Mujeres;1 de enero de 2024;70.869
48 años;02 Aragón;Total;1 de enero de 2025;22.683
48 años;02 Aragón;Total;1 de enero de 2024;22.751
48 años;02 Aragón;Hombres;1 de enero de 2025;11.767
48 años;02 Aragón;Hombres;1 de enero de 2024;11.653
48 años;02 Aragón;Mujeres;1 de enero de 2025;10.916
48 años;02 Aragón;Mujeres;1 de enero de 2024;11.098
48 años;03 Asturias, Principado de;Total;1 de enero de 2025;17.904
48 años;03 Asturias, Principado de;Total;1 de enero de 2024;17.641
48 años;03 Asturias, Principado de;Hombres;1 de enero de 2025;8.998
48 años;03 Asturias, Principado de;Hombres;1 de enero de 2024;8.801
48 años;03 Asturias, Principado de;Mujeres;1 de enero de 2025;8.906
48 años;03 Asturias, Principado de;Mujeres;1 de enero de 2024;8.840
48 años;04 Balears, Illes;Total;1 de enero de 2025;21.866
48 años;04 Balears, Illes;Total;1 de enero de 2024;21.630
48 años;04 Balears, Illes;Hombres;1 de enero de 2025;11.344
48 años;04 Balears, Illes;Hombres;1 de enero de 2024;11.306
48 años;04 Balears, Illes;Mujeres;1 de enero de 2025;10.522
48 años;04 Balears, Illes;Mujeres;1 de enero de 2024;10.324
48 años;05 Canarias;Total;1 de enero de 2025;39.357
48 años;05 Canarias;Total;1 de enero de 2024;39.378
48 años;05 Canarias;Hombres;1 de enero de 2025;19.914
48 años;05 Canarias;Hombres;1 de enero de 2024;19.939
48 años;05 Canarias;Mujeres;1 de enero de 2025;19.443
48 años;05 Canarias;Mujeres;1 de enero de 2024;19.439
48 años;06 Cantabria;Total;1 de enero de 2025;10.636
48 años;06 Cantabria;Total;1 de enero de 2024;10.389
48 años;06 Cantabria;Hombres;1 de enero de 2025;5.268
48 años;06 Cantabria;Hombres;1 de enero de 2024;5.212
48 años;06 Cantabria;Mujeres;1 de enero de 2025;5.368
48 años;06 Cantabria;Mujeres;1 de enero de 2024;5.177
48 años;07 Castilla y León;Total;1 de enero de 2025;38.473
48 años;07 Castilla y León;Total;1 de enero de 2024;37.241
48 años;07 Castilla y León;Hombres;1 de enero de 2025;19.405
48 años;07 Castilla y León;Hombres;1 de enero de 2024;18.849
48 años;07 Castilla y León;Mujeres;1 de enero de 2025;19.068
48 años;07 Castilla y León;Mujeres;1 de enero de 2024;18.392
48 años;08 Castilla - La Mancha;Total;1 de enero de 2025;35.721
48 años;08 Castilla - La Mancha;Total;1 de enero de 2024;34.530
48 años;08 Castilla - La Mancha;Hombres;1 de enero de 2025;18.236
48 años;08 Castilla - La Mancha;Hombres;1 de enero de 2024;17.702
48 años;08 Castilla - La Mancha;Mujeres;1 de enero de 2025;17.485
48 años;08 Castilla - La Mancha;Mujeres;1 de enero de 2024;16.828
48 años;09 Cataluña;Total;1 de enero de 2025;139.206
48 años;09 Cataluña;Total;1 de enero de 2024;138.358
48 años;09 Cataluña;Hombres;1 de enero de 2025;70.771
48 años;09 Cataluña;Hombres;1 de enero de 2024;70.494
48 años;09 Cataluña;Mujeres;1 de enero de 2025;68.435
48 años;09 Cataluña;Mujeres;1 de enero de 2024;67.864
48 años;10 Comunitat Valenciana;Total;1 de enero de 2025;93.040
48 años;10 Comunitat Valenciana;Total;1 de enero de 2024;90.304
48 años;10 Comunitat Valenciana;Hombres;1 de enero de 2025;47.163
48 años;10 Comunitat Valenciana;Hombres;1 de enero de 2024;45.997
48 años;10 Comunitat Valenciana;Mujeres;1 de enero de 2025;45.877
48 años;10 Comunitat Valenciana;Mujeres;1 de enero de 2024;44.307
48 años;11 Extremadura;Total;1 de enero de 2025;16.290
48 años;11 Extremadura;Total;1 de enero de 2024;16.043
48 años;11 Extremadura;Hombres;1 de enero de 2025;8.184
48 años;11 Extremadura;Hombres;1 de enero de 2024;8.118
48 años;11 Extremadura;Mujeres;1 de enero de 2025;8.106
48 años;11 Extremadura;Mujeres;1 de enero de 2024;7.925
48 años;12 Galicia;Total;1 de enero de 2025;47.428
48 años;12 Galicia;Total;1 de enero de 2024;46.752
48 años;12 Galicia;Hombres;1 de enero de 2025;23.373
48 años;12 Galicia;Hombres;1 de enero de 2024;22.993
48 años;12 Galicia;Mujeres;1 de enero de 2025;24.055
48 años;12 Galicia;Mujeres;1 de enero de 2024;23.759
48 años;13 Madrid, Comunidad de;Total;1 de enero de 2025;123.271
48 años;13 Madrid, Comunidad de;Total;1 de enero de 2024;121.970
48 años;13 Madrid, Comunidad de;Hombres;1 de enero de 2025;60.020
48 años;13 Madrid, Comunidad de;Hombres;1 de enero de 2024;60.020
48 años;13 Madrid, Comunidad de;Mujeres;1 de enero de 2025;63.251
48 años;13 Madrid, Comunidad de;Mujeres;1 de enero de 2024;61.950
48 años;14 Murcia, Región de;Total;1 de enero de 2025;26.748
48 años;14 Murcia, Región de;Total;1 de enero de 2024;26.240
48 años;14 Murcia, Región de;Hombres;1 de enero de 2025;13.832
48 años;14 Murcia, Región de;Hombres;1 de enero de 2024;13.647
48 años;14 Murcia, Región de;Mujeres;1 de enero de 2025;12.916
48 años;14 Murcia, Región de;Mujeres;1 de enero de 2024;12.593
48 años;15 Navarra, Comunidad Foral de;Total;1 de enero de 2025;11.484
48 años;15 Navarra, Comunidad Foral de;Total;1 de enero de 2024;11.456
48 años;15 Navarra, Comunidad Foral de;Hombres;1 de enero de 2025;5.877
48 años;15 Navarra, Comunidad Foral de;Hombres;1 de enero de 2024;5.745
48 años;15 Navarra, Comunidad Foral de;Mujeres;1 de enero de 2025;5.607
48 años;15 Navarra, Comunidad Foral de;Mujeres;1 de enero de 2024;5.711
48 años;16 País Vasco;Total;1 de enero de 2025;38.094
48 años;16 País Vasco;Total;1 de enero de 2024;37.501
48 años;16 País Vasco;Hombres;1 de enero de 2025;19.176
48 años;16 País Vasco;Hombres;1 de enero de 2024;18.878
48 años;16 País Vasco;Mujeres;1 de enero de 2025;18.918
48 años;16 País Vasco;Mujeres;1 de enero de 2024;18.623
48 años;17 Rioja, La;Total;1 de enero de 2025;5.653
48 años;17 Rioja, La;Total;1 de enero de 2024;5.553
48 años;17 Rioja, La;Hombres;1 de enero de 2025;2.804
48 años;17 Rioja, La;Hombres;1 de enero de 2024;2.868
48 años;17 Rioja, La;Mujeres;1 de enero de 2025;2.849
48 años;17 Rioja, La;Mujeres;1 de enero de 2024;2.685
48 años;18 Ceuta;Total;1 de enero de 2025;1.265
48 años;18 Ceuta;Total;1 de enero de 2024;1.341
48 años;18 Ceuta;Hombres;1 de enero de 2025;659
48 años;18 Ceuta;Hombres;1 de enero de 2024;701
48 años;18 Ceuta;Mujeres;1 de enero de 2025;606
48 años;18 Ceuta;Mujeres;1 de enero de 2024;640
48 años;19 Melilla;Total;1 de enero de 2025;1.131
48 años;19 Melilla;Total;1 de enero de 2024;1.157
48 años;19 Melilla;Hombres;1 de enero de 2025;591
48 años;19 Melilla;Hombres;1 de enero de 2024;589
48 años;19 Melilla;Mujeres;1 de enero de 2025;540
48 años;19 Melilla;Mujeres;1 de enero de 2024;568
49 años;01 Andalucía;Total;1 de enero de 2025;142.980
49 años;01 Andalucía;Total;1 de enero de 2024;141.245
49 años;01 Andalucía;Hombres;1 de enero de 2025;71.841
49 años;01 Andalucía;Hombres;1 de enero de 2024;70.580
49 años;01 Andalucía;Mujeres;1 de enero de 2025;71.139
49 años;01 Andalucía;Mujeres;1 de enero de 2024;70.665
49 años;02 Aragón;Total;1 de enero de 2025;22.854
49 años;02 Aragón;Total;1 de enero de 2024;22.120
49 años;02 Aragón;Hombres;1 de enero de 2025;11.698
49 años;02 Aragón;Hombres;1 de enero de 2024;11.427
49 años;02 Aragón;Mujeres;1 de enero de 2025;11.156
49 años;02 Aragón;Mujeres;1 de enero de 2024;10.693
49 años;03 Asturias, Principado de;Total;1 de enero de 2025;17.826
49 años;03 Asturias, Principado de;Total;1 de enero de 2024;17.540
49 años;03 Asturias, Principado de;Hombres;1 de enero de 2025;8.884
49 años;03 Asturias, Principado de;Hombres;1 de enero de 2024;8.645
49 años;03 Asturias, Principado de;Mujeres;1 de enero de 2025;8.942
49 años;03 Asturias, Principado de;Mujeres;1 de enero de 2024;8.895
49 años;04 Balears, Illes;Total;1 de enero de 2025;21.575
49 años;04 Balears, Illes;Total;1 de enero de 2024;21.426
49 años;04 Balears, Illes;Hombres;1 de enero de 2025;11.220
49 años;04 Balears, Illes;Hombres;1 de enero de 2024;11.054
49 años;04 Balears, Illes;Mujeres;1 de enero de 2025;10.355
49 años;04 Balears, Illes;Mujeres;1 de enero de 2024;10.372
49 años;05 Canarias;Total;1 de enero de 2025;39.566
49 años;05 Canarias;Total;1 de enero de 2024;40.212
49 años;05 Canarias;Hombres;1 de enero de 2025;19.977
49 años;05 Canarias;Hombres;1 de enero de 2024;20.337
49 años;05 Canarias;Mujeres;1 de enero de 2025;19.589
49 años;05 Canarias;Mujeres;1 de enero de 2024;19.875
49 años;06 Cantabria;Total;1 de enero de 2025;10.428
49 años;06 Cantabria;Total;1 de enero de 2024;10.007
49 años;06 Cantabria;Hombres;1 de enero de 2025;5.228
49 años;06 Cantabria;Hombres;1 de enero de 2024;5.050
49 años;06 Cantabria;Mujeres;1 de enero de 2025;5.200
49 años;06 Cantabria;Mujeres;1 de enero de 2024;4.957
49 años;07 Castilla y León;Total;1 de enero de 2025;37.469
49 años;07 Castilla y León;Total;1 de enero de 2024;37.622
49 años;07 Castilla y León;Hombres;1 de enero de 2025;18.956
49 años;07 Castilla y León;Hombres;1 de enero de 2024;18.920
49 años;07 Castilla y León;Mujeres;1 de enero de 2025;18.513
49 años;07 Castilla y León;Mujeres;1 de enero de 2024;18.702
49 años;08 Castilla - La Mancha;Total;1 de enero de 2025;34.786
49 años;08 Castilla - La Mancha;Total;1 de enero de 2024;34.143
49 años;08 Castilla - La Mancha;Hombres;1 de enero de 2025;17.783
49 años;08 Castilla - La Mancha;Hombres;1 de enero de 2024;17.561
49 años;08 Castilla - La Mancha;Mujeres;1 de enero de 2025;17.003
49 años;08 Castilla - La Mancha;Mujeres;1 de enero de 2024;16.582
49 años;09 Cataluña;Total;1 de enero de 2025;138.803
49 años;09 Cataluña;Total;1 de enero de 2024;136.287
49 años;09 Cataluña;Hombres;1 de enero de 2025;70.609
49 años;09 Cataluña;Hombres;1 de enero de 2024;69.528
49 años;09 Cataluña;Mujeres;1 de enero de 2025;68.194
49 años;09 Cataluña;Mujeres;1 de enero de 2024;66.759
49 años;10 Comunitat Valenciana;Total;1 de enero de 2025;91.332
49 años;10 Comunitat Valenciana;Total;1 de enero de 2024;89.908
49 años;10 Comunitat Valenciana;Hombres;1 de enero de 2025;46.440
49 años;10 Comunitat Valenciana;Hombres;1 de enero de 2024;45.291
49 años;10 Comunitat Valenciana;Mujeres;1 de enero de 2025;44.892
49 años;10 Comunitat Valenciana;Mujeres;1 de enero de 2024;44.617
49 años;11 Extremadura;Total;1 de enero de 2025;16.056
49 años;11 Extremadura;Total;1 de enero de 2024;16.050
49 años;11 Extremadura;Hombres;1 de enero de 2025;8.100
49 años;11 Extremadura;Hombres;1 de enero de 2024;8.051
49 años;11 Extremadura;Mujeres;1 de enero de 2025;7.956
49 años;11 Extremadura;Mujeres;1 de enero de 2024;7.999
49 años;12 Galicia;Total;1 de enero de 2025;46.923
49 años;12 Galicia;Total;1 de enero de 2024;45.701
49 años;12 Galicia;Hombres;1 de enero de 2025;23.037
49 años;12 Galicia;Hombres;1 de enero de 2024;22.933
49 años;12 Galicia;Mujeres;1 de enero de 2025;23.886
49 años;12 Galicia;Mujeres;1 de enero de 2024;22.768
49 años;13 Madrid, Comunidad de;Total;1 de enero de 2025;122.339
49 años;13 Madrid, Comunidad de;Total;1 de enero de 2024;120.977
49 años;13 Madrid, Comunidad de;Hombres;1 de enero de 2025;60.081
49 años;13 Madrid, Comunidad de;Hombres;1 de enero de 2024;59.091
49 años;13 Madrid, Comunidad de;Mujeres;1 de enero de 2025;62.258
49 años;13 Madrid, Comunidad de;Mujeres;1 de enero de 2024;61.886
49 años;14 Murcia, Región de;Total;1 de enero de 2025;26.324
49 años;14 Murcia, Región de;Total;1 de enero de 2024;26.030
49 años;14 Murcia, Región de;Hombres;1 de enero de 2025;13.668
49 años;14 Murcia, Región de;Hombres;1 de enero de 2024;13.427
49 años;14 Murcia, Región de;Mujeres;1 de enero de 2025;12.656
49 años;14 Murcia, Región de;Mujeres;1 de enero de 2024;12.603
49 años;15 Navarra, Comunidad Foral de;Total;1 de enero de 2025;11.462
49 años;15 Navarra, Comunidad Foral de;Total;1 de enero de 2024;11.196
49 años;15 Navarra, Comunidad Foral de;Hombres;1 de enero de 2025;5.766
49 años;15 Navarra, Comunidad Foral de;Hombres;1 de enero de 2024;5.731
49 años;15 Navarra, Comunidad Foral de;Mujeres;1 de enero de 2025;5.696
49 años;15 Navarra, Comunidad Foral de;Mujeres;1 de enero de 2024;5.465
49 años;16 País Vasco;Total;1 de enero de 2025;37.544
49 años;16 País Vasco;Total;1 de enero de 2024;37.213
49 años;16 País Vasco;Hombres;1 de enero de 2025;18.877
49 años;16 País Vasco;Hombres;1 de enero de 2024;18.610
49 años;16 País Vasco;Mujeres;1 de enero de 2025;18.667
49 años;16 País Vasco;Mujeres;1 de enero de 2024;18.603
49 años;17 Rioja, La;Total;1 de enero de 2025;5.578
49 años;17 Rioja, La;Total;1 de enero de 2024;5.397
49 años;17 Rioja, La;Hombres;1 de enero de 2025;2.897
49 años;17 Rioja, La;Hombres;1 de enero de 2024;2.769
49 años;17 Rioja, La;Mujeres;1 de enero de 2025;2.681
49 años;17 Rioja, La;Mujeres;1 de enero de 2024;2.628
49 años;18 Ceuta;Total;1 de enero de 2025;1.338
49 años;18 Ceuta;Total;1 de enero de 2024;1.238
49 años;18 Ceuta;Hombres;1 de enero de 2025;701
49 años;18 Ceuta;Hombres;1 de enero de 2024;638
49 años;18 Ceuta;Mujeres;1 de enero de 2025;637
49 años;18 Ceuta;Mujeres;1 de enero de 2024;600
49 años;19 Melilla;Total;1 de enero de 2025;1.179
49 años;19 Melilla;Total;1 de enero de 2024;1.158
49 años;19 Melilla;Hombres;1 de enero de 2025;602
49 años;19 Melilla;Hombres;1 de enero de 2024;598
49 años;19 Melilla;Mujeres;1 de enero de 2025;577
49 años;19 Melilla;Mujeres;1 de enero de 2024;560
50 años;01 Andalucía;Total;1 de enero de 2025;141.516
50 años;01 Andalucía;Total;1 de enero de 2024;138.131
50 años;01 Andalucía;Hombres;1 de enero de 2025;70.577
50 años;01 Andalucía;Hombres;1 de enero de 2024;69.248
50 años;01 Andalucía;Mujeres;1 de enero de 2025;70.939
50 años;01 Andalucía;Mujeres;1 de enero de 2024;68.883
50 años;02 Aragón;Total;1 de enero de 2025;22.198
50 años;02 Aragón;Total;1 de enero de 2024;21.656
50 años;02 Aragón;Hombres;1 de enero de 2025;11.477
50 años;02 Aragón;Hombres;1 de enero de 2024;11.049
50 años;02 Aragón;Mujeres;1 de enero de 2025;10.721
50 años;02 Aragón;Mujeres;1 de enero de 2024;10.607
50 años;03 Asturias, Principado de;Total;1 de enero de 2025;17.655
50 años;03 Asturias, Principado de;Total;1 de enero de 2024;16.935
50 años;03 Asturias, Principado de;Hombres;1 de enero de 2025;8.692
50 años;03 Asturias, Principado de;Hombres;1 de enero de 2024;8.349
50 años;03 Asturias, Principado de;Mujeres;1 de enero de 2025;8.963
50 años;03 Asturias, Principado de;Mujeres;1 de enero de 2024;8.586
50 años;04 Balears, Illes;Total;1 de enero de 2025;21.465
50 años;04 Balears, Illes;Total;1 de enero de 2024;20.666
50 años;04 Balears, Illes;Hombres;1 de enero de 2025;11.028
50 años;04 Balears, Illes;Hombres;1 de enero de 2024;10.643
50 años;04 Balears, Illes;Mujeres;1 de enero de 2025;10.437
50 años;04 Balears, Illes;Mujeres;1 de enero de 2024;10.023
50 años;05 Canarias;Total;1 de enero de 2025;40.293
50 años;05 Canarias;Total;1 de enero de 2024;40.659
50 años;05 Canarias;Hombres;1 de enero de 2025;20.334
50 años;05 Canarias;Hombres;1 de enero de 2024;20.449
50 años;05 Canarias;Mujeres;1 de enero de 2025;19.959
50 años;05 Canarias;Mujeres;1 de enero de 2024;20.210
50 años;06 Cantabria;Total;1 de enero de 2025;10.061
50 años;06 Cantabria;Total;1 de enero de 2024;9.878
50 años;06 Cantabria;Hombres;1 de enero de 2025;5.060
50 años;06 Cantabria;Hombres;1 de enero de 2024;4.905
50 años;06 Cantabria;Mujeres;1 de enero de 2025;5.001
50 años;06 Cantabria;Mujeres;1 de enero de 2024;4.973
50 años;07 Castilla y León;Total;1 de enero de 2025;37.838
50 años;07 Castilla y León;Total;1 de enero de 2024;37.151
50 años;07 Castilla y León;Hombres;1 de enero de 2025;19.000
50 años;07 Castilla y León;Hombres;1 de enero de 2024;18.758
50 años;07 Castilla y León;Mujeres;1 de enero de 2025;18.838
50 años;07 Castilla y León;Mujeres;1 de enero de 2024;18.393
50 años;08 Castilla - La Mancha;Total;1 de enero de 2025;34.357
50 años;08 Castilla - La Mancha;Total;1 de enero de 2024;33.517
50 años;08 Castilla - La Mancha;Hombres;1 de enero de 2025;17.669
50 años;08 Castilla - La Mancha;Hombres;1 de enero de 2024;17.220
50 años;08 Castilla - La Mancha;Mujeres;1 de enero de 2025;16.688
50 años;08 Castilla - La Mancha;Mujeres;1 de enero de 2024;16.297
50 años;09 Cataluña;Total;1 de enero de 2025;136.755
50 años;09 Cataluña;Total;1 de enero de 2024;131.366
50 años;09 Cataluña;Hombres;1 de enero de 2025;69.645
50 años;09 Cataluña;Hombres;1 de enero de 2024;66.651
50 años;09 Cataluña;Mujeres;1 de enero de 2025;67.110
50 años;09 Cataluña;Mujeres;1 de enero de 2024;64.715
50 años;10 Comunitat Valenciana;Total;1 de enero de 2025;90.984
50 años;10 Comunitat Valenciana;Total;1 de enero de 2024;86.479
50 años;10 Comunitat Valenciana;Hombres;1 de enero de 2025;45.750
50 años;10 Comunitat Valenciana;Hombres;1 de enero de 2024;43.881
50 años;10 Comunitat Valenciana;Mujeres;1 de enero de 2025;45.234
50 años;10 Comunitat Valenciana;Mujeres;1 de enero de 2024;42.598
50 años;11 Extremadura;Total;1 de enero de 2025;16.082
50 años;11 Extremadura;Total;1 de enero de 2024;16.263
50 años;11 Extremadura;Hombres;1 de enero de 2025;8.060
50 años;11 Extremadura;Hombres;1 de enero de 2024;8.358
50 años;11 Extremadura;Mujeres;1 de enero de 2025;8.022
50 años;11 Extremadura;Mujeres;1 de enero de 2024;7.905
50 años;12 Galicia;Total;1 de enero de 2025;45.958
50 años;12 Galicia;Total;1 de enero de 2024;44.208
50 años;12 Galicia;Hombres;1 de enero de 2025;23.035
50 años;12 Galicia;Hombres;1 de enero de 2024;21.906
50 años;12 Galicia;Mujeres;1 de enero de 2025;22.923
50 años;12 Galicia;Mujeres;1 de enero de 2024;22.302
50 años;13 Madrid, Comunidad de;Total;1 de enero de 2025;121.200
50 años;13 Madrid, Comunidad de;Total;1 de enero de 2024;116.765
50 años;13 Madrid, Comunidad de;Hombres;1 de enero de 2025;59.080
50 años;13 Madrid, Comunidad de;Hombres;1 de enero de 2024;56.985
50 años;13 Madrid, Comunidad de;Mujeres;1 de enero de 2025;62.120
50 años;13 Madrid, Comunidad de;Mujeres;1 de enero de 2024;59.780
50 años;14 Murcia, Región de;Total;1 de enero de 2025;26.168
50 años;14 Murcia, Región de;Total;1 de enero de 2024;25.098
50 años;14 Murcia, Región de;Hombres;1 de enero de 2025;13.465
50 años;14 Murcia, Región de;Hombres;1 de enero de 2024;13.005
50 años;14 Murcia, Región de;Mujeres;1 de enero de 2025;12.703
50 años;14 Murcia, Región de;Mujeres;1 de enero de 2024;12.093
50 años;15 Navarra, Comunidad Foral de;Total;1 de enero de 2025;11.194
50 años;15 Navarra, Comunidad Foral de;Total;1 de enero de 2024;10.831
50 años;15 Navarra, Comunidad Foral de;Hombres;1 de enero de 2025;5.730
50 años;15 Navarra, Comunidad Foral de;Hombres;1 de enero de 2024;5.475
50 años;15 Navarra, Comunidad Foral de;Mujeres;1 de enero de 2025;5.464
50 años;15 Navarra, Comunidad Foral de;Mujeres;1 de enero de 2024;5.356
50 años;16 País Vasco;Total;1 de enero de 2025;37.294
50 años;16 País Vasco;Total;1 de enero de 2024;36.294
50 años;16 País Vasco;Hombres;1 de enero de 2025;18.633
50 años;16 País Vasco;Hombres;1 de enero de 2024;18.349
50 años;16 País Vasco;Mujeres;1 de enero de 2025;18.661
50 años;16 País Vasco;Mujeres;1 de enero de 2024;17.945
50 años;17 Rioja, La;Total;1 de enero de 2025;5.407
50 años;17 Rioja, La;Total;1 de enero de 2024;5.284
50 años;17 Rioja, La;Hombres;1 de enero de 2025;2.766
50 años;17 Rioja, La;Hombres;1 de enero de 2024;2.729
50 años;17 Rioja, La;Mujeres;1 de enero de 2025;2.641
50 años;17 Rioja, La;Mujeres;1 de enero de 2024;2.555
50 años;18 Ceuta;Total;1 de enero de 2025;1.229
50 años;18 Ceuta;Total;1 de enero de 2024;1.183
50 años;18 Ceuta;Hombres;1 de enero de 2025;635
50 años;18 Ceuta;Hombres;1 de enero de 2024;643
50 años;18 Ceuta;Mujeres;1 de enero de 2025;594
50 años;18 Ceuta;Mujeres;1 de enero de 2024;540
50 años;19 Melilla;Total;1 de enero de 2025;1.178
50 años;19 Melilla;Total;1 de enero de 2024;1.032
50 años;19 Melilla;Hombres;1 de enero de 2025;605
50 años;19 Melilla;Hombres;1 de enero de 2024;513
50 años;19 Melilla;Mujeres;1 de enero de 2025;573
50 años;19 Melilla;Mujeres;1 de enero de 2024;519
51 años;01 Andalucía;Total;1 de enero de 2025;138.258
51 años;01 Andalucía;Total;1 de enero de 2024;137.991
51 años;01 Andalucía;Hombres;1 de enero de 2025;69.047
51 años;01 Andalucía;Hombres;1 de enero de 2024;68.769
51 años;01 Andalucía;Mujeres;1 de enero de 2025;69.211
51 años;01 Andalucía;Mujeres;1 de enero de 2024;69.222
51 años;02 Aragón;Total;1 de enero de 2025;21.771
51 años;02 Aragón;Total;1 de enero de 2024;21.904
51 años;02 Aragón;Hombres;1 de enero de 2025;11.116
51 años;02 Aragón;Hombres;1 de enero de 2024;11.144
51 años;02 Aragón;Mujeres;1 de enero de 2025;10.655
51 años;02 Aragón;Mujeres;1 de enero de 2024;10.760
51 años;03 Asturias, Principado de;Total;1 de enero de 2025;17.012
51 años;03 Asturias, Principado de;Total;1 de enero de 2024;17.162
51 años;03 Asturias, Principado de;Hombres;1 de enero de 2025;8.377
51 años;03 Asturias, Principado de;Hombres;1 de enero de 2024;8.417
51 años;03 Asturias, Principado de;Mujeres;1 de enero de 2025;8.635
51 años;03 Asturias, Principado de;Mujeres;1 de enero de 2024;8.745
51 años;04 Balears, Illes;Total;1 de enero de 2025;20.672
51 años;04 Balears, Illes;Total;1 de enero de 2024;20.672
51 años;04 Balears, Illes;Hombres;1 de enero de 2025;10.596
51 años;04 Balears, Illes;Hombres;1 de enero de 2024;10.645
51 años;04 Balears, Illes;Mujeres;1 de enero de 2025;10.076
51 años;04 Balears, Illes;Mujeres;1 de enero de 2024;10.027
51 años;05 Canarias;Total;1 de enero de 2025;40.817
51 años;05 Canarias;Total;1 de enero de 2024;40.829
51 años;05 Canarias;Hombres;1 de enero de 2025;20.490
51 años;05 Canarias;Hombres;1 de enero de 2024;20.763
51 años;05 Canarias;Mujeres;1 de enero de 2025;20.327
51 años;05 Canarias;Mujeres;1 de enero de 2024;20.066
51 años;06 Cantabria;Total;1 de enero de 2025;9.919
51 años;06 Cantabria;Total;1 de enero de 2024;9.878
51 años;06 Cantabria;Hombres;1 de enero de 2025;4.922
51 años;06 Cantabria;Hombres;1 de enero de 2024;4.812
51 años;06 Cantabria;Mujeres;1 de enero de 2025;4.997
51 años;06 Cantabria;Mujeres;1 de enero de 2024;5.066
51 años;07 Castilla y León;Total;1 de enero de 2025;37.405
51 años;07 Castilla y León;Total;1 de enero de 2024;37.217
51 años;07 Castilla y León;Hombres;1 de enero de 2025;18.881
51 años;07 Castilla y León;Hombres;1 de enero de 2024;18.709
51 años;07 Castilla y León;Mujeres;1 de enero de 2025;18.524
51 años;07 Castilla y León;Mujeres;1 de enero de 2024;18.508
51 años;08 Castilla - La Mancha;Total;1 de enero de 2025;33.670
51 años;08 Castilla - La Mancha;Total;1 de enero de 2024;33.069
51 años;08 Castilla - La Mancha;Hombres;1 de enero de 2025;17.303
51 años;08 Castilla - La Mancha;Hombres;1 de enero de 2024;16.853
51 años;08 Castilla - La Mancha;Mujeres;1 de enero de 2025;16.367
51 años;08 Castilla - La Mancha;Mujeres;1 de enero de 2024;16.216
51 años;09 Cataluña;Total;1 de enero de 2025;131.745
51 años;09 Cataluña;Total;1 de enero de 2024;129.082
51 años;09 Cataluña;Hombres;1 de enero de 2025;66.708
51 años;09 Cataluña;Hombres;1 de enero de 2024;65.470
51 años;09 Cataluña;Mujeres;1 de enero de 2025;65.037
51 años;09 Cataluña;Mujeres;1 de enero de 2024;63.612
51 años;10 Comunitat Valenciana;Total;1 de enero de 2025;87.300
51 años;10 Comunitat Valenciana;Total;1 de enero de 2024;85.704
51 años;10 Comunitat Valenciana;Hombres;1 de enero de 2025;44.168
51 años;10 Comunitat Valenciana;Hombres;1 de enero de 2024;43.366
51 años;10 Comunitat Valenciana;Mujeres;1 de enero de 2025;43.132
51 años;10 Comunitat Valenciana;Mujeres;1 de enero de 2024;42.338
51 años;11 Extremadura;Total;1 de enero de 2025;16.299
51 años;11 Extremadura;Total;1 de enero de 2024;16.425
51 años;11 Extremadura;Hombres;1 de enero de 2025;8.359
51 años;11 Extremadura;Hombres;1 de enero de 2024;8.243
51 años;11 Extremadura;Mujeres;1 de enero de 2025;7.940
51 años;11 Extremadura;Mujeres;1 de enero de 2024;8.182
51 años;12 Galicia;Total;1 de enero de 2025;44.423
51 años;12 Galicia;Total;1 de enero de 2024;44.356
51 años;12 Galicia;Hombres;1 de enero de 2025;21.992
51 años;12 Galicia;Hombres;1 de enero de 2024;21.944
51 años;12 Galicia;Mujeres;1 de enero de 2025;22.431
51 años;12 Galicia;Mujeres;1 de enero de 2024;22.412
51 años;13 Madrid, Comunidad de;Total;1 de enero de 2025;116.827
51 años;13 Madrid, Comunidad de;Total;1 de enero de 2024;114.564
51 años;13 Madrid, Comunidad de;Hombres;1 de enero de 2025;56.786
51 años;13 Madrid, Comunidad de;Hombres;1 de enero de 2024;56.053
51 años;13 Madrid, Comunidad de;Mujeres;1 de enero de 2025;60.041
51 años;13 Madrid, Comunidad de;Mujeres;1 de enero de 2024;58.511
51 años;14 Murcia, Región de;Total;1 de enero de 2025;25.177
51 años;14 Murcia, Región de;Total;1 de enero de 2024;24.687
51 años;14 Murcia, Región de;Hombres;1 de enero de 2025;13.017
51 años;14 Murcia, Región de;Hombres;1 de enero de 2024;12.514
51 años;14 Murcia, Región de;Mujeres;1 de enero de 2025;12.160
51 años;14 Murcia, Región de;Mujeres;1 de enero de 2024;12.173
51 años;15 Navarra, Comunidad Foral de;Total;1 de enero de 2025;10.829
51 años;15 Navarra, Comunidad Foral de;Total;1 de enero de 2024;10.734
51 años;15 Navarra, Comunidad Foral de;Hombres;1 de enero de 2025;5.453
51 años;15 Navarra, Comunidad Foral de;Hombres;1 de enero de 2024;5.492
51 años;15 Navarra, Comunidad Foral de;Mujeres;1 de enero de 2025;5.376
51 años;15 Navarra, Comunidad Foral de;Mujeres;1 de enero de 2024;5.242
51 años;16 País Vasco;Total;1 de enero de 2025;36.350
51 años;16 País Vasco;Total;1 de enero de 2024;36.391
51 años;16 País Vasco;Hombres;1 de enero de 2025;18.336
51 años;16 País Vasco;Hombres;1 de enero de 2024;18.424
51 años;16 País Vasco;Mujeres;1 de enero de 2025;18.014
51 años;16 País Vasco;Mujeres;1 de enero de 2024;17.967
51 años;17 Rioja, La;Total;1 de enero de 2025;5.320
51 años;17 Rioja, La;Total;1 de enero de 2024;5.267
51 años;17 Rioja, La;Hombres;1 de enero de 2025;2.737
51 años;17 Rioja, La;Hombres;1 de enero de 2024;2.735
51 años;17 Rioja, La;Mujeres;1 de enero de 2025;2.583
51 años;17 Rioja, La;Mujeres;1 de enero de 2024;2.532
51 años;18 Ceuta;Total;1 de enero de 2025;1.195
51 años;18 Ceuta;Total;1 de enero de 2024;1.242
51 años;18 Ceuta;Hombres;1 de enero de 2025;650
51 años;18 Ceuta;Hombres;1 de enero de 2024;670
51 años;18 Ceuta;Mujeres;1 de enero de 2025;545
51 años;18 Ceuta;Mujeres;1 de enero de 2024;572
51 años;19 Melilla;Total;1 de enero de 2025;1.059
51 años;19 Melilla;Total;1 de enero de 2024;1.118
51 años;19 Melilla;Hombres;1 de enero de 2025;524
51 años;19 Melilla;Hombres;1 de enero de 2024;559
51 años;19 Melilla;Mujeres;1 de enero de 2025;535
51 años;19 Melilla;Mujeres;1 de enero de 2024;559
52 años;01 Andalucía;Total;1 de enero de 2025;138.134
52 años;01 Andalucía;Total;1 de enero de 2024;135.421
52 años;01 Andalucía;Hombres;1 de enero de 2025;68.691
52 años;01 Andalucía;Hombres;1 de enero de 2024;67.538
52 años;01 Andalucía;Mujeres;1 de enero de 2025;69.443
52 años;01 Andalucía;Mujeres;1 de enero de 2024;67.883
52 años;02 Aragón;Total;1 de enero de 2025;22.005
52 años;02 Aragón;Total;1 de enero de 2024;21.283
52 años;02 Aragón;Hombres;1 de enero de 2025;11.191
52 años;02 Aragón;Hombres;1 de enero de 2024;10.714
52 años;02 Aragón;Mujeres;1 de enero de 2025;10.814
52 años;02 Aragón;Mujeres;1 de enero de 2024;10.569
52 años;03 Asturias, Principado de;Total;1 de enero de 2025;17.273
52 años;03 Asturias, Principado de;Total;1 de enero de 2024;16.829
52 años;03 Asturias, Principado de;Hombres;1 de enero de 2025;8.463
52 años;03 Asturias, Principado de;Hombres;1 de enero de 2024;8.344
52 años;03 Asturias, Principado de;Mujeres;1 de enero de 2025;8.810
52 años;03 Asturias, Principado de;Mujeres;1 de enero de 2024;8.485
52 años;04 Balears, Illes;Total;1 de enero de 2025;20.629
52 años;04 Balears, Illes;Total;1 de enero de 2024;19.977
52 años;04 Balears, Illes;Hombres;1 de enero de 2025;10.580
52 años;04 Balears, Illes;Hombres;1 de enero de 2024;10.189
52 años;04 Balears, Illes;Mujeres;1 de enero de 2025;10.049
52 años;04 Balears, Illes;Mujeres;1 de enero de 2024;9.788
52 años;05 Canarias;Total;1 de enero de 2025;40.939
52 años;05 Canarias;Total;1 de enero de 2024;40.398
52 años;05 Canarias;Hombres;1 de enero de 2025;20.741
52 años;05 Canarias;Hombres;1 de enero de 2024;20.467
52 años;05 Canarias;Mujeres;1 de enero de 2025;20.198
52 años;05 Canarias;Mujeres;1 de enero de 2024;19.931
52 años;06 Cantabria;Total;1 de enero de 2025;9.895
52 años;06 Cantabria;Total;1 de enero de 2024;9.442
52 años;06 Cantabria;Hombres;1 de enero de 2025;4.810
52 años;06 Cantabria;Hombres;1 de enero de 2024;4.670
52 años;06 Cantabria;Mujeres;1 de enero de 2025;5.085
52 años;06 Cantabria;Mujeres;1 de enero de 2024;4.772
52 años;07 Castilla y León;Total;1 de enero de 2025;37.357
52 años;07 Castilla y León;Total;1 de enero de 2024;37.633
52 años;07 Castilla y León;Hombres;1 de enero de 2025;18.755
52 años;07 Castilla y León;Hombres;1 de enero de 2024;19.129
52 años;07 Castilla y León;Mujeres;1 de enero de 2025;18.602
52 años;07 Castilla y León;Mujeres;1 de enero de 2024;18.504
52 años;08 Castilla - La Mancha;Total;1 de enero de 2025;33.179
52 años;08 Castilla - La Mancha;Total;1 de enero de 2024;32.515
52 años;08 Castilla - La Mancha;Hombres;1 de enero de 2025;16.876
52 años;08 Castilla - La Mancha;Hombres;1 de enero de 2024;16.531
52 años;08 Castilla - La Mancha;Mujeres;1 de enero de 2025;16.303
52 años;08 Castilla - La Mancha;Mujeres;1 de enero de 2024;15.984
52 años;09 Cataluña;Total;1 de enero de 2025;129.429
52 años;09 Cataluña;Total;1 de enero de 2024;124.926
52 años;09 Cataluña;Hombres;1 de enero de 2025;65.488
52 años;09 Cataluña;Hombres;1 de enero de 2024;63.326
52 años;09 Cataluña;Mujeres;1 de enero de 2025;63.941
52 años;09 Cataluña;Mujeres;1 de enero de 2024;61.600
52 años;10 Comunitat Valenciana;Total;1 de enero de 2025;86.558
52 años;10 Comunitat Valenciana;Total;1 de enero de 2024;84.851
52 años;10 Comunitat Valenciana;Hombres;1 de enero de 2025;43.671
52 años;10 Comunitat Valenciana;Hombres;1 de enero de 2024;42.872
52 años;10 Comunitat Valenciana;Mujeres;1 de enero de 2025;42.887
52 años;10 Comunitat Valenciana;Mujeres;1 de enero de 2024;41.979
52 años;11 Extremadura;Total;1 de enero de 2025;16.399
52 años;11 Extremadura;Total;1 de enero de 2024;16.420
52 años;11 Extremadura;Hombres;1 de enero de 2025;8.214
52 años;11 Extremadura;Hombres;1 de enero de 2024;8.208
52 años;11 Extremadura;Mujeres;1 de enero de 2025;8.185
52 años;11 Extremadura;Mujeres;1 de enero de 2024;8.212
52 años;12 Galicia;Total;1 de enero de 2025;44.516
52 años;12 Galicia;Total;1 de enero de 2024;43.502
52 años;12 Galicia;Hombres;1 de enero de 2025;21.980
52 años;12 Galicia;Hombres;1 de enero de 2024;21.331
52 años;12 Galicia;Mujeres;1 de enero de 2025;22.536
52 años;12 Galicia;Mujeres;1 de enero de 2024;22.171
52 años;13 Madrid, Comunidad de;Total;1 de enero de 2025;114.789
52 años;13 Madrid, Comunidad de;Total;1 de enero de 2024;112.306
52 años;13 Madrid, Comunidad de;Hombres;1 de enero de 2025;56.060
52 años;13 Madrid, Comunidad de;Hombres;1 de enero de 2024;54.384
52 años;13 Madrid, Comunidad de;Mujeres;1 de enero de 2025;58.729
52 años;13 Madrid, Comunidad de;Mujeres;1 de enero de 2024;57.922
52 años;14 Murcia, Región de;Total;1 de enero de 2025;24.730
52 años;14 Murcia, Región de;Total;1 de enero de 2024;23.992
52 años;14 Murcia, Región de;Hombres;1 de enero de 2025;12.537
52 años;14 Murcia, Región de;Hombres;1 de enero de 2024;12.268
52 años;14 Murcia, Región de;Mujeres;1 de enero de 2025;12.193
52 años;14 Murcia, Región de;Mujeres;1 de enero de 2024;11.724
52 años;15 Navarra, Comunidad Foral de;Total;1 de enero de 2025;10.757
52 años;15 Navarra, Comunidad Foral de;Total;1 de enero de 2024;10.707
52 años;15 Navarra, Comunidad Foral de;Hombres;1 de enero de 2025;5.478
52 años;15 Navarra, Comunidad Foral de;Hombres;1 de enero de 2024;5.473
52 años;15 Navarra, Comunidad Foral de;Mujeres;1 de enero de 2025;5.279
52 años;15 Navarra, Comunidad Foral de;Mujeres;1 de enero de 2024;5.234
52 años;16 País Vasco;Total;1 de enero de 2025;36.437
52 años;16 País Vasco;Total;1 de enero de 2024;35.919
52 años;16 País Vasco;Hombres;1 de enero de 2025;18.406
52 años;16 País Vasco;Hombres;1 de enero de 2024;18.016
52 años;16 País Vasco;Mujeres;1 de enero de 2025;18.031
52 años;16 País Vasco;Mujeres;1 de enero de 2024;17.903
52 años;17 Rioja, La;Total;1 de enero de 2025;5.283
52 años;17 Rioja, La;Total;1 de enero de 2024;5.099
52 años;17 Rioja, La;Hombres;1 de enero de 2025;2.737
52 años;17 Rioja, La;Hombres;1 de enero de 2024;2.560
52 años;17 Rioja, La;Mujeres;1 de enero de 2025;2.546
52 años;17 Rioja, La;Mujeres;1 de enero de 2024;2.539
52 años;18 Ceuta;Total;1 de enero de 2025;1.248
52 años;18 Ceuta;Total;1 de enero de 2024;1.176
52 años;18 Ceuta;Hombres;1 de enero de 2025;668
52 años;18 Ceuta;Hombres;1 de enero de 2024;628
52 años;18 Ceuta;Mujeres;1 de enero de 2025;580
52 años;18 Ceuta;Mujeres;1 de enero de 2024;548
52 años;19 Melilla;Total;1 de enero de 2025;1.138
52 años;19 Melilla;Total;1 de enero de 2024;1.143
52 años;19 Melilla;Hombres;1 de enero de 2025;568
52 años;19 Melilla;Hombres;1 de enero de 2024;590
52 años;19 Melilla;Mujeres;1 de enero de 2025;570
52 años;19 Melilla;Mujeres;1 de enero de 2024;553
53 años;01 Andalucía;Total;1 de enero de 2025;135.427
53 años;01 Andalucía;Total;1 de enero de 2024;134.589
53 años;01 Andalucía;Hombres;1 de enero de 2025;67.397
53 años;01 Andalucía;Hombres;1 de enero de 2024;67.007
53 años;01 Andalucía;Mujeres;1 de enero de 2025;68.030
53 años;01 Andalucía;Mujeres;1 de enero de 2024;67.582
53 años;02 Aragón;Total;1 de enero de 2025;21.338
53 años;02 Aragón;Total;1 de enero de 2024;21.242
53 años;02 Aragón;Hombres;1 de enero de 2025;10.719
53 años;02 Aragón;Hombres;1 de enero de 2024;10.826
53 años;02 Aragón;Mujeres;1 de enero de 2025;10.619
53 años;02 Aragón;Mujeres;1 de enero de 2024;10.416
53 años;03 Asturias, Principado de;Total;1 de enero de 2025;16.919
53 años;03 Asturias, Principado de;Total;1 de enero de 2024;16.247
53 años;03 Asturias, Principado de;Hombres;1 de enero de 2025;8.357
53 años;03 Asturias, Principado de;Hombres;1 de enero de 2024;8.001
53 años;03 Asturias, Principado de;Mujeres;1 de enero de 2025;8.562
53 años;03 Asturias, Principado de;Mujeres;1 de enero de 2024;8.246
53 años;04 Balears, Illes;Total;1 de enero de 2025;20.006
53 años;04 Balears, Illes;Total;1 de enero de 2024;19.325
53 años;04 Balears, Illes;Hombres;1 de enero de 2025;10.146
53 años;04 Balears, Illes;Hombres;1 de enero de 2024;9.928
53 años;04 Balears, Illes;Mujeres;1 de enero de 2025;9.860
53 años;04 Balears, Illes;Mujeres;1 de enero de 2024;9.397
53 años;05 Canarias;Total;1 de enero de 2025;40.503
53 años;05 Canarias;Total;1 de enero de 2024;39.572
53 años;05 Canarias;Hombres;1 de enero de 2025;20.446
53 años;05 Canarias;Hombres;1 de enero de 2024;19.947
53 años;05 Canarias;Mujeres;1 de enero de 2025;20.057
53 años;05 Canarias;Mujeres;1 de enero de 2024;19.625
53 años;06 Cantabria;Total;1 de enero de 2025;9.468
53 años;06 Cantabria;Total;1 de enero de 2024;9.707
53 años;06 Cantabria;Hombres;1 de enero de 2025;4.661
53 años;06 Cantabria;Hombres;1 de enero de 2024;4.798
53 años;06 Cantabria;Mujeres;1 de enero de 2025;4.807
53 años;06 Cantabria;Mujeres;1 de enero de 2024;4.909
53 años;07 Castilla y León;Total;1 de enero de 2025;37.756
53 años;07 Castilla y León;Total;1 de enero de 2024;37.378
53 años;07 Castilla y León;Hombres;1 de enero de 2025;19.153
53 años;07 Castilla y León;Hombres;1 de enero de 2024;18.701
53 años;07 Castilla y León;Mujeres;1 de enero de 2025;18.603
53 años;07 Castilla y León;Mujeres;1 de enero de 2024;18.677
53 años;08 Castilla - La Mancha;Total;1 de enero de 2025;32.627
53 años;08 Castilla - La Mancha;Total;1 de enero de 2024;32.858
53 años;08 Castilla - La Mancha;Hombres;1 de enero de 2025;16.524
53 años;08 Castilla - La Mancha;Hombres;1 de enero de 2024;16.727
53 años;08 Castilla - La Mancha;Mujeres;1 de enero de 2025;16.103
53 años;08 Castilla - La Mancha;Mujeres;1 de enero de 2024;16.131
53 años;09 Cataluña;Total;1 de enero de 2025;125.186
53 años;09 Cataluña;Total;1 de enero de 2024;122.445
53 años;09 Cataluña;Hombres;1 de enero de 2025;63.350
53 años;09 Cataluña;Hombres;1 de enero de 2024;61.866
53 años;09 Cataluña;Mujeres;1 de enero de 2025;61.836
53 años;09 Cataluña;Mujeres;1 de enero de 2024;60.579
53 años;10 Comunitat Valenciana;Total;1 de enero de 2025;85.659
53 años;10 Comunitat Valenciana;Total;1 de enero de 2024;83.632
53 años;10 Comunitat Valenciana;Hombres;1 de enero de 2025;43.178
53 años;10 Comunitat Valenciana;Hombres;1 de enero de 2024;42.014
53 años;10 Comunitat Valenciana;Mujeres;1 de enero de 2025;42.481
53 años;10 Comunitat Valenciana;Mujeres;1 de enero de 2024;41.618
53 años;11 Extremadura;Total;1 de enero de 2025;16.410
53 años;11 Extremadura;Total;1 de enero de 2024;16.234
53 años;11 Extremadura;Hombres;1 de enero de 2025;8.167
53 años;11 Extremadura;Hombres;1 de enero de 2024;8.095
53 años;11 Extremadura;Mujeres;1 de enero de 2025;8.243
53 años;11 Extremadura;Mujeres;1 de enero de 2024;8.139
53 años;12 Galicia;Total;1 de enero de 2025;43.697
53 años;12 Galicia;Total;1 de enero de 2024;42.862
53 años;12 Galicia;Hombres;1 de enero de 2025;21.366
53 años;12 Galicia;Hombres;1 de enero de 2024;20.977
53 años;12 Galicia;Mujeres;1 de enero de 2025;22.331
53 años;12 Galicia;Mujeres;1 de enero de 2024;21.885
53 años;13 Madrid, Comunidad de;Total;1 de enero de 2025;112.481
53 años;13 Madrid, Comunidad de;Total;1 de enero de 2024;108.469
53 años;13 Madrid, Comunidad de;Hombres;1 de enero de 2025;54.317
53 años;13 Madrid, Comunidad de;Hombres;1 de enero de 2024;52.655
53 años;13 Madrid, Comunidad de;Mujeres;1 de enero de 2025;58.164
53 años;13 Madrid, Comunidad de;Mujeres;1 de enero de 2024;55.814
53 años;14 Murcia, Región de;Total;1 de enero de 2025;24.039
53 años;14 Murcia, Región de;Total;1 de enero de 2024;23.906
53 años;14 Murcia, Región de;Hombres;1 de enero de 2025;12.254
53 años;14 Murcia, Región de;Hombres;1 de enero de 2024;12.118
53 años;14 Murcia, Región de;Mujeres;1 de enero de 2025;11.785
53 años;14 Murcia, Región de;Mujeres;1 de enero de 2024;11.788
53 años;15 Navarra, Comunidad Foral de;Total;1 de enero de 2025;10.723
53 años;15 Navarra, Comunidad Foral de;Total;1 de enero de 2024;10.569
53 años;15 Navarra, Comunidad Foral de;Hombres;1 de enero de 2025;5.454
53 años;15 Navarra, Comunidad Foral de;Hombres;1 de enero de 2024;5.406
53 años;15 Navarra, Comunidad Foral de;Mujeres;1 de enero de 2025;5.269
53 años;15 Navarra, Comunidad Foral de;Mujeres;1 de enero de 2024;5.163
53 años;16 País Vasco;Total;1 de enero de 2025;35.983
53 años;16 País Vasco;Total;1 de enero de 2024;34.875
53 años;16 País Vasco;Hombres;1 de enero de 2025;18.035
53 años;16 País Vasco;Hombres;1 de enero de 2024;17.530
53 años;16 País Vasco;Mujeres;1 de enero de 2025;17.948
53 años;16 País Vasco;Mujeres;1 de enero de 2024;17.345
53 años;17 Rioja, La;Total;1 de enero de 2025;5.104
53 años;17 Rioja, La;Total;1 de enero de 2024;4.993
53 años;17 Rioja, La;Hombres;1 de enero de 2025;2.569
53 años;17 Rioja, La;Hombres;1 de enero de 2024;2.581
53 años;17 Rioja, La;Mujeres;1 de enero de 2025;2.535
53 años;17 Rioja, La;Mujeres;1 de enero de 2024;2.412
53 años;18 Ceuta;Total;1 de enero de 2025;1.183
53 años;18 Ceuta;Total;1 de enero de 2024;1.182
53 años;18 Ceuta;Hombres;1 de enero de 2025;628
53 años;18 Ceuta;Hombres;1 de enero de 2024;604
53 años;18 Ceuta;Mujeres;1 de enero de 2025;555
53 años;18 Ceuta;Mujeres;1 de enero de 2024;578
53 años;19 Melilla;Total;1 de enero de 2025;1.161
53 años;19 Melilla;Total;1 de enero de 2024;1.102
53 años;19 Melilla;Hombres;1 de enero de 2025;599
53 años;19 Melilla;Hombres;1 de enero de 2024;523
53 años;19 Melilla;Mujeres;1 de enero de 2025;562
53 años;19 Melilla;Mujeres;1 de enero de 2024;579
54 años;01 Andalucía;Total;1 de enero de 2025;134.547
54 años;01 Andalucía;Total;1 de enero de 2024;133.679
54 años;01 Andalucía;Hombres;1 de enero de 2025;66.839
54 años;01 Andalucía;Hombres;1 de enero de 2024;66.373
54 años;01 Andalucía;Mujeres;1 de enero de 2025;67.708
54 años;01 Andalucía;Mujeres;1 de enero de 2024;67.306
54 años;02 Aragón;Total;1 de enero de 2025;21.265
54 años;02 Aragón;Total;1 de enero de 2024;20.586
54 años;02 Aragón;Hombres;1 de enero de 2025;10.837
54 años;02 Aragón;Hombres;1 de enero de 2024;10.531
54 años;02 Aragón;Mujeres;1 de enero de 2025;10.428
54 años;02 Aragón;Mujeres;1 de enero de 2024;10.055
54 años;03 Asturias, Principado de;Total;1 de enero de 2025;16.318
54 años;03 Asturias, Principado de;Total;1 de enero de 2024;16.247
54 años;03 Asturias, Principado de;Hombres;1 de enero de 2025;8.018
54 años;03 Asturias, Principado de;Hombres;1 de enero de 2024;8.045
54 años;03 Asturias, Principado de;Mujeres;1 de enero de 2025;8.300
54 años;03 Asturias, Principado de;Mujeres;1 de enero de 2024;8.202
54 años;04 Balears, Illes;Total;1 de enero de 2025;19.283
54 años;04 Balears, Illes;Total;1 de enero de 2024;18.585
54 años;04 Balears, Illes;Hombres;1 de enero de 2025;9.881
54 años;04 Balears, Illes;Hombres;1 de enero de 2024;9.350
54 años;04 Balears, Illes;Mujeres;1 de enero de 2025;9.402
54 años;04 Balears, Illes;Mujeres;1 de enero de 2024;9.235
54 años;05 Canarias;Total;1 de enero de 2025;39.654
54 años;05 Canarias;Total;1 de enero de 2024;38.628
54 años;05 Canarias;Hombres;1 de enero de 2025;19.955
54 años;05 Canarias;Hombres;1 de enero de 2024;19.315
54 años;05 Canarias;Mujeres;1 de enero de 2025;19.699
54 años;05 Canarias;Mujeres;1 de enero de 2024;19.313
54 años;06 Cantabria;Total;1 de enero de 2025;9.730
54 años;06 Cantabria;Total;1 de enero de 2024;9.351
54 años;06 Cantabria;Hombres;1 de enero de 2025;4.785
54 años;06 Cantabria;Hombres;1 de enero de 2024;4.674
54 años;06 Cantabria;Mujeres;1 de enero de 2025;4.945
54 años;06 Cantabria;Mujeres;1 de enero de 2024;4.677
54 años;07 Castilla y León;Total;1 de enero de 2025;37.449
54 años;07 Castilla y León;Total;1 de enero de 2024;38.328
54 años;07 Castilla y León;Hombres;1 de enero de 2025;18.680
54 años;07 Castilla y León;Hombres;1 de enero de 2024;19.295
54 años;07 Castilla y León;Mujeres;1 de enero de 2025;18.769
54 años;07 Castilla y León;Mujeres;1 de enero de 2024;19.033
54 años;08 Castilla - La Mancha;Total;1 de enero de 2025;32.963
54 años;08 Castilla - La Mancha;Total;1 de enero de 2024;32.659
54 años;08 Castilla - La Mancha;Hombres;1 de enero de 2025;16.767
54 años;08 Castilla - La Mancha;Hombres;1 de enero de 2024;16.530
54 años;08 Castilla - La Mancha;Mujeres;1 de enero de 2025;16.196
54 años;08 Castilla - La Mancha;Mujeres;1 de enero de 2024;16.129
54 años;09 Cataluña;Total;1 de enero de 2025;122.681
54 años;09 Cataluña;Total;1 de enero de 2024;118.301
54 años;09 Cataluña;Hombres;1 de enero de 2025;61.860
54 años;09 Cataluña;Hombres;1 de enero de 2024;59.406
54 años;09 Cataluña;Mujeres;1 de enero de 2025;60.821
54 años;09 Cataluña;Mujeres;1 de enero de 2024;58.895
54 años;10 Comunitat Valenciana;Total;1 de enero de 2025;84.307
54 años;10 Comunitat Valenciana;Total;1 de enero de 2024;82.396
54 años;10 Comunitat Valenciana;Hombres;1 de enero de 2025;42.222
54 años;10 Comunitat Valenciana;Hombres;1 de enero de 2024;41.301
54 años;10 Comunitat Valenciana;Mujeres;1 de enero de 2025;42.085
54 años;10 Comunitat Valenciana;Mujeres;1 de enero de 2024;41.095
54 años;11 Extremadura;Total;1 de enero de 2025;16.211
54 años;11 Extremadura;Total;1 de enero de 2024;16.612
54 años;11 Extremadura;Hombres;1 de enero de 2025;8.051
54 años;11 Extremadura;Hombres;1 de enero de 2024;8.298
54 años;11 Extremadura;Mujeres;1 de enero de 2025;8.160
54 años;11 Extremadura;Mujeres;1 de enero de 2024;8.314
54 años;12 Galicia;Total;1 de enero de 2025;42.976
54 años;12 Galicia;Total;1 de enero de 2024;43.050
54 años;12 Galicia;Hombres;1 de enero de 2025;21.000
54 años;12 Galicia;Hombres;1 de enero de 2024;20.899
54 años;12 Galicia;Mujeres;1 de enero de 2025;21.976
54 años;12 Galicia;Mujeres;1 de enero de 2024;22.151
54 años;13 Madrid, Comunidad de;Total;1 de enero de 2025;108.635
54 años;13 Madrid, Comunidad de;Total;1 de enero de 2024;106.281
54 años;13 Madrid, Comunidad de;Hombres;1 de enero de 2025;52.527
54 años;13 Madrid, Comunidad de;Hombres;1 de enero de 2024;51.292
54 años;13 Madrid, Comunidad de;Mujeres;1 de enero de 2025;56.108
54 años;13 Madrid, Comunidad de;Mujeres;1 de enero de 2024;54.989
54 años;14 Murcia, Región de;Total;1 de enero de 2025;23.952
54 años;14 Murcia, Región de;Total;1 de enero de 2024;23.313
54 años;14 Murcia, Región de;Hombres;1 de enero de 2025;12.087
54 años;14 Murcia, Región de;Hombres;1 de enero de 2024;11.741
54 años;14 Murcia, Región de;Mujeres;1 de enero de 2025;11.865
54 años;14 Murcia, Región de;Mujeres;1 de enero de 2024;11.572
54 años;15 Navarra, Comunidad Foral de;Total;1 de enero de 2025;10.589
54 años;15 Navarra, Comunidad Foral de;Total;1 de enero de 2024;10.485
54 años;15 Navarra, Comunidad Foral de;Hombres;1 de enero de 2025;5.391
54 años;15 Navarra, Comunidad Foral de;Hombres;1 de enero de 2024;5.339
54 años;15 Navarra, Comunidad Foral de;Mujeres;1 de enero de 2025;5.198
54 años;15 Navarra, Comunidad Foral de;Mujeres;1 de enero de 2024;5.146
54 años;16 País Vasco;Total;1 de enero de 2025;34.902
54 años;16 País Vasco;Total;1 de enero de 2024;34.506
54 años;16 País Vasco;Hombres;1 de enero de 2025;17.489
54 años;16 País Vasco;Hombres;1 de enero de 2024;17.252
54 años;16 País Vasco;Mujeres;1 de enero de 2025;17.413
54 años;16 País Vasco;Mujeres;1 de enero de 2024;17.254
54 años;17 Rioja, La;Total;1 de enero de 2025;4.990
54 años;17 Rioja, La;Total;1 de enero de 2024;5.016
54 años;17 Rioja, La;Hombres;1 de enero de 2025;2.568
54 años;17 Rioja, La;Hombres;1 de enero de 2024;2.566
54 años;17 Rioja, La;Mujeres;1 de enero de 2025;2.422
54 años;17 Rioja, La;Mujeres;1 de enero de 2024;2.450
54 años;18 Ceuta;Total;1 de enero de 2025;1.180
54 años;18 Ceuta;Total;1 de enero de 2024;1.147
54 años;18 Ceuta;Hombres;1 de enero de 2025;601
54 años;18 Ceuta;Hombres;1 de enero de 2024;589
54 años;18 Ceuta;Mujeres;1 de enero de 2025;579
54 años;18 Ceuta;Mujeres;1 de enero de 2024;558
54 años;19 Melilla;Total;1 de enero de 2025;1.104
54 años;19 Melilla;Total;1 de enero de 2024;1.177
54 años;19 Melilla;Hombres;1 de enero de 2025;518
54 años;19 Melilla;Hombres;1 de enero de 2024;616
54 años;19 Melilla;Mujeres;1 de enero de 2025;586
54 años;19 Melilla;Mujeres;1 de enero de 2024;561
55 años;01 Andalucía;Total;1 de enero de 2025;133.585
55 años;01 Andalucía;Total;1 de enero de 2024;133.485
55 años;01 Andalucía;Hombres;1 de enero de 2025;66.052
55 años;01 Andalucía;Hombres;1 de enero de 2024;65.597
55 años;01 Andalucía;Mujeres;1 de enero de 2025;67.533
55 años;01 Andalucía;Mujeres;1 de enero de 2024;67.888
55 años;02 Aragón;Total;1 de enero de 2025;20.584
55 años;02 Aragón;Total;1 de enero de 2024;20.540
55 años;02 Aragón;Hombres;1 de enero de 2025;10.496
55 años;02 Aragón;Hombres;1 de enero de 2024;10.306
55 años;02 Aragón;Mujeres;1 de enero de 2025;10.088
55 años;02 Aragón;Mujeres;1 de enero de 2024;10.234
55 años;03 Asturias, Principado de;Total;1 de enero de 2025;16.324
55 años;03 Asturias, Principado de;Total;1 de enero de 2024;15.902
55 años;03 Asturias, Principado de;Hombres;1 de enero de 2025;8.078
55 años;03 Asturias, Principado de;Hombres;1 de enero de 2024;7.826
55 años;03 Asturias, Principado de;Mujeres;1 de enero de 2025;8.246
55 años;03 Asturias, Principado de;Mujeres;1 de enero de 2024;8.076
55 años;04 Balears, Illes;Total;1 de enero de 2025;18.672
55 años;04 Balears, Illes;Total;1 de enero de 2024;18.261
55 años;04 Balears, Illes;Hombres;1 de enero de 2025;9.370
55 años;04 Balears, Illes;Hombres;1 de enero de 2024;9.324
55 años;04 Balears, Illes;Mujeres;1 de enero de 2025;9.302
55 años;04 Balears, Illes;Mujeres;1 de enero de 2024;8.937
55 años;05 Canarias;Total;1 de enero de 2025;38.707
55 años;05 Canarias;Total;1 de enero de 2024;37.520
55 años;05 Canarias;Hombres;1 de enero de 2025;19.301
55 años;05 Canarias;Hombres;1 de enero de 2024;18.730
55 años;05 Canarias;Mujeres;1 de enero de 2025;19.406
55 años;05 Canarias;Mujeres;1 de enero de 2024;18.790
55 años;06 Cantabria;Total;1 de enero de 2025;9.383
55 años;06 Cantabria;Total;1 de enero de 2024;9.234
55 años;06 Cantabria;Hombres;1 de enero de 2025;4.679
55 años;06 Cantabria;Hombres;1 de enero de 2024;4.641
55 años;06 Cantabria;Mujeres;1 de enero de 2025;4.704
55 años;06 Cantabria;Mujeres;1 de enero de 2024;4.593
55 años;07 Castilla y León;Total;1 de enero de 2025;38.361
55 años;07 Castilla y León;Total;1 de enero de 2024;37.879
55 años;07 Castilla y León;Hombres;1 de enero de 2025;19.277
55 años;07 Castilla y León;Hombres;1 de enero de 2024;18.870
55 años;07 Castilla y León;Mujeres;1 de enero de 2025;19.084
55 años;07 Castilla y León;Mujeres;1 de enero de 2024;19.009
55 años;08 Castilla - La Mancha;Total;1 de enero de 2025;32.739
55 años;08 Castilla - La Mancha;Total;1 de enero de 2024;32.707
55 años;08 Castilla - La Mancha;Hombres;1 de enero de 2025;16.554
55 años;08 Castilla - La Mancha;Hombres;1 de enero de 2024;16.637
55 años;08 Castilla - La Mancha;Mujeres;1 de enero de 2025;16.185
55 años;08 Castilla - La Mancha;Mujeres;1 de enero de 2024;16.070
55 años;09 Cataluña;Total;1 de enero de 2025;118.433
55 años;09 Cataluña;Total;1 de enero de 2024;116.165
55 años;09 Cataluña;Hombres;1 de enero de 2025;59.338
55 años;09 Cataluña;Hombres;1 de enero de 2024;58.373
55 años;09 Cataluña;Mujeres;1 de enero de 2025;59.095
55 años;09 Cataluña;Mujeres;1 de enero de 2024;57.792
55 años;10 Comunitat Valenciana;Total;1 de enero de 2025;82.944
55 años;10 Comunitat Valenciana;Total;1 de enero de 2024;81.271
55 años;10 Comunitat Valenciana;Hombres;1 de enero de 2025;41.391
55 años;10 Comunitat Valenciana;Hombres;1 de enero de 2024;40.396
55 años;10 Comunitat Valenciana;Mujeres;1 de enero de 2025;41.553
55 años;10 Comunitat Valenciana;Mujeres;1 de enero de 2024;40.875
55 años;11 Extremadura;Total;1 de enero de 2025;16.618
55 años;11 Extremadura;Total;1 de enero de 2024;16.931
55 años;11 Extremadura;Hombres;1 de enero de 2025;8.283
55 años;11 Extremadura;Hombres;1 de enero de 2024;8.512
55 años;11 Extremadura;Mujeres;1 de enero de 2025;8.335
55 años;11 Extremadura;Mujeres;1 de enero de 2024;8.419
55 años;12 Galicia;Total;1 de enero de 2025;43.117
55 años;12 Galicia;Total;1 de enero de 2024;42.861
55 años;12 Galicia;Hombres;1 de enero de 2025;20.876
55 años;12 Galicia;Hombres;1 de enero de 2024;21.034
55 años;12 Galicia;Mujeres;1 de enero de 2025;22.241
55 años;12 Galicia;Mujeres;1 de enero de 2024;21.827
55 años;13 Madrid, Comunidad de;Total;1 de enero de 2025;106.306
55 años;13 Madrid, Comunidad de;Total;1 de enero de 2024;104.607
55 años;13 Madrid, Comunidad de;Hombres;1 de enero de 2025;51.204
55 años;13 Madrid, Comunidad de;Hombres;1 de enero de 2024;50.139
55 años;13 Madrid, Comunidad de;Mujeres;1 de enero de 2025;55.102
55 años;13 Madrid, Comunidad de;Mujeres;1 de enero de 2024;54.468
55 años;14 Murcia, Región de;Total;1 de enero de 2025;23.375
55 años;14 Murcia, Región de;Total;1 de enero de 2024;23.140
55 años;14 Murcia, Región de;Hombres;1 de enero de 2025;11.712
55 años;14 Murcia, Región de;Hombres;1 de enero de 2024;11.611
55 años;14 Murcia, Región de;Mujeres;1 de enero de 2025;11.663
55 años;14 Murcia, Región de;Mujeres;1 de enero de 2024;11.529
55 años;15 Navarra, Comunidad Foral de;Total;1 de enero de 2025;10.460
55 años;15 Navarra, Comunidad Foral de;Total;1 de enero de 2024;10.110
55 años;15 Navarra, Comunidad Foral de;Hombres;1 de enero de 2025;5.312
55 años;15 Navarra, Comunidad Foral de;Hombres;1 de enero de 2024;5.150
55 años;15 Navarra, Comunidad Foral de;Mujeres;1 de enero de 2025;5.148
55 años;15 Navarra, Comunidad Foral de;Mujeres;1 de enero de 2024;4.960
55 años;16 País Vasco;Total;1 de enero de 2025;34.530
55 años;16 País Vasco;Total;1 de enero de 2024;34.039
55 años;16 País Vasco;Hombres;1 de enero de 2025;17.232
55 años;16 País Vasco;Hombres;1 de enero de 2024;17.020
55 años;16 País Vasco;Mujeres;1 de enero de 2025;17.298
55 años;16 País Vasco;Mujeres;1 de enero de 2024;17.019
55 años;17 Rioja, La;Total;1 de enero de 2025;5.035
55 años;17 Rioja, La;Total;1 de enero de 2024;4.855
55 años;17 Rioja, La;Hombres;1 de enero de 2025;2.571
55 años;17 Rioja, La;Hombres;1 de enero de 2024;2.409
55 años;17 Rioja, La;Mujeres;1 de enero de 2025;2.464
55 años;17 Rioja, La;Mujeres;1 de enero de 2024;2.446
55 años;18 Ceuta;Total;1 de enero de 2025;1.149
55 años;18 Ceuta;Total;1 de enero de 2024;1.095
55 años;18 Ceuta;Hombres;1 de enero de 2025;590
55 años;18 Ceuta;Hombres;1 de enero de 2024;584
55 años;18 Ceuta;Mujeres;1 de enero de 2025;559
55 años;18 Ceuta;Mujeres;1 de enero de 2024;511
55 años;19 Melilla;Total;1 de enero de 2025;1.179
55 años;19 Melilla;Total;1 de enero de 2024;1.066
55 años;19 Melilla;Hombres;1 de enero de 2025;604
55 años;19 Melilla;Hombres;1 de enero de 2024;562
55 años;19 Melilla;Mujeres;1 de enero de 2025;575
55 años;19 Melilla;Mujeres;1 de enero de 2024;504
56 años;01 Andalucía;Total;1 de enero de 2025;133.316
56 años;01 Andalucía;Total;1 de enero de 2024;135.540
56 años;01 Andalucía;Hombres;1 de enero de 2025;65.384
56 años;01 Andalucía;Hombres;1 de enero de 2024;66.421
56 años;01 Andalucía;Mujeres;1 de enero de 2025;67.932
56 años;01 Andalucía;Mujeres;1 de enero de 2024;69.119
56 años;02 Aragón;Total;1 de enero de 2025;20.516
56 años;02 Aragón;Total;1 de enero de 2024;20.589
56 años;02 Aragón;Hombres;1 de enero de 2025;10.265
56 años;02 Aragón;Hombres;1 de enero de 2024;10.176
56 años;02 Aragón;Mujeres;1 de enero de 2025;10.251
56 años;02 Aragón;Mujeres;1 de enero de 2024;10.413
56 años;03 Asturias, Principado de;Total;1 de enero de 2025;15.992
56 años;03 Asturias, Principado de;Total;1 de enero de 2024;16.425
56 años;03 Asturias, Principado de;Hombres;1 de enero de 2025;7.834
56 años;03 Asturias, Principado de;Hombres;1 de enero de 2024;8.013
56 años;03 Asturias, Principado de;Mujeres;1 de enero de 2025;8.158
56 años;03 Asturias, Principado de;Mujeres;1 de enero de 2024;8.412
56 años;04 Balears, Illes;Total;1 de enero de 2025;18.256
56 años;04 Balears, Illes;Total;1 de enero de 2024;18.005
56 años;04 Balears, Illes;Hombres;1 de enero de 2025;9.285
56 años;04 Balears, Illes;Hombres;1 de enero de 2024;9.121
56 años;04 Balears, Illes;Mujeres;1 de enero de 2025;8.971
56 años;04 Balears, Illes;Mujeres;1 de enero de 2024;8.884
56 años;05 Canarias;Total;1 de enero de 2025;37.622
56 años;05 Canarias;Total;1 de enero de 2024;37.675
56 años;05 Canarias;Hombres;1 de enero de 2025;18.758
56 años;05 Canarias;Hombres;1 de enero de 2024;18.906
56 años;05 Canarias;Mujeres;1 de enero de 2025;18.864
56 años;05 Canarias;Mujeres;1 de enero de 2024;18.769
56 años;06 Cantabria;Total;1 de enero de 2025;9.245
56 años;06 Cantabria;Total;1 de enero de 2024;9.349
56 años;06 Cantabria;Hombres;1 de enero de 2025;4.647
56 años;06 Cantabria;Hombres;1 de enero de 2024;4.632
56 años;06 Cantabria;Mujeres;1 de enero de 2025;4.598
56 años;06 Cantabria;Mujeres;1 de enero de 2024;4.717
56 años;07 Castilla y León;Total;1 de enero de 2025;38.003
56 años;07 Castilla y León;Total;1 de enero de 2024;38.424
56 años;07 Castilla y León;Hombres;1 de enero de 2025;18.904
56 años;07 Castilla y León;Hombres;1 de enero de 2024;19.143
56 años;07 Castilla y León;Mujeres;1 de enero de 2025;19.099
56 años;07 Castilla y León;Mujeres;1 de enero de 2024;19.281
56 años;08 Castilla - La Mancha;Total;1 de enero de 2025;32.753
56 años;08 Castilla - La Mancha;Total;1 de enero de 2024;32.381
56 años;08 Castilla - La Mancha;Hombres;1 de enero de 2025;16.639
56 años;08 Castilla - La Mancha;Hombres;1 de enero de 2024;16.398
56 años;08 Castilla - La Mancha;Mujeres;1 de enero de 2025;16.114
56 años;08 Castilla - La Mancha;Mujeres;1 de enero de 2024;15.983
56 años;09 Cataluña;Total;1 de enero de 2025;116.187
56 años;09 Cataluña;Total;1 de enero de 2024;115.737
56 años;09 Cataluña;Hombres;1 de enero de 2025;58.192
56 años;09 Cataluña;Hombres;1 de enero de 2024;57.796
56 años;09 Cataluña;Mujeres;1 de enero de 2025;57.995
56 años;09 Cataluña;Mujeres;1 de enero de 2024;57.941
56 años;10 Comunitat Valenciana;Total;1 de enero de 2025;81.656
56 años;10 Comunitat Valenciana;Total;1 de enero de 2024;81.718
56 años;10 Comunitat Valenciana;Hombres;1 de enero de 2025;40.485
56 años;10 Comunitat Valenciana;Hombres;1 de enero de 2024;40.488
56 años;10 Comunitat Valenciana;Mujeres;1 de enero de 2025;41.171
56 años;10 Comunitat Valenciana;Mujeres;1 de enero de 2024;41.230
56 años;11 Extremadura;Total;1 de enero de 2025;16.890
56 años;11 Extremadura;Total;1 de enero de 2024;17.041
56 años;11 Extremadura;Hombres;1 de enero de 2025;8.470
56 años;11 Extremadura;Hombres;1 de enero de 2024;8.438
56 años;11 Extremadura;Mujeres;1 de enero de 2025;8.420
56 años;11 Extremadura;Mujeres;1 de enero de 2024;8.603
56 años;12 Galicia;Total;1 de enero de 2025;42.875
56 años;12 Galicia;Total;1 de enero de 2024;42.483
56 años;12 Galicia;Hombres;1 de enero de 2025;20.999
56 años;12 Galicia;Hombres;1 de enero de 2024;20.778
56 años;12 Galicia;Mujeres;1 de enero de 2025;21.876
56 años;12 Galicia;Mujeres;1 de enero de 2024;21.705
56 años;13 Madrid, Comunidad de;Total;1 de enero de 2025;104.429
56 años;13 Madrid, Comunidad de;Total;1 de enero de 2024;103.170
56 años;13 Madrid, Comunidad de;Hombres;1 de enero de 2025;49.856
56 años;13 Madrid, Comunidad de;Hombres;1 de enero de 2024;49.418
56 años;13 Madrid, Comunidad de;Mujeres;1 de enero de 2025;54.573
56 años;13 Madrid, Comunidad de;Mujeres;1 de enero de 2024;53.752
56 años;14 Murcia, Región de;Total;1 de enero de 2025;23.146
56 años;14 Murcia, Región de;Total;1 de enero de 2024;23.336
56 años;14 Murcia, Región de;Hombres;1 de enero de 2025;11.558
56 años;14 Murcia, Región de;Hombres;1 de enero de 2024;11.747
56 años;14 Murcia, Región de;Mujeres;1 de enero de 2025;11.588
56 años;14 Murcia, Región de;Mujeres;1 de enero de 2024;11.589
56 años;15 Navarra, Comunidad Foral de;Total;1 de enero de 2025;10.071
56 años;15 Navarra, Comunidad Foral de;Total;1 de enero de 2024;10.083
56 años;15 Navarra, Comunidad Foral de;Hombres;1 de enero de 2025;5.128
56 años;15 Navarra, Comunidad Foral de;Hombres;1 de enero de 2024;5.085
56 años;15 Navarra, Comunidad Foral de;Mujeres;1 de enero de 2025;4.943
56 años;15 Navarra, Comunidad Foral de;Mujeres;1 de enero de 2024;4.998
56 años;16 País Vasco;Total;1 de enero de 2025;34.039
56 años;16 País Vasco;Total;1 de enero de 2024;34.493
56 años;16 País Vasco;Hombres;1 de enero de 2025;16.970
56 años;16 País Vasco;Hombres;1 de enero de 2024;17.191
56 años;16 País Vasco;Mujeres;1 de enero de 2025;17.069
56 años;16 País Vasco;Mujeres;1 de enero de 2024;17.302
56 años;17 Rioja, La;Total;1 de enero de 2025;4.844
56 años;17 Rioja, La;Total;1 de enero de 2024;4.999
56 años;17 Rioja, La;Hombres;1 de enero de 2025;2.398
56 años;17 Rioja, La;Hombres;1 de enero de 2024;2.448
56 años;17 Rioja, La;Mujeres;1 de enero de 2025;2.446
56 años;17 Rioja, La;Mujeres;1 de enero de 2024;2.551
56 años;18 Ceuta;Total;1 de enero de 2025;1.096
56 años;18 Ceuta;Total;1 de enero de 2024;1.142
56 años;18 Ceuta;Hombres;1 de enero de 2025;584
56 años;18 Ceuta;Hombres;1 de enero de 2024;577
56 años;18 Ceuta;Mujeres;1 de enero de 2025;512
56 años;18 Ceuta;Mujeres;1 de enero de 2024;565
56 años;19 Melilla;Total;1 de enero de 2025;1.075
56 años;19 Melilla;Total;1 de enero de 2024;1.162
56 años;19 Melilla;Hombres;1 de enero de 2025;563
56 años;19 Melilla;Hombres;1 de enero de 2024;584
56 años;19 Melilla;Mujeres;1 de enero de 2025;512
56 años;19 Melilla;Mujeres;1 de enero de 2024;578
57 años;01 Andalucía;Total;1 de enero de 2025;135.281
57 años;01 Andalucía;Total;1 de enero de 2024;130.425
57 años;01 Andalucía;Hombres;1 de enero de 2025;66.184
57 años;01 Andalucía;Hombres;1 de enero de 2024;64.358
57 años;01 Andalucía;Mujeres;1 de enero de 2025;69.097
57 años;01 Andalucía;Mujeres;1 de enero de 2024;66.067
57 años;02 Aragón;Total;1 de enero de 2025;20.566
57 años;02 Aragón;Total;1 de enero de 2024;20.200
57 años;02 Aragón;Hombres;1 de enero de 2025;10.165
57 años;02 Aragón;Hombres;1 de enero de 2024;10.215
57 años;02 Aragón;Mujeres;1 de enero de 2025;10.401
57 años;02 Aragón;Mujeres;1 de enero de 2024;9.985
57 años;03 Asturias, Principado de;Total;1 de enero de 2025;16.486
57 años;03 Asturias, Principado de;Total;1 de enero de 2024;16.045
57 años;03 Asturias, Principado de;Hombres;1 de enero de 2025;8.007
57 años;03 Asturias, Principado de;Hombres;1 de enero de 2024;7.811
57 años;03 Asturias, Principado de;Mujeres;1 de enero de 2025;8.479
57 años;03 Asturias, Principado de;Mujeres;1 de enero de 2024;8.234
57 años;04 Balears, Illes;Total;1 de enero de 2025;17.965
57 años;04 Balears, Illes;Total;1 de enero de 2024;17.491
57 años;04 Balears, Illes;Hombres;1 de enero de 2025;9.068
57 años;04 Balears, Illes;Hombres;1 de enero de 2024;8.710
57 años;04 Balears, Illes;Mujeres;1 de enero de 2025;8.897
57 años;04 Balears, Illes;Mujeres;1 de enero de 2024;8.781
57 años;05 Canarias;Total;1 de enero de 2025;37.612
57 años;05 Canarias;Total;1 de enero de 2024;36.900
57 años;05 Canarias;Hombres;1 de enero de 2025;18.824
57 años;05 Canarias;Hombres;1 de enero de 2024;18.346
57 años;05 Canarias;Mujeres;1 de enero de 2025;18.788
57 años;05 Canarias;Mujeres;1 de enero de 2024;18.554
57 años;06 Cantabria;Total;1 de enero de 2025;9.373
57 años;06 Cantabria;Total;1 de enero de 2024;9.305
57 años;06 Cantabria;Hombres;1 de enero de 2025;4.627
57 años;06 Cantabria;Hombres;1 de enero de 2024;4.535
57 años;06 Cantabria;Mujeres;1 de enero de 2025;4.746
57 años;06 Cantabria;Mujeres;1 de enero de 2024;4.770
57 años;07 Castilla y León;Total;1 de enero de 2025;38.458
57 años;07 Castilla y León;Total;1 de enero de 2024;38.035
57 años;07 Castilla y León;Hombres;1 de enero de 2025;19.149
57 años;07 Castilla y León;Hombres;1 de enero de 2024;18.875
57 años;07 Castilla y León;Mujeres;1 de enero de 2025;19.309
57 años;07 Castilla y León;Mujeres;1 de enero de 2024;19.160
57 años;08 Castilla - La Mancha;Total;1 de enero de 2025;32.472
57 años;08 Castilla - La Mancha;Total;1 de enero de 2024;31.439
57 años;08 Castilla - La Mancha;Hombres;1 de enero de 2025;16.391
57 años;08 Castilla - La Mancha;Hombres;1 de enero de 2024;15.868
57 años;08 Castilla - La Mancha;Mujeres;1 de enero de 2025;16.081
57 años;08 Castilla - La Mancha;Mujeres;1 de enero de 2024;15.571
57 años;09 Cataluña;Total;1 de enero de 2025;115.665
57 años;09 Cataluña;Total;1 de enero de 2024;112.559
57 años;09 Cataluña;Hombres;1 de enero de 2025;57.592
57 años;09 Cataluña;Hombres;1 de enero de 2024;56.238
57 años;09 Cataluña;Mujeres;1 de enero de 2025;58.073
57 años;09 Cataluña;Mujeres;1 de enero de 2024;56.321
57 años;10 Comunitat Valenciana;Total;1 de enero de 2025;82.186
57 años;10 Comunitat Valenciana;Total;1 de enero de 2024;78.749
57 años;10 Comunitat Valenciana;Hombres;1 de enero de 2025;40.646
57 años;10 Comunitat Valenciana;Hombres;1 de enero de 2024;39.115
57 años;10 Comunitat Valenciana;Mujeres;1 de enero de 2025;41.540
57 años;10 Comunitat Valenciana;Mujeres;1 de enero de 2024;39.634
57 años;11 Extremadura;Total;1 de enero de 2025;17.019
57 años;11 Extremadura;Total;1 de enero de 2024;16.897
57 años;11 Extremadura;Hombres;1 de enero de 2025;8.395
57 años;11 Extremadura;Hombres;1 de enero de 2024;8.401
57 años;11 Extremadura;Mujeres;1 de enero de 2025;8.624
57 años;11 Extremadura;Mujeres;1 de enero de 2024;8.496
57 años;12 Galicia;Total;1 de enero de 2025;42.516
57 años;12 Galicia;Total;1 de enero de 2024;41.388
57 años;12 Galicia;Hombres;1 de enero de 2025;20.749
57 años;12 Galicia;Hombres;1 de enero de 2024;19.949
57 años;12 Galicia;Mujeres;1 de enero de 2025;21.767
57 años;12 Galicia;Mujeres;1 de enero de 2024;21.439
57 años;13 Madrid, Comunidad de;Total;1 de enero de 2025;102.944
57 años;13 Madrid, Comunidad de;Total;1 de enero de 2024;99.571
57 años;13 Madrid, Comunidad de;Hombres;1 de enero de 2025;49.149
57 años;13 Madrid, Comunidad de;Hombres;1 de enero de 2024;47.628
57 años;13 Madrid, Comunidad de;Mujeres;1 de enero de 2025;53.795
57 años;13 Madrid, Comunidad de;Mujeres;1 de enero de 2024;51.943
57 años;14 Murcia, Región de;Total;1 de enero de 2025;23.331
57 años;14 Murcia, Región de;Total;1 de enero de 2024;22.806
57 años;14 Murcia, Región de;Hombres;1 de enero de 2025;11.695
57 años;14 Murcia, Región de;Hombres;1 de enero de 2024;11.389
57 años;14 Murcia, Región de;Mujeres;1 de enero de 2025;11.636
57 años;14 Murcia, Región de;Mujeres;1 de enero de 2024;11.417
57 años;15 Navarra, Comunidad Foral de;Total;1 de enero de 2025;10.082
57 años;15 Navarra, Comunidad Foral de;Total;1 de enero de 2024;9.907
57 años;15 Navarra, Comunidad Foral de;Hombres;1 de enero de 2025;5.092
57 años;15 Navarra, Comunidad Foral de;Hombres;1 de enero de 2024;4.893
57 años;15 Navarra, Comunidad Foral de;Mujeres;1 de enero de 2025;4.990
57 años;15 Navarra, Comunidad Foral de;Mujeres;1 de enero de 2024;5.014
57 años;16 País Vasco;Total;1 de enero de 2025;34.469
57 años;16 País Vasco;Total;1 de enero de 2024;34.190
57 años;16 País Vasco;Hombres;1 de enero de 2025;17.117
57 años;16 País Vasco;Hombres;1 de enero de 2024;16.795
57 años;16 País Vasco;Mujeres;1 de enero de 2025;17.352
57 años;16 País Vasco;Mujeres;1 de enero de 2024;17.395
57 años;17 Rioja, La;Total;1 de enero de 2025;4.994
57 años;17 Rioja, La;Total;1 de enero de 2024;4.746
57 años;17 Rioja, La;Hombres;1 de enero de 2025;2.450
57 años;17 Rioja, La;Hombres;1 de enero de 2024;2.328
57 años;17 Rioja, La;Mujeres;1 de enero de 2025;2.544
57 años;17 Rioja, La;Mujeres;1 de enero de 2024;2.418
57 años;18 Ceuta;Total;1 de enero de 2025;1.139
57 años;18 Ceuta;Total;1 de enero de 2024;1.155
57 años;18 Ceuta;Hombres;1 de enero de 2025;576
57 años;18 Ceuta;Hombres;1 de enero de 2024;623
57 años;18 Ceuta;Mujeres;1 de enero de 2025;563
57 años;18 Ceuta;Mujeres;1 de enero de 2024;532
57 años;19 Melilla;Total;1 de enero de 2025;1.168
57 años;19 Melilla;Total;1 de enero de 2024;1.123
57 años;19 Melilla;Hombres;1 de enero de 2025;589
57 años;19 Melilla;Hombres;1 de enero de 2024;562
57 años;19 Melilla;Mujeres;1 de enero de 2025;579
57 años;19 Melilla;Mujeres;1 de enero de 2024;561
58 años;01 Andalucía;Total;1 de enero de 2025;130.186
58 años;01 Andalucía;Total;1 de enero de 2024;129.522
58 años;01 Andalucía;Hombres;1 de enero de 2025;64.014
58 años;01 Andalucía;Hombres;1 de enero de 2024;63.182
58 años;01 Andalucía;Mujeres;1 de enero de 2025;66.172
58 años;01 Andalucía;Mujeres;1 de enero de 2024;66.340
58 años;02 Aragón;Total;1 de enero de 2025;20.204
58 años;02 Aragón;Total;1 de enero de 2024;19.857
58 años;02 Aragón;Hombres;1 de enero de 2025;10.220
58 años;02 Aragón;Hombres;1 de enero de 2024;9.938
58 años;02 Aragón;Mujeres;1 de enero de 2025;9.984
58 años;02 Aragón;Mujeres;1 de enero de 2024;9.919
58 años;03 Asturias, Principado de;Total;1 de enero de 2025;16.078
58 años;03 Asturias, Principado de;Total;1 de enero de 2024;16.088
58 años;03 Asturias, Principado de;Hombres;1 de enero de 2025;7.789
58 años;03 Asturias, Principado de;Hombres;1 de enero de 2024;7.753
58 años;03 Asturias, Principado de;Mujeres;1 de enero de 2025;8.289
58 años;03 Asturias, Principado de;Mujeres;1 de enero de 2024;8.335
58 años;04 Balears, Illes;Total;1 de enero de 2025;17.402
58 años;04 Balears, Illes;Total;1 de enero de 2024;17.032
58 años;04 Balears, Illes;Hombres;1 de enero de 2025;8.654
58 años;04 Balears, Illes;Hombres;1 de enero de 2024;8.558
58 años;04 Balears, Illes;Mujeres;1 de enero de 2025;8.748
58 años;04 Balears, Illes;Mujeres;1 de enero de 2024;8.474
58 años;05 Canarias;Total;1 de enero de 2025;36.889
58 años;05 Canarias;Total;1 de enero de 2024;36.647
58 años;05 Canarias;Hombres;1 de enero de 2025;18.308
58 años;05 Canarias;Hombres;1 de enero de 2024;17.978
58 años;05 Canarias;Mujeres;1 de enero de 2025;18.581
58 años;05 Canarias;Mujeres;1 de enero de 2024;18.669
58 años;06 Cantabria;Total;1 de enero de 2025;9.303
58 años;06 Cantabria;Total;1 de enero de 2024;9.159
58 años;06 Cantabria;Hombres;1 de enero de 2025;4.533
58 años;06 Cantabria;Hombres;1 de enero de 2024;4.448
58 años;06 Cantabria;Mujeres;1 de enero de 2025;4.770
58 años;06 Cantabria;Mujeres;1 de enero de 2024;4.711
58 años;07 Castilla y León;Total;1 de enero de 2025;38.073
58 años;07 Castilla y León;Total;1 de enero de 2024;38.653
58 años;07 Castilla y León;Hombres;1 de enero de 2025;18.890
58 años;07 Castilla y León;Hombres;1 de enero de 2024;19.315
58 años;07 Castilla y León;Mujeres;1 de enero de 2025;19.183
58 años;07 Castilla y León;Mujeres;1 de enero de 2024;19.338
58 años;08 Castilla - La Mancha;Total;1 de enero de 2025;31.458
58 años;08 Castilla - La Mancha;Total;1 de enero de 2024;31.390
58 años;08 Castilla - La Mancha;Hombres;1 de enero de 2025;15.861
58 años;08 Castilla - La Mancha;Hombres;1 de enero de 2024;15.900
58 años;08 Castilla - La Mancha;Mujeres;1 de enero de 2025;15.597
58 años;08 Castilla - La Mancha;Mujeres;1 de enero de 2024;15.490
58 años;09 Cataluña;Total;1 de enero de 2025;112.444
58 años;09 Cataluña;Total;1 de enero de 2024;110.419
58 años;09 Cataluña;Hombres;1 de enero de 2025;56.010
58 años;09 Cataluña;Hombres;1 de enero de 2024;54.607
58 años;09 Cataluña;Mujeres;1 de enero de 2025;56.434
58 años;09 Cataluña;Mujeres;1 de enero de 2024;55.812
58 años;10 Comunitat Valenciana;Total;1 de enero de 2025;79.216
58 años;10 Comunitat Valenciana;Total;1 de enero de 2024;77.458
58 años;10 Comunitat Valenciana;Hombres;1 de enero de 2025;39.211
58 años;10 Comunitat Valenciana;Hombres;1 de enero de 2024;38.233
58 años;10 Comunitat Valenciana;Mujeres;1 de enero de 2025;40.005
58 años;10 Comunitat Valenciana;Mujeres;1 de enero de 2024;39.225
58 años;11 Extremadura;Total;1 de enero de 2025;16.870
58 años;11 Extremadura;Total;1 de enero de 2024;17.048
58 años;11 Extremadura;Hombres;1 de enero de 2025;8.353
58 años;11 Extremadura;Hombres;1 de enero de 2024;8.449
58 años;11 Extremadura;Mujeres;1 de enero de 2025;8.517
58 años;11 Extremadura;Mujeres;1 de enero de 2024;8.599
58 años;12 Galicia;Total;1 de enero de 2025;41.466
58 años;12 Galicia;Total;1 de enero de 2024;40.530
58 años;12 Galicia;Hombres;1 de enero de 2025;19.940
58 años;12 Galicia;Hombres;1 de enero de 2024;19.544
58 años;12 Galicia;Mujeres;1 de enero de 2025;21.526
58 años;12 Galicia;Mujeres;1 de enero de 2024;20.986
58 años;13 Madrid, Comunidad de;Total;1 de enero de 2025;99.336
58 años;13 Madrid, Comunidad de;Total;1 de enero de 2024;98.068
58 años;13 Madrid, Comunidad de;Hombres;1 de enero de 2025;47.308
58 años;13 Madrid, Comunidad de;Hombres;1 de enero de 2024;46.649
58 años;13 Madrid, Comunidad de;Mujeres;1 de enero de 2025;52.028
58 años;13 Madrid, Comunidad de;Mujeres;1 de enero de 2024;51.419
58 años;14 Murcia, Región de;Total;1 de enero de 2025;22.842
58 años;14 Murcia, Región de;Total;1 de enero de 2024;21.906
58 años;14 Murcia, Región de;Hombres;1 de enero de 2025;11.378
58 años;14 Murcia, Región de;Hombres;1 de enero de 2024;10.988
58 años;14 Murcia, Región de;Mujeres;1 de enero de 2025;11.464
58 años;14 Murcia, Región de;Mujeres;1 de enero de 2024;10.918
58 años;15 Navarra, Comunidad Foral de;Total;1 de enero de 2025;9.912
58 años;15 Navarra, Comunidad Foral de;Total;1 de enero de 2024;9.759
58 años;15 Navarra, Comunidad Foral de;Hombres;1 de enero de 2025;4.890
58 años;15 Navarra, Comunidad Foral de;Hombres;1 de enero de 2024;4.912
58 años;15 Navarra, Comunidad Foral de;Mujeres;1 de enero de 2025;5.022
58 años;15 Navarra, Comunidad Foral de;Mujeres;1 de enero de 2024;4.847
58 años;16 País Vasco;Total;1 de enero de 2025;34.110
58 años;16 País Vasco;Total;1 de enero de 2024;34.305
58 años;16 País Vasco;Hombres;1 de enero de 2025;16.703
58 años;16 País Vasco;Hombres;1 de enero de 2024;16.762
58 años;16 País Vasco;Mujeres;1 de enero de 2025;17.407
58 años;16 País Vasco;Mujeres;1 de enero de 2024;17.543
58 años;17 Rioja, La;Total;1 de enero de 2025;4.744
58 años;17 Rioja, La;Total;1 de enero de 2024;4.729
58 años;17 Rioja, La;Hombres;1 de enero de 2025;2.319
58 años;17 Rioja, La;Hombres;1 de enero de 2024;2.337
58 años;17 Rioja, La;Mujeres;1 de enero de 2025;2.425
58 años;17 Rioja, La;Mujeres;1 de enero de 2024;2.392
58 años;18 Ceuta;Total;1 de enero de 2025;1.151
58 años;18 Ceuta;Total;1 de enero de 2024;1.082
58 años;18 Ceuta;Hombres;1 de enero de 2025;614
58 años;18 Ceuta;Hombres;1 de enero de 2024;584
58 años;18 Ceuta;Mujeres;1 de enero de 2025;537
58 años;18 Ceuta;Mujeres;1 de enero de 2024;498
58 años;19 Melilla;Total;1 de enero de 2025;1.138
58 años;19 Melilla;Total;1 de enero de 2024;1.111
58 años;19 Melilla;Hombres;1 de enero de 2025;566
58 años;19 Melilla;Hombres;1 de enero de 2024;562
58 años;19 Melilla;Mujeres;1 de enero de 2025;572
58 años;19 Melilla;Mujeres;1 de enero de 2024;549
59 años;01 Andalucía;Total;1 de enero de 2025;129.211
59 años;01 Andalucía;Total;1 de enero de 2024;132.202
59 años;01 Andalucía;Hombres;1 de enero de 2025;62.844
59 años;01 Andalucía;Hombres;1 de enero de 2024;64.482
59 años;01 Andalucía;Mujeres;1 de enero de 2025;66.367
59 años;01 Andalucía;Mujeres;1 de enero de 2024;67.720
59 años;02 Aragón;Total;1 de enero de 2025;19.777
59 años;02 Aragón;Total;1 de enero de 2024;20.251
59 años;02 Aragón;Hombres;1 de enero de 2025;9.898
59 años;02 Aragón;Hombres;1 de enero de 2024;10.242
59 años;02 Aragón;Mujeres;1 de enero de 2025;9.879
59 años;02 Aragón;Mujeres;1 de enero de 2024;10.009
59 años;03 Asturias, Principado de;Total;1 de enero de 2025;16.081
59 años;03 Asturias, Principado de;Total;1 de enero de 2024;16.579
59 años;03 Asturias, Principado de;Hombres;1 de enero de 2025;7.728
59 años;03 Asturias, Principado de;Hombres;1 de enero de 2024;7.989
59 años;03 Asturias, Principado de;Mujeres;1 de enero de 2025;8.353
59 años;03 Asturias, Principado de;Mujeres;1 de enero de 2024;8.590
59 años;04 Balears, Illes;Total;1 de enero de 2025;16.945
59 años;04 Balears, Illes;Total;1 de enero de 2024;16.864
59 años;04 Balears, Illes;Hombres;1 de enero de 2025;8.468
59 años;04 Balears, Illes;Hombres;1 de enero de 2024;8.356
59 años;04 Balears, Illes;Mujeres;1 de enero de 2025;8.477
59 años;04 Balears, Illes;Mujeres;1 de enero de 2024;8.508
59 años;05 Canarias;Total;1 de enero de 2025;36.548
59 años;05 Canarias;Total;1 de enero de 2024;36.378
59 años;05 Canarias;Hombres;1 de enero de 2025;17.855
59 años;05 Canarias;Hombres;1 de enero de 2024;18.117
59 años;05 Canarias;Mujeres;1 de enero de 2025;18.693
59 años;05 Canarias;Mujeres;1 de enero de 2024;18.261
59 años;06 Cantabria;Total;1 de enero de 2025;9.139
59 años;06 Cantabria;Total;1 de enero de 2024;8.884
59 años;06 Cantabria;Hombres;1 de enero de 2025;4.421
59 años;06 Cantabria;Hombres;1 de enero de 2024;4.387
59 años;06 Cantabria;Mujeres;1 de enero de 2025;4.718
59 años;06 Cantabria;Mujeres;1 de enero de 2024;4.497
59 años;07 Castilla y León;Total;1 de enero de 2025;38.643
59 años;07 Castilla y León;Total;1 de enero de 2024;39.467
59 años;07 Castilla y León;Hombres;1 de enero de 2025;19.271
59 años;07 Castilla y León;Hombres;1 de enero de 2024;19.398
59 años;07 Castilla y León;Mujeres;1 de enero de 2025;19.372
59 años;07 Castilla y León;Mujeres;1 de enero de 2024;20.069
59 años;08 Castilla - La Mancha;Total;1 de enero de 2025;31.401
59 años;08 Castilla - La Mancha;Total;1 de enero de 2024;32.133
59 años;08 Castilla - La Mancha;Hombres;1 de enero de 2025;15.859
59 años;08 Castilla - La Mancha;Hombres;1 de enero de 2024;16.314
59 años;08 Castilla - La Mancha;Mujeres;1 de enero de 2025;15.542
59 años;08 Castilla - La Mancha;Mujeres;1 de enero de 2024;15.819
59 años;09 Cataluña;Total;1 de enero de 2025;110.218
59 años;09 Cataluña;Total;1 de enero de 2024;110.517
59 años;09 Cataluña;Hombres;1 de enero de 2025;54.278
59 años;09 Cataluña;Hombres;1 de enero de 2024;54.597
59 años;09 Cataluña;Mujeres;1 de enero de 2025;55.940
59 años;09 Cataluña;Mujeres;1 de enero de 2024;55.920
59 años;10 Comunitat Valenciana;Total;1 de enero de 2025;77.785
59 años;10 Comunitat Valenciana;Total;1 de enero de 2024;78.493
59 años;10 Comunitat Valenciana;Hombres;1 de enero de 2025;38.294
59 años;10 Comunitat Valenciana;Hombres;1 de enero de 2024;38.301
59 años;10 Comunitat Valenciana;Mujeres;1 de enero de 2025;39.491
59 años;10 Comunitat Valenciana;Mujeres;1 de enero de 2024;40.192
59 años;11 Extremadura;Total;1 de enero de 2025;17.031
59 años;11 Extremadura;Total;1 de enero de 2024;17.748
59 años;11 Extremadura;Hombres;1 de enero de 2025;8.440
59 años;11 Extremadura;Hombres;1 de enero de 2024;8.877
59 años;11 Extremadura;Mujeres;1 de enero de 2025;8.591
59 años;11 Extremadura;Mujeres;1 de enero de 2024;8.871
59 años;12 Galicia;Total;1 de enero de 2025;40.533
59 años;12 Galicia;Total;1 de enero de 2024;40.342
59 años;12 Galicia;Hombres;1 de enero de 2025;19.468
59 años;12 Galicia;Hombres;1 de enero de 2024;19.510
59 años;12 Galicia;Mujeres;1 de enero de 2025;21.065
59 años;12 Galicia;Mujeres;1 de enero de 2024;20.832
59 años;13 Madrid, Comunidad de;Total;1 de enero de 2025;97.836
59 años;13 Madrid, Comunidad de;Total;1 de enero de 2024;97.473
59 años;13 Madrid, Comunidad de;Hombres;1 de enero de 2025;46.398
59 años;13 Madrid, Comunidad de;Hombres;1 de enero de 2024;45.981
59 años;13 Madrid, Comunidad de;Mujeres;1 de enero de 2025;51.438
59 años;13 Madrid, Comunidad de;Mujeres;1 de enero de 2024;51.492
59 años;14 Murcia, Región de;Total;1 de enero de 2025;21.885
59 años;14 Murcia, Región de;Total;1 de enero de 2024;21.770
59 años;14 Murcia, Región de;Hombres;1 de enero de 2025;10.949
59 años;14 Murcia, Región de;Hombres;1 de enero de 2024;10.752
59 años;14 Murcia, Región de;Mujeres;1 de enero de 2025;10.936
59 años;14 Murcia, Región de;Mujeres;1 de enero de 2024;11.018
59 años;15 Navarra, Comunidad Foral de;Total;1 de enero de 2025;9.732
59 años;15 Navarra, Comunidad Foral de;Total;1 de enero de 2024;9.758
59 años;15 Navarra, Comunidad Foral de;Hombres;1 de enero de 2025;4.898
59 años;15 Navarra, Comunidad Foral de;Hombres;1 de enero de 2024;4.837
59 años;15 Navarra, Comunidad Foral de;Mujeres;1 de enero de 2025;4.834
59 años;15 Navarra, Comunidad Foral de;Mujeres;1 de enero de 2024;4.921
59 años;16 País Vasco;Total;1 de enero de 2025;34.222
59 años;16 País Vasco;Total;1 de enero de 2024;34.801
59 años;16 País Vasco;Hombres;1 de enero de 2025;16.669
59 años;16 País Vasco;Hombres;1 de enero de 2024;17.030
59 años;16 País Vasco;Mujeres;1 de enero de 2025;17.553
59 años;16 País Vasco;Mujeres;1 de enero de 2024;17.771
59 años;17 Rioja, La;Total;1 de enero de 2025;4.699
59 años;17 Rioja, La;Total;1 de enero de 2024;4.787
59 años;17 Rioja, La;Hombres;1 de enero de 2025;2.308
59 años;17 Rioja, La;Hombres;1 de enero de 2024;2.395
59 años;17 Rioja, La;Mujeres;1 de enero de 2025;2.391
59 años;17 Rioja, La;Mujeres;1 de enero de 2024;2.392
59 años;18 Ceuta;Total;1 de enero de 2025;1.075
59 años;18 Ceuta;Total;1 de enero de 2024;1.240
59 años;18 Ceuta;Hombres;1 de enero de 2025;578
59 años;18 Ceuta;Hombres;1 de enero de 2024;640
59 años;18 Ceuta;Mujeres;1 de enero de 2025;497
59 años;18 Ceuta;Mujeres;1 de enero de 2024;600
59 años;19 Melilla;Total;1 de enero de 2025;1.128
59 años;19 Melilla;Total;1 de enero de 2024;1.107
59 años;19 Melilla;Hombres;1 de enero de 2025;566
59 años;19 Melilla;Hombres;1 de enero de 2024;561
59 años;19 Melilla;Mujeres;1 de enero de 2025;562
59 años;19 Melilla;Mujeres;1 de enero de 2024;546
60 años;01 Andalucía;Total;1 de enero de 2025;131.773
60 años;01 Andalucía;Total;1 de enero de 2024;123.774
60 años;01 Andalucía;Hombres;1 de enero de 2025;64.072
60 años;01 Andalucía;Hombres;1 de enero de 2024;60.442
60 años;01 Andalucía;Mujeres;1 de enero de 2025;67.701
60 años;01 Andalucía;Mujeres;1 de enero de 2024;63.332
60 años;02 Aragón;Total;1 de enero de 2025;20.199
60 años;02 Aragón;Total;1 de enero de 2024;19.502
60 años;02 Aragón;Hombres;1 de enero de 2025;10.184
60 años;02 Aragón;Hombres;1 de enero de 2024;9.824
60 años;02 Aragón;Mujeres;1 de enero de 2025;10.015
60 años;02 Aragón;Mujeres;1 de enero de 2024;9.678
60 años;03 Asturias, Principado de;Total;1 de enero de 2025;16.545
60 años;03 Asturias, Principado de;Total;1 de enero de 2024;16.008
60 años;03 Asturias, Principado de;Hombres;1 de enero de 2025;7.925
60 años;03 Asturias, Principado de;Hombres;1 de enero de 2024;7.683
60 años;03 Asturias, Principado de;Mujeres;1 de enero de 2025;8.620
60 años;03 Asturias, Principado de;Mujeres;1 de enero de 2024;8.325
60 años;04 Balears, Illes;Total;1 de enero de 2025;16.819
60 años;04 Balears, Illes;Total;1 de enero de 2024;15.954
60 años;04 Balears, Illes;Hombres;1 de enero de 2025;8.316
60 años;04 Balears, Illes;Hombres;1 de enero de 2024;7.915
60 años;04 Balears, Illes;Mujeres;1 de enero de 2025;8.503
60 años;04 Balears, Illes;Mujeres;1 de enero de 2024;8.039
60 años;05 Canarias;Total;1 de enero de 2025;36.239
60 años;05 Canarias;Total;1 de enero de 2024;34.260
60 años;05 Canarias;Hombres;1 de enero de 2025;17.962
60 años;05 Canarias;Hombres;1 de enero de 2024;17.030
60 años;05 Canarias;Mujeres;1 de enero de 2025;18.277
60 años;05 Canarias;Mujeres;1 de enero de 2024;17.230
60 años;06 Cantabria;Total;1 de enero de 2025;8.872
60 años;06 Cantabria;Total;1 de enero de 2024;8.962
60 años;06 Cantabria;Hombres;1 de enero de 2025;4.355
60 años;06 Cantabria;Hombres;1 de enero de 2024;4.308
60 años;06 Cantabria;Mujeres;1 de enero de 2025;4.517
60 años;06 Cantabria;Mujeres;1 de enero de 2024;4.654
60 años;07 Castilla y León;Total;1 de enero de 2025;39.419
60 años;07 Castilla y León;Total;1 de enero de 2024;38.271
60 años;07 Castilla y León;Hombres;1 de enero de 2025;19.346
60 años;07 Castilla y León;Hombres;1 de enero de 2024;19.334
60 años;07 Castilla y León;Mujeres;1 de enero de 2025;20.073
60 años;07 Castilla y León;Mujeres;1 de enero de 2024;18.937
60 años;08 Castilla - La Mancha;Total;1 de enero de 2025;32.132
60 años;08 Castilla - La Mancha;Total;1 de enero de 2024;30.390
60 años;08 Castilla - La Mancha;Hombres;1 de enero de 2025;16.251
60 años;08 Castilla - La Mancha;Hombres;1 de enero de 2024;15.309
60 años;08 Castilla - La Mancha;Mujeres;1 de enero de 2025;15.881
60 años;08 Castilla - La Mancha;Mujeres;1 de enero de 2024;15.081
60 años;09 Cataluña;Total;1 de enero de 2025;110.235
60 años;09 Cataluña;Total;1 de enero de 2024;103.011
60 años;09 Cataluña;Hombres;1 de enero de 2025;54.342
60 años;09 Cataluña;Hombres;1 de enero de 2024;50.106
60 años;09 Cataluña;Mujeres;1 de enero de 2025;55.893
60 años;09 Cataluña;Mujeres;1 de enero de 2024;52.905
60 años;10 Comunitat Valenciana;Total;1 de enero de 2025;78.835
60 años;10 Comunitat Valenciana;Total;1 de enero de 2024;74.323
60 años;10 Comunitat Valenciana;Hombres;1 de enero de 2025;38.387
60 años;10 Comunitat Valenciana;Hombres;1 de enero de 2024;36.532
60 años;10 Comunitat Valenciana;Mujeres;1 de enero de 2025;40.448
60 años;10 Comunitat Valenciana;Mujeres;1 de enero de 2024;37.791
60 años;11 Extremadura;Total;1 de enero de 2025;17.691
60 años;11 Extremadura;Total;1 de enero de 2024;17.014
60 años;11 Extremadura;Hombres;1 de enero de 2025;8.819
60 años;11 Extremadura;Hombres;1 de enero de 2024;8.579
60 años;11 Extremadura;Mujeres;1 de enero de 2025;8.872
60 años;11 Extremadura;Mujeres;1 de enero de 2024;8.435
60 años;12 Galicia;Total;1 de enero de 2025;40.365
60 años;12 Galicia;Total;1 de enero de 2024;39.124
60 años;12 Galicia;Hombres;1 de enero de 2025;19.485
60 años;12 Galicia;Hombres;1 de enero de 2024;18.796
60 años;12 Galicia;Mujeres;1 de enero de 2025;20.880
60 años;12 Galicia;Mujeres;1 de enero de 2024;20.328
60 años;13 Madrid, Comunidad de;Total;1 de enero de 2025;97.129
60 años;13 Madrid, Comunidad de;Total;1 de enero de 2024;92.531
60 años;13 Madrid, Comunidad de;Hombres;1 de enero de 2025;45.640
60 años;13 Madrid, Comunidad de;Hombres;1 de enero de 2024;43.565
60 años;13 Madrid, Comunidad de;Mujeres;1 de enero de 2025;51.489
60 años;13 Madrid, Comunidad de;Mujeres;1 de enero de 2024;48.966
60 años;14 Murcia, Región de;Total;1 de enero de 2025;21.797
60 años;14 Murcia, Región de;Total;1 de enero de 2024;20.523
60 años;14 Murcia, Región de;Hombres;1 de enero de 2025;10.724
60 años;14 Murcia, Región de;Hombres;1 de enero de 2024;10.172
60 años;14 Murcia, Región de;Mujeres;1 de enero de 2025;11.073
60 años;14 Murcia, Región de;Mujeres;1 de enero de 2024;10.351
60 años;15 Navarra, Comunidad Foral de;Total;1 de enero de 2025;9.695
60 años;15 Navarra, Comunidad Foral de;Total;1 de enero de 2024;9.375
60 años;15 Navarra, Comunidad Foral de;Hombres;1 de enero de 2025;4.795
60 años;15 Navarra, Comunidad Foral de;Hombres;1 de enero de 2024;4.751
60 años;15 Navarra, Comunidad Foral de;Mujeres;1 de enero de 2025;4.900
60 años;15 Navarra, Comunidad Foral de;Mujeres;1 de enero de 2024;4.624
60 años;16 País Vasco;Total;1 de enero de 2025;34.724
60 años;16 País Vasco;Total;1 de enero de 2024;33.328
60 años;16 País Vasco;Hombres;1 de enero de 2025;16.939
60 años;16 País Vasco;Hombres;1 de enero de 2024;16.125
60 años;16 País Vasco;Mujeres;1 de enero de 2025;17.785
60 años;16 País Vasco;Mujeres;1 de enero de 2024;17.203
60 años;17 Rioja, La;Total;1 de enero de 2025;4.797
60 años;17 Rioja, La;Total;1 de enero de 2024;4.587
60 años;17 Rioja, La;Hombres;1 de enero de 2025;2.398
60 años;17 Rioja, La;Hombres;1 de enero de 2024;2.296
60 años;17 Rioja, La;Mujeres;1 de enero de 2025;2.399
60 años;17 Rioja, La;Mujeres;1 de enero de 2024;2.291
60 años;18 Ceuta;Total;1 de enero de 2025;1.234
60 años;18 Ceuta;Total;1 de enero de 2024;1.065
60 años;18 Ceuta;Hombres;1 de enero de 2025;640
60 años;18 Ceuta;Hombres;1 de enero de 2024;548
60 años;18 Ceuta;Mujeres;1 de enero de 2025;594
60 años;18 Ceuta;Mujeres;1 de enero de 2024;517
60 años;19 Melilla;Total;1 de enero de 2025;1.121
60 años;19 Melilla;Total;1 de enero de 2024;1.028
60 años;19 Melilla;Hombres;1 de enero de 2025;566
60 años;19 Melilla;Hombres;1 de enero de 2024;566
60 años;19 Melilla;Mujeres;1 de enero de 2025;555
60 años;19 Melilla;Mujeres;1 de enero de 2024;462
61 años;01 Andalucía;Total;1 de enero de 2025;123.285
61 años;01 Andalucía;Total;1 de enero de 2024;116.672
61 años;01 Andalucía;Hombres;1 de enero de 2025;59.999
61 años;01 Andalucía;Hombres;1 de enero de 2024;56.785
61 años;01 Andalucía;Mujeres;1 de enero de 2025;63.286
61 años;01 Andalucía;Mujeres;1 de enero de 2024;59.887
61 años;02 Aragón;Total;1 de enero de 2025;19.447
61 años;02 Aragón;Total;1 de enero de 2024;18.955
61 años;02 Aragón;Hombres;1 de enero de 2025;9.750
61 años;02 Aragón;Hombres;1 de enero de 2024;9.528
61 años;02 Aragón;Mujeres;1 de enero de 2025;9.697
61 años;02 Aragón;Mujeres;1 de enero de 2024;9.427
61 años;03 Asturias, Principado de;Total;1 de enero de 2025;16.021
61 años;03 Asturias, Principado de;Total;1 de enero de 2024;16.174
61 años;03 Asturias, Principado de;Hombres;1 de enero de 2025;7.667
61 años;03 Asturias, Principado de;Hombres;1 de enero de 2024;7.804
61 años;03 Asturias, Principado de;Mujeres;1 de enero de 2025;8.354
61 años;03 Asturias, Principado de;Mujeres;1 de enero de 2024;8.370
61 años;04 Balears, Illes;Total;1 de enero de 2025;15.831
61 años;04 Balears, Illes;Total;1 de enero de 2024;14.967
61 años;04 Balears, Illes;Hombres;1 de enero de 2025;7.830
61 años;04 Balears, Illes;Hombres;1 de enero de 2024;7.305
61 años;04 Balears, Illes;Mujeres;1 de enero de 2025;8.001
61 años;04 Balears, Illes;Mujeres;1 de enero de 2024;7.662
61 años;05 Canarias;Total;1 de enero de 2025;34.162
61 años;05 Canarias;Total;1 de enero de 2024;32.969
61 años;05 Canarias;Hombres;1 de enero de 2025;16.919
61 años;05 Canarias;Hombres;1 de enero de 2024;16.241
61 años;05 Canarias;Mujeres;1 de enero de 2025;17.243
61 años;05 Canarias;Mujeres;1 de enero de 2024;16.728
61 años;06 Cantabria;Total;1 de enero de 2025;8.972
61 años;06 Cantabria;Total;1 de enero de 2024;8.707
61 años;06 Cantabria;Hombres;1 de enero de 2025;4.307
61 años;06 Cantabria;Hombres;1 de enero de 2024;4.256
61 años;06 Cantabria;Mujeres;1 de enero de 2025;4.665
61 años;06 Cantabria;Mujeres;1 de enero de 2024;4.451
61 años;07 Castilla y León;Total;1 de enero de 2025;38.207
61 años;07 Castilla y León;Total;1 de enero de 2024;37.680
61 años;07 Castilla y León;Hombres;1 de enero de 2025;19.222
61 años;07 Castilla y León;Hombres;1 de enero de 2024;18.642
61 años;07 Castilla y León;Mujeres;1 de enero de 2025;18.985
61 años;07 Castilla y León;Mujeres;1 de enero de 2024;19.038
61 años;08 Castilla - La Mancha;Total;1 de enero de 2025;30.387
61 años;08 Castilla - La Mancha;Total;1 de enero de 2024;29.070
61 años;08 Castilla - La Mancha;Hombres;1 de enero de 2025;15.291
61 años;08 Castilla - La Mancha;Hombres;1 de enero de 2024;14.593
61 años;08 Castilla - La Mancha;Mujeres;1 de enero de 2025;15.096
61 años;08 Castilla - La Mancha;Mujeres;1 de enero de 2024;14.477
61 años;09 Cataluña;Total;1 de enero de 2025;102.785
61 años;09 Cataluña;Total;1 de enero de 2024;99.994
61 años;09 Cataluña;Hombres;1 de enero de 2025;49.877
61 años;09 Cataluña;Hombres;1 de enero de 2024;48.614
61 años;09 Cataluña;Mujeres;1 de enero de 2025;52.908
61 años;09 Cataluña;Mujeres;1 de enero de 2024;51.380
61 años;10 Comunitat Valenciana;Total;1 de enero de 2025;74.546
61 años;10 Comunitat Valenciana;Total;1 de enero de 2024;71.674
61 años;10 Comunitat Valenciana;Hombres;1 de enero de 2025;36.538
61 años;10 Comunitat Valenciana;Hombres;1 de enero de 2024;34.730
61 años;10 Comunitat Valenciana;Mujeres;1 de enero de 2025;38.008
61 años;10 Comunitat Valenciana;Mujeres;1 de enero de 2024;36.944
61 años;11 Extremadura;Total;1 de enero de 2025;16.940
61 años;11 Extremadura;Total;1 de enero de 2024;16.554
61 años;11 Extremadura;Hombres;1 de enero de 2025;8.513
61 años;11 Extremadura;Hombres;1 de enero de 2024;8.349
61 años;11 Extremadura;Mujeres;1 de enero de 2025;8.427
61 años;11 Extremadura;Mujeres;1 de enero de 2024;8.205
61 años;12 Galicia;Total;1 de enero de 2025;39.138
61 años;12 Galicia;Total;1 de enero de 2024;38.766
61 años;12 Galicia;Hombres;1 de enero de 2025;18.726
61 años;12 Galicia;Hombres;1 de enero de 2024;18.663
61 años;12 Galicia;Mujeres;1 de enero de 2025;20.412
61 años;12 Galicia;Mujeres;1 de enero de 2024;20.103
61 años;13 Madrid, Comunidad de;Total;1 de enero de 2025;92.156
61 años;13 Madrid, Comunidad de;Total;1 de enero de 2024;88.557
61 años;13 Madrid, Comunidad de;Hombres;1 de enero de 2025;43.244
61 años;13 Madrid, Comunidad de;Hombres;1 de enero de 2024;41.535
61 años;13 Madrid, Comunidad de;Mujeres;1 de enero de 2025;48.912
61 años;13 Madrid, Comunidad de;Mujeres;1 de enero de 2024;47.022
61 años;14 Murcia, Región de;Total;1 de enero de 2025;20.530
61 años;14 Murcia, Región de;Total;1 de enero de 2024;18.938
61 años;14 Murcia, Región de;Hombres;1 de enero de 2025;10.147
61 años;14 Murcia, Región de;Hombres;1 de enero de 2024;9.391
61 años;14 Murcia, Región de;Mujeres;1 de enero de 2025;10.383
61 años;14 Murcia, Región de;Mujeres;1 de enero de 2024;9.547
61 años;15 Navarra, Comunidad Foral de;Total;1 de enero de 2025;9.326
61 años;15 Navarra, Comunidad Foral de;Total;1 de enero de 2024;9.062
61 años;15 Navarra, Comunidad Foral de;Hombres;1 de enero de 2025;4.718
61 años;15 Navarra, Comunidad Foral de;Hombres;1 de enero de 2024;4.485
61 años;15 Navarra, Comunidad Foral de;Mujeres;1 de enero de 2025;4.608
61 años;15 Navarra, Comunidad Foral de;Mujeres;1 de enero de 2024;4.577
61 años;16 País Vasco;Total;1 de enero de 2025;33.250
61 años;16 País Vasco;Total;1 de enero de 2024;32.232
61 años;16 País Vasco;Hombres;1 de enero de 2025;16.032
61 años;16 País Vasco;Hombres;1 de enero de 2024;15.503
61 años;16 País Vasco;Mujeres;1 de enero de 2025;17.218
61 años;16 País Vasco;Mujeres;1 de enero de 2024;16.729
61 años;17 Rioja, La;Total;1 de enero de 2025;4.584
61 años;17 Rioja, La;Total;1 de enero de 2024;4.496
61 años;17 Rioja, La;Hombres;1 de enero de 2025;2.273
61 años;17 Rioja, La;Hombres;1 de enero de 2024;2.225
61 años;17 Rioja, La;Mujeres;1 de enero de 2025;2.311
61 años;17 Rioja, La;Mujeres;1 de enero de 2024;2.271
61 años;18 Ceuta;Total;1 de enero de 2025;1.057
61 años;18 Ceuta;Total;1 de enero de 2024;1.092
61 años;18 Ceuta;Hombres;1 de enero de 2025;538
61 años;18 Ceuta;Hombres;1 de enero de 2024;544
61 años;18 Ceuta;Mujeres;1 de enero de 2025;519
61 años;18 Ceuta;Mujeres;1 de enero de 2024;548
61 años;19 Melilla;Total;1 de enero de 2025;1.017
61 años;19 Melilla;Total;1 de enero de 2024;1.019
61 años;19 Melilla;Hombres;1 de enero de 2025;561
61 años;19 Melilla;Hombres;1 de enero de 2024;509
61 años;19 Melilla;Mujeres;1 de enero de 2025;456
61 años;19 Melilla;Mujeres;1 de enero de 2024;510
62 años;01 Andalucía;Total;1 de enero de 2025;116.215
62 años;01 Andalucía;Total;1 de enero de 2024;113.360
62 años;01 Andalucía;Hombres;1 de enero de 2025;56.368
62 años;01 Andalucía;Hombres;1 de enero de 2024;55.196
62 años;01 Andalucía;Mujeres;1 de enero de 2025;59.847
62 años;01 Andalucía;Mujeres;1 de enero de 2024;58.164
62 años;02 Aragón;Total;1 de enero de 2025;18.876
62 años;02 Aragón;Total;1 de enero de 2024;18.451
62 años;02 Aragón;Hombres;1 de enero de 2025;9.464
62 años;02 Aragón;Hombres;1 de enero de 2024;9.082
62 años;02 Aragón;Mujeres;1 de enero de 2025;9.412
62 años;02 Aragón;Mujeres;1 de enero de 2024;9.369
62 años;03 Asturias, Principado de;Total;1 de enero de 2025;16.116
62 años;03 Asturias, Principado de;Total;1 de enero de 2024;15.989
62 años;03 Asturias, Principado de;Hombres;1 de enero de 2025;7.731
62 años;03 Asturias, Principado de;Hombres;1 de enero de 2024;7.655
62 años;03 Asturias, Principado de;Mujeres;1 de enero de 2025;8.385
62 años;03 Asturias, Principado de;Mujeres;1 de enero de 2024;8.334
62 años;04 Balears, Illes;Total;1 de enero de 2025;14.875
62 años;04 Balears, Illes;Total;1 de enero de 2024;14.383
62 años;04 Balears, Illes;Hombres;1 de enero de 2025;7.244
62 años;04 Balears, Illes;Hombres;1 de enero de 2024;7.031
62 años;04 Balears, Illes;Mujeres;1 de enero de 2025;7.631
62 años;04 Balears, Illes;Mujeres;1 de enero de 2024;7.352
62 años;05 Canarias;Total;1 de enero de 2025;32.875
62 años;05 Canarias;Total;1 de enero de 2024;31.072
62 años;05 Canarias;Hombres;1 de enero de 2025;16.149
62 años;05 Canarias;Hombres;1 de enero de 2024;15.138
62 años;05 Canarias;Mujeres;1 de enero de 2025;16.726
62 años;05 Canarias;Mujeres;1 de enero de 2024;15.934
62 años;06 Cantabria;Total;1 de enero de 2025;8.712
62 años;06 Cantabria;Total;1 de enero de 2024;8.647
62 años;06 Cantabria;Hombres;1 de enero de 2025;4.241
62 años;06 Cantabria;Hombres;1 de enero de 2024;4.192
62 años;06 Cantabria;Mujeres;1 de enero de 2025;4.471
62 años;06 Cantabria;Mujeres;1 de enero de 2024;4.455
62 años;07 Castilla y León;Total;1 de enero de 2025;37.647
62 años;07 Castilla y León;Total;1 de enero de 2024;37.146
62 años;07 Castilla y León;Hombres;1 de enero de 2025;18.581
62 años;07 Castilla y León;Hombres;1 de enero de 2024;18.650
62 años;07 Castilla y León;Mujeres;1 de enero de 2025;19.066
62 años;07 Castilla y León;Mujeres;1 de enero de 2024;18.496
62 años;08 Castilla - La Mancha;Total;1 de enero de 2025;29.004
62 años;08 Castilla - La Mancha;Total;1 de enero de 2024;28.773
62 años;08 Castilla - La Mancha;Hombres;1 de enero de 2025;14.512
62 años;08 Castilla - La Mancha;Hombres;1 de enero de 2024;14.528
62 años;08 Castilla - La Mancha;Mujeres;1 de enero de 2025;14.492
62 años;08 Castilla - La Mancha;Mujeres;1 de enero de 2024;14.245
62 años;09 Cataluña;Total;1 de enero de 2025;99.684
62 años;09 Cataluña;Total;1 de enero de 2024;96.520
62 años;09 Cataluña;Hombres;1 de enero de 2025;48.284
62 años;09 Cataluña;Hombres;1 de enero de 2024;46.286
62 años;09 Cataluña;Mujeres;1 de enero de 2025;51.400
62 años;09 Cataluña;Mujeres;1 de enero de 2024;50.234
62 años;10 Comunitat Valenciana;Total;1 de enero de 2025;71.913
62 años;10 Comunitat Valenciana;Total;1 de enero de 2024;69.772
62 años;10 Comunitat Valenciana;Hombres;1 de enero de 2025;34.702
62 años;10 Comunitat Valenciana;Hombres;1 de enero de 2024;33.718
62 años;10 Comunitat Valenciana;Mujeres;1 de enero de 2025;37.211
62 años;10 Comunitat Valenciana;Mujeres;1 de enero de 2024;36.054
62 años;11 Extremadura;Total;1 de enero de 2025;16.448
62 años;11 Extremadura;Total;1 de enero de 2024;16.089
62 años;11 Extremadura;Hombres;1 de enero de 2025;8.250
62 años;11 Extremadura;Hombres;1 de enero de 2024;8.053
62 años;11 Extremadura;Mujeres;1 de enero de 2025;8.198
62 años;11 Extremadura;Mujeres;1 de enero de 2024;8.036
62 años;12 Galicia;Total;1 de enero de 2025;38.703
62 años;12 Galicia;Total;1 de enero de 2024;38.926
62 años;12 Galicia;Hombres;1 de enero de 2025;18.558
62 años;12 Galicia;Hombres;1 de enero de 2024;18.744
62 años;12 Galicia;Mujeres;1 de enero de 2025;20.145
62 años;12 Galicia;Mujeres;1 de enero de 2024;20.182
62 años;13 Madrid, Comunidad de;Total;1 de enero de 2025;88.130
62 años;13 Madrid, Comunidad de;Total;1 de enero de 2024;84.385
62 años;13 Madrid, Comunidad de;Hombres;1 de enero de 2025;41.223
62 años;13 Madrid, Comunidad de;Hombres;1 de enero de 2024;39.402
62 años;13 Madrid, Comunidad de;Mujeres;1 de enero de 2025;46.907
62 años;13 Madrid, Comunidad de;Mujeres;1 de enero de 2024;44.983
62 años;14 Murcia, Región de;Total;1 de enero de 2025;18.946
62 años;14 Murcia, Región de;Total;1 de enero de 2024;18.709
62 años;14 Murcia, Región de;Hombres;1 de enero de 2025;9.367
62 años;14 Murcia, Región de;Hombres;1 de enero de 2024;9.163
62 años;14 Murcia, Región de;Mujeres;1 de enero de 2025;9.579
62 años;14 Murcia, Región de;Mujeres;1 de enero de 2024;9.546
62 años;15 Navarra, Comunidad Foral de;Total;1 de enero de 2025;9.035
62 años;15 Navarra, Comunidad Foral de;Total;1 de enero de 2024;8.824
62 años;15 Navarra, Comunidad Foral de;Hombres;1 de enero de 2025;4.461
62 años;15 Navarra, Comunidad Foral de;Hombres;1 de enero de 2024;4.405
62 años;15 Navarra, Comunidad Foral de;Mujeres;1 de enero de 2025;4.574
62 años;15 Navarra, Comunidad Foral de;Mujeres;1 de enero de 2024;4.419
62 años;16 País Vasco;Total;1 de enero de 2025;32.082
62 años;16 País Vasco;Total;1 de enero de 2024;31.555
62 años;16 País Vasco;Hombres;1 de enero de 2025;15.370
62 años;16 País Vasco;Hombres;1 de enero de 2024;15.200
62 años;16 País Vasco;Mujeres;1 de enero de 2025;16.712
62 años;16 País Vasco;Mujeres;1 de enero de 2024;16.355
62 años;17 Rioja, La;Total;1 de enero de 2025;4.469
62 años;17 Rioja, La;Total;1 de enero de 2024;4.537
62 años;17 Rioja, La;Hombres;1 de enero de 2025;2.207
62 años;17 Rioja, La;Hombres;1 de enero de 2024;2.224
62 años;17 Rioja, La;Mujeres;1 de enero de 2025;2.262
62 años;17 Rioja, La;Mujeres;1 de enero de 2024;2.313
62 años;18 Ceuta;Total;1 de enero de 2025;1.088
62 años;18 Ceuta;Total;1 de enero de 2024;982
62 años;18 Ceuta;Hombres;1 de enero de 2025;541
62 años;18 Ceuta;Hombres;1 de enero de 2024;491
62 años;18 Ceuta;Mujeres;1 de enero de 2025;547
62 años;18 Ceuta;Mujeres;1 de enero de 2024;491
62 años;19 Melilla;Total;1 de enero de 2025;1.013
62 años;19 Melilla;Total;1 de enero de 2024;970
62 años;19 Melilla;Hombres;1 de enero de 2025;505
62 años;19 Melilla;Hombres;1 de enero de 2024;515
62 años;19 Melilla;Mujeres;1 de enero de 2025;508
62 años;19 Melilla;Mujeres;1 de enero de 2024;455
63 años;01 Andalucía;Total;1 de enero de 2025;112.763
63 años;01 Andalucía;Total;1 de enero de 2024;113.112
63 años;01 Andalucía;Hombres;1 de enero de 2025;54.684
63 años;01 Andalucía;Hombres;1 de enero de 2024;54.920
63 años;01 Andalucía;Mujeres;1 de enero de 2025;58.079
63 años;01 Andalucía;Mujeres;1 de enero de 2024;58.192
63 años;02 Aragón;Total;1 de enero de 2025;18.337
63 años;02 Aragón;Total;1 de enero de 2024;18.379
63 años;02 Aragón;Hombres;1 de enero de 2025;8.998
63 años;02 Aragón;Hombres;1 de enero de 2024;8.927
63 años;02 Aragón;Mujeres;1 de enero de 2025;9.339
63 años;02 Aragón;Mujeres;1 de enero de 2024;9.452
63 años;03 Asturias, Principado de;Total;1 de enero de 2025;15.949
63 años;03 Asturias, Principado de;Total;1 de enero de 2024;16.345
63 años;03 Asturias, Principado de;Hombres;1 de enero de 2025;7.593
63 años;03 Asturias, Principado de;Hombres;1 de enero de 2024;7.755
63 años;03 Asturias, Principado de;Mujeres;1 de enero de 2025;8.356
63 años;03 Asturias, Principado de;Mujeres;1 de enero de 2024;8.590
63 años;04 Balears, Illes;Total;1 de enero de 2025;14.279
63 años;04 Balears, Illes;Total;1 de enero de 2024;14.557
63 años;04 Balears, Illes;Hombres;1 de enero de 2025;6.966
63 años;04 Balears, Illes;Hombres;1 de enero de 2024;7.096
63 años;04 Balears, Illes;Mujeres;1 de enero de 2025;7.313
63 años;04 Balears, Illes;Mujeres;1 de enero de 2024;7.461
63 años;05 Canarias;Total;1 de enero de 2025;30.898
63 años;05 Canarias;Total;1 de enero de 2024;29.744
63 años;05 Canarias;Hombres;1 de enero de 2025;15.002
63 años;05 Canarias;Hombres;1 de enero de 2024;14.489
63 años;05 Canarias;Mujeres;1 de enero de 2025;15.896
63 años;05 Canarias;Mujeres;1 de enero de 2024;15.255
63 años;06 Cantabria;Total;1 de enero de 2025;8.633
63 años;06 Cantabria;Total;1 de enero de 2024;8.776
63 años;06 Cantabria;Hombres;1 de enero de 2025;4.180
63 años;06 Cantabria;Hombres;1 de enero de 2024;4.249
63 años;06 Cantabria;Mujeres;1 de enero de 2025;4.453
63 años;06 Cantabria;Mujeres;1 de enero de 2024;4.527
63 años;07 Castilla y León;Total;1 de enero de 2025;37.014
63 años;07 Castilla y León;Total;1 de enero de 2024;37.652
63 años;07 Castilla y León;Hombres;1 de enero de 2025;18.544
63 años;07 Castilla y León;Hombres;1 de enero de 2024;18.745
63 años;07 Castilla y León;Mujeres;1 de enero de 2025;18.470
63 años;07 Castilla y León;Mujeres;1 de enero de 2024;18.907
63 años;08 Castilla - La Mancha;Total;1 de enero de 2025;28.758
63 años;08 Castilla - La Mancha;Total;1 de enero de 2024;28.707
63 años;08 Castilla - La Mancha;Hombres;1 de enero de 2025;14.452
63 años;08 Castilla - La Mancha;Hombres;1 de enero de 2024;14.452
63 años;08 Castilla - La Mancha;Mujeres;1 de enero de 2025;14.306
63 años;08 Castilla - La Mancha;Mujeres;1 de enero de 2024;14.255
63 años;09 Cataluña;Total;1 de enero de 2025;96.058
63 años;09 Cataluña;Total;1 de enero de 2024;96.264
63 años;09 Cataluña;Hombres;1 de enero de 2025;45.888
63 años;09 Cataluña;Hombres;1 de enero de 2024;46.089
63 años;09 Cataluña;Mujeres;1 de enero de 2025;50.170
63 años;09 Cataluña;Mujeres;1 de enero de 2024;50.175
63 años;10 Comunitat Valenciana;Total;1 de enero de 2025;69.932
63 años;10 Comunitat Valenciana;Total;1 de enero de 2024;70.040
63 años;10 Comunitat Valenciana;Hombres;1 de enero de 2025;33.661
63 años;10 Comunitat Valenciana;Hombres;1 de enero de 2024;33.686
63 años;10 Comunitat Valenciana;Mujeres;1 de enero de 2025;36.271
63 años;10 Comunitat Valenciana;Mujeres;1 de enero de 2024;36.354
63 años;11 Extremadura;Total;1 de enero de 2025;16.032
63 años;11 Extremadura;Total;1 de enero de 2024;16.128
63 años;11 Extremadura;Hombres;1 de enero de 2025;7.994
63 años;11 Extremadura;Hombres;1 de enero de 2024;8.279
63 años;11 Extremadura;Mujeres;1 de enero de 2025;8.038
63 años;11 Extremadura;Mujeres;1 de enero de 2024;7.849
63 años;12 Galicia;Total;1 de enero de 2025;38.907
63 años;12 Galicia;Total;1 de enero de 2024;39.314
63 años;12 Galicia;Hombres;1 de enero de 2025;18.659
63 años;12 Galicia;Hombres;1 de enero de 2024;18.951
63 años;12 Galicia;Mujeres;1 de enero de 2025;20.248
63 años;12 Galicia;Mujeres;1 de enero de 2024;20.363
63 años;13 Madrid, Comunidad de;Total;1 de enero de 2025;83.837
63 años;13 Madrid, Comunidad de;Total;1 de enero de 2024;83.325
63 años;13 Madrid, Comunidad de;Hombres;1 de enero de 2025;39.046
63 años;13 Madrid, Comunidad de;Hombres;1 de enero de 2024;38.736
63 años;13 Madrid, Comunidad de;Mujeres;1 de enero de 2025;44.791
63 años;13 Madrid, Comunidad de;Mujeres;1 de enero de 2024;44.589
63 años;14 Murcia, Región de;Total;1 de enero de 2025;18.712
63 años;14 Murcia, Región de;Total;1 de enero de 2024;18.529
63 años;14 Murcia, Región de;Hombres;1 de enero de 2025;9.122
63 años;14 Murcia, Región de;Hombres;1 de enero de 2024;8.995
63 años;14 Murcia, Región de;Mujeres;1 de enero de 2025;9.590
63 años;14 Murcia, Región de;Mujeres;1 de enero de 2024;9.534
63 años;15 Navarra, Comunidad Foral de;Total;1 de enero de 2025;8.786
63 años;15 Navarra, Comunidad Foral de;Total;1 de enero de 2024;8.578
63 años;15 Navarra, Comunidad Foral de;Hombres;1 de enero de 2025;4.368
63 años;15 Navarra, Comunidad Foral de;Hombres;1 de enero de 2024;4.254
63 años;15 Navarra, Comunidad Foral de;Mujeres;1 de enero de 2025;4.418
63 años;15 Navarra, Comunidad Foral de;Mujeres;1 de enero de 2024;4.324
63 años;16 País Vasco;Total;1 de enero de 2025;31.397
63 años;16 País Vasco;Total;1 de enero de 2024;31.710
63 años;16 País Vasco;Hombres;1 de enero de 2025;15.076
63 años;16 País Vasco;Hombres;1 de enero de 2024;15.141
63 años;16 País Vasco;Mujeres;1 de enero de 2025;16.321
63 años;16 País Vasco;Mujeres;1 de enero de 2024;16.569
63 años;17 Rioja, La;Total;1 de enero de 2025;4.524
63 años;17 Rioja, La;Total;1 de enero de 2024;4.485
63 años;17 Rioja, La;Hombres;1 de enero de 2025;2.214
63 años;17 Rioja, La;Hombres;1 de enero de 2024;2.262
63 años;17 Rioja, La;Mujeres;1 de enero de 2025;2.310
63 años;17 Rioja, La;Mujeres;1 de enero de 2024;2.223
63 años;18 Ceuta;Total;1 de enero de 2025;969
63 años;18 Ceuta;Total;1 de enero de 2024;1.054
63 años;18 Ceuta;Hombres;1 de enero de 2025;482
63 años;18 Ceuta;Hombres;1 de enero de 2024;532
63 años;18 Ceuta;Mujeres;1 de enero de 2025;487
63 años;18 Ceuta;Mujeres;1 de enero de 2024;522
63 años;19 Melilla;Total;1 de enero de 2025;961
63 años;19 Melilla;Total;1 de enero de 2024;1.044
63 años;19 Melilla;Hombres;1 de enero de 2025;505
63 años;19 Melilla;Hombres;1 de enero de 2024;537
63 años;19 Melilla;Mujeres;1 de enero de 2025;456
63 años;19 Melilla;Mujeres;1 de enero de 2024;507
64 años;01 Andalucía;Total;1 de enero de 2025;112.541
64 años;01 Andalucía;Total;1 de enero de 2024;108.644
64 años;01 Andalucía;Hombres;1 de enero de 2025;54.457
64 años;01 Andalucía;Hombres;1 de enero de 2024;52.548
64 años;01 Andalucía;Mujeres;1 de enero de 2025;58.084
64 años;01 Andalucía;Mujeres;1 de enero de 2024;56.096
64 años;02 Aragón;Total;1 de enero de 2025;18.262
64 años;02 Aragón;Total;1 de enero de 2024;17.868
64 años;02 Aragón;Hombres;1 de enero de 2025;8.846
64 años;02 Aragón;Hombres;1 de enero de 2024;8.834
64 años;02 Aragón;Mujeres;1 de enero de 2025;9.416
64 años;02 Aragón;Mujeres;1 de enero de 2024;9.034
64 años;03 Asturias, Principado de;Total;1 de enero de 2025;16.326
64 años;03 Asturias, Principado de;Total;1 de enero de 2024;16.319
64 años;03 Asturias, Principado de;Hombres;1 de enero de 2025;7.720
64 años;03 Asturias, Principado de;Hombres;1 de enero de 2024;7.727
64 años;03 Asturias, Principado de;Mujeres;1 de enero de 2025;8.606
64 años;03 Asturias, Principado de;Mujeres;1 de enero de 2024;8.592
64 años;04 Balears, Illes;Total;1 de enero de 2025;14.380
64 años;04 Balears, Illes;Total;1 de enero de 2024;13.466
64 años;04 Balears, Illes;Hombres;1 de enero de 2025;6.992
64 años;04 Balears, Illes;Hombres;1 de enero de 2024;6.598
64 años;04 Balears, Illes;Mujeres;1 de enero de 2025;7.388
64 años;04 Balears, Illes;Mujeres;1 de enero de 2024;6.868
64 años;05 Canarias;Total;1 de enero de 2025;29.559
64 años;05 Canarias;Total;1 de enero de 2024;27.374
64 años;05 Canarias;Hombres;1 de enero de 2025;14.359
64 años;05 Canarias;Hombres;1 de enero de 2024;13.418
64 años;05 Canarias;Mujeres;1 de enero de 2025;15.200
64 años;05 Canarias;Mujeres;1 de enero de 2024;13.956
64 años;06 Cantabria;Total;1 de enero de 2025;8.772
64 años;06 Cantabria;Total;1 de enero de 2024;8.836
64 años;06 Cantabria;Hombres;1 de enero de 2025;4.229
64 años;06 Cantabria;Hombres;1 de enero de 2024;4.199
64 años;06 Cantabria;Mujeres;1 de enero de 2025;4.543
64 años;06 Cantabria;Mujeres;1 de enero de 2024;4.637
64 años;07 Castilla y León;Total;1 de enero de 2025;37.492
64 años;07 Castilla y León;Total;1 de enero de 2024;36.624
64 años;07 Castilla y León;Hombres;1 de enero de 2025;18.591
64 años;07 Castilla y León;Hombres;1 de enero de 2024;18.441
64 años;07 Castilla y León;Mujeres;1 de enero de 2025;18.901
64 años;07 Castilla y León;Mujeres;1 de enero de 2024;18.183
64 años;08 Castilla - La Mancha;Total;1 de enero de 2025;28.659
64 años;08 Castilla - La Mancha;Total;1 de enero de 2024;27.562
64 años;08 Castilla - La Mancha;Hombres;1 de enero de 2025;14.416
64 años;08 Castilla - La Mancha;Hombres;1 de enero de 2024;13.860
64 años;08 Castilla - La Mancha;Mujeres;1 de enero de 2025;14.243
64 años;08 Castilla - La Mancha;Mujeres;1 de enero de 2024;13.702
64 años;09 Cataluña;Total;1 de enero de 2025;95.751
64 años;09 Cataluña;Total;1 de enero de 2024;93.715
64 años;09 Cataluña;Hombres;1 de enero de 2025;45.712
64 años;09 Cataluña;Hombres;1 de enero de 2024;44.391
64 años;09 Cataluña;Mujeres;1 de enero de 2025;50.039
64 años;09 Cataluña;Mujeres;1 de enero de 2024;49.324
64 años;10 Comunitat Valenciana;Total;1 de enero de 2025;70.165
64 años;10 Comunitat Valenciana;Total;1 de enero de 2024;68.573
64 años;10 Comunitat Valenciana;Hombres;1 de enero de 2025;33.598
64 años;10 Comunitat Valenciana;Hombres;1 de enero de 2024;32.989
64 años;10 Comunitat Valenciana;Mujeres;1 de enero de 2025;36.567
64 años;10 Comunitat Valenciana;Mujeres;1 de enero de 2024;35.584
64 años;11 Extremadura;Total;1 de enero de 2025;16.042
64 años;11 Extremadura;Total;1 de enero de 2024;15.309
64 años;11 Extremadura;Hombres;1 de enero de 2025;8.203
64 años;11 Extremadura;Hombres;1 de enero de 2024;7.680
64 años;11 Extremadura;Mujeres;1 de enero de 2025;7.839
64 años;11 Extremadura;Mujeres;1 de enero de 2024;7.629
64 años;12 Galicia;Total;1 de enero de 2025;39.217
64 años;12 Galicia;Total;1 de enero de 2024;38.070
64 años;12 Galicia;Hombres;1 de enero de 2025;18.844
64 años;12 Galicia;Hombres;1 de enero de 2024;18.342
64 años;12 Galicia;Mujeres;1 de enero de 2025;20.373
64 años;12 Galicia;Mujeres;1 de enero de 2024;19.728
64 años;13 Madrid, Comunidad de;Total;1 de enero de 2025;82.754
64 años;13 Madrid, Comunidad de;Total;1 de enero de 2024;80.073
64 años;13 Madrid, Comunidad de;Hombres;1 de enero de 2025;38.280
64 años;13 Madrid, Comunidad de;Hombres;1 de enero de 2024;36.992
64 años;13 Madrid, Comunidad de;Mujeres;1 de enero de 2025;44.474
64 años;13 Madrid, Comunidad de;Mujeres;1 de enero de 2024;43.081
64 años;14 Murcia, Región de;Total;1 de enero de 2025;18.439
64 años;14 Murcia, Región de;Total;1 de enero de 2024;18.014
64 años;14 Murcia, Región de;Hombres;1 de enero de 2025;8.912
64 años;14 Murcia, Región de;Hombres;1 de enero de 2024;8.848
64 años;14 Murcia, Región de;Mujeres;1 de enero de 2025;9.527
64 años;14 Murcia, Región de;Mujeres;1 de enero de 2024;9.166
64 años;15 Navarra, Comunidad Foral de;Total;1 de enero de 2025;8.522
64 años;15 Navarra, Comunidad Foral de;Total;1 de enero de 2024;8.351
64 años;15 Navarra, Comunidad Foral de;Hombres;1 de enero de 2025;4.215
64 años;15 Navarra, Comunidad Foral de;Hombres;1 de enero de 2024;4.145
64 años;15 Navarra, Comunidad Foral de;Mujeres;1 de enero de 2025;4.307
64 años;15 Navarra, Comunidad Foral de;Mujeres;1 de enero de 2024;4.206
64 años;16 País Vasco;Total;1 de enero de 2025;31.546
64 años;16 País Vasco;Total;1 de enero de 2024;31.589
64 años;16 País Vasco;Hombres;1 de enero de 2025;15.020
64 años;16 País Vasco;Hombres;1 de enero de 2024;15.140
64 años;16 País Vasco;Mujeres;1 de enero de 2025;16.526
64 años;16 País Vasco;Mujeres;1 de enero de 2024;16.449
64 años;17 Rioja, La;Total;1 de enero de 2025;4.468
64 años;17 Rioja, La;Total;1 de enero de 2024;4.481
64 años;17 Rioja, La;Hombres;1 de enero de 2025;2.238
64 años;17 Rioja, La;Hombres;1 de enero de 2024;2.216
64 años;17 Rioja, La;Mujeres;1 de enero de 2025;2.230
64 años;17 Rioja, La;Mujeres;1 de enero de 2024;2.265
64 años;18 Ceuta;Total;1 de enero de 2025;1.047
64 años;18 Ceuta;Total;1 de enero de 2024;973
64 años;18 Ceuta;Hombres;1 de enero de 2025;528
64 años;18 Ceuta;Hombres;1 de enero de 2024;489
64 años;18 Ceuta;Mujeres;1 de enero de 2025;519
64 años;18 Ceuta;Mujeres;1 de enero de 2024;484
64 años;19 Melilla;Total;1 de enero de 2025;1.036
64 años;19 Melilla;Total;1 de enero de 2024;969
64 años;19 Melilla;Hombres;1 de enero de 2025;529
64 años;19 Melilla;Hombres;1 de enero de 2024;503
64 años;19 Melilla;Mujeres;1 de enero de 2025;507
64 años;19 Melilla;Mujeres;1 de enero de 2024;466
65 años;01 Andalucía;Total;1 de enero de 2025;108.126
65 años;01 Andalucía;Total;1 de enero de 2024;107.042
65 años;01 Andalucía;Hombres;1 de enero de 2025;52.034
65 años;01 Andalucía;Hombres;1 de enero de 2024;51.636
65 años;01 Andalucía;Mujeres;1 de enero de 2025;56.092
65 años;01 Andalucía;Mujeres;1 de enero de 2024;55.406
65 años;02 Aragón;Total;1 de enero de 2025;17.742
65 años;02 Aragón;Total;1 de enero de 2024;17.279
65 años;02 Aragón;Hombres;1 de enero de 2025;8.751
65 años;02 Aragón;Hombres;1 de enero de 2024;8.524
65 años;02 Aragón;Mujeres;1 de enero de 2025;8.991
65 años;02 Aragón;Mujeres;1 de enero de 2024;8.755
65 años;03 Asturias, Principado de;Total;1 de enero de 2025;16.254
65 años;03 Asturias, Principado de;Total;1 de enero de 2024;16.019
65 años;03 Asturias, Principado de;Hombres;1 de enero de 2025;7.667
65 años;03 Asturias, Principado de;Hombres;1 de enero de 2024;7.467
65 años;03 Asturias, Principado de;Mujeres;1 de enero de 2025;8.587
65 años;03 Asturias, Principado de;Mujeres;1 de enero de 2024;8.552
65 años;04 Balears, Illes;Total;1 de enero de 2025;13.339
65 años;04 Balears, Illes;Total;1 de enero de 2024;13.219
65 años;04 Balears, Illes;Hombres;1 de enero de 2025;6.499
65 años;04 Balears, Illes;Hombres;1 de enero de 2024;6.339
65 años;04 Balears, Illes;Mujeres;1 de enero de 2025;6.840
65 años;04 Balears, Illes;Mujeres;1 de enero de 2024;6.880
65 años;05 Canarias;Total;1 de enero de 2025;27.218
65 años;05 Canarias;Total;1 de enero de 2024;26.268
65 años;05 Canarias;Hombres;1 de enero de 2025;13.284
65 años;05 Canarias;Hombres;1 de enero de 2024;12.838
65 años;05 Canarias;Mujeres;1 de enero de 2025;13.934
65 años;05 Canarias;Mujeres;1 de enero de 2024;13.430
65 años;06 Cantabria;Total;1 de enero de 2025;8.789
65 años;06 Cantabria;Total;1 de enero de 2024;8.654
65 años;06 Cantabria;Hombres;1 de enero de 2025;4.167
65 años;06 Cantabria;Hombres;1 de enero de 2024;4.219
65 años;06 Cantabria;Mujeres;1 de enero de 2025;4.622
65 años;06 Cantabria;Mujeres;1 de enero de 2024;4.435
65 años;07 Castilla y León;Total;1 de enero de 2025;36.474
65 años;07 Castilla y León;Total;1 de enero de 2024;35.464
65 años;07 Castilla y León;Hombres;1 de enero de 2025;18.313
65 años;07 Castilla y León;Hombres;1 de enero de 2024;17.736
65 años;07 Castilla y León;Mujeres;1 de enero de 2025;18.161
65 años;07 Castilla y León;Mujeres;1 de enero de 2024;17.728
65 años;08 Castilla - La Mancha;Total;1 de enero de 2025;27.490
65 años;08 Castilla - La Mancha;Total;1 de enero de 2024;26.105
65 años;08 Castilla - La Mancha;Hombres;1 de enero de 2025;13.765
65 años;08 Castilla - La Mancha;Hombres;1 de enero de 2024;13.092
65 años;08 Castilla - La Mancha;Mujeres;1 de enero de 2025;13.725
65 años;08 Castilla - La Mancha;Mujeres;1 de enero de 2024;13.013
65 años;09 Cataluña;Total;1 de enero de 2025;93.170
65 años;09 Cataluña;Total;1 de enero de 2024;91.877
65 años;09 Cataluña;Hombres;1 de enero de 2025;43.943
65 años;09 Cataluña;Hombres;1 de enero de 2024;43.564
65 años;09 Cataluña;Mujeres;1 de enero de 2025;49.227
65 años;09 Cataluña;Mujeres;1 de enero de 2024;48.313
65 años;10 Comunitat Valenciana;Total;1 de enero de 2025;68.740
65 años;10 Comunitat Valenciana;Total;1 de enero de 2024;66.023
65 años;10 Comunitat Valenciana;Hombres;1 de enero de 2025;32.982
65 años;10 Comunitat Valenciana;Hombres;1 de enero de 2024;31.615
65 años;10 Comunitat Valenciana;Mujeres;1 de enero de 2025;35.758
65 años;10 Comunitat Valenciana;Mujeres;1 de enero de 2024;34.408
65 años;11 Extremadura;Total;1 de enero de 2025;15.246
65 años;11 Extremadura;Total;1 de enero de 2024;14.877
65 años;11 Extremadura;Hombres;1 de enero de 2025;7.617
65 años;11 Extremadura;Hombres;1 de enero de 2024;7.552
65 años;11 Extremadura;Mujeres;1 de enero de 2025;7.629
65 años;11 Extremadura;Mujeres;1 de enero de 2024;7.325
65 años;12 Galicia;Total;1 de enero de 2025;37.977
65 años;12 Galicia;Total;1 de enero de 2024;37.269
65 años;12 Galicia;Hombres;1 de enero de 2025;18.263
65 años;12 Galicia;Hombres;1 de enero de 2024;17.611
65 años;12 Galicia;Mujeres;1 de enero de 2025;19.714
65 años;12 Galicia;Mujeres;1 de enero de 2024;19.658
65 años;13 Madrid, Comunidad de;Total;1 de enero de 2025;79.447
65 años;13 Madrid, Comunidad de;Total;1 de enero de 2024;77.322
65 años;13 Madrid, Comunidad de;Hombres;1 de enero de 2025;36.530
65 años;13 Madrid, Comunidad de;Hombres;1 de enero de 2024;35.437
65 años;13 Madrid, Comunidad de;Mujeres;1 de enero de 2025;42.917
65 años;13 Madrid, Comunidad de;Mujeres;1 de enero de 2024;41.885
65 años;14 Murcia, Región de;Total;1 de enero de 2025;17.982
65 años;14 Murcia, Región de;Total;1 de enero de 2024;17.415
65 años;14 Murcia, Región de;Hombres;1 de enero de 2025;8.799
65 años;14 Murcia, Región de;Hombres;1 de enero de 2024;8.406
65 años;14 Murcia, Región de;Mujeres;1 de enero de 2025;9.183
65 años;14 Murcia, Región de;Mujeres;1 de enero de 2024;9.009
65 años;15 Navarra, Comunidad Foral de;Total;1 de enero de 2025;8.275
65 años;15 Navarra, Comunidad Foral de;Total;1 de enero de 2024;8.021
65 años;15 Navarra, Comunidad Foral de;Hombres;1 de enero de 2025;4.088
65 años;15 Navarra, Comunidad Foral de;Hombres;1 de enero de 2024;3.970
65 años;15 Navarra, Comunidad Foral de;Mujeres;1 de enero de 2025;4.187
65 años;15 Navarra, Comunidad Foral de;Mujeres;1 de enero de 2024;4.051
65 años;16 País Vasco;Total;1 de enero de 2025;31.356
65 años;16 País Vasco;Total;1 de enero de 2024;30.238
65 años;16 País Vasco;Hombres;1 de enero de 2025;14.967
65 años;16 País Vasco;Hombres;1 de enero de 2024;14.399
65 años;16 País Vasco;Mujeres;1 de enero de 2025;16.389
65 años;16 País Vasco;Mujeres;1 de enero de 2024;15.839
65 años;17 Rioja, La;Total;1 de enero de 2025;4.474
65 años;17 Rioja, La;Total;1 de enero de 2024;4.107
65 años;17 Rioja, La;Hombres;1 de enero de 2025;2.189
65 años;17 Rioja, La;Hombres;1 de enero de 2024;1.974
65 años;17 Rioja, La;Mujeres;1 de enero de 2025;2.285
65 años;17 Rioja, La;Mujeres;1 de enero de 2024;2.133
65 años;18 Ceuta;Total;1 de enero de 2025;962
65 años;18 Ceuta;Total;1 de enero de 2024;902
65 años;18 Ceuta;Hombres;1 de enero de 2025;481
65 años;18 Ceuta;Hombres;1 de enero de 2024;438
65 años;18 Ceuta;Mujeres;1 de enero de 2025;481
65 años;18 Ceuta;Mujeres;1 de enero de 2024;464
65 años;19 Melilla;Total;1 de enero de 2025;948
65 años;19 Melilla;Total;1 de enero de 2024;950
65 años;19 Melilla;Hombres;1 de enero de 2025;478
65 años;19 Melilla;Hombres;1 de enero de 2024;482
65 años;19 Melilla;Mujeres;1 de enero de 2025;470
65 años;19 Melilla;Mujeres;1 de enero de 2024;468
66 años;01 Andalucía;Total;1 de enero de 2025;106.341
66 años;01 Andalucía;Total;1 de enero de 2024;102.676
66 años;01 Andalucía;Hombres;1 de enero de 2025;51.127
66 años;01 Andalucía;Hombres;1 de enero de 2024;49.282
66 años;01 Andalucía;Mujeres;1 de enero de 2025;55.214
66 años;01 Andalucía;Mujeres;1 de enero de 2024;53.394
66 años;02 Aragón;Total;1 de enero de 2025;17.173
66 años;02 Aragón;Total;1 de enero de 2024;17.008
66 años;02 Aragón;Hombres;1 de enero de 2025;8.439
66 años;02 Aragón;Hombres;1 de enero de 2024;8.326
66 años;02 Aragón;Mujeres;1 de enero de 2025;8.734
66 años;02 Aragón;Mujeres;1 de enero de 2024;8.682
66 años;03 Asturias, Principado de;Total;1 de enero de 2025;15.948
66 años;03 Asturias, Principado de;Total;1 de enero de 2024;15.992
66 años;03 Asturias, Principado de;Hombres;1 de enero de 2025;7.407
66 años;03 Asturias, Principado de;Hombres;1 de enero de 2024;7.559
66 años;03 Asturias, Principado de;Mujeres;1 de enero de 2025;8.541
66 años;03 Asturias, Principado de;Mujeres;1 de enero de 2024;8.433
66 años;04 Balears, Illes;Total;1 de enero de 2025;13.090
66 años;04 Balears, Illes;Total;1 de enero de 2024;12.663
66 años;04 Balears, Illes;Hombres;1 de enero de 2025;6.238
66 años;04 Balears, Illes;Hombres;1 de enero de 2024;5.967
66 años;04 Balears, Illes;Mujeres;1 de enero de 2025;6.852
66 años;04 Balears, Illes;Mujeres;1 de enero de 2024;6.696
66 años;05 Canarias;Total;1 de enero de 2025;26.159
66 años;05 Canarias;Total;1 de enero de 2024;25.635
66 años;05 Canarias;Hombres;1 de enero de 2025;12.695
66 años;05 Canarias;Hombres;1 de enero de 2024;12.467
66 años;05 Canarias;Mujeres;1 de enero de 2025;13.464
66 años;05 Canarias;Mujeres;1 de enero de 2024;13.168
66 años;06 Cantabria;Total;1 de enero de 2025;8.618
66 años;06 Cantabria;Total;1 de enero de 2024;8.629
66 años;06 Cantabria;Hombres;1 de enero de 2025;4.179
66 años;06 Cantabria;Hombres;1 de enero de 2024;4.118
66 años;06 Cantabria;Mujeres;1 de enero de 2025;4.439
66 años;06 Cantabria;Mujeres;1 de enero de 2024;4.511
66 años;07 Castilla y León;Total;1 de enero de 2025;35.308
66 años;07 Castilla y León;Total;1 de enero de 2024;34.987
66 años;07 Castilla y León;Hombres;1 de enero de 2025;17.600
66 años;07 Castilla y León;Hombres;1 de enero de 2024;17.418
66 años;07 Castilla y León;Mujeres;1 de enero de 2025;17.708
66 años;07 Castilla y León;Mujeres;1 de enero de 2024;17.569
66 años;08 Castilla - La Mancha;Total;1 de enero de 2025;26.029
66 años;08 Castilla - La Mancha;Total;1 de enero de 2024;24.758
66 años;08 Castilla - La Mancha;Hombres;1 de enero de 2025;13.014
66 años;08 Castilla - La Mancha;Hombres;1 de enero de 2024;12.340
66 años;08 Castilla - La Mancha;Mujeres;1 de enero de 2025;13.015
66 años;08 Castilla - La Mancha;Mujeres;1 de enero de 2024;12.418
66 años;09 Cataluña;Total;1 de enero de 2025;91.350
66 años;09 Cataluña;Total;1 de enero de 2024;89.121
66 años;09 Cataluña;Hombres;1 de enero de 2025;43.119
66 años;09 Cataluña;Hombres;1 de enero de 2024;41.972
66 años;09 Cataluña;Mujeres;1 de enero de 2025;48.231
66 años;09 Cataluña;Mujeres;1 de enero de 2024;47.149
66 años;10 Comunitat Valenciana;Total;1 de enero de 2025;66.244
66 años;10 Comunitat Valenciana;Total;1 de enero de 2024;63.999
66 años;10 Comunitat Valenciana;Hombres;1 de enero de 2025;31.624
66 años;10 Comunitat Valenciana;Hombres;1 de enero de 2024;30.527
66 años;10 Comunitat Valenciana;Mujeres;1 de enero de 2025;34.620
66 años;10 Comunitat Valenciana;Mujeres;1 de enero de 2024;33.472
66 años;11 Extremadura;Total;1 de enero de 2025;14.800
66 años;11 Extremadura;Total;1 de enero de 2024;13.847
66 años;11 Extremadura;Hombres;1 de enero de 2025;7.476
66 años;11 Extremadura;Hombres;1 de enero de 2024;6.971
66 años;11 Extremadura;Mujeres;1 de enero de 2025;7.324
66 años;11 Extremadura;Mujeres;1 de enero de 2024;6.876
66 años;12 Galicia;Total;1 de enero de 2025;37.205
66 años;12 Galicia;Total;1 de enero de 2024;36.489
66 años;12 Galicia;Hombres;1 de enero de 2025;17.544
66 años;12 Galicia;Hombres;1 de enero de 2024;17.302
66 años;12 Galicia;Mujeres;1 de enero de 2025;19.661
66 años;12 Galicia;Mujeres;1 de enero de 2024;19.187
66 años;13 Madrid, Comunidad de;Total;1 de enero de 2025;76.843
66 años;13 Madrid, Comunidad de;Total;1 de enero de 2024;75.270
66 años;13 Madrid, Comunidad de;Hombres;1 de enero de 2025;35.040
66 años;13 Madrid, Comunidad de;Hombres;1 de enero de 2024;34.094
66 años;13 Madrid, Comunidad de;Mujeres;1 de enero de 2025;41.803
66 años;13 Madrid, Comunidad de;Mujeres;1 de enero de 2024;41.176
66 años;14 Murcia, Región de;Total;1 de enero de 2025;17.417
66 años;14 Murcia, Región de;Total;1 de enero de 2024;16.702
66 años;14 Murcia, Región de;Hombres;1 de enero de 2025;8.380
66 años;14 Murcia, Región de;Hombres;1 de enero de 2024;8.098
66 años;14 Murcia, Región de;Mujeres;1 de enero de 2025;9.037
66 años;14 Murcia, Región de;Mujeres;1 de enero de 2024;8.604
66 años;15 Navarra, Comunidad Foral de;Total;1 de enero de 2025;7.953
66 años;15 Navarra, Comunidad Foral de;Total;1 de enero de 2024;8.066
66 años;15 Navarra, Comunidad Foral de;Hombres;1 de enero de 2025;3.916
66 años;15 Navarra, Comunidad Foral de;Hombres;1 de enero de 2024;3.950
66 años;15 Navarra, Comunidad Foral de;Mujeres;1 de enero de 2025;4.037
66 años;15 Navarra, Comunidad Foral de;Mujeres;1 de enero de 2024;4.116
66 años;16 País Vasco;Total;1 de enero de 2025;30.056
66 años;16 País Vasco;Total;1 de enero de 2024;29.682
66 años;16 País Vasco;Hombres;1 de enero de 2025;14.264
66 años;16 País Vasco;Hombres;1 de enero de 2024;14.162
66 años;16 País Vasco;Mujeres;1 de enero de 2025;15.792
66 años;16 País Vasco;Mujeres;1 de enero de 2024;15.520
66 años;17 Rioja, La;Total;1 de enero de 2025;4.099
66 años;17 Rioja, La;Total;1 de enero de 2024;4.154
66 años;17 Rioja, La;Hombres;1 de enero de 2025;1.965
66 años;17 Rioja, La;Hombres;1 de enero de 2024;2.061
66 años;17 Rioja, La;Mujeres;1 de enero de 2025;2.134
66 años;17 Rioja, La;Mujeres;1 de enero de 2024;2.093
66 años;18 Ceuta;Total;1 de enero de 2025;875
66 años;18 Ceuta;Total;1 de enero de 2024;840
66 años;18 Ceuta;Hombres;1 de enero de 2025;421
66 años;18 Ceuta;Hombres;1 de enero de 2024;406
66 años;18 Ceuta;Mujeres;1 de enero de 2025;454
66 años;18 Ceuta;Mujeres;1 de enero de 2024;434
66 años;19 Melilla;Total;1 de enero de 2025;929
66 años;19 Melilla;Total;1 de enero de 2024;901
66 años;19 Melilla;Hombres;1 de enero de 2025;467
66 años;19 Melilla;Hombres;1 de enero de 2024;478
66 años;19 Melilla;Mujeres;1 de enero de 2025;462
66 años;19 Melilla;Mujeres;1 de enero de 2024;423
67 años;01 Andalucía;Total;1 de enero de 2025;102.075
67 años;01 Andalucía;Total;1 de enero de 2024;92.822
67 años;01 Andalucía;Hombres;1 de enero de 2025;48.805
67 años;01 Andalucía;Hombres;1 de enero de 2024;44.478
67 años;01 Andalucía;Mujeres;1 de enero de 2025;53.270
67 años;01 Andalucía;Mujeres;1 de enero de 2024;48.344
67 años;02 Aragón;Total;1 de enero de 2025;16.854
67 años;02 Aragón;Total;1 de enero de 2024;15.867
67 años;02 Aragón;Hombres;1 de enero de 2025;8.208
67 años;02 Aragón;Hombres;1 de enero de 2024;7.681
67 años;02 Aragón;Mujeres;1 de enero de 2025;8.646
67 años;02 Aragón;Mujeres;1 de enero de 2024;8.186
67 años;03 Asturias, Principado de;Total;1 de enero de 2025;15.912
67 años;03 Asturias, Principado de;Total;1 de enero de 2024;15.352
67 años;03 Asturias, Principado de;Hombres;1 de enero de 2025;7.504
67 años;03 Asturias, Principado de;Hombres;1 de enero de 2024;7.132
67 años;03 Asturias, Principado de;Mujeres;1 de enero de 2025;8.408
67 años;03 Asturias, Principado de;Mujeres;1 de enero de 2024;8.220
67 años;04 Balears, Illes;Total;1 de enero de 2025;12.537
67 años;04 Balears, Illes;Total;1 de enero de 2024;11.738
67 años;04 Balears, Illes;Hombres;1 de enero de 2025;5.882
67 años;04 Balears, Illes;Hombres;1 de enero de 2024;5.595
67 años;04 Balears, Illes;Mujeres;1 de enero de 2025;6.655
67 años;04 Balears, Illes;Mujeres;1 de enero de 2024;6.143
67 años;05 Canarias;Total;1 de enero de 2025;25.415
67 años;05 Canarias;Total;1 de enero de 2024;24.443
67 años;05 Canarias;Hombres;1 de enero de 2025;12.330
67 años;05 Canarias;Hombres;1 de enero de 2024;11.845
67 años;05 Canarias;Mujeres;1 de enero de 2025;13.085
67 años;05 Canarias;Mujeres;1 de enero de 2024;12.598
67 años;06 Cantabria;Total;1 de enero de 2025;8.570
67 años;06 Cantabria;Total;1 de enero de 2024;7.866
67 años;06 Cantabria;Hombres;1 de enero de 2025;4.074
67 años;06 Cantabria;Hombres;1 de enero de 2024;3.848
67 años;06 Cantabria;Mujeres;1 de enero de 2025;4.496
67 años;06 Cantabria;Mujeres;1 de enero de 2024;4.018
67 años;07 Castilla y León;Total;1 de enero de 2025;34.812
67 años;07 Castilla y León;Total;1 de enero de 2024;33.202
67 años;07 Castilla y León;Hombres;1 de enero de 2025;17.263
67 años;07 Castilla y León;Hombres;1 de enero de 2024;16.657
67 años;07 Castilla y León;Mujeres;1 de enero de 2025;17.549
67 años;07 Castilla y León;Mujeres;1 de enero de 2024;16.545
67 años;08 Castilla - La Mancha;Total;1 de enero de 2025;24.723
67 años;08 Castilla - La Mancha;Total;1 de enero de 2024;22.200
67 años;08 Castilla - La Mancha;Hombres;1 de enero de 2025;12.229
67 años;08 Castilla - La Mancha;Hombres;1 de enero de 2024;11.004
67 años;08 Castilla - La Mancha;Mujeres;1 de enero de 2025;12.494
67 años;08 Castilla - La Mancha;Mujeres;1 de enero de 2024;11.196
67 años;09 Cataluña;Total;1 de enero de 2025;88.613
67 años;09 Cataluña;Total;1 de enero de 2024;83.250
67 años;09 Cataluña;Hombres;1 de enero de 2025;41.534
67 años;09 Cataluña;Hombres;1 de enero de 2024;39.062
67 años;09 Cataluña;Mujeres;1 de enero de 2025;47.079
67 años;09 Cataluña;Mujeres;1 de enero de 2024;44.188
67 años;10 Comunitat Valenciana;Total;1 de enero de 2025;63.997
67 años;10 Comunitat Valenciana;Total;1 de enero de 2024;58.918
67 años;10 Comunitat Valenciana;Hombres;1 de enero de 2025;30.451
67 años;10 Comunitat Valenciana;Hombres;1 de enero de 2024;27.810
67 años;10 Comunitat Valenciana;Mujeres;1 de enero de 2025;33.546
67 años;10 Comunitat Valenciana;Mujeres;1 de enero de 2024;31.108
67 años;11 Extremadura;Total;1 de enero de 2025;13.714
67 años;11 Extremadura;Total;1 de enero de 2024;12.571
67 años;11 Extremadura;Hombres;1 de enero de 2025;6.852
67 años;11 Extremadura;Hombres;1 de enero de 2024;6.335
67 años;11 Extremadura;Mujeres;1 de enero de 2025;6.862
67 años;11 Extremadura;Mujeres;1 de enero de 2024;6.236
67 años;12 Galicia;Total;1 de enero de 2025;36.311
67 años;12 Galicia;Total;1 de enero de 2024;35.471
67 años;12 Galicia;Hombres;1 de enero de 2025;17.131
67 años;12 Galicia;Hombres;1 de enero de 2024;16.718
67 años;12 Galicia;Mujeres;1 de enero de 2025;19.180
67 años;12 Galicia;Mujeres;1 de enero de 2024;18.753
67 años;13 Madrid, Comunidad de;Total;1 de enero de 2025;74.631
67 años;13 Madrid, Comunidad de;Total;1 de enero de 2024;69.877
67 años;13 Madrid, Comunidad de;Hombres;1 de enero de 2025;33.663
67 años;13 Madrid, Comunidad de;Hombres;1 de enero de 2024;31.465
67 años;13 Madrid, Comunidad de;Mujeres;1 de enero de 2025;40.968
67 años;13 Madrid, Comunidad de;Mujeres;1 de enero de 2024;38.412
67 años;14 Murcia, Región de;Total;1 de enero de 2025;16.719
67 años;14 Murcia, Región de;Total;1 de enero de 2024;14.478
67 años;14 Murcia, Región de;Hombres;1 de enero de 2025;8.078
67 años;14 Murcia, Región de;Hombres;1 de enero de 2024;6.917
67 años;14 Murcia, Región de;Mujeres;1 de enero de 2025;8.641
67 años;14 Murcia, Región de;Mujeres;1 de enero de 2024;7.561
67 años;15 Navarra, Comunidad Foral de;Total;1 de enero de 2025;8.015
67 años;15 Navarra, Comunidad Foral de;Total;1 de enero de 2024;7.588
67 años;15 Navarra, Comunidad Foral de;Hombres;1 de enero de 2025;3.896
67 años;15 Navarra, Comunidad Foral de;Hombres;1 de enero de 2024;3.668
67 años;15 Navarra, Comunidad Foral de;Mujeres;1 de enero de 2025;4.119
67 años;15 Navarra, Comunidad Foral de;Mujeres;1 de enero de 2024;3.920
67 años;16 País Vasco;Total;1 de enero de 2025;29.448
67 años;16 País Vasco;Total;1 de enero de 2024;28.081
67 años;16 País Vasco;Hombres;1 de enero de 2025;13.983
67 años;16 País Vasco;Hombres;1 de enero de 2024;13.363
67 años;16 País Vasco;Mujeres;1 de enero de 2025;15.465
67 años;16 País Vasco;Mujeres;1 de enero de 2024;14.718
67 años;17 Rioja, La;Total;1 de enero de 2025;4.128
67 años;17 Rioja, La;Total;1 de enero de 2024;3.902
67 años;17 Rioja, La;Hombres;1 de enero de 2025;2.030
67 años;17 Rioja, La;Hombres;1 de enero de 2024;1.919
67 años;17 Rioja, La;Mujeres;1 de enero de 2025;2.098
67 años;17 Rioja, La;Mujeres;1 de enero de 2024;1.983
67 años;18 Ceuta;Total;1 de enero de 2025;822
67 años;18 Ceuta;Total;1 de enero de 2024;739
67 años;18 Ceuta;Hombres;1 de enero de 2025;394
67 años;18 Ceuta;Hombres;1 de enero de 2024;362
67 años;18 Ceuta;Mujeres;1 de enero de 2025;428
67 años;18 Ceuta;Mujeres;1 de enero de 2024;377
67 años;19 Melilla;Total;1 de enero de 2025;881
67 años;19 Melilla;Total;1 de enero de 2024;814
67 años;19 Melilla;Hombres;1 de enero de 2025;469
67 años;19 Melilla;Hombres;1 de enero de 2024;400
67 años;19 Melilla;Mujeres;1 de enero de 2025;412
67 años;19 Melilla;Mujeres;1 de enero de 2024;414
68 años;01 Andalucía;Total;1 de enero de 2025;92.139
68 años;01 Andalucía;Total;1 de enero de 2024;89.757
68 años;01 Andalucía;Hombres;1 de enero de 2025;43.931
68 años;01 Andalucía;Hombres;1 de enero de 2024;42.632
68 años;01 Andalucía;Mujeres;1 de enero de 2025;48.208
68 años;01 Andalucía;Mujeres;1 de enero de 2024;47.125
68 años;02 Aragón;Total;1 de enero de 2025;15.757
68 años;02 Aragón;Total;1 de enero de 2024;15.292
68 años;02 Aragón;Hombres;1 de enero de 2025;7.616
68 años;02 Aragón;Hombres;1 de enero de 2024;7.383
68 años;02 Aragón;Mujeres;1 de enero de 2025;8.141
68 años;02 Aragón;Mujeres;1 de enero de 2024;7.909
68 años;03 Asturias, Principado de;Total;1 de enero de 2025;15.267
68 años;03 Asturias, Principado de;Total;1 de enero de 2024;14.726
68 años;03 Asturias, Principado de;Hombres;1 de enero de 2025;7.036
68 años;03 Asturias, Principado de;Hombres;1 de enero de 2024;6.805
68 años;03 Asturias, Principado de;Mujeres;1 de enero de 2025;8.231
68 años;03 Asturias, Principado de;Mujeres;1 de enero de 2024;7.921
68 años;04 Balears, Illes;Total;1 de enero de 2025;11.593
68 años;04 Balears, Illes;Total;1 de enero de 2024;11.425
68 años;04 Balears, Illes;Hombres;1 de enero de 2025;5.482
68 años;04 Balears, Illes;Hombres;1 de enero de 2024;5.346
68 años;04 Balears, Illes;Mujeres;1 de enero de 2025;6.111
68 años;04 Balears, Illes;Mujeres;1 de enero de 2024;6.079
68 años;05 Canarias;Total;1 de enero de 2025;24.207
68 años;05 Canarias;Total;1 de enero de 2024;23.478
68 años;05 Canarias;Hombres;1 de enero de 2025;11.640
68 años;05 Canarias;Hombres;1 de enero de 2024;11.291
68 años;05 Canarias;Mujeres;1 de enero de 2025;12.567
68 años;05 Canarias;Mujeres;1 de enero de 2024;12.187
68 años;06 Cantabria;Total;1 de enero de 2025;7.828
68 años;06 Cantabria;Total;1 de enero de 2024;7.583
68 años;06 Cantabria;Hombres;1 de enero de 2025;3.817
68 años;06 Cantabria;Hombres;1 de enero de 2024;3.644
68 años;06 Cantabria;Mujeres;1 de enero de 2025;4.011
68 años;06 Cantabria;Mujeres;1 de enero de 2024;3.939
68 años;07 Castilla y León;Total;1 de enero de 2025;32.927
68 años;07 Castilla y León;Total;1 de enero de 2024;31.241
68 años;07 Castilla y León;Hombres;1 de enero de 2025;16.457
68 años;07 Castilla y León;Hombres;1 de enero de 2024;15.650
68 años;07 Castilla y León;Mujeres;1 de enero de 2025;16.470
68 años;07 Castilla y León;Mujeres;1 de enero de 2024;15.591
68 años;08 Castilla - La Mancha;Total;1 de enero de 2025;22.095
68 años;08 Castilla - La Mancha;Total;1 de enero de 2024;21.026
68 años;08 Castilla - La Mancha;Hombres;1 de enero de 2025;10.911
68 años;08 Castilla - La Mancha;Hombres;1 de enero de 2024;10.378
68 años;08 Castilla - La Mancha;Mujeres;1 de enero de 2025;11.184
68 años;08 Castilla - La Mancha;Mujeres;1 de enero de 2024;10.648
68 años;09 Cataluña;Total;1 de enero de 2025;82.636
68 años;09 Cataluña;Total;1 de enero de 2024;80.686
68 años;09 Cataluña;Hombres;1 de enero de 2025;38.593
68 años;09 Cataluña;Hombres;1 de enero de 2024;37.636
68 años;09 Cataluña;Mujeres;1 de enero de 2025;44.043
68 años;09 Cataluña;Mujeres;1 de enero de 2024;43.050
68 años;10 Comunitat Valenciana;Total;1 de enero de 2025;58.859
68 años;10 Comunitat Valenciana;Total;1 de enero de 2024;57.872
68 años;10 Comunitat Valenciana;Hombres;1 de enero de 2025;27.642
68 años;10 Comunitat Valenciana;Hombres;1 de enero de 2024;27.346
68 años;10 Comunitat Valenciana;Mujeres;1 de enero de 2025;31.217
68 años;10 Comunitat Valenciana;Mujeres;1 de enero de 2024;30.526
68 años;11 Extremadura;Total;1 de enero de 2025;12.455
68 años;11 Extremadura;Total;1 de enero de 2024;11.952
68 años;11 Extremadura;Hombres;1 de enero de 2025;6.241
68 años;11 Extremadura;Hombres;1 de enero de 2024;5.912
68 años;11 Extremadura;Mujeres;1 de enero de 2025;6.214
68 años;11 Extremadura;Mujeres;1 de enero de 2024;6.040
68 años;12 Galicia;Total;1 de enero de 2025;35.251
68 años;12 Galicia;Total;1 de enero de 2024;33.907
68 años;12 Galicia;Hombres;1 de enero de 2025;16.529
68 años;12 Galicia;Hombres;1 de enero de 2024;16.178
68 años;12 Galicia;Mujeres;1 de enero de 2025;18.722
68 años;12 Galicia;Mujeres;1 de enero de 2024;17.729
68 años;13 Madrid, Comunidad de;Total;1 de enero de 2025;69.312
68 años;13 Madrid, Comunidad de;Total;1 de enero de 2024;66.979
68 años;13 Madrid, Comunidad de;Hombres;1 de enero de 2025;31.053
68 años;13 Madrid, Comunidad de;Hombres;1 de enero de 2024;29.974
68 años;13 Madrid, Comunidad de;Mujeres;1 de enero de 2025;38.259
68 años;13 Madrid, Comunidad de;Mujeres;1 de enero de 2024;37.005
68 años;14 Murcia, Región de;Total;1 de enero de 2025;14.379
68 años;14 Murcia, Región de;Total;1 de enero de 2024;14.267
68 años;14 Murcia, Región de;Hombres;1 de enero de 2025;6.821
68 años;14 Murcia, Región de;Hombres;1 de enero de 2024;6.827
68 años;14 Murcia, Región de;Mujeres;1 de enero de 2025;7.558
68 años;14 Murcia, Región de;Mujeres;1 de enero de 2024;7.440
68 años;15 Navarra, Comunidad Foral de;Total;1 de enero de 2025;7.515
68 años;15 Navarra, Comunidad Foral de;Total;1 de enero de 2024;7.175
68 años;15 Navarra, Comunidad Foral de;Hombres;1 de enero de 2025;3.622
68 años;15 Navarra, Comunidad Foral de;Hombres;1 de enero de 2024;3.532
68 años;15 Navarra, Comunidad Foral de;Mujeres;1 de enero de 2025;3.893
68 años;15 Navarra, Comunidad Foral de;Mujeres;1 de enero de 2024;3.643
68 años;16 País Vasco;Total;1 de enero de 2025;27.840
68 años;16 País Vasco;Total;1 de enero de 2024;26.730
68 años;16 País Vasco;Hombres;1 de enero de 2025;13.189
68 años;16 País Vasco;Hombres;1 de enero de 2024;12.516
68 años;16 País Vasco;Mujeres;1 de enero de 2025;14.651
68 años;16 País Vasco;Mujeres;1 de enero de 2024;14.214
68 años;17 Rioja, La;Total;1 de enero de 2025;3.890
68 años;17 Rioja, La;Total;1 de enero de 2024;3.676
68 años;17 Rioja, La;Hombres;1 de enero de 2025;1.915
68 años;17 Rioja, La;Hombres;1 de enero de 2024;1.751
68 años;17 Rioja, La;Mujeres;1 de enero de 2025;1.975
68 años;17 Rioja, La;Mujeres;1 de enero de 2024;1.925
68 años;18 Ceuta;Total;1 de enero de 2025;733
68 años;18 Ceuta;Total;1 de enero de 2024;720
68 años;18 Ceuta;Hombres;1 de enero de 2025;358
68 años;18 Ceuta;Hombres;1 de enero de 2024;360
68 años;18 Ceuta;Mujeres;1 de enero de 2025;375
68 años;18 Ceuta;Mujeres;1 de enero de 2024;360
68 años;19 Melilla;Total;1 de enero de 2025;800
68 años;19 Melilla;Total;1 de enero de 2024;715
68 años;19 Melilla;Hombres;1 de enero de 2025;397
68 años;19 Melilla;Hombres;1 de enero de 2024;373
68 años;19 Melilla;Mujeres;1 de enero de 2025;403
68 años;19 Melilla;Mujeres;1 de enero de 2024;342
69 años;01 Andalucía;Total;1 de enero de 2025;88.943
69 años;01 Andalucía;Total;1 de enero de 2024;83.495
69 años;01 Andalucía;Hombres;1 de enero de 2025;42.023
69 años;01 Andalucía;Hombres;1 de enero de 2024;39.483
69 años;01 Andalucía;Mujeres;1 de enero de 2025;46.920
69 años;01 Andalucía;Mujeres;1 de enero de 2024;44.012
69 años;02 Aragón;Total;1 de enero de 2025;15.148
69 años;02 Aragón;Total;1 de enero de 2024;14.090
69 años;02 Aragón;Hombres;1 de enero de 2025;7.280
69 años;02 Aragón;Hombres;1 de enero de 2024;6.724
69 años;02 Aragón;Mujeres;1 de enero de 2025;7.868
69 años;02 Aragón;Mujeres;1 de enero de 2024;7.366
69 años;03 Asturias, Principado de;Total;1 de enero de 2025;14.590
69 años;03 Asturias, Principado de;Total;1 de enero de 2024;13.981
69 años;03 Asturias, Principado de;Hombres;1 de enero de 2025;6.734
69 años;03 Asturias, Principado de;Hombres;1 de enero de 2024;6.516
69 años;03 Asturias, Principado de;Mujeres;1 de enero de 2025;7.856
69 años;03 Asturias, Principado de;Mujeres;1 de enero de 2024;7.465
69 años;04 Balears, Illes;Total;1 de enero de 2025;11.236
69 años;04 Balears, Illes;Total;1 de enero de 2024;10.936
69 años;04 Balears, Illes;Hombres;1 de enero de 2025;5.220
69 años;04 Balears, Illes;Hombres;1 de enero de 2024;5.186
69 años;04 Balears, Illes;Mujeres;1 de enero de 2025;6.016
69 años;04 Balears, Illes;Mujeres;1 de enero de 2024;5.750
69 años;05 Canarias;Total;1 de enero de 2025;23.166
69 años;05 Canarias;Total;1 de enero de 2024;22.211
69 años;05 Canarias;Hombres;1 de enero de 2025;11.067
69 años;05 Canarias;Hombres;1 de enero de 2024;10.502
69 años;05 Canarias;Mujeres;1 de enero de 2025;12.099
69 años;05 Canarias;Mujeres;1 de enero de 2024;11.709
69 años;06 Cantabria;Total;1 de enero de 2025;7.514
69 años;06 Cantabria;Total;1 de enero de 2024;7.252
69 años;06 Cantabria;Hombres;1 de enero de 2025;3.595
69 años;06 Cantabria;Hombres;1 de enero de 2024;3.356
69 años;06 Cantabria;Mujeres;1 de enero de 2025;3.919
69 años;06 Cantabria;Mujeres;1 de enero de 2024;3.896
69 años;07 Castilla y León;Total;1 de enero de 2025;31.029
69 años;07 Castilla y León;Total;1 de enero de 2024;29.418
69 años;07 Castilla y León;Hombres;1 de enero de 2025;15.472
69 años;07 Castilla y León;Hombres;1 de enero de 2024;14.653
69 años;07 Castilla y León;Mujeres;1 de enero de 2025;15.557
69 años;07 Castilla y León;Mujeres;1 de enero de 2024;14.765
69 años;08 Castilla - La Mancha;Total;1 de enero de 2025;20.831
69 años;08 Castilla - La Mancha;Total;1 de enero de 2024;19.741
69 años;08 Castilla - La Mancha;Hombres;1 de enero de 2025;10.207
69 años;08 Castilla - La Mancha;Hombres;1 de enero de 2024;9.659
69 años;08 Castilla - La Mancha;Mujeres;1 de enero de 2025;10.624
69 años;08 Castilla - La Mancha;Mujeres;1 de enero de 2024;10.082
69 años;09 Cataluña;Total;1 de enero de 2025;80.131
69 años;09 Cataluña;Total;1 de enero de 2024;77.571
69 años;09 Cataluña;Hombres;1 de enero de 2025;37.178
69 años;09 Cataluña;Hombres;1 de enero de 2024;35.913
69 años;09 Cataluña;Mujeres;1 de enero de 2025;42.953
69 años;09 Cataluña;Mujeres;1 de enero de 2024;41.658
69 años;10 Comunitat Valenciana;Total;1 de enero de 2025;57.686
69 años;10 Comunitat Valenciana;Total;1 de enero de 2024;54.401
69 años;10 Comunitat Valenciana;Hombres;1 de enero de 2025;27.106
69 años;10 Comunitat Valenciana;Hombres;1 de enero de 2024;25.480
69 años;10 Comunitat Valenciana;Mujeres;1 de enero de 2025;30.580
69 años;10 Comunitat Valenciana;Mujeres;1 de enero de 2024;28.921
69 años;11 Extremadura;Total;1 de enero de 2025;11.820
69 años;11 Extremadura;Total;1 de enero de 2024;11.236
69 años;11 Extremadura;Hombres;1 de enero de 2025;5.810
69 años;11 Extremadura;Hombres;1 de enero de 2024;5.585
69 años;11 Extremadura;Mujeres;1 de enero de 2025;6.010
69 años;11 Extremadura;Mujeres;1 de enero de 2024;5.651
69 años;12 Galicia;Total;1 de enero de 2025;33.662
69 años;12 Galicia;Total;1 de enero de 2024;33.069
69 años;12 Galicia;Hombres;1 de enero de 2025;15.973
69 años;12 Galicia;Hombres;1 de enero de 2024;15.568
69 años;12 Galicia;Mujeres;1 de enero de 2025;17.689
69 años;12 Galicia;Mujeres;1 de enero de 2024;17.501
69 años;13 Madrid, Comunidad de;Total;1 de enero de 2025;66.418
69 años;13 Madrid, Comunidad de;Total;1 de enero de 2024;63.143
69 años;13 Madrid, Comunidad de;Hombres;1 de enero de 2025;29.558
69 años;13 Madrid, Comunidad de;Hombres;1 de enero de 2024;27.761
69 años;13 Madrid, Comunidad de;Mujeres;1 de enero de 2025;36.860
69 años;13 Madrid, Comunidad de;Mujeres;1 de enero de 2024;35.382
69 años;14 Murcia, Región de;Total;1 de enero de 2025;14.151
69 años;14 Murcia, Región de;Total;1 de enero de 2024;13.267
69 años;14 Murcia, Región de;Hombres;1 de enero de 2025;6.743
69 años;14 Murcia, Región de;Hombres;1 de enero de 2024;6.320
69 años;14 Murcia, Región de;Mujeres;1 de enero de 2025;7.408
69 años;14 Murcia, Región de;Mujeres;1 de enero de 2024;6.947
69 años;15 Navarra, Comunidad Foral de;Total;1 de enero de 2025;7.126
69 años;15 Navarra, Comunidad Foral de;Total;1 de enero de 2024;6.803
69 años;15 Navarra, Comunidad Foral de;Hombres;1 de enero de 2025;3.506
69 años;15 Navarra, Comunidad Foral de;Hombres;1 de enero de 2024;3.277
69 años;15 Navarra, Comunidad Foral de;Mujeres;1 de enero de 2025;3.620
69 años;15 Navarra, Comunidad Foral de;Mujeres;1 de enero de 2024;3.526
69 años;16 País Vasco;Total;1 de enero de 2025;26.495
69 años;16 País Vasco;Total;1 de enero de 2024;25.429
69 años;16 País Vasco;Hombres;1 de enero de 2025;12.354
69 años;16 País Vasco;Hombres;1 de enero de 2024;11.865
69 años;16 País Vasco;Mujeres;1 de enero de 2025;14.141
69 años;16 País Vasco;Mujeres;1 de enero de 2024;13.564
69 años;17 Rioja, La;Total;1 de enero de 2025;3.630
69 años;17 Rioja, La;Total;1 de enero de 2024;3.495
69 años;17 Rioja, La;Hombres;1 de enero de 2025;1.717
69 años;17 Rioja, La;Hombres;1 de enero de 2024;1.715
69 años;17 Rioja, La;Mujeres;1 de enero de 2025;1.913
69 años;17 Rioja, La;Mujeres;1 de enero de 2024;1.780
69 años;18 Ceuta;Total;1 de enero de 2025;703
69 años;18 Ceuta;Total;1 de enero de 2024;673
69 años;18 Ceuta;Hombres;1 de enero de 2025;342
69 años;18 Ceuta;Hombres;1 de enero de 2024;309
69 años;18 Ceuta;Mujeres;1 de enero de 2025;361
69 años;18 Ceuta;Mujeres;1 de enero de 2024;364
69 años;19 Melilla;Total;1 de enero de 2025;702
69 años;19 Melilla;Total;1 de enero de 2024;627
69 años;19 Melilla;Hombres;1 de enero de 2025;368
69 años;19 Melilla;Hombres;1 de enero de 2024;314
69 años;19 Melilla;Mujeres;1 de enero de 2025;334
69 años;19 Melilla;Mujeres;1 de enero de 2024;313
70 años;01 Andalucía;Total;1 de enero de 2025;82.533
70 años;01 Andalucía;Total;1 de enero de 2024;83.874
70 años;01 Andalucía;Hombres;1 de enero de 2025;38.782
70 años;01 Andalucía;Hombres;1 de enero de 2024;39.805
70 años;01 Andalucía;Mujeres;1 de enero de 2025;43.751
70 años;01 Andalucía;Mujeres;1 de enero de 2024;44.069
70 años;02 Aragón;Total;1 de enero de 2025;13.951
70 años;02 Aragón;Total;1 de enero de 2024;14.113
70 años;02 Aragón;Hombres;1 de enero de 2025;6.629
70 años;02 Aragón;Hombres;1 de enero de 2024;6.675
70 años;02 Aragón;Mujeres;1 de enero de 2025;7.322
70 años;02 Aragón;Mujeres;1 de enero de 2024;7.438
70 años;03 Asturias, Principado de;Total;1 de enero de 2025;13.850
70 años;03 Asturias, Principado de;Total;1 de enero de 2024;13.881
70 años;03 Asturias, Principado de;Hombres;1 de enero de 2025;6.423
70 años;03 Asturias, Principado de;Hombres;1 de enero de 2024;6.392
70 años;03 Asturias, Principado de;Mujeres;1 de enero de 2025;7.427
70 años;03 Asturias, Principado de;Mujeres;1 de enero de 2024;7.489
70 años;04 Balears, Illes;Total;1 de enero de 2025;10.789
70 años;04 Balears, Illes;Total;1 de enero de 2024;10.602
70 años;04 Balears, Illes;Hombres;1 de enero de 2025;5.097
70 años;04 Balears, Illes;Hombres;1 de enero de 2024;5.018
70 años;04 Balears, Illes;Mujeres;1 de enero de 2025;5.692
70 años;04 Balears, Illes;Mujeres;1 de enero de 2024;5.584
70 años;05 Canarias;Total;1 de enero de 2025;21.902
70 años;05 Canarias;Total;1 de enero de 2024;21.266
70 años;05 Canarias;Hombres;1 de enero de 2025;10.296
70 años;05 Canarias;Hombres;1 de enero de 2024;10.049
70 años;05 Canarias;Mujeres;1 de enero de 2025;11.606
70 años;05 Canarias;Mujeres;1 de enero de 2024;11.217
70 años;06 Cantabria;Total;1 de enero de 2025;7.209
70 años;06 Cantabria;Total;1 de enero de 2024;7.165
70 años;06 Cantabria;Hombres;1 de enero de 2025;3.317
70 años;06 Cantabria;Hombres;1 de enero de 2024;3.318
70 años;06 Cantabria;Mujeres;1 de enero de 2025;3.892
70 años;06 Cantabria;Mujeres;1 de enero de 2024;3.847
70 años;07 Castilla y León;Total;1 de enero de 2025;29.174
70 años;07 Castilla y León;Total;1 de enero de 2024;29.152
70 años;07 Castilla y León;Hombres;1 de enero de 2025;14.452
70 años;07 Castilla y León;Hombres;1 de enero de 2024;14.477
70 años;07 Castilla y León;Mujeres;1 de enero de 2025;14.722
70 años;07 Castilla y León;Mujeres;1 de enero de 2024;14.675
70 años;08 Castilla - La Mancha;Total;1 de enero de 2025;19.611
70 años;08 Castilla - La Mancha;Total;1 de enero de 2024;19.552
70 años;08 Castilla - La Mancha;Hombres;1 de enero de 2025;9.537
70 años;08 Castilla - La Mancha;Hombres;1 de enero de 2024;9.582
70 años;08 Castilla - La Mancha;Mujeres;1 de enero de 2025;10.074
70 años;08 Castilla - La Mancha;Mujeres;1 de enero de 2024;9.970
70 años;09 Cataluña;Total;1 de enero de 2025;76.896
70 años;09 Cataluña;Total;1 de enero de 2024;76.663
70 años;09 Cataluña;Hombres;1 de enero de 2025;35.404
70 años;09 Cataluña;Hombres;1 de enero de 2024;35.425
70 años;09 Cataluña;Mujeres;1 de enero de 2025;41.492
70 años;09 Cataluña;Mujeres;1 de enero de 2024;41.238
70 años;10 Comunitat Valenciana;Total;1 de enero de 2025;54.068
70 años;10 Comunitat Valenciana;Total;1 de enero de 2024;53.939
70 años;10 Comunitat Valenciana;Hombres;1 de enero de 2025;25.206
70 años;10 Comunitat Valenciana;Hombres;1 de enero de 2024;25.239
70 años;10 Comunitat Valenciana;Mujeres;1 de enero de 2025;28.862
70 años;10 Comunitat Valenciana;Mujeres;1 de enero de 2024;28.700
70 años;11 Extremadura;Total;1 de enero de 2025;11.117
70 años;11 Extremadura;Total;1 de enero de 2024;11.280
70 años;11 Extremadura;Hombres;1 de enero de 2025;5.495
70 años;11 Extremadura;Hombres;1 de enero de 2024;5.682
70 años;11 Extremadura;Mujeres;1 de enero de 2025;5.622
70 años;11 Extremadura;Mujeres;1 de enero de 2024;5.598
70 años;12 Galicia;Total;1 de enero de 2025;32.797
70 años;12 Galicia;Total;1 de enero de 2024;32.790
70 años;12 Galicia;Hombres;1 de enero de 2025;15.356
70 años;12 Galicia;Hombres;1 de enero de 2024;15.338
70 años;12 Galicia;Mujeres;1 de enero de 2025;17.441
70 años;12 Galicia;Mujeres;1 de enero de 2024;17.452
70 años;13 Madrid, Comunidad de;Total;1 de enero de 2025;62.562
70 años;13 Madrid, Comunidad de;Total;1 de enero de 2024;62.620
70 años;13 Madrid, Comunidad de;Hombres;1 de enero de 2025;27.384
70 años;13 Madrid, Comunidad de;Hombres;1 de enero de 2024;27.696
70 años;13 Madrid, Comunidad de;Mujeres;1 de enero de 2025;35.178
70 años;13 Madrid, Comunidad de;Mujeres;1 de enero de 2024;34.924
70 años;14 Murcia, Región de;Total;1 de enero de 2025;13.168
70 años;14 Murcia, Región de;Total;1 de enero de 2024;13.271
70 años;14 Murcia, Región de;Hombres;1 de enero de 2025;6.264
70 años;14 Murcia, Región de;Hombres;1 de enero de 2024;6.320
70 años;14 Murcia, Región de;Mujeres;1 de enero de 2025;6.904
70 años;14 Murcia, Región de;Mujeres;1 de enero de 2024;6.951
70 años;15 Navarra, Comunidad Foral de;Total;1 de enero de 2025;6.703
70 años;15 Navarra, Comunidad Foral de;Total;1 de enero de 2024;6.665
70 años;15 Navarra, Comunidad Foral de;Hombres;1 de enero de 2025;3.226
70 años;15 Navarra, Comunidad Foral de;Hombres;1 de enero de 2024;3.202
70 años;15 Navarra, Comunidad Foral de;Mujeres;1 de enero de 2025;3.477
70 años;15 Navarra, Comunidad Foral de;Mujeres;1 de enero de 2024;3.463
70 años;16 País Vasco;Total;1 de enero de 2025;25.184
70 años;16 País Vasco;Total;1 de enero de 2024;25.268
70 años;16 País Vasco;Hombres;1 de enero de 2025;11.693
70 años;16 País Vasco;Hombres;1 de enero de 2024;11.789
70 años;16 País Vasco;Mujeres;1 de enero de 2025;13.491
70 años;16 País Vasco;Mujeres;1 de enero de 2024;13.479
70 años;17 Rioja, La;Total;1 de enero de 2025;3.471
70 años;17 Rioja, La;Total;1 de enero de 2024;3.386
70 años;17 Rioja, La;Hombres;1 de enero de 2025;1.695
70 años;17 Rioja, La;Hombres;1 de enero de 2024;1.676
70 años;17 Rioja, La;Mujeres;1 de enero de 2025;1.776
70 años;17 Rioja, La;Mujeres;1 de enero de 2024;1.710
70 años;18 Ceuta;Total;1 de enero de 2025;660
70 años;18 Ceuta;Total;1 de enero de 2024;639
70 años;18 Ceuta;Hombres;1 de enero de 2025;302
70 años;18 Ceuta;Hombres;1 de enero de 2024;321
70 años;18 Ceuta;Mujeres;1 de enero de 2025;358
70 años;18 Ceuta;Mujeres;1 de enero de 2024;318
70 años;19 Melilla;Total;1 de enero de 2025;622
70 años;19 Melilla;Total;1 de enero de 2024;585
70 años;19 Melilla;Hombres;1 de enero de 2025;312
70 años;19 Melilla;Hombres;1 de enero de 2024;293
70 años;19 Melilla;Mujeres;1 de enero de 2025;310
70 años;19 Melilla;Mujeres;1 de enero de 2024;292
71 años;01 Andalucía;Total;1 de enero de 2025;82.803
71 años;01 Andalucía;Total;1 de enero de 2024;81.446
71 años;01 Andalucía;Hombres;1 de enero de 2025;39.039
71 años;01 Andalucía;Hombres;1 de enero de 2024;38.519
71 años;01 Andalucía;Mujeres;1 de enero de 2025;43.764
71 años;01 Andalucía;Mujeres;1 de enero de 2024;42.927
71 años;02 Aragón;Total;1 de enero de 2025;13.982
71 años;02 Aragón;Total;1 de enero de 2024;14.152
71 años;02 Aragón;Hombres;1 de enero de 2025;6.584
71 años;02 Aragón;Hombres;1 de enero de 2024;6.697
71 años;02 Aragón;Mujeres;1 de enero de 2025;7.398
71 años;02 Aragón;Mujeres;1 de enero de 2024;7.455
71 años;03 Asturias, Principado de;Total;1 de enero de 2025;13.757
71 años;03 Asturias, Principado de;Total;1 de enero de 2024;13.596
71 años;03 Asturias, Principado de;Hombres;1 de enero de 2025;6.307
71 años;03 Asturias, Principado de;Hombres;1 de enero de 2024;6.232
71 años;03 Asturias, Principado de;Mujeres;1 de enero de 2025;7.450
71 años;03 Asturias, Principado de;Mujeres;1 de enero de 2024;7.364
71 años;04 Balears, Illes;Total;1 de enero de 2025;10.430
71 años;04 Balears, Illes;Total;1 de enero de 2024;10.642
71 años;04 Balears, Illes;Hombres;1 de enero de 2025;4.904
71 años;04 Balears, Illes;Hombres;1 de enero de 2024;5.109
71 años;04 Balears, Illes;Mujeres;1 de enero de 2025;5.526
71 años;04 Balears, Illes;Mujeres;1 de enero de 2024;5.533
71 años;05 Canarias;Total;1 de enero de 2025;20.904
71 años;05 Canarias;Total;1 de enero de 2024;20.570
71 años;05 Canarias;Hombres;1 de enero de 2025;9.794
71 años;05 Canarias;Hombres;1 de enero de 2024;9.862
71 años;05 Canarias;Mujeres;1 de enero de 2025;11.110
71 años;05 Canarias;Mujeres;1 de enero de 2024;10.708
71 años;06 Cantabria;Total;1 de enero de 2025;7.084
71 años;06 Cantabria;Total;1 de enero de 2024;6.954
71 años;06 Cantabria;Hombres;1 de enero de 2025;3.262
71 años;06 Cantabria;Hombres;1 de enero de 2024;3.293
71 años;06 Cantabria;Mujeres;1 de enero de 2025;3.822
71 años;06 Cantabria;Mujeres;1 de enero de 2024;3.661
71 años;07 Castilla y León;Total;1 de enero de 2025;28.836
71 años;07 Castilla y León;Total;1 de enero de 2024;28.342
71 años;07 Castilla y León;Hombres;1 de enero de 2025;14.265
71 años;07 Castilla y León;Hombres;1 de enero de 2024;14.045
71 años;07 Castilla y León;Mujeres;1 de enero de 2025;14.571
71 años;07 Castilla y León;Mujeres;1 de enero de 2024;14.297
71 años;08 Castilla - La Mancha;Total;1 de enero de 2025;19.407
71 años;08 Castilla - La Mancha;Total;1 de enero de 2024;19.445
71 años;08 Castilla - La Mancha;Hombres;1 de enero de 2025;9.459
71 años;08 Castilla - La Mancha;Hombres;1 de enero de 2024;9.421
71 años;08 Castilla - La Mancha;Mujeres;1 de enero de 2025;9.948
71 años;08 Castilla - La Mancha;Mujeres;1 de enero de 2024;10.024
71 años;09 Cataluña;Total;1 de enero de 2025;75.890
71 años;09 Cataluña;Total;1 de enero de 2024;75.625
71 años;09 Cataluña;Hombres;1 de enero de 2025;34.894
71 años;09 Cataluña;Hombres;1 de enero de 2024;34.758
71 años;09 Cataluña;Mujeres;1 de enero de 2025;40.996
71 años;09 Cataluña;Mujeres;1 de enero de 2024;40.867
71 años;10 Comunitat Valenciana;Total;1 de enero de 2025;53.467
71 años;10 Comunitat Valenciana;Total;1 de enero de 2024;54.200
71 años;10 Comunitat Valenciana;Hombres;1 de enero de 2025;24.865
71 años;10 Comunitat Valenciana;Hombres;1 de enero de 2024;25.350
71 años;10 Comunitat Valenciana;Mujeres;1 de enero de 2025;28.602
71 años;10 Comunitat Valenciana;Mujeres;1 de enero de 2024;28.850
71 años;11 Extremadura;Total;1 de enero de 2025;11.131
71 años;11 Extremadura;Total;1 de enero de 2024;11.079
71 años;11 Extremadura;Hombres;1 de enero de 2025;5.563
71 años;11 Extremadura;Hombres;1 de enero de 2024;5.489
71 años;11 Extremadura;Mujeres;1 de enero de 2025;5.568
71 años;11 Extremadura;Mujeres;1 de enero de 2024;5.590
71 años;12 Galicia;Total;1 de enero de 2025;32.528
71 años;12 Galicia;Total;1 de enero de 2024;32.539
71 años;12 Galicia;Hombres;1 de enero de 2025;15.123
71 años;12 Galicia;Hombres;1 de enero de 2024;15.211
71 años;12 Galicia;Mujeres;1 de enero de 2025;17.405
71 años;12 Galicia;Mujeres;1 de enero de 2024;17.328
71 años;13 Madrid, Comunidad de;Total;1 de enero de 2025;61.932
71 años;13 Madrid, Comunidad de;Total;1 de enero de 2024;61.648
71 años;13 Madrid, Comunidad de;Hombres;1 de enero de 2025;27.268
71 años;13 Madrid, Comunidad de;Hombres;1 de enero de 2024;27.279
71 años;13 Madrid, Comunidad de;Mujeres;1 de enero de 2025;34.664
71 años;13 Madrid, Comunidad de;Mujeres;1 de enero de 2024;34.369
71 años;14 Murcia, Región de;Total;1 de enero de 2025;13.121
71 años;14 Murcia, Región de;Total;1 de enero de 2024;12.905
71 años;14 Murcia, Región de;Hombres;1 de enero de 2025;6.212
71 años;14 Murcia, Región de;Hombres;1 de enero de 2024;6.109
71 años;14 Murcia, Región de;Mujeres;1 de enero de 2025;6.909
71 años;14 Murcia, Región de;Mujeres;1 de enero de 2024;6.796
71 años;15 Navarra, Comunidad Foral de;Total;1 de enero de 2025;6.572
71 años;15 Navarra, Comunidad Foral de;Total;1 de enero de 2024;6.667
71 años;15 Navarra, Comunidad Foral de;Hombres;1 de enero de 2025;3.123
71 años;15 Navarra, Comunidad Foral de;Hombres;1 de enero de 2024;3.185
71 años;15 Navarra, Comunidad Foral de;Mujeres;1 de enero de 2025;3.449
71 años;15 Navarra, Comunidad Foral de;Mujeres;1 de enero de 2024;3.482
71 años;16 País Vasco;Total;1 de enero de 2025;24.990
71 años;16 País Vasco;Total;1 de enero de 2024;24.868
71 años;16 País Vasco;Hombres;1 de enero de 2025;11.596
71 años;16 País Vasco;Hombres;1 de enero de 2024;11.603
71 años;16 País Vasco;Mujeres;1 de enero de 2025;13.394
71 años;16 País Vasco;Mujeres;1 de enero de 2024;13.265
71 años;17 Rioja, La;Total;1 de enero de 2025;3.369
71 años;17 Rioja, La;Total;1 de enero de 2024;3.268
71 años;17 Rioja, La;Hombres;1 de enero de 2025;1.656
71 años;17 Rioja, La;Hombres;1 de enero de 2024;1.569
71 años;17 Rioja, La;Mujeres;1 de enero de 2025;1.713
71 años;17 Rioja, La;Mujeres;1 de enero de 2024;1.699
71 años;18 Ceuta;Total;1 de enero de 2025;626
71 años;18 Ceuta;Total;1 de enero de 2024;577
71 años;18 Ceuta;Hombres;1 de enero de 2025;314
71 años;18 Ceuta;Hombres;1 de enero de 2024;285
71 años;18 Ceuta;Mujeres;1 de enero de 2025;312
71 años;18 Ceuta;Mujeres;1 de enero de 2024;292
71 años;19 Melilla;Total;1 de enero de 2025;574
71 años;19 Melilla;Total;1 de enero de 2024;590
71 años;19 Melilla;Hombres;1 de enero de 2025;286
71 años;19 Melilla;Hombres;1 de enero de 2024;310
71 años;19 Melilla;Mujeres;1 de enero de 2025;288
71 años;19 Melilla;Mujeres;1 de enero de 2024;280
72 años;01 Andalucía;Total;1 de enero de 2025;80.166
72 años;01 Andalucía;Total;1 de enero de 2024;74.824
72 años;01 Andalucía;Hombres;1 de enero de 2025;37.668
72 años;01 Andalucía;Hombres;1 de enero de 2024;34.991
72 años;01 Andalucía;Mujeres;1 de enero de 2025;42.498
72 años;01 Andalucía;Mujeres;1 de enero de 2024;39.833
72 años;02 Aragón;Total;1 de enero de 2025;13.976
72 años;02 Aragón;Total;1 de enero de 2024;12.927
72 años;02 Aragón;Hombres;1 de enero de 2025;6.569
72 años;02 Aragón;Hombres;1 de enero de 2024;6.042
72 años;02 Aragón;Mujeres;1 de enero de 2025;7.407
72 años;02 Aragón;Mujeres;1 de enero de 2024;6.885
72 años;03 Asturias, Principado de;Total;1 de enero de 2025;13.451
72 años;03 Asturias, Principado de;Total;1 de enero de 2024;12.548
72 años;03 Asturias, Principado de;Hombres;1 de enero de 2025;6.131
72 años;03 Asturias, Principado de;Hombres;1 de enero de 2024;5.778
72 años;03 Asturias, Principado de;Mujeres;1 de enero de 2025;7.320
72 años;03 Asturias, Principado de;Mujeres;1 de enero de 2024;6.770
72 años;04 Balears, Illes;Total;1 de enero de 2025;10.465
72 años;04 Balears, Illes;Total;1 de enero de 2024;9.780
72 años;04 Balears, Illes;Hombres;1 de enero de 2025;4.967
72 años;04 Balears, Illes;Hombres;1 de enero de 2024;4.630
72 años;04 Balears, Illes;Mujeres;1 de enero de 2025;5.498
72 años;04 Balears, Illes;Mujeres;1 de enero de 2024;5.150
72 años;05 Canarias;Total;1 de enero de 2025;20.202
72 años;05 Canarias;Total;1 de enero de 2024;19.695
72 años;05 Canarias;Hombres;1 de enero de 2025;9.594
72 años;05 Canarias;Hombres;1 de enero de 2024;9.256
72 años;05 Canarias;Mujeres;1 de enero de 2025;10.608
72 años;05 Canarias;Mujeres;1 de enero de 2024;10.439
72 años;06 Cantabria;Total;1 de enero de 2025;6.849
72 años;06 Cantabria;Total;1 de enero de 2024;6.540
72 años;06 Cantabria;Hombres;1 de enero de 2025;3.228
72 años;06 Cantabria;Hombres;1 de enero de 2024;3.061
72 años;06 Cantabria;Mujeres;1 de enero de 2025;3.621
72 años;06 Cantabria;Mujeres;1 de enero de 2024;3.479
72 años;07 Castilla y León;Total;1 de enero de 2025;28.061
72 años;07 Castilla y León;Total;1 de enero de 2024;26.348
72 años;07 Castilla y León;Hombres;1 de enero de 2025;13.836
72 años;07 Castilla y León;Hombres;1 de enero de 2024;12.904
72 años;07 Castilla y León;Mujeres;1 de enero de 2025;14.225
72 años;07 Castilla y León;Mujeres;1 de enero de 2024;13.444
72 años;08 Castilla - La Mancha;Total;1 de enero de 2025;19.246
72 años;08 Castilla - La Mancha;Total;1 de enero de 2024;17.319
72 años;08 Castilla - La Mancha;Hombres;1 de enero de 2025;9.259
72 años;08 Castilla - La Mancha;Hombres;1 de enero de 2024;8.382
72 años;08 Castilla - La Mancha;Mujeres;1 de enero de 2025;9.987
72 años;08 Castilla - La Mancha;Mujeres;1 de enero de 2024;8.937
72 años;09 Cataluña;Total;1 de enero de 2025;74.659
72 años;09 Cataluña;Total;1 de enero de 2024;70.521
72 años;09 Cataluña;Hombres;1 de enero de 2025;34.122
72 años;09 Cataluña;Hombres;1 de enero de 2024;32.142
72 años;09 Cataluña;Mujeres;1 de enero de 2025;40.537
72 años;09 Cataluña;Mujeres;1 de enero de 2024;38.379
72 años;10 Comunitat Valenciana;Total;1 de enero de 2025;53.643
72 años;10 Comunitat Valenciana;Total;1 de enero de 2024;50.244
72 años;10 Comunitat Valenciana;Hombres;1 de enero de 2025;24.905
72 años;10 Comunitat Valenciana;Hombres;1 de enero de 2024;23.314
72 años;10 Comunitat Valenciana;Mujeres;1 de enero de 2025;28.738
72 años;10 Comunitat Valenciana;Mujeres;1 de enero de 2024;26.930
72 años;11 Extremadura;Total;1 de enero de 2025;10.947
72 años;11 Extremadura;Total;1 de enero de 2024;10.364
72 años;11 Extremadura;Hombres;1 de enero de 2025;5.386
72 años;11 Extremadura;Hombres;1 de enero de 2024;5.094
72 años;11 Extremadura;Mujeres;1 de enero de 2025;5.561
72 años;11 Extremadura;Mujeres;1 de enero de 2024;5.270
72 años;12 Galicia;Total;1 de enero de 2025;32.137
72 años;12 Galicia;Total;1 de enero de 2024;29.941
72 años;12 Galicia;Hombres;1 de enero de 2025;14.931
72 años;12 Galicia;Hombres;1 de enero de 2024;13.806
72 años;12 Galicia;Mujeres;1 de enero de 2025;17.206
72 años;12 Galicia;Mujeres;1 de enero de 2024;16.135
72 años;13 Madrid, Comunidad de;Total;1 de enero de 2025;61.027
72 años;13 Madrid, Comunidad de;Total;1 de enero de 2024;57.942
72 años;13 Madrid, Comunidad de;Hombres;1 de enero de 2025;26.884
72 años;13 Madrid, Comunidad de;Hombres;1 de enero de 2024;25.497
72 años;13 Madrid, Comunidad de;Mujeres;1 de enero de 2025;34.143
72 años;13 Madrid, Comunidad de;Mujeres;1 de enero de 2024;32.445
72 años;14 Murcia, Región de;Total;1 de enero de 2025;12.748
72 años;14 Murcia, Región de;Total;1 de enero de 2024;12.242
72 años;14 Murcia, Región de;Hombres;1 de enero de 2025;5.991
72 años;14 Murcia, Región de;Hombres;1 de enero de 2024;5.673
72 años;14 Murcia, Región de;Mujeres;1 de enero de 2025;6.757
72 años;14 Murcia, Región de;Mujeres;1 de enero de 2024;6.569
72 años;15 Navarra, Comunidad Foral de;Total;1 de enero de 2025;6.571
72 años;15 Navarra, Comunidad Foral de;Total;1 de enero de 2024;6.281
72 años;15 Navarra, Comunidad Foral de;Hombres;1 de enero de 2025;3.112
72 años;15 Navarra, Comunidad Foral de;Hombres;1 de enero de 2024;3.013
72 años;15 Navarra, Comunidad Foral de;Mujeres;1 de enero de 2025;3.459
72 años;15 Navarra, Comunidad Foral de;Mujeres;1 de enero de 2024;3.268
72 años;16 País Vasco;Total;1 de enero de 2025;24.648
72 años;16 País Vasco;Total;1 de enero de 2024;23.117
72 años;16 País Vasco;Hombres;1 de enero de 2025;11.458
72 años;16 País Vasco;Hombres;1 de enero de 2024;10.644
72 años;16 País Vasco;Mujeres;1 de enero de 2025;13.190
72 años;16 País Vasco;Mujeres;1 de enero de 2024;12.473
72 años;17 Rioja, La;Total;1 de enero de 2025;3.230
72 años;17 Rioja, La;Total;1 de enero de 2024;3.112
72 años;17 Rioja, La;Hombres;1 de enero de 2025;1.538
72 años;17 Rioja, La;Hombres;1 de enero de 2024;1.492
72 años;17 Rioja, La;Mujeres;1 de enero de 2025;1.692
72 años;17 Rioja, La;Mujeres;1 de enero de 2024;1.620
72 años;18 Ceuta;Total;1 de enero de 2025;551
72 años;18 Ceuta;Total;1 de enero de 2024;475
72 años;18 Ceuta;Hombres;1 de enero de 2025;268
72 años;18 Ceuta;Hombres;1 de enero de 2024;237
72 años;18 Ceuta;Mujeres;1 de enero de 2025;283
72 años;18 Ceuta;Mujeres;1 de enero de 2024;238
72 años;19 Melilla;Total;1 de enero de 2025;582
72 años;19 Melilla;Total;1 de enero de 2024;469
72 años;19 Melilla;Hombres;1 de enero de 2025;306
72 años;19 Melilla;Hombres;1 de enero de 2024;232
72 años;19 Melilla;Mujeres;1 de enero de 2025;276
72 años;19 Melilla;Mujeres;1 de enero de 2024;237
73 años;01 Andalucía;Total;1 de enero de 2025;73.588
73 años;01 Andalucía;Total;1 de enero de 2024;67.083
73 años;01 Andalucía;Hombres;1 de enero de 2025;34.172
73 años;01 Andalucía;Hombres;1 de enero de 2024;30.984
73 años;01 Andalucía;Mujeres;1 de enero de 2025;39.416
73 años;01 Andalucía;Mujeres;1 de enero de 2024;36.099
73 años;02 Aragón;Total;1 de enero de 2025;12.758
73 años;02 Aragón;Total;1 de enero de 2024;12.663
73 años;02 Aragón;Hombres;1 de enero de 2025;5.932
73 años;02 Aragón;Hombres;1 de enero de 2024;5.921
73 años;02 Aragón;Mujeres;1 de enero de 2025;6.826
73 años;02 Aragón;Mujeres;1 de enero de 2024;6.742
73 años;03 Asturias, Principado de;Total;1 de enero de 2025;12.364
73 años;03 Asturias, Principado de;Total;1 de enero de 2024;12.458
73 años;03 Asturias, Principado de;Hombres;1 de enero de 2025;5.634
73 años;03 Asturias, Principado de;Hombres;1 de enero de 2024;5.720
73 años;03 Asturias, Principado de;Mujeres;1 de enero de 2025;6.730
73 años;03 Asturias, Principado de;Mujeres;1 de enero de 2024;6.738
73 años;04 Balears, Illes;Total;1 de enero de 2025;9.600
73 años;04 Balears, Illes;Total;1 de enero de 2024;9.272
73 años;04 Balears, Illes;Hombres;1 de enero de 2025;4.508
73 años;04 Balears, Illes;Hombres;1 de enero de 2024;4.302
73 años;04 Balears, Illes;Mujeres;1 de enero de 2025;5.092
73 años;04 Balears, Illes;Mujeres;1 de enero de 2024;4.970
73 años;05 Canarias;Total;1 de enero de 2025;19.331
73 años;05 Canarias;Total;1 de enero de 2024;18.542
73 años;05 Canarias;Hombres;1 de enero de 2025;9.006
73 años;05 Canarias;Hombres;1 de enero de 2024;8.769
73 años;05 Canarias;Mujeres;1 de enero de 2025;10.325
73 años;05 Canarias;Mujeres;1 de enero de 2024;9.773
73 años;06 Cantabria;Total;1 de enero de 2025;6.440
73 años;06 Cantabria;Total;1 de enero de 2024;6.426
73 años;06 Cantabria;Hombres;1 de enero de 2025;2.998
73 años;06 Cantabria;Hombres;1 de enero de 2024;2.995
73 años;06 Cantabria;Mujeres;1 de enero de 2025;3.442
73 años;06 Cantabria;Mujeres;1 de enero de 2024;3.431
73 años;07 Castilla y León;Total;1 de enero de 2025;25.999
73 años;07 Castilla y León;Total;1 de enero de 2024;26.537
73 años;07 Castilla y León;Hombres;1 de enero de 2025;12.649
73 años;07 Castilla y León;Hombres;1 de enero de 2024;12.876
73 años;07 Castilla y León;Mujeres;1 de enero de 2025;13.350
73 años;07 Castilla y León;Mujeres;1 de enero de 2024;13.661
73 años;08 Castilla - La Mancha;Total;1 de enero de 2025;17.098
73 años;08 Castilla - La Mancha;Total;1 de enero de 2024;17.324
73 años;08 Castilla - La Mancha;Hombres;1 de enero de 2025;8.206
73 años;08 Castilla - La Mancha;Hombres;1 de enero de 2024;8.281
73 años;08 Castilla - La Mancha;Mujeres;1 de enero de 2025;8.892
73 años;08 Castilla - La Mancha;Mujeres;1 de enero de 2024;9.043
73 años;09 Cataluña;Total;1 de enero de 2025;69.533
73 años;09 Cataluña;Total;1 de enero de 2024;67.748
73 años;09 Cataluña;Hombres;1 de enero de 2025;31.436
73 años;09 Cataluña;Hombres;1 de enero de 2024;30.554
73 años;09 Cataluña;Mujeres;1 de enero de 2025;38.097
73 años;09 Cataluña;Mujeres;1 de enero de 2024;37.194
73 años;10 Comunitat Valenciana;Total;1 de enero de 2025;49.561
73 años;10 Comunitat Valenciana;Total;1 de enero de 2024;48.222
73 años;10 Comunitat Valenciana;Hombres;1 de enero de 2025;22.863
73 años;10 Comunitat Valenciana;Hombres;1 de enero de 2024;22.097
73 años;10 Comunitat Valenciana;Mujeres;1 de enero de 2025;26.698
73 años;10 Comunitat Valenciana;Mujeres;1 de enero de 2024;26.125
73 años;11 Extremadura;Total;1 de enero de 2025;10.188
73 años;11 Extremadura;Total;1 de enero de 2024;9.371
73 años;11 Extremadura;Hombres;1 de enero de 2025;4.962
73 años;11 Extremadura;Hombres;1 de enero de 2024;4.508
73 años;11 Extremadura;Mujeres;1 de enero de 2025;5.226
73 años;11 Extremadura;Mujeres;1 de enero de 2024;4.863
73 años;12 Galicia;Total;1 de enero de 2025;29.575
73 años;12 Galicia;Total;1 de enero de 2024;30.481
73 años;12 Galicia;Hombres;1 de enero de 2025;13.555
73 años;12 Galicia;Hombres;1 de enero de 2024;14.095
73 años;12 Galicia;Mujeres;1 de enero de 2025;16.020
73 años;12 Galicia;Mujeres;1 de enero de 2024;16.386
73 años;13 Madrid, Comunidad de;Total;1 de enero de 2025;57.375
73 años;13 Madrid, Comunidad de;Total;1 de enero de 2024;56.875
73 años;13 Madrid, Comunidad de;Hombres;1 de enero de 2025;25.098
73 años;13 Madrid, Comunidad de;Hombres;1 de enero de 2024;25.064
73 años;13 Madrid, Comunidad de;Mujeres;1 de enero de 2025;32.277
73 años;13 Madrid, Comunidad de;Mujeres;1 de enero de 2024;31.811
73 años;14 Murcia, Región de;Total;1 de enero de 2025;12.083
73 años;14 Murcia, Región de;Total;1 de enero de 2024;11.542
73 años;14 Murcia, Región de;Hombres;1 de enero de 2025;5.558
73 años;14 Murcia, Región de;Hombres;1 de enero de 2024;5.264
73 años;14 Murcia, Región de;Mujeres;1 de enero de 2025;6.525
73 años;14 Murcia, Región de;Mujeres;1 de enero de 2024;6.278
73 años;15 Navarra, Comunidad Foral de;Total;1 de enero de 2025;6.180
73 años;15 Navarra, Comunidad Foral de;Total;1 de enero de 2024;6.054
73 años;15 Navarra, Comunidad Foral de;Hombres;1 de enero de 2025;2.941
73 años;15 Navarra, Comunidad Foral de;Hombres;1 de enero de 2024;2.880
73 años;15 Navarra, Comunidad Foral de;Mujeres;1 de enero de 2025;3.239
73 años;15 Navarra, Comunidad Foral de;Mujeres;1 de enero de 2024;3.174
73 años;16 País Vasco;Total;1 de enero de 2025;22.820
73 años;16 País Vasco;Total;1 de enero de 2024;23.218
73 años;16 País Vasco;Hombres;1 de enero de 2025;10.436
73 años;16 País Vasco;Hombres;1 de enero de 2024;10.530
73 años;16 País Vasco;Mujeres;1 de enero de 2025;12.384
73 años;16 País Vasco;Mujeres;1 de enero de 2024;12.688
73 años;17 Rioja, La;Total;1 de enero de 2025;3.059
73 años;17 Rioja, La;Total;1 de enero de 2024;3.043
73 años;17 Rioja, La;Hombres;1 de enero de 2025;1.452
73 años;17 Rioja, La;Hombres;1 de enero de 2024;1.502
73 años;17 Rioja, La;Mujeres;1 de enero de 2025;1.607
73 años;17 Rioja, La;Mujeres;1 de enero de 2024;1.541
73 años;18 Ceuta;Total;1 de enero de 2025;460
73 años;18 Ceuta;Total;1 de enero de 2024;477
73 años;18 Ceuta;Hombres;1 de enero de 2025;229
73 años;18 Ceuta;Hombres;1 de enero de 2024;239
73 años;18 Ceuta;Mujeres;1 de enero de 2025;231
73 años;18 Ceuta;Mujeres;1 de enero de 2024;238
73 años;19 Melilla;Total;1 de enero de 2025;468
73 años;19 Melilla;Total;1 de enero de 2024;451
73 años;19 Melilla;Hombres;1 de enero de 2025;232
73 años;19 Melilla;Hombres;1 de enero de 2024;193
73 años;19 Melilla;Mujeres;1 de enero de 2025;236
73 años;19 Melilla;Mujeres;1 de enero de 2024;258
74 años;01 Andalucía;Total;1 de enero de 2025;65.885
74 años;01 Andalucía;Total;1 de enero de 2024;71.643
74 años;01 Andalucía;Hombres;1 de enero de 2025;30.232
74 años;01 Andalucía;Hombres;1 de enero de 2024;32.839
74 años;01 Andalucía;Mujeres;1 de enero de 2025;35.653
74 años;01 Andalucía;Mujeres;1 de enero de 2024;38.804
74 años;02 Aragón;Total;1 de enero de 2025;12.490
74 años;02 Aragón;Total;1 de enero de 2024;12.889
74 años;02 Aragón;Hombres;1 de enero de 2025;5.792
74 años;02 Aragón;Hombres;1 de enero de 2024;5.894
74 años;02 Aragón;Mujeres;1 de enero de 2025;6.698
74 años;02 Aragón;Mujeres;1 de enero de 2024;6.995
74 años;03 Asturias, Principado de;Total;1 de enero de 2025;12.281
74 años;03 Asturias, Principado de;Total;1 de enero de 2024;12.580
74 años;03 Asturias, Principado de;Hombres;1 de enero de 2025;5.591
74 años;03 Asturias, Principado de;Hombres;1 de enero de 2024;5.601
74 años;03 Asturias, Principado de;Mujeres;1 de enero de 2025;6.690
74 años;03 Asturias, Principado de;Mujeres;1 de enero de 2024;6.979
74 años;04 Balears, Illes;Total;1 de enero de 2025;9.087
74 años;04 Balears, Illes;Total;1 de enero de 2024;9.283
74 años;04 Balears, Illes;Hombres;1 de enero de 2025;4.180
74 años;04 Balears, Illes;Hombres;1 de enero de 2024;4.297
74 años;04 Balears, Illes;Mujeres;1 de enero de 2025;4.907
74 años;04 Balears, Illes;Mujeres;1 de enero de 2024;4.986
74 años;05 Canarias;Total;1 de enero de 2025;18.096
74 años;05 Canarias;Total;1 de enero de 2024;17.749
74 años;05 Canarias;Hombres;1 de enero de 2025;8.448
74 años;05 Canarias;Hombres;1 de enero de 2024;8.303
74 años;05 Canarias;Mujeres;1 de enero de 2025;9.648
74 años;05 Canarias;Mujeres;1 de enero de 2024;9.446
74 años;06 Cantabria;Total;1 de enero de 2025;6.325
74 años;06 Cantabria;Total;1 de enero de 2024;6.333
74 años;06 Cantabria;Hombres;1 de enero de 2025;2.923
74 años;06 Cantabria;Hombres;1 de enero de 2024;2.873
74 años;06 Cantabria;Mujeres;1 de enero de 2025;3.402
74 años;06 Cantabria;Mujeres;1 de enero de 2024;3.460
74 años;07 Castilla y León;Total;1 de enero de 2025;26.122
74 años;07 Castilla y León;Total;1 de enero de 2024;26.542
74 años;07 Castilla y León;Hombres;1 de enero de 2025;12.578
74 años;07 Castilla y León;Hombres;1 de enero de 2024;12.597
74 años;07 Castilla y León;Mujeres;1 de enero de 2025;13.544
74 años;07 Castilla y León;Mujeres;1 de enero de 2024;13.945
74 años;08 Castilla - La Mancha;Total;1 de enero de 2025;17.128
74 años;08 Castilla - La Mancha;Total;1 de enero de 2024;17.372
74 años;08 Castilla - La Mancha;Hombres;1 de enero de 2025;8.124
74 años;08 Castilla - La Mancha;Hombres;1 de enero de 2024;8.237
74 años;08 Castilla - La Mancha;Mujeres;1 de enero de 2025;9.004
74 años;08 Castilla - La Mancha;Mujeres;1 de enero de 2024;9.135
74 años;09 Cataluña;Total;1 de enero de 2025;66.785
74 años;09 Cataluña;Total;1 de enero de 2024;69.887
74 años;09 Cataluña;Hombres;1 de enero de 2025;29.918
74 años;09 Cataluña;Hombres;1 de enero de 2024;31.425
74 años;09 Cataluña;Mujeres;1 de enero de 2025;36.867
74 años;09 Cataluña;Mujeres;1 de enero de 2024;38.462
74 años;10 Comunitat Valenciana;Total;1 de enero de 2025;47.474
74 años;10 Comunitat Valenciana;Total;1 de enero de 2024;48.555
74 años;10 Comunitat Valenciana;Hombres;1 de enero de 2025;21.618
74 años;10 Comunitat Valenciana;Hombres;1 de enero de 2024;21.838
74 años;10 Comunitat Valenciana;Mujeres;1 de enero de 2025;25.856
74 años;10 Comunitat Valenciana;Mujeres;1 de enero de 2024;26.717
74 años;11 Extremadura;Total;1 de enero de 2025;9.225
74 años;11 Extremadura;Total;1 de enero de 2024;9.712
74 años;11 Extremadura;Hombres;1 de enero de 2025;4.384
74 años;11 Extremadura;Hombres;1 de enero de 2024;4.549
74 años;11 Extremadura;Mujeres;1 de enero de 2025;4.841
74 años;11 Extremadura;Mujeres;1 de enero de 2024;5.163
74 años;12 Galicia;Total;1 de enero de 2025;30.061
74 años;12 Galicia;Total;1 de enero de 2024;31.589
74 años;12 Galicia;Hombres;1 de enero de 2025;13.774
74 años;12 Galicia;Hombres;1 de enero de 2024;14.445
74 años;12 Galicia;Mujeres;1 de enero de 2025;16.287
74 años;12 Galicia;Mujeres;1 de enero de 2024;17.144
74 años;13 Madrid, Comunidad de;Total;1 de enero de 2025;56.187
74 años;13 Madrid, Comunidad de;Total;1 de enero de 2024;58.297
74 años;13 Madrid, Comunidad de;Hombres;1 de enero de 2025;24.552
74 años;13 Madrid, Comunidad de;Hombres;1 de enero de 2024;25.168
74 años;13 Madrid, Comunidad de;Mujeres;1 de enero de 2025;31.635
74 años;13 Madrid, Comunidad de;Mujeres;1 de enero de 2024;33.129
74 años;14 Murcia, Región de;Total;1 de enero de 2025;11.383
74 años;14 Murcia, Región de;Total;1 de enero de 2024;11.422
74 años;14 Murcia, Región de;Hombres;1 de enero de 2025;5.147
74 años;14 Murcia, Región de;Hombres;1 de enero de 2024;5.282
74 años;14 Murcia, Región de;Mujeres;1 de enero de 2025;6.236
74 años;14 Murcia, Región de;Mujeres;1 de enero de 2024;6.140
74 años;15 Navarra, Comunidad Foral de;Total;1 de enero de 2025;5.941
74 años;15 Navarra, Comunidad Foral de;Total;1 de enero de 2024;6.160
74 años;15 Navarra, Comunidad Foral de;Hombres;1 de enero de 2025;2.811
74 años;15 Navarra, Comunidad Foral de;Hombres;1 de enero de 2024;2.937
74 años;15 Navarra, Comunidad Foral de;Mujeres;1 de enero de 2025;3.130
74 años;15 Navarra, Comunidad Foral de;Mujeres;1 de enero de 2024;3.223
74 años;16 País Vasco;Total;1 de enero de 2025;22.927
74 años;16 País Vasco;Total;1 de enero de 2024;23.743
74 años;16 País Vasco;Hombres;1 de enero de 2025;10.336
74 años;16 País Vasco;Hombres;1 de enero de 2024;10.887
74 años;16 País Vasco;Mujeres;1 de enero de 2025;12.591
74 años;16 País Vasco;Mujeres;1 de enero de 2024;12.856
74 años;17 Rioja, La;Total;1 de enero de 2025;2.984
74 años;17 Rioja, La;Total;1 de enero de 2024;3.104
74 años;17 Rioja, La;Hombres;1 de enero de 2025;1.473
74 años;17 Rioja, La;Hombres;1 de enero de 2024;1.475
74 años;17 Rioja, La;Mujeres;1 de enero de 2025;1.511
74 años;17 Rioja, La;Mujeres;1 de enero de 2024;1.629
74 años;18 Ceuta;Total;1 de enero de 2025;463
74 años;18 Ceuta;Total;1 de enero de 2024;462
74 años;18 Ceuta;Hombres;1 de enero de 2025;227
74 años;18 Ceuta;Hombres;1 de enero de 2024;228
74 años;18 Ceuta;Mujeres;1 de enero de 2025;236
74 años;18 Ceuta;Mujeres;1 de enero de 2024;234
74 años;19 Melilla;Total;1 de enero de 2025;438
74 años;19 Melilla;Total;1 de enero de 2024;395
74 años;19 Melilla;Hombres;1 de enero de 2025;194
74 años;19 Melilla;Hombres;1 de enero de 2024;184
74 años;19 Melilla;Mujeres;1 de enero de 2025;244
74 años;19 Melilla;Mujeres;1 de enero de 2024;211
75 años;01 Andalucía;Total;1 de enero de 2025;70.074
75 años;01 Andalucía;Total;1 de enero de 2024;74.477
75 años;01 Andalucía;Hombres;1 de enero de 2025;31.833
75 años;01 Andalucía;Hombres;1 de enero de 2024;33.728
75 años;01 Andalucía;Mujeres;1 de enero de 2025;38.241
75 años;01 Andalucía;Mujeres;1 de enero de 2024;40.749
75 años;02 Aragón;Total;1 de enero de 2025;12.677
75 años;02 Aragón;Total;1 de enero de 2024;13.167
75 años;02 Aragón;Hombres;1 de enero de 2025;5.748
75 años;02 Aragón;Hombres;1 de enero de 2024;6.003
75 años;02 Aragón;Mujeres;1 de enero de 2025;6.929
75 años;02 Aragón;Mujeres;1 de enero de 2024;7.164
75 años;03 Asturias, Principado de;Total;1 de enero de 2025;12.328
75 años;03 Asturias, Principado de;Total;1 de enero de 2024;12.736
75 años;03 Asturias, Principado de;Hombres;1 de enero de 2025;5.457
75 años;03 Asturias, Principado de;Hombres;1 de enero de 2024;5.687
75 años;03 Asturias, Principado de;Mujeres;1 de enero de 2025;6.871
75 años;03 Asturias, Principado de;Mujeres;1 de enero de 2024;7.049
75 años;04 Balears, Illes;Total;1 de enero de 2025;9.064
75 años;04 Balears, Illes;Total;1 de enero de 2024;9.697
75 años;04 Balears, Illes;Hombres;1 de enero de 2025;4.163
75 años;04 Balears, Illes;Hombres;1 de enero de 2024;4.417
75 años;04 Balears, Illes;Mujeres;1 de enero de 2025;4.901
75 años;04 Balears, Illes;Mujeres;1 de enero de 2024;5.280
75 años;05 Canarias;Total;1 de enero de 2025;17.325
75 años;05 Canarias;Total;1 de enero de 2024;17.074
75 años;05 Canarias;Hombres;1 de enero de 2025;8.038
75 años;05 Canarias;Hombres;1 de enero de 2024;7.990
75 años;05 Canarias;Mujeres;1 de enero de 2025;9.287
75 años;05 Canarias;Mujeres;1 de enero de 2024;9.084
75 años;06 Cantabria;Total;1 de enero de 2025;6.214
75 años;06 Cantabria;Total;1 de enero de 2024;6.417
75 años;06 Cantabria;Hombres;1 de enero de 2025;2.795
75 años;06 Cantabria;Hombres;1 de enero de 2024;2.935
75 años;06 Cantabria;Mujeres;1 de enero de 2025;3.419
75 años;06 Cantabria;Mujeres;1 de enero de 2024;3.482
75 años;07 Castilla y León;Total;1 de enero de 2025;26.121
75 años;07 Castilla y León;Total;1 de enero de 2024;27.049
75 años;07 Castilla y León;Hombres;1 de enero de 2025;12.307
75 años;07 Castilla y León;Hombres;1 de enero de 2024;12.921
75 años;07 Castilla y León;Mujeres;1 de enero de 2025;13.814
75 años;07 Castilla y León;Mujeres;1 de enero de 2024;14.128
75 años;08 Castilla - La Mancha;Total;1 de enero de 2025;17.104
75 años;08 Castilla - La Mancha;Total;1 de enero de 2024;18.066
75 años;08 Castilla - La Mancha;Hombres;1 de enero de 2025;8.022
75 años;08 Castilla - La Mancha;Hombres;1 de enero de 2024;8.362
75 años;08 Castilla - La Mancha;Mujeres;1 de enero de 2025;9.082
75 años;08 Castilla - La Mancha;Mujeres;1 de enero de 2024;9.704
75 años;09 Cataluña;Total;1 de enero de 2025;68.797
75 años;09 Cataluña;Total;1 de enero de 2024;72.742
75 años;09 Cataluña;Hombres;1 de enero de 2025;30.671
75 años;09 Cataluña;Hombres;1 de enero de 2024;32.236
75 años;09 Cataluña;Mujeres;1 de enero de 2025;38.126
75 años;09 Cataluña;Mujeres;1 de enero de 2024;40.506
75 años;10 Comunitat Valenciana;Total;1 de enero de 2025;47.649
75 años;10 Comunitat Valenciana;Total;1 de enero de 2024;49.845
75 años;10 Comunitat Valenciana;Hombres;1 de enero de 2025;21.274
75 años;10 Comunitat Valenciana;Hombres;1 de enero de 2024;22.722
75 años;10 Comunitat Valenciana;Mujeres;1 de enero de 2025;26.375
75 años;10 Comunitat Valenciana;Mujeres;1 de enero de 2024;27.123
75 años;11 Extremadura;Total;1 de enero de 2025;9.513
75 años;11 Extremadura;Total;1 de enero de 2024;10.297
75 años;11 Extremadura;Hombres;1 de enero de 2025;4.406
75 años;11 Extremadura;Hombres;1 de enero de 2024;4.733
75 años;11 Extremadura;Mujeres;1 de enero de 2025;5.107
75 años;11 Extremadura;Mujeres;1 de enero de 2024;5.564
75 años;12 Galicia;Total;1 de enero de 2025;31.095
75 años;12 Galicia;Total;1 de enero de 2024;31.843
75 años;12 Galicia;Hombres;1 de enero de 2025;14.073
75 años;12 Galicia;Hombres;1 de enero de 2024;14.482
75 años;12 Galicia;Mujeres;1 de enero de 2025;17.022
75 años;12 Galicia;Mujeres;1 de enero de 2024;17.361
75 años;13 Madrid, Comunidad de;Total;1 de enero de 2025;57.370
75 años;13 Madrid, Comunidad de;Total;1 de enero de 2024;60.306
75 años;13 Madrid, Comunidad de;Hombres;1 de enero de 2025;24.602
75 años;13 Madrid, Comunidad de;Hombres;1 de enero de 2024;25.931
75 años;13 Madrid, Comunidad de;Mujeres;1 de enero de 2025;32.768
75 años;13 Madrid, Comunidad de;Mujeres;1 de enero de 2024;34.375
75 años;14 Murcia, Región de;Total;1 de enero de 2025;11.215
75 años;14 Murcia, Región de;Total;1 de enero de 2024;11.866
75 años;14 Murcia, Región de;Hombres;1 de enero de 2025;5.143
75 años;14 Murcia, Región de;Hombres;1 de enero de 2024;5.362
75 años;14 Murcia, Región de;Mujeres;1 de enero de 2025;6.072
75 años;14 Murcia, Región de;Mujeres;1 de enero de 2024;6.504
75 años;15 Navarra, Comunidad Foral de;Total;1 de enero de 2025;6.060
75 años;15 Navarra, Comunidad Foral de;Total;1 de enero de 2024;6.272
75 años;15 Navarra, Comunidad Foral de;Hombres;1 de enero de 2025;2.870
75 años;15 Navarra, Comunidad Foral de;Hombres;1 de enero de 2024;2.861
75 años;15 Navarra, Comunidad Foral de;Mujeres;1 de enero de 2025;3.190
75 años;15 Navarra, Comunidad Foral de;Mujeres;1 de enero de 2024;3.411
75 años;16 País Vasco;Total;1 de enero de 2025;23.326
75 años;16 País Vasco;Total;1 de enero de 2024;23.941
75 años;16 País Vasco;Hombres;1 de enero de 2025;10.595
75 años;16 País Vasco;Hombres;1 de enero de 2024;10.823
75 años;16 País Vasco;Mujeres;1 de enero de 2025;12.731
75 años;16 País Vasco;Mujeres;1 de enero de 2024;13.118
75 años;17 Rioja, La;Total;1 de enero de 2025;3.057
75 años;17 Rioja, La;Total;1 de enero de 2024;3.110
75 años;17 Rioja, La;Hombres;1 de enero de 2025;1.444
75 años;17 Rioja, La;Hombres;1 de enero de 2024;1.488
75 años;17 Rioja, La;Mujeres;1 de enero de 2025;1.613
75 años;17 Rioja, La;Mujeres;1 de enero de 2024;1.622
75 años;18 Ceuta;Total;1 de enero de 2025;442
75 años;18 Ceuta;Total;1 de enero de 2024;417
75 años;18 Ceuta;Hombres;1 de enero de 2025;218
75 años;18 Ceuta;Hombres;1 de enero de 2024;189
75 años;18 Ceuta;Mujeres;1 de enero de 2025;224
75 años;18 Ceuta;Mujeres;1 de enero de 2024;228
75 años;19 Melilla;Total;1 de enero de 2025;381
75 años;19 Melilla;Total;1 de enero de 2024;358
75 años;19 Melilla;Hombres;1 de enero de 2025;174
75 años;19 Melilla;Hombres;1 de enero de 2024;178
75 años;19 Melilla;Mujeres;1 de enero de 2025;207
75 años;19 Melilla;Mujeres;1 de enero de 2024;180
76 años;01 Andalucía;Total;1 de enero de 2025;72.723
76 años;01 Andalucía;Total;1 de enero de 2024;66.914
76 años;01 Andalucía;Hombres;1 de enero de 2025;32.577
76 años;01 Andalucía;Hombres;1 de enero de 2024;30.052
76 años;01 Andalucía;Mujeres;1 de enero de 2025;40.146
76 años;01 Andalucía;Mujeres;1 de enero de 2024;36.862
76 años;02 Aragón;Total;1 de enero de 2025;12.963
76 años;02 Aragón;Total;1 de enero de 2024;11.957
76 años;02 Aragón;Hombres;1 de enero de 2025;5.869
76 años;02 Aragón;Hombres;1 de enero de 2024;5.400
76 años;02 Aragón;Mujeres;1 de enero de 2025;7.094
76 años;02 Aragón;Mujeres;1 de enero de 2024;6.557
76 años;03 Asturias, Principado de;Total;1 de enero de 2025;12.498
76 años;03 Asturias, Principado de;Total;1 de enero de 2024;11.470
76 años;03 Asturias, Principado de;Hombres;1 de enero de 2025;5.525
76 años;03 Asturias, Principado de;Hombres;1 de enero de 2024;4.931
76 años;03 Asturias, Principado de;Mujeres;1 de enero de 2025;6.973
76 años;03 Asturias, Principado de;Mujeres;1 de enero de 2024;6.539
76 años;04 Balears, Illes;Total;1 de enero de 2025;9.439
76 años;04 Balears, Illes;Total;1 de enero de 2024;8.573
76 años;04 Balears, Illes;Hombres;1 de enero de 2025;4.241
76 años;04 Balears, Illes;Hombres;1 de enero de 2024;3.916
76 años;04 Balears, Illes;Mujeres;1 de enero de 2025;5.198
76 años;04 Balears, Illes;Mujeres;1 de enero de 2024;4.657
76 años;05 Canarias;Total;1 de enero de 2025;16.624
76 años;05 Canarias;Total;1 de enero de 2024;15.882
76 años;05 Canarias;Hombres;1 de enero de 2025;7.682
76 años;05 Canarias;Hombres;1 de enero de 2024;7.212
76 años;05 Canarias;Mujeres;1 de enero de 2025;8.942
76 años;05 Canarias;Mujeres;1 de enero de 2024;8.670
76 años;06 Cantabria;Total;1 de enero de 2025;6.287
76 años;06 Cantabria;Total;1 de enero de 2024;5.702
76 años;06 Cantabria;Hombres;1 de enero de 2025;2.863
76 años;06 Cantabria;Hombres;1 de enero de 2024;2.583
76 años;06 Cantabria;Mujeres;1 de enero de 2025;3.424
76 años;06 Cantabria;Mujeres;1 de enero de 2024;3.119
76 años;07 Castilla y León;Total;1 de enero de 2025;26.551
76 años;07 Castilla y León;Total;1 de enero de 2024;24.036
76 años;07 Castilla y León;Hombres;1 de enero de 2025;12.578
76 años;07 Castilla y León;Hombres;1 de enero de 2024;11.278
76 años;07 Castilla y León;Mujeres;1 de enero de 2025;13.973
76 años;07 Castilla y León;Mujeres;1 de enero de 2024;12.758
76 años;08 Castilla - La Mancha;Total;1 de enero de 2025;17.691
76 años;08 Castilla - La Mancha;Total;1 de enero de 2024;16.028
76 años;08 Castilla - La Mancha;Hombres;1 de enero de 2025;8.128
76 años;08 Castilla - La Mancha;Hombres;1 de enero de 2024;7.426
76 años;08 Castilla - La Mancha;Mujeres;1 de enero de 2025;9.563
76 años;08 Castilla - La Mancha;Mujeres;1 de enero de 2024;8.602
76 años;09 Cataluña;Total;1 de enero de 2025;71.403
76 años;09 Cataluña;Total;1 de enero de 2024;65.372
76 años;09 Cataluña;Hombres;1 de enero de 2025;31.401
76 años;09 Cataluña;Hombres;1 de enero de 2024;28.983
76 años;09 Cataluña;Mujeres;1 de enero de 2025;40.002
76 años;09 Cataluña;Mujeres;1 de enero de 2024;36.389
76 años;10 Comunitat Valenciana;Total;1 de enero de 2025;48.795
76 años;10 Comunitat Valenciana;Total;1 de enero de 2024;44.990
76 años;10 Comunitat Valenciana;Hombres;1 de enero de 2025;22.046
76 años;10 Comunitat Valenciana;Hombres;1 de enero de 2024;20.232
76 años;10 Comunitat Valenciana;Mujeres;1 de enero de 2025;26.749
76 años;10 Comunitat Valenciana;Mujeres;1 de enero de 2024;24.758
76 años;11 Extremadura;Total;1 de enero de 2025;10.092
76 años;11 Extremadura;Total;1 de enero de 2024;9.059
76 años;11 Extremadura;Hombres;1 de enero de 2025;4.601
76 años;11 Extremadura;Hombres;1 de enero de 2024;4.108
76 años;11 Extremadura;Mujeres;1 de enero de 2025;5.491
76 años;11 Extremadura;Mujeres;1 de enero de 2024;4.951
76 años;12 Galicia;Total;1 de enero de 2025;31.247
76 años;12 Galicia;Total;1 de enero de 2024;28.066
76 años;12 Galicia;Hombres;1 de enero de 2025;14.073
76 años;12 Galicia;Hombres;1 de enero de 2024;12.551
76 años;12 Galicia;Mujeres;1 de enero de 2025;17.174
76 años;12 Galicia;Mujeres;1 de enero de 2024;15.515
76 años;13 Madrid, Comunidad de;Total;1 de enero de 2025;59.327
76 años;13 Madrid, Comunidad de;Total;1 de enero de 2024;53.828
76 años;13 Madrid, Comunidad de;Hombres;1 de enero de 2025;25.327
76 años;13 Madrid, Comunidad de;Hombres;1 de enero de 2024;23.200
76 años;13 Madrid, Comunidad de;Mujeres;1 de enero de 2025;34.000
76 años;13 Madrid, Comunidad de;Mujeres;1 de enero de 2024;30.628
76 años;14 Murcia, Región de;Total;1 de enero de 2025;11.628
76 años;14 Murcia, Región de;Total;1 de enero de 2024;10.504
76 años;14 Murcia, Región de;Hombres;1 de enero de 2025;5.193
76 años;14 Murcia, Región de;Hombres;1 de enero de 2024;4.744
76 años;14 Murcia, Región de;Mujeres;1 de enero de 2025;6.435
76 años;14 Murcia, Región de;Mujeres;1 de enero de 2024;5.760
76 años;15 Navarra, Comunidad Foral de;Total;1 de enero de 2025;6.155
76 años;15 Navarra, Comunidad Foral de;Total;1 de enero de 2024;5.775
76 años;15 Navarra, Comunidad Foral de;Hombres;1 de enero de 2025;2.786
76 años;15 Navarra, Comunidad Foral de;Hombres;1 de enero de 2024;2.652
76 años;15 Navarra, Comunidad Foral de;Mujeres;1 de enero de 2025;3.369
76 años;15 Navarra, Comunidad Foral de;Mujeres;1 de enero de 2024;3.123
76 años;16 País Vasco;Total;1 de enero de 2025;23.473
76 años;16 País Vasco;Total;1 de enero de 2024;21.716
76 años;16 País Vasco;Hombres;1 de enero de 2025;10.534
76 años;16 País Vasco;Hombres;1 de enero de 2024;9.708
76 años;16 País Vasco;Mujeres;1 de enero de 2025;12.939
76 años;16 País Vasco;Mujeres;1 de enero de 2024;12.008
76 años;17 Rioja, La;Total;1 de enero de 2025;3.061
76 años;17 Rioja, La;Total;1 de enero de 2024;2.830
76 años;17 Rioja, La;Hombres;1 de enero de 2025;1.442
76 años;17 Rioja, La;Hombres;1 de enero de 2024;1.290
76 años;17 Rioja, La;Mujeres;1 de enero de 2025;1.619
76 años;17 Rioja, La;Mujeres;1 de enero de 2024;1.540
76 años;18 Ceuta;Total;1 de enero de 2025;409
76 años;18 Ceuta;Total;1 de enero de 2024;407
76 años;18 Ceuta;Hombres;1 de enero de 2025;185
76 años;18 Ceuta;Hombres;1 de enero de 2024;181
76 años;18 Ceuta;Mujeres;1 de enero de 2025;224
76 años;18 Ceuta;Mujeres;1 de enero de 2024;226
76 años;19 Melilla;Total;1 de enero de 2025;349
76 años;19 Melilla;Total;1 de enero de 2024;333
76 años;19 Melilla;Hombres;1 de enero de 2025;170
76 años;19 Melilla;Hombres;1 de enero de 2024;150
76 años;19 Melilla;Mujeres;1 de enero de 2025;179
76 años;19 Melilla;Mujeres;1 de enero de 2024;183
77 años;01 Andalucía;Total;1 de enero de 2025;65.175
77 años;01 Andalucía;Total;1 de enero de 2024;59.654
77 años;01 Andalucía;Hombres;1 de enero de 2025;29.013
77 años;01 Andalucía;Hombres;1 de enero de 2024;26.361
77 años;01 Andalucía;Mujeres;1 de enero de 2025;36.162
77 años;01 Andalucía;Mujeres;1 de enero de 2024;33.293
77 años;02 Aragón;Total;1 de enero de 2025;11.726
77 años;02 Aragón;Total;1 de enero de 2024;11.599
77 años;02 Aragón;Hombres;1 de enero de 2025;5.225
77 años;02 Aragón;Hombres;1 de enero de 2024;5.181
77 años;02 Aragón;Mujeres;1 de enero de 2025;6.501
77 años;02 Aragón;Mujeres;1 de enero de 2024;6.418
77 años;03 Asturias, Principado de;Total;1 de enero de 2025;11.223
77 años;03 Asturias, Principado de;Total;1 de enero de 2024;11.280
77 años;03 Asturias, Principado de;Hombres;1 de enero de 2025;4.767
77 años;03 Asturias, Principado de;Hombres;1 de enero de 2024;4.851
77 años;03 Asturias, Principado de;Mujeres;1 de enero de 2025;6.456
77 años;03 Asturias, Principado de;Mujeres;1 de enero de 2024;6.429
77 años;04 Balears, Illes;Total;1 de enero de 2025;8.305
77 años;04 Balears, Illes;Total;1 de enero de 2024;8.061
77 años;04 Balears, Illes;Hombres;1 de enero de 2025;3.753
77 años;04 Balears, Illes;Hombres;1 de enero de 2024;3.678
77 años;04 Balears, Illes;Mujeres;1 de enero de 2025;4.552
77 años;04 Balears, Illes;Mujeres;1 de enero de 2024;4.383
77 años;05 Canarias;Total;1 de enero de 2025;15.447
77 años;05 Canarias;Total;1 de enero de 2024;15.323
77 años;05 Canarias;Hombres;1 de enero de 2025;6.947
77 años;05 Canarias;Hombres;1 de enero de 2024;6.893
77 años;05 Canarias;Mujeres;1 de enero de 2025;8.500
77 años;05 Canarias;Mujeres;1 de enero de 2024;8.430
77 años;06 Cantabria;Total;1 de enero de 2025;5.567
77 años;06 Cantabria;Total;1 de enero de 2024;5.346
77 años;06 Cantabria;Hombres;1 de enero de 2025;2.493
77 años;06 Cantabria;Hombres;1 de enero de 2024;2.399
77 años;06 Cantabria;Mujeres;1 de enero de 2025;3.074
77 años;06 Cantabria;Mujeres;1 de enero de 2024;2.947
77 años;07 Castilla y León;Total;1 de enero de 2025;23.557
77 años;07 Castilla y León;Total;1 de enero de 2024;22.977
77 años;07 Castilla y León;Hombres;1 de enero de 2025;10.954
77 años;07 Castilla y León;Hombres;1 de enero de 2024;10.528
77 años;07 Castilla y León;Mujeres;1 de enero de 2025;12.603
77 años;07 Castilla y León;Mujeres;1 de enero de 2024;12.449
77 años;08 Castilla - La Mancha;Total;1 de enero de 2025;15.713
77 años;08 Castilla - La Mancha;Total;1 de enero de 2024;14.198
77 años;08 Castilla - La Mancha;Hombres;1 de enero de 2025;7.228
77 años;08 Castilla - La Mancha;Hombres;1 de enero de 2024;6.450
77 años;08 Castilla - La Mancha;Mujeres;1 de enero de 2025;8.485
77 años;08 Castilla - La Mancha;Mujeres;1 de enero de 2024;7.748
77 años;09 Cataluña;Total;1 de enero de 2025;64.072
77 años;09 Cataluña;Total;1 de enero de 2024;60.283
77 años;09 Cataluña;Hombres;1 de enero de 2025;28.138
77 años;09 Cataluña;Hombres;1 de enero de 2024;26.439
77 años;09 Cataluña;Mujeres;1 de enero de 2025;35.934
77 años;09 Cataluña;Mujeres;1 de enero de 2024;33.844
77 años;10 Comunitat Valenciana;Total;1 de enero de 2025;43.939
77 años;10 Comunitat Valenciana;Total;1 de enero de 2024;42.003
77 años;10 Comunitat Valenciana;Hombres;1 de enero de 2025;19.577
77 años;10 Comunitat Valenciana;Hombres;1 de enero de 2024;18.753
77 años;10 Comunitat Valenciana;Mujeres;1 de enero de 2025;24.362
77 años;10 Comunitat Valenciana;Mujeres;1 de enero de 2024;23.250
77 años;11 Extremadura;Total;1 de enero de 2025;8.841
77 años;11 Extremadura;Total;1 de enero de 2024;8.147
77 años;11 Extremadura;Hombres;1 de enero de 2025;3.949
77 años;11 Extremadura;Hombres;1 de enero de 2024;3.643
77 años;11 Extremadura;Mujeres;1 de enero de 2025;4.892
77 años;11 Extremadura;Mujeres;1 de enero de 2024;4.504
77 años;12 Galicia;Total;1 de enero de 2025;27.522
77 años;12 Galicia;Total;1 de enero de 2024;29.250
77 años;12 Galicia;Hombres;1 de enero de 2025;12.178
77 años;12 Galicia;Hombres;1 de enero de 2024;12.795
77 años;12 Galicia;Mujeres;1 de enero de 2025;15.344
77 años;12 Galicia;Mujeres;1 de enero de 2024;16.455
77 años;13 Madrid, Comunidad de;Total;1 de enero de 2025;52.857
77 años;13 Madrid, Comunidad de;Total;1 de enero de 2024;49.664
77 años;13 Madrid, Comunidad de;Hombres;1 de enero de 2025;22.600
77 años;13 Madrid, Comunidad de;Hombres;1 de enero de 2024;21.117
77 años;13 Madrid, Comunidad de;Mujeres;1 de enero de 2025;30.257
77 años;13 Madrid, Comunidad de;Mujeres;1 de enero de 2024;28.547
77 años;14 Murcia, Región de;Total;1 de enero de 2025;10.290
77 años;14 Murcia, Región de;Total;1 de enero de 2024;10.008
77 años;14 Murcia, Región de;Hombres;1 de enero de 2025;4.596
77 años;14 Murcia, Región de;Hombres;1 de enero de 2024;4.391
77 años;14 Murcia, Región de;Mujeres;1 de enero de 2025;5.694
77 años;14 Murcia, Región de;Mujeres;1 de enero de 2024;5.617
77 años;15 Navarra, Comunidad Foral de;Total;1 de enero de 2025;5.683
77 años;15 Navarra, Comunidad Foral de;Total;1 de enero de 2024;5.543
77 años;15 Navarra, Comunidad Foral de;Hombres;1 de enero de 2025;2.589
77 años;15 Navarra, Comunidad Foral de;Hombres;1 de enero de 2024;2.523
77 años;15 Navarra, Comunidad Foral de;Mujeres;1 de enero de 2025;3.094
77 años;15 Navarra, Comunidad Foral de;Mujeres;1 de enero de 2024;3.020
77 años;16 País Vasco;Total;1 de enero de 2025;21.267
77 años;16 País Vasco;Total;1 de enero de 2024;21.151
77 años;16 País Vasco;Hombres;1 de enero de 2025;9.419
77 años;16 País Vasco;Hombres;1 de enero de 2024;9.423
77 años;16 País Vasco;Mujeres;1 de enero de 2025;11.848
77 años;16 País Vasco;Mujeres;1 de enero de 2024;11.728
77 años;17 Rioja, La;Total;1 de enero de 2025;2.778
77 años;17 Rioja, La;Total;1 de enero de 2024;2.720
77 años;17 Rioja, La;Hombres;1 de enero de 2025;1.251
77 años;17 Rioja, La;Hombres;1 de enero de 2024;1.272
77 años;17 Rioja, La;Mujeres;1 de enero de 2025;1.527
77 años;17 Rioja, La;Mujeres;1 de enero de 2024;1.448
77 años;18 Ceuta;Total;1 de enero de 2025;393
77 años;18 Ceuta;Total;1 de enero de 2024;369
77 años;18 Ceuta;Hombres;1 de enero de 2025;174
77 años;18 Ceuta;Hombres;1 de enero de 2024;166
77 años;18 Ceuta;Mujeres;1 de enero de 2025;219
77 años;18 Ceuta;Mujeres;1 de enero de 2024;203
77 años;19 Melilla;Total;1 de enero de 2025;322
77 años;19 Melilla;Total;1 de enero de 2024;315
77 años;19 Melilla;Hombres;1 de enero de 2025;143
77 años;19 Melilla;Hombres;1 de enero de 2024;129
77 años;19 Melilla;Mujeres;1 de enero de 2025;179
77 años;19 Melilla;Mujeres;1 de enero de 2024;186
78 años;01 Andalucía;Total;1 de enero de 2025;57.915
78 años;01 Andalucía;Total;1 de enero de 2024;63.224
78 años;01 Andalucía;Hombres;1 de enero de 2025;25.324
78 años;01 Andalucía;Hombres;1 de enero de 2024;27.689
78 años;01 Andalucía;Mujeres;1 de enero de 2025;32.591
78 años;01 Andalucía;Mujeres;1 de enero de 2024;35.535
78 años;02 Aragón;Total;1 de enero de 2025;11.334
78 años;02 Aragón;Total;1 de enero de 2024;11.569
78 años;02 Aragón;Hombres;1 de enero de 2025;5.010
78 años;02 Aragón;Hombres;1 de enero de 2024;5.131
78 años;02 Aragón;Mujeres;1 de enero de 2025;6.324
78 años;02 Aragón;Mujeres;1 de enero de 2024;6.438
78 años;03 Asturias, Principado de;Total;1 de enero de 2025;11.029
78 años;03 Asturias, Principado de;Total;1 de enero de 2024;10.926
78 años;03 Asturias, Principado de;Hombres;1 de enero de 2025;4.694
78 años;03 Asturias, Principado de;Hombres;1 de enero de 2024;4.639
78 años;03 Asturias, Principado de;Mujeres;1 de enero de 2025;6.335
78 años;03 Asturias, Principado de;Mujeres;1 de enero de 2024;6.287
78 años;04 Balears, Illes;Total;1 de enero de 2025;7.795
78 años;04 Balears, Illes;Total;1 de enero de 2024;7.640
78 años;04 Balears, Illes;Hombres;1 de enero de 2025;3.521
78 años;04 Balears, Illes;Hombres;1 de enero de 2024;3.548
78 años;04 Balears, Illes;Mujeres;1 de enero de 2025;4.274
78 años;04 Balears, Illes;Mujeres;1 de enero de 2024;4.092
78 años;05 Canarias;Total;1 de enero de 2025;14.879
78 años;05 Canarias;Total;1 de enero de 2024;15.162
78 años;05 Canarias;Hombres;1 de enero de 2025;6.603
78 años;05 Canarias;Hombres;1 de enero de 2024;6.799
78 años;05 Canarias;Mujeres;1 de enero de 2025;8.276
78 años;05 Canarias;Mujeres;1 de enero de 2024;8.363
78 años;06 Cantabria;Total;1 de enero de 2025;5.185
78 años;06 Cantabria;Total;1 de enero de 2024;5.044
78 años;06 Cantabria;Hombres;1 de enero de 2025;2.292
78 años;06 Cantabria;Hombres;1 de enero de 2024;2.150
78 años;06 Cantabria;Mujeres;1 de enero de 2025;2.893
78 años;06 Cantabria;Mujeres;1 de enero de 2024;2.894
78 años;07 Castilla y León;Total;1 de enero de 2025;22.427
78 años;07 Castilla y León;Total;1 de enero de 2024;24.077
78 años;07 Castilla y León;Hombres;1 de enero de 2025;10.160
78 años;07 Castilla y León;Hombres;1 de enero de 2024;10.822
78 años;07 Castilla y León;Mujeres;1 de enero de 2025;12.267
78 años;07 Castilla y León;Mujeres;1 de enero de 2024;13.255
78 años;08 Castilla - La Mancha;Total;1 de enero de 2025;13.858
78 años;08 Castilla - La Mancha;Total;1 de enero de 2024;14.774
78 años;08 Castilla - La Mancha;Hombres;1 de enero de 2025;6.225
78 años;08 Castilla - La Mancha;Hombres;1 de enero de 2024;6.690
78 años;08 Castilla - La Mancha;Mujeres;1 de enero de 2025;7.633
78 años;08 Castilla - La Mancha;Mujeres;1 de enero de 2024;8.084
78 años;09 Cataluña;Total;1 de enero de 2025;58.844
78 años;09 Cataluña;Total;1 de enero de 2024;61.942
78 años;09 Cataluña;Hombres;1 de enero de 2025;25.517
78 años;09 Cataluña;Hombres;1 de enero de 2024;26.870
78 años;09 Cataluña;Mujeres;1 de enero de 2025;33.327
78 años;09 Cataluña;Mujeres;1 de enero de 2024;35.072
78 años;10 Comunitat Valenciana;Total;1 de enero de 2025;40.917
78 años;10 Comunitat Valenciana;Total;1 de enero de 2024;41.145
78 años;10 Comunitat Valenciana;Hombres;1 de enero de 2025;18.060
78 años;10 Comunitat Valenciana;Hombres;1 de enero de 2024;18.065
78 años;10 Comunitat Valenciana;Mujeres;1 de enero de 2025;22.857
78 años;10 Comunitat Valenciana;Mujeres;1 de enero de 2024;23.080
78 años;11 Extremadura;Total;1 de enero de 2025;7.918
78 años;11 Extremadura;Total;1 de enero de 2024;8.817
78 años;11 Extremadura;Hombres;1 de enero de 2025;3.496
78 años;11 Extremadura;Hombres;1 de enero de 2024;3.925
78 años;11 Extremadura;Mujeres;1 de enero de 2025;4.422
78 años;11 Extremadura;Mujeres;1 de enero de 2024;4.892
78 años;12 Galicia;Total;1 de enero de 2025;28.537
78 años;12 Galicia;Total;1 de enero de 2024;29.262
78 años;12 Galicia;Hombres;1 de enero de 2025;12.365
78 años;12 Galicia;Hombres;1 de enero de 2024;12.909
78 años;12 Galicia;Mujeres;1 de enero de 2025;16.172
78 años;12 Galicia;Mujeres;1 de enero de 2024;16.353
78 años;13 Madrid, Comunidad de;Total;1 de enero de 2025;48.665
78 años;13 Madrid, Comunidad de;Total;1 de enero de 2024;50.808
78 años;13 Madrid, Comunidad de;Hombres;1 de enero de 2025;20.521
78 años;13 Madrid, Comunidad de;Hombres;1 de enero de 2024;21.452
78 años;13 Madrid, Comunidad de;Mujeres;1 de enero de 2025;28.144
78 años;13 Madrid, Comunidad de;Mujeres;1 de enero de 2024;29.356
78 años;14 Murcia, Región de;Total;1 de enero de 2025;9.763
78 años;14 Murcia, Región de;Total;1 de enero de 2024;10.275
78 años;14 Murcia, Región de;Hombres;1 de enero de 2025;4.247
78 años;14 Murcia, Región de;Hombres;1 de enero de 2024;4.495
78 años;14 Murcia, Región de;Mujeres;1 de enero de 2025;5.516
78 años;14 Murcia, Región de;Mujeres;1 de enero de 2024;5.780
78 años;15 Navarra, Comunidad Foral de;Total;1 de enero de 2025;5.418
78 años;15 Navarra, Comunidad Foral de;Total;1 de enero de 2024;5.677
78 años;15 Navarra, Comunidad Foral de;Hombres;1 de enero de 2025;2.441
78 años;15 Navarra, Comunidad Foral de;Hombres;1 de enero de 2024;2.590
78 años;15 Navarra, Comunidad Foral de;Mujeres;1 de enero de 2025;2.977
78 años;15 Navarra, Comunidad Foral de;Mujeres;1 de enero de 2024;3.087
78 años;16 País Vasco;Total;1 de enero de 2025;20.709
78 años;16 País Vasco;Total;1 de enero de 2024;21.053
78 años;16 País Vasco;Hombres;1 de enero de 2025;9.147
78 años;16 País Vasco;Hombres;1 de enero de 2024;8.976
78 años;16 País Vasco;Mujeres;1 de enero de 2025;11.562
78 años;16 País Vasco;Mujeres;1 de enero de 2024;12.077
78 años;17 Rioja, La;Total;1 de enero de 2025;2.675
78 años;17 Rioja, La;Total;1 de enero de 2024;2.740
78 años;17 Rioja, La;Hombres;1 de enero de 2025;1.241
78 años;17 Rioja, La;Hombres;1 de enero de 2024;1.204
78 años;17 Rioja, La;Mujeres;1 de enero de 2025;1.434
78 años;17 Rioja, La;Mujeres;1 de enero de 2024;1.536
78 años;18 Ceuta;Total;1 de enero de 2025;353
78 años;18 Ceuta;Total;1 de enero de 2024;379
78 años;18 Ceuta;Hombres;1 de enero de 2025;156
78 años;18 Ceuta;Hombres;1 de enero de 2024;184
78 años;18 Ceuta;Mujeres;1 de enero de 2025;197
78 años;18 Ceuta;Mujeres;1 de enero de 2024;195
78 años;19 Melilla;Total;1 de enero de 2025;292
78 años;19 Melilla;Total;1 de enero de 2024;344
78 años;19 Melilla;Hombres;1 de enero de 2025;112
78 años;19 Melilla;Hombres;1 de enero de 2024;156
78 años;19 Melilla;Mujeres;1 de enero de 2025;180
78 años;19 Melilla;Mujeres;1 de enero de 2024;188
79 años;01 Andalucía;Total;1 de enero de 2025;61.134
79 años;01 Andalucía;Total;1 de enero de 2024;57.456
79 años;01 Andalucía;Hombres;1 de enero de 2025;26.423
79 años;01 Andalucía;Hombres;1 de enero de 2024;24.849
79 años;01 Andalucía;Mujeres;1 de enero de 2025;34.711
79 años;01 Andalucía;Mujeres;1 de enero de 2024;32.607
79 años;02 Aragón;Total;1 de enero de 2025;11.241
79 años;02 Aragón;Total;1 de enero de 2024;10.782
79 años;02 Aragón;Hombres;1 de enero de 2025;4.923
79 años;02 Aragón;Hombres;1 de enero de 2024;4.757
79 años;02 Aragón;Mujeres;1 de enero de 2025;6.318
79 años;02 Aragón;Mujeres;1 de enero de 2024;6.025
79 años;03 Asturias, Principado de;Total;1 de enero de 2025;10.673
79 años;03 Asturias, Principado de;Total;1 de enero de 2024;9.864
79 años;03 Asturias, Principado de;Hombres;1 de enero de 2025;4.497
79 años;03 Asturias, Principado de;Hombres;1 de enero de 2024;4.158
79 años;03 Asturias, Principado de;Mujeres;1 de enero de 2025;6.176
79 años;03 Asturias, Principado de;Mujeres;1 de enero de 2024;5.706
79 años;04 Balears, Illes;Total;1 de enero de 2025;7.391
79 años;04 Balears, Illes;Total;1 de enero de 2024;7.284
79 años;04 Balears, Illes;Hombres;1 de enero de 2025;3.385
79 años;04 Balears, Illes;Hombres;1 de enero de 2024;3.247
79 años;04 Balears, Illes;Mujeres;1 de enero de 2025;4.006
79 años;04 Balears, Illes;Mujeres;1 de enero de 2024;4.037
79 años;05 Canarias;Total;1 de enero de 2025;14.651
79 años;05 Canarias;Total;1 de enero de 2024;13.584
79 años;05 Canarias;Hombres;1 de enero de 2025;6.501
79 años;05 Canarias;Hombres;1 de enero de 2024;6.102
79 años;05 Canarias;Mujeres;1 de enero de 2025;8.150
79 años;05 Canarias;Mujeres;1 de enero de 2024;7.482
79 años;06 Cantabria;Total;1 de enero de 2025;4.901
79 años;06 Cantabria;Total;1 de enero de 2024;4.698
79 años;06 Cantabria;Hombres;1 de enero de 2025;2.064
79 años;06 Cantabria;Hombres;1 de enero de 2024;2.019
79 años;06 Cantabria;Mujeres;1 de enero de 2025;2.837
79 años;06 Cantabria;Mujeres;1 de enero de 2024;2.679
79 años;07 Castilla y León;Total;1 de enero de 2025;23.533
79 años;07 Castilla y León;Total;1 de enero de 2024;22.570
79 años;07 Castilla y León;Hombres;1 de enero de 2025;10.450
79 años;07 Castilla y León;Hombres;1 de enero de 2024;10.276
79 años;07 Castilla y León;Mujeres;1 de enero de 2025;13.083
79 años;07 Castilla y León;Mujeres;1 de enero de 2024;12.294
79 años;08 Castilla - La Mancha;Total;1 de enero de 2025;14.374
79 años;08 Castilla - La Mancha;Total;1 de enero de 2024;14.325
79 años;08 Castilla - La Mancha;Hombres;1 de enero de 2025;6.439
79 años;08 Castilla - La Mancha;Hombres;1 de enero de 2024;6.374
79 años;08 Castilla - La Mancha;Mujeres;1 de enero de 2025;7.935
79 años;08 Castilla - La Mancha;Mujeres;1 de enero de 2024;7.951
79 años;09 Cataluña;Total;1 de enero de 2025;60.310
79 años;09 Cataluña;Total;1 de enero de 2024;56.807
79 años;09 Cataluña;Hombres;1 de enero de 2025;25.917
79 años;09 Cataluña;Hombres;1 de enero de 2024;24.272
79 años;09 Cataluña;Mujeres;1 de enero de 2025;34.393
79 años;09 Cataluña;Mujeres;1 de enero de 2024;32.535
79 años;10 Comunitat Valenciana;Total;1 de enero de 2025;39.949
79 años;10 Comunitat Valenciana;Total;1 de enero de 2024;38.832
79 años;10 Comunitat Valenciana;Hombres;1 de enero de 2025;17.314
79 años;10 Comunitat Valenciana;Hombres;1 de enero de 2024;16.860
79 años;10 Comunitat Valenciana;Mujeres;1 de enero de 2025;22.635
79 años;10 Comunitat Valenciana;Mujeres;1 de enero de 2024;21.972
79 años;11 Extremadura;Total;1 de enero de 2025;8.566
79 años;11 Extremadura;Total;1 de enero de 2024;8.675
79 años;11 Extremadura;Hombres;1 de enero de 2025;3.770
79 años;11 Extremadura;Hombres;1 de enero de 2024;3.824
79 años;11 Extremadura;Mujeres;1 de enero de 2025;4.796
79 años;11 Extremadura;Mujeres;1 de enero de 2024;4.851
79 años;12 Galicia;Total;1 de enero de 2025;28.468
79 años;12 Galicia;Total;1 de enero de 2024;26.695
79 años;12 Galicia;Hombres;1 de enero de 2025;12.424
79 años;12 Galicia;Hombres;1 de enero de 2024;11.525
79 años;12 Galicia;Mujeres;1 de enero de 2025;16.044
79 años;12 Galicia;Mujeres;1 de enero de 2024;15.170
79 años;13 Madrid, Comunidad de;Total;1 de enero de 2025;49.644
79 años;13 Madrid, Comunidad de;Total;1 de enero de 2024;48.189
79 años;13 Madrid, Comunidad de;Hombres;1 de enero de 2025;20.773
79 años;13 Madrid, Comunidad de;Hombres;1 de enero de 2024;20.117
79 años;13 Madrid, Comunidad de;Mujeres;1 de enero de 2025;28.871
79 años;13 Madrid, Comunidad de;Mujeres;1 de enero de 2024;28.072
79 años;14 Murcia, Región de;Total;1 de enero de 2025;9.981
79 años;14 Murcia, Región de;Total;1 de enero de 2024;8.910
79 años;14 Murcia, Región de;Hombres;1 de enero de 2025;4.324
79 años;14 Murcia, Región de;Hombres;1 de enero de 2024;3.813
79 años;14 Murcia, Región de;Mujeres;1 de enero de 2025;5.657
79 años;14 Murcia, Región de;Mujeres;1 de enero de 2024;5.097
79 años;15 Navarra, Comunidad Foral de;Total;1 de enero de 2025;5.528
79 años;15 Navarra, Comunidad Foral de;Total;1 de enero de 2024;4.960
79 años;15 Navarra, Comunidad Foral de;Hombres;1 de enero de 2025;2.493
79 años;15 Navarra, Comunidad Foral de;Hombres;1 de enero de 2024;2.214
79 años;15 Navarra, Comunidad Foral de;Mujeres;1 de enero de 2025;3.035
79 años;15 Navarra, Comunidad Foral de;Mujeres;1 de enero de 2024;2.746
79 años;16 País Vasco;Total;1 de enero de 2025;20.528
79 años;16 País Vasco;Total;1 de enero de 2024;19.519
79 años;16 País Vasco;Hombres;1 de enero de 2025;8.639
79 años;16 País Vasco;Hombres;1 de enero de 2024;8.453
79 años;16 País Vasco;Mujeres;1 de enero de 2025;11.889
79 años;16 País Vasco;Mujeres;1 de enero de 2024;11.066
79 años;17 Rioja, La;Total;1 de enero de 2025;2.667
79 años;17 Rioja, La;Total;1 de enero de 2024;2.531
79 años;17 Rioja, La;Hombres;1 de enero de 2025;1.162
79 años;17 Rioja, La;Hombres;1 de enero de 2024;1.145
79 años;17 Rioja, La;Mujeres;1 de enero de 2025;1.505
79 años;17 Rioja, La;Mujeres;1 de enero de 2024;1.386
79 años;18 Ceuta;Total;1 de enero de 2025;365
79 años;18 Ceuta;Total;1 de enero de 2024;347
79 años;18 Ceuta;Hombres;1 de enero de 2025;177
79 años;18 Ceuta;Hombres;1 de enero de 2024;149
79 años;18 Ceuta;Mujeres;1 de enero de 2025;188
79 años;18 Ceuta;Mujeres;1 de enero de 2024;198
79 años;19 Melilla;Total;1 de enero de 2025;323
79 años;19 Melilla;Total;1 de enero de 2024;324
79 años;19 Melilla;Hombres;1 de enero de 2025;147
79 años;19 Melilla;Hombres;1 de enero de 2024;147
79 años;19 Melilla;Mujeres;1 de enero de 2025;176
79 años;19 Melilla;Mujeres;1 de enero de 2024;177
80 años;01 Andalucía;Total;1 de enero de 2025;55.341
80 años;01 Andalucía;Total;1 de enero de 2024;56.619
80 años;01 Andalucía;Hombres;1 de enero de 2025;23.613
80 años;01 Andalucía;Hombres;1 de enero de 2024;24.132
80 años;01 Andalucía;Mujeres;1 de enero de 2025;31.728
80 años;01 Andalucía;Mujeres;1 de enero de 2024;32.487
80 años;02 Aragón;Total;1 de enero de 2025;10.494
80 años;02 Aragón;Total;1 de enero de 2024;10.238
80 años;02 Aragón;Hombres;1 de enero de 2025;4.588
80 años;02 Aragón;Hombres;1 de enero de 2024;4.347
80 años;02 Aragón;Mujeres;1 de enero de 2025;5.906
80 años;02 Aragón;Mujeres;1 de enero de 2024;5.891
80 años;03 Asturias, Principado de;Total;1 de enero de 2025;9.559
80 años;03 Asturias, Principado de;Total;1 de enero de 2024;9.258
80 años;03 Asturias, Principado de;Hombres;1 de enero de 2025;3.970
80 años;03 Asturias, Principado de;Hombres;1 de enero de 2024;3.809
80 años;03 Asturias, Principado de;Mujeres;1 de enero de 2025;5.589
80 años;03 Asturias, Principado de;Mujeres;1 de enero de 2024;5.449
80 años;04 Balears, Illes;Total;1 de enero de 2025;6.987
80 años;04 Balears, Illes;Total;1 de enero de 2024;6.846
80 años;04 Balears, Illes;Hombres;1 de enero de 2025;3.075
80 años;04 Balears, Illes;Hombres;1 de enero de 2024;2.940
80 años;04 Balears, Illes;Mujeres;1 de enero de 2025;3.912
80 años;04 Balears, Illes;Mujeres;1 de enero de 2024;3.906
80 años;05 Canarias;Total;1 de enero de 2025;13.089
80 años;05 Canarias;Total;1 de enero de 2024;12.664
80 años;05 Canarias;Hombres;1 de enero de 2025;5.782
80 años;05 Canarias;Hombres;1 de enero de 2024;5.647
80 años;05 Canarias;Mujeres;1 de enero de 2025;7.307
80 años;05 Canarias;Mujeres;1 de enero de 2024;7.017
80 años;06 Cantabria;Total;1 de enero de 2025;4.564
80 años;06 Cantabria;Total;1 de enero de 2024;4.369
80 años;06 Cantabria;Hombres;1 de enero de 2025;1.938
80 años;06 Cantabria;Hombres;1 de enero de 2024;1.891
80 años;06 Cantabria;Mujeres;1 de enero de 2025;2.626
80 años;06 Cantabria;Mujeres;1 de enero de 2024;2.478
80 años;07 Castilla y León;Total;1 de enero de 2025;21.924
80 años;07 Castilla y León;Total;1 de enero de 2024;22.040
80 años;07 Castilla y León;Hombres;1 de enero de 2025;9.838
80 años;07 Castilla y León;Hombres;1 de enero de 2024;9.866
80 años;07 Castilla y León;Mujeres;1 de enero de 2025;12.086
80 años;07 Castilla y León;Mujeres;1 de enero de 2024;12.174
80 años;08 Castilla - La Mancha;Total;1 de enero de 2025;13.852
80 años;08 Castilla - La Mancha;Total;1 de enero de 2024;14.214
80 años;08 Castilla - La Mancha;Hombres;1 de enero de 2025;6.086
80 años;08 Castilla - La Mancha;Hombres;1 de enero de 2024;6.243
80 años;08 Castilla - La Mancha;Mujeres;1 de enero de 2025;7.766
80 años;08 Castilla - La Mancha;Mujeres;1 de enero de 2024;7.971
80 años;09 Cataluña;Total;1 de enero de 2025;55.109
80 años;09 Cataluña;Total;1 de enero de 2024;53.601
80 años;09 Cataluña;Hombres;1 de enero de 2025;23.231
80 años;09 Cataluña;Hombres;1 de enero de 2024;22.680
80 años;09 Cataluña;Mujeres;1 de enero de 2025;31.878
80 años;09 Cataluña;Mujeres;1 de enero de 2024;30.921
80 años;10 Comunitat Valenciana;Total;1 de enero de 2025;37.548
80 años;10 Comunitat Valenciana;Total;1 de enero de 2024;36.417
80 años;10 Comunitat Valenciana;Hombres;1 de enero de 2025;16.073
80 años;10 Comunitat Valenciana;Hombres;1 de enero de 2024;15.690
80 años;10 Comunitat Valenciana;Mujeres;1 de enero de 2025;21.475
80 años;10 Comunitat Valenciana;Mujeres;1 de enero de 2024;20.727
80 años;11 Extremadura;Total;1 de enero de 2025;8.405
80 años;11 Extremadura;Total;1 de enero de 2024;8.527
80 años;11 Extremadura;Hombres;1 de enero de 2025;3.655
80 años;11 Extremadura;Hombres;1 de enero de 2024;3.670
80 años;11 Extremadura;Mujeres;1 de enero de 2025;4.750
80 años;11 Extremadura;Mujeres;1 de enero de 2024;4.857
80 años;12 Galicia;Total;1 de enero de 2025;25.899
80 años;12 Galicia;Total;1 de enero de 2024;25.755
80 años;12 Galicia;Hombres;1 de enero de 2025;11.034
80 años;12 Galicia;Hombres;1 de enero de 2024;11.008
80 años;12 Galicia;Mujeres;1 de enero de 2025;14.865
80 años;12 Galicia;Mujeres;1 de enero de 2024;14.747
80 años;13 Madrid, Comunidad de;Total;1 de enero de 2025;46.939
80 años;13 Madrid, Comunidad de;Total;1 de enero de 2024;45.482
80 años;13 Madrid, Comunidad de;Hombres;1 de enero de 2025;19.406
80 años;13 Madrid, Comunidad de;Hombres;1 de enero de 2024;18.885
80 años;13 Madrid, Comunidad de;Mujeres;1 de enero de 2025;27.533
80 años;13 Madrid, Comunidad de;Mujeres;1 de enero de 2024;26.597
80 años;14 Murcia, Región de;Total;1 de enero de 2025;8.613
80 años;14 Murcia, Región de;Total;1 de enero de 2024;8.044
80 años;14 Murcia, Región de;Hombres;1 de enero de 2025;3.647
80 años;14 Murcia, Región de;Hombres;1 de enero de 2024;3.470
80 años;14 Murcia, Región de;Mujeres;1 de enero de 2025;4.966
80 años;14 Murcia, Región de;Mujeres;1 de enero de 2024;4.574
80 años;15 Navarra, Comunidad Foral de;Total;1 de enero de 2025;4.858
80 años;15 Navarra, Comunidad Foral de;Total;1 de enero de 2024;4.892
80 años;15 Navarra, Comunidad Foral de;Hombres;1 de enero de 2025;2.154
80 años;15 Navarra, Comunidad Foral de;Hombres;1 de enero de 2024;2.172
80 años;15 Navarra, Comunidad Foral de;Mujeres;1 de enero de 2025;2.704
80 años;15 Navarra, Comunidad Foral de;Mujeres;1 de enero de 2024;2.720
80 años;16 País Vasco;Total;1 de enero de 2025;18.957
80 años;16 País Vasco;Total;1 de enero de 2024;18.354
80 años;16 País Vasco;Hombres;1 de enero de 2025;8.116
80 años;16 País Vasco;Hombres;1 de enero de 2024;7.753
80 años;16 País Vasco;Mujeres;1 de enero de 2025;10.841
80 años;16 País Vasco;Mujeres;1 de enero de 2024;10.601
80 años;17 Rioja, La;Total;1 de enero de 2025;2.465
80 años;17 Rioja, La;Total;1 de enero de 2024;2.455
80 años;17 Rioja, La;Hombres;1 de enero de 2025;1.106
80 años;17 Rioja, La;Hombres;1 de enero de 2024;1.080
80 años;17 Rioja, La;Mujeres;1 de enero de 2025;1.359
80 años;17 Rioja, La;Mujeres;1 de enero de 2024;1.375
80 años;18 Ceuta;Total;1 de enero de 2025;324
80 años;18 Ceuta;Total;1 de enero de 2024;309
80 años;18 Ceuta;Hombres;1 de enero de 2025;136
80 años;18 Ceuta;Hombres;1 de enero de 2024;122
80 años;18 Ceuta;Mujeres;1 de enero de 2025;188
80 años;18 Ceuta;Mujeres;1 de enero de 2024;187
80 años;19 Melilla;Total;1 de enero de 2025;305
80 años;19 Melilla;Total;1 de enero de 2024;287
80 años;19 Melilla;Hombres;1 de enero de 2025;135
80 años;19 Melilla;Hombres;1 de enero de 2024;124
80 años;19 Melilla;Mujeres;1 de enero de 2025;170
80 años;19 Melilla;Mujeres;1 de enero de 2024;163
81 años;01 Andalucía;Total;1 de enero de 2025;54.121
81 años;01 Andalucía;Total;1 de enero de 2024;44.987
81 años;01 Andalucía;Hombres;1 de enero de 2025;22.683
81 años;01 Andalucía;Hombres;1 de enero de 2024;18.874
81 años;01 Andalucía;Mujeres;1 de enero de 2025;31.438
81 años;01 Andalucía;Mujeres;1 de enero de 2024;26.113
81 años;02 Aragón;Total;1 de enero de 2025;9.870
81 años;02 Aragón;Total;1 de enero de 2024;8.964
81 años;02 Aragón;Hombres;1 de enero de 2025;4.149
81 años;02 Aragón;Hombres;1 de enero de 2024;3.834
81 años;02 Aragón;Mujeres;1 de enero de 2025;5.721
81 años;02 Aragón;Mujeres;1 de enero de 2024;5.130
81 años;03 Asturias, Principado de;Total;1 de enero de 2025;8.911
81 años;03 Asturias, Principado de;Total;1 de enero de 2024;7.370
81 años;03 Asturias, Principado de;Hombres;1 de enero de 2025;3.611
81 años;03 Asturias, Principado de;Hombres;1 de enero de 2024;3.068
81 años;03 Asturias, Principado de;Mujeres;1 de enero de 2025;5.300
81 años;03 Asturias, Principado de;Mujeres;1 de enero de 2024;4.302
81 años;04 Balears, Illes;Total;1 de enero de 2025;6.588
81 años;04 Balears, Illes;Total;1 de enero de 2024;5.813
81 años;04 Balears, Illes;Hombres;1 de enero de 2025;2.788
81 años;04 Balears, Illes;Hombres;1 de enero de 2024;2.566
81 años;04 Balears, Illes;Mujeres;1 de enero de 2025;3.800
81 años;04 Balears, Illes;Mujeres;1 de enero de 2024;3.247
81 años;05 Canarias;Total;1 de enero de 2025;12.091
81 años;05 Canarias;Total;1 de enero de 2024;11.746
81 años;05 Canarias;Hombres;1 de enero de 2025;5.289
81 años;05 Canarias;Hombres;1 de enero de 2024;5.063
81 años;05 Canarias;Mujeres;1 de enero de 2025;6.802
81 años;05 Canarias;Mujeres;1 de enero de 2024;6.683
81 años;06 Cantabria;Total;1 de enero de 2025;4.222
81 años;06 Cantabria;Total;1 de enero de 2024;3.788
81 años;06 Cantabria;Hombres;1 de enero de 2025;1.795
81 años;06 Cantabria;Hombres;1 de enero de 2024;1.575
81 años;06 Cantabria;Mujeres;1 de enero de 2025;2.427
81 años;06 Cantabria;Mujeres;1 de enero de 2024;2.213
81 años;07 Castilla y León;Total;1 de enero de 2025;21.351
81 años;07 Castilla y León;Total;1 de enero de 2024;19.171
81 años;07 Castilla y León;Hombres;1 de enero de 2025;9.444
81 años;07 Castilla y León;Hombres;1 de enero de 2024;8.374
81 años;07 Castilla y León;Mujeres;1 de enero de 2025;11.907
81 años;07 Castilla y León;Mujeres;1 de enero de 2024;10.797
81 años;08 Castilla - La Mancha;Total;1 de enero de 2025;13.743
81 años;08 Castilla - La Mancha;Total;1 de enero de 2024;11.689
81 años;08 Castilla - La Mancha;Hombres;1 de enero de 2025;5.982
81 años;08 Castilla - La Mancha;Hombres;1 de enero de 2024;4.979
81 años;08 Castilla - La Mancha;Mujeres;1 de enero de 2025;7.761
81 años;08 Castilla - La Mancha;Mujeres;1 de enero de 2024;6.710
81 años;09 Cataluña;Total;1 de enero de 2025;51.690
81 años;09 Cataluña;Total;1 de enero de 2024;44.246
81 años;09 Cataluña;Hombres;1 de enero de 2025;21.600
81 años;09 Cataluña;Hombres;1 de enero de 2024;18.746
81 años;09 Cataluña;Mujeres;1 de enero de 2025;30.090
81 años;09 Cataluña;Mujeres;1 de enero de 2024;25.500
81 años;10 Comunitat Valenciana;Total;1 de enero de 2025;35.040
81 años;10 Comunitat Valenciana;Total;1 de enero de 2024;30.818
81 años;10 Comunitat Valenciana;Hombres;1 de enero de 2025;14.906
81 años;10 Comunitat Valenciana;Hombres;1 de enero de 2024;13.113
81 años;10 Comunitat Valenciana;Mujeres;1 de enero de 2025;20.134
81 años;10 Comunitat Valenciana;Mujeres;1 de enero de 2024;17.705
81 años;11 Extremadura;Total;1 de enero de 2025;8.242
81 años;11 Extremadura;Total;1 de enero de 2024;6.703
81 años;11 Extremadura;Hombres;1 de enero de 2025;3.477
81 años;11 Extremadura;Hombres;1 de enero de 2024;2.787
81 años;11 Extremadura;Mujeres;1 de enero de 2025;4.765
81 años;11 Extremadura;Mujeres;1 de enero de 2024;3.916
81 años;12 Galicia;Total;1 de enero de 2025;24.910
81 años;12 Galicia;Total;1 de enero de 2024;21.887
81 años;12 Galicia;Hombres;1 de enero de 2025;10.522
81 años;12 Galicia;Hombres;1 de enero de 2024;9.121
81 años;12 Galicia;Mujeres;1 de enero de 2025;14.388
81 años;12 Galicia;Mujeres;1 de enero de 2024;12.766
81 años;13 Madrid, Comunidad de;Total;1 de enero de 2025;44.166
81 años;13 Madrid, Comunidad de;Total;1 de enero de 2024;37.515
81 años;13 Madrid, Comunidad de;Hombres;1 de enero de 2025;18.138
81 años;13 Madrid, Comunidad de;Hombres;1 de enero de 2024;15.507
81 años;13 Madrid, Comunidad de;Mujeres;1 de enero de 2025;26.028
81 años;13 Madrid, Comunidad de;Mujeres;1 de enero de 2024;22.008
81 años;14 Murcia, Región de;Total;1 de enero de 2025;7.716
81 años;14 Murcia, Región de;Total;1 de enero de 2024;7.009
81 años;14 Murcia, Región de;Hombres;1 de enero de 2025;3.278
81 años;14 Murcia, Región de;Hombres;1 de enero de 2024;3.009
81 años;14 Murcia, Región de;Mujeres;1 de enero de 2025;4.438
81 años;14 Murcia, Región de;Mujeres;1 de enero de 2024;4.000
81 años;15 Navarra, Comunidad Foral de;Total;1 de enero de 2025;4.754
81 años;15 Navarra, Comunidad Foral de;Total;1 de enero de 2024;4.169
81 años;15 Navarra, Comunidad Foral de;Hombres;1 de enero de 2025;2.092
81 años;15 Navarra, Comunidad Foral de;Hombres;1 de enero de 2024;1.881
81 años;15 Navarra, Comunidad Foral de;Mujeres;1 de enero de 2025;2.662
81 años;15 Navarra, Comunidad Foral de;Mujeres;1 de enero de 2024;2.288
81 años;16 País Vasco;Total;1 de enero de 2025;17.709
81 años;16 País Vasco;Total;1 de enero de 2024;15.042
81 años;16 País Vasco;Hombres;1 de enero de 2025;7.367
81 años;16 País Vasco;Hombres;1 de enero de 2024;6.378
81 años;16 País Vasco;Mujeres;1 de enero de 2025;10.342
81 años;16 País Vasco;Mujeres;1 de enero de 2024;8.664
81 años;17 Rioja, La;Total;1 de enero de 2025;2.383
81 años;17 Rioja, La;Total;1 de enero de 2024;2.077
81 años;17 Rioja, La;Hombres;1 de enero de 2025;1.043
81 años;17 Rioja, La;Hombres;1 de enero de 2024;945
81 años;17 Rioja, La;Mujeres;1 de enero de 2025;1.340
81 años;17 Rioja, La;Mujeres;1 de enero de 2024;1.132
81 años;18 Ceuta;Total;1 de enero de 2025;298
81 años;18 Ceuta;Total;1 de enero de 2024;293
81 años;18 Ceuta;Hombres;1 de enero de 2025;116
81 años;18 Ceuta;Hombres;1 de enero de 2024;116
81 años;18 Ceuta;Mujeres;1 de enero de 2025;182
81 años;18 Ceuta;Mujeres;1 de enero de 2024;177
81 años;19 Melilla;Total;1 de enero de 2025;277
81 años;19 Melilla;Total;1 de enero de 2024;272
81 años;19 Melilla;Hombres;1 de enero de 2025;116
81 años;19 Melilla;Hombres;1 de enero de 2024;104
81 años;19 Melilla;Mujeres;1 de enero de 2025;161
81 años;19 Melilla;Mujeres;1 de enero de 2024;168
82 años;01 Andalucía;Total;1 de enero de 2025;42.838
82 años;01 Andalucía;Total;1 de enero de 2024;38.065
82 años;01 Andalucía;Hombres;1 de enero de 2025;17.679
82 años;01 Andalucía;Hombres;1 de enero de 2024;15.629
82 años;01 Andalucía;Mujeres;1 de enero de 2025;25.159
82 años;01 Andalucía;Mujeres;1 de enero de 2024;22.436
82 años;02 Aragón;Total;1 de enero de 2025;8.611
82 años;02 Aragón;Total;1 de enero de 2024;8.082
82 años;02 Aragón;Hombres;1 de enero de 2025;3.638
82 años;02 Aragón;Hombres;1 de enero de 2024;3.416
82 años;02 Aragón;Mujeres;1 de enero de 2025;4.973
82 años;02 Aragón;Mujeres;1 de enero de 2024;4.666
82 años;03 Asturias, Principado de;Total;1 de enero de 2025;7.066
82 años;03 Asturias, Principado de;Total;1 de enero de 2024;6.820
82 años;03 Asturias, Principado de;Hombres;1 de enero de 2025;2.905
82 años;03 Asturias, Principado de;Hombres;1 de enero de 2024;2.783
82 años;03 Asturias, Principado de;Mujeres;1 de enero de 2025;4.161
82 años;03 Asturias, Principado de;Mujeres;1 de enero de 2024;4.037
82 años;04 Balears, Illes;Total;1 de enero de 2025;5.527
82 años;04 Balears, Illes;Total;1 de enero de 2024;4.880
82 años;04 Balears, Illes;Hombres;1 de enero de 2025;2.413
82 años;04 Balears, Illes;Hombres;1 de enero de 2024;2.093
82 años;04 Balears, Illes;Mujeres;1 de enero de 2025;3.114
82 años;04 Balears, Illes;Mujeres;1 de enero de 2024;2.787
82 años;05 Canarias;Total;1 de enero de 2025;11.115
82 años;05 Canarias;Total;1 de enero de 2024;9.747
82 años;05 Canarias;Hombres;1 de enero de 2025;4.720
82 años;05 Canarias;Hombres;1 de enero de 2024;4.151
82 años;05 Canarias;Mujeres;1 de enero de 2025;6.395
82 años;05 Canarias;Mujeres;1 de enero de 2024;5.596
82 años;06 Cantabria;Total;1 de enero de 2025;3.645
82 años;06 Cantabria;Total;1 de enero de 2024;3.464
82 años;06 Cantabria;Hombres;1 de enero de 2025;1.494
82 años;06 Cantabria;Hombres;1 de enero de 2024;1.434
82 años;06 Cantabria;Mujeres;1 de enero de 2025;2.151
82 años;06 Cantabria;Mujeres;1 de enero de 2024;2.030
82 años;07 Castilla y León;Total;1 de enero de 2025;18.527
82 años;07 Castilla y León;Total;1 de enero de 2024;17.715
82 años;07 Castilla y León;Hombres;1 de enero de 2025;7.984
82 años;07 Castilla y León;Hombres;1 de enero de 2024;7.625
82 años;07 Castilla y León;Mujeres;1 de enero de 2025;10.543
82 años;07 Castilla y León;Mujeres;1 de enero de 2024;10.090
82 años;08 Castilla - La Mancha;Total;1 de enero de 2025;11.201
82 años;08 Castilla - La Mancha;Total;1 de enero de 2024;9.857
82 años;08 Castilla - La Mancha;Hombres;1 de enero de 2025;4.717
82 años;08 Castilla - La Mancha;Hombres;1 de enero de 2024;4.168
82 años;08 Castilla - La Mancha;Mujeres;1 de enero de 2025;6.484
82 años;08 Castilla - La Mancha;Mujeres;1 de enero de 2024;5.689
82 años;09 Cataluña;Total;1 de enero de 2025;42.523
82 años;09 Cataluña;Total;1 de enero de 2024;40.226
82 años;09 Cataluña;Hombres;1 de enero de 2025;17.726
82 años;09 Cataluña;Hombres;1 de enero de 2024;16.634
82 años;09 Cataluña;Mujeres;1 de enero de 2025;24.797
82 años;09 Cataluña;Mujeres;1 de enero de 2024;23.592
82 años;10 Comunitat Valenciana;Total;1 de enero de 2025;29.435
82 años;10 Comunitat Valenciana;Total;1 de enero de 2024;27.185
82 años;10 Comunitat Valenciana;Hombres;1 de enero de 2025;12.378
82 años;10 Comunitat Valenciana;Hombres;1 de enero de 2024;11.535
82 años;10 Comunitat Valenciana;Mujeres;1 de enero de 2025;17.057
82 años;10 Comunitat Valenciana;Mujeres;1 de enero de 2024;15.650
82 años;11 Extremadura;Total;1 de enero de 2025;6.400
82 años;11 Extremadura;Total;1 de enero de 2024;5.356
82 años;11 Extremadura;Hombres;1 de enero de 2025;2.613
82 años;11 Extremadura;Hombres;1 de enero de 2024;2.235
82 años;11 Extremadura;Mujeres;1 de enero de 2025;3.787
82 años;11 Extremadura;Mujeres;1 de enero de 2024;3.121
82 años;12 Galicia;Total;1 de enero de 2025;21.102
82 años;12 Galicia;Total;1 de enero de 2024;20.521
82 años;12 Galicia;Hombres;1 de enero de 2025;8.682
82 años;12 Galicia;Hombres;1 de enero de 2024;8.561
82 años;12 Galicia;Mujeres;1 de enero de 2025;12.420
82 años;12 Galicia;Mujeres;1 de enero de 2024;11.960
82 años;13 Madrid, Comunidad de;Total;1 de enero de 2025;36.287
82 años;13 Madrid, Comunidad de;Total;1 de enero de 2024;33.000
82 años;13 Madrid, Comunidad de;Hombres;1 de enero de 2025;14.802
82 años;13 Madrid, Comunidad de;Hombres;1 de enero de 2024;13.583
82 años;13 Madrid, Comunidad de;Mujeres;1 de enero de 2025;21.485
82 años;13 Madrid, Comunidad de;Mujeres;1 de enero de 2024;19.417
82 años;14 Murcia, Región de;Total;1 de enero de 2025;6.717
82 años;14 Murcia, Región de;Total;1 de enero de 2024;6.514
82 años;14 Murcia, Región de;Hombres;1 de enero de 2025;2.842
82 años;14 Murcia, Región de;Hombres;1 de enero de 2024;2.683
82 años;14 Murcia, Región de;Mujeres;1 de enero de 2025;3.875
82 años;14 Murcia, Región de;Mujeres;1 de enero de 2024;3.831
82 años;15 Navarra, Comunidad Foral de;Total;1 de enero de 2025;4.016
82 años;15 Navarra, Comunidad Foral de;Total;1 de enero de 2024;3.764
82 años;15 Navarra, Comunidad Foral de;Hombres;1 de enero de 2025;1.794
82 años;15 Navarra, Comunidad Foral de;Hombres;1 de enero de 2024;1.622
82 años;15 Navarra, Comunidad Foral de;Mujeres;1 de enero de 2025;2.222
82 años;15 Navarra, Comunidad Foral de;Mujeres;1 de enero de 2024;2.142
82 años;16 País Vasco;Total;1 de enero de 2025;14.450
82 años;16 País Vasco;Total;1 de enero de 2024;13.981
82 años;16 País Vasco;Hombres;1 de enero de 2025;6.062
82 años;16 País Vasco;Hombres;1 de enero de 2024;5.712
82 años;16 País Vasco;Mujeres;1 de enero de 2025;8.388
82 años;16 País Vasco;Mujeres;1 de enero de 2024;8.269
82 años;17 Rioja, La;Total;1 de enero de 2025;2.011
82 años;17 Rioja, La;Total;1 de enero de 2024;1.953
82 años;17 Rioja, La;Hombres;1 de enero de 2025;903
82 años;17 Rioja, La;Hombres;1 de enero de 2024;843
82 años;17 Rioja, La;Mujeres;1 de enero de 2025;1.108
82 años;17 Rioja, La;Mujeres;1 de enero de 2024;1.110
82 años;18 Ceuta;Total;1 de enero de 2025;277
82 años;18 Ceuta;Total;1 de enero de 2024;230
82 años;18 Ceuta;Hombres;1 de enero de 2025;111
82 años;18 Ceuta;Hombres;1 de enero de 2024;97
82 años;18 Ceuta;Mujeres;1 de enero de 2025;166
82 años;18 Ceuta;Mujeres;1 de enero de 2024;133
82 años;19 Melilla;Total;1 de enero de 2025;256
82 años;19 Melilla;Total;1 de enero de 2024;226
82 años;19 Melilla;Hombres;1 de enero de 2025;94
82 años;19 Melilla;Hombres;1 de enero de 2024;93
82 años;19 Melilla;Mujeres;1 de enero de 2025;162
82 años;19 Melilla;Mujeres;1 de enero de 2024;133
83 años;01 Andalucía;Total;1 de enero de 2025;35.951
83 años;01 Andalucía;Total;1 de enero de 2024;46.046
83 años;01 Andalucía;Hombres;1 de enero de 2025;14.485
83 años;01 Andalucía;Hombres;1 de enero de 2024;18.304
83 años;01 Andalucía;Mujeres;1 de enero de 2025;21.466
83 años;01 Andalucía;Mujeres;1 de enero de 2024;27.742
83 años;02 Aragón;Total;1 de enero de 2025;7.782
83 años;02 Aragón;Total;1 de enero de 2024;8.711
83 años;02 Aragón;Hombres;1 de enero de 2025;3.262
83 años;02 Aragón;Hombres;1 de enero de 2024;3.565
83 años;02 Aragón;Mujeres;1 de enero de 2025;4.520
83 años;02 Aragón;Mujeres;1 de enero de 2024;5.146
83 años;03 Asturias, Principado de;Total;1 de enero de 2025;6.532
83 años;03 Asturias, Principado de;Total;1 de enero de 2024;6.831
83 años;03 Asturias, Principado de;Hombres;1 de enero de 2025;2.620
83 años;03 Asturias, Principado de;Hombres;1 de enero de 2024;2.733
83 años;03 Asturias, Principado de;Mujeres;1 de enero de 2025;3.912
83 años;03 Asturias, Principado de;Mujeres;1 de enero de 2024;4.098
83 años;04 Balears, Illes;Total;1 de enero de 2025;4.620
83 años;04 Balears, Illes;Total;1 de enero de 2024;5.226
83 años;04 Balears, Illes;Hombres;1 de enero de 2025;1.948
83 años;04 Balears, Illes;Hombres;1 de enero de 2024;2.226
83 años;04 Balears, Illes;Mujeres;1 de enero de 2025;2.672
83 años;04 Balears, Illes;Mujeres;1 de enero de 2024;3.000
83 años;05 Canarias;Total;1 de enero de 2025;9.240
83 años;05 Canarias;Total;1 de enero de 2024;10.014
83 años;05 Canarias;Hombres;1 de enero de 2025;3.851
83 años;05 Canarias;Hombres;1 de enero de 2024;4.138
83 años;05 Canarias;Mujeres;1 de enero de 2025;5.389
83 años;05 Canarias;Mujeres;1 de enero de 2024;5.876
83 años;06 Cantabria;Total;1 de enero de 2025;3.309
83 años;06 Cantabria;Total;1 de enero de 2024;3.516
83 años;06 Cantabria;Hombres;1 de enero de 2025;1.348
83 años;06 Cantabria;Hombres;1 de enero de 2024;1.371
83 años;06 Cantabria;Mujeres;1 de enero de 2025;1.961
83 años;06 Cantabria;Mujeres;1 de enero de 2024;2.145
83 años;07 Castilla y León;Total;1 de enero de 2025;16.975
83 años;07 Castilla y León;Total;1 de enero de 2024;18.963
83 años;07 Castilla y León;Hombres;1 de enero de 2025;7.201
83 años;07 Castilla y León;Hombres;1 de enero de 2024;7.904
83 años;07 Castilla y León;Mujeres;1 de enero de 2025;9.774
83 años;07 Castilla y León;Mujeres;1 de enero de 2024;11.059
83 años;08 Castilla - La Mancha;Total;1 de enero de 2025;9.436
83 años;08 Castilla - La Mancha;Total;1 de enero de 2024;14.402
83 años;08 Castilla - La Mancha;Hombres;1 de enero de 2025;3.933
83 años;08 Castilla - La Mancha;Hombres;1 de enero de 2024;5.895
83 años;08 Castilla - La Mancha;Mujeres;1 de enero de 2025;5.503
83 años;08 Castilla - La Mancha;Mujeres;1 de enero de 2024;8.507
83 años;09 Cataluña;Total;1 de enero de 2025;38.497
83 años;09 Cataluña;Total;1 de enero de 2024;47.933
83 años;09 Cataluña;Hombres;1 de enero de 2025;15.677
83 años;09 Cataluña;Hombres;1 de enero de 2024;19.821
83 años;09 Cataluña;Mujeres;1 de enero de 2025;22.820
83 años;09 Cataluña;Mujeres;1 de enero de 2024;28.112
83 años;10 Comunitat Valenciana;Total;1 de enero de 2025;25.841
83 años;10 Comunitat Valenciana;Total;1 de enero de 2024;34.389
83 años;10 Comunitat Valenciana;Hombres;1 de enero de 2025;10.835
83 años;10 Comunitat Valenciana;Hombres;1 de enero de 2024;14.093
83 años;10 Comunitat Valenciana;Mujeres;1 de enero de 2025;15.006
83 años;10 Comunitat Valenciana;Mujeres;1 de enero de 2024;20.296
83 años;11 Extremadura;Total;1 de enero de 2025;5.102
83 años;11 Extremadura;Total;1 de enero de 2024;7.282
83 años;11 Extremadura;Hombres;1 de enero de 2025;2.093
83 años;11 Extremadura;Hombres;1 de enero de 2024;2.889
83 años;11 Extremadura;Mujeres;1 de enero de 2025;3.009
83 años;11 Extremadura;Mujeres;1 de enero de 2024;4.393
83 años;12 Galicia;Total;1 de enero de 2025;19.616
83 años;12 Galicia;Total;1 de enero de 2024;21.176
83 años;12 Galicia;Hombres;1 de enero de 2025;8.050
83 años;12 Galicia;Hombres;1 de enero de 2024;8.505
83 años;12 Galicia;Mujeres;1 de enero de 2025;11.566
83 años;12 Galicia;Mujeres;1 de enero de 2024;12.671
83 años;13 Madrid, Comunidad de;Total;1 de enero de 2025;31.840
83 años;13 Madrid, Comunidad de;Total;1 de enero de 2024;40.316
83 años;13 Madrid, Comunidad de;Hombres;1 de enero de 2025;12.914
83 años;13 Madrid, Comunidad de;Hombres;1 de enero de 2024;15.974
83 años;13 Madrid, Comunidad de;Mujeres;1 de enero de 2025;18.926
83 años;13 Madrid, Comunidad de;Mujeres;1 de enero de 2024;24.342
83 años;14 Murcia, Región de;Total;1 de enero de 2025;6.242
83 años;14 Murcia, Región de;Total;1 de enero de 2024;8.032
83 años;14 Murcia, Región de;Hombres;1 de enero de 2025;2.535
83 años;14 Murcia, Región de;Hombres;1 de enero de 2024;3.227
83 años;14 Murcia, Región de;Mujeres;1 de enero de 2025;3.707
83 años;14 Murcia, Región de;Mujeres;1 de enero de 2024;4.805
83 años;15 Navarra, Comunidad Foral de;Total;1 de enero de 2025;3.588
83 años;15 Navarra, Comunidad Foral de;Total;1 de enero de 2024;3.791
83 años;15 Navarra, Comunidad Foral de;Hombres;1 de enero de 2025;1.521
83 años;15 Navarra, Comunidad Foral de;Hombres;1 de enero de 2024;1.559
83 años;15 Navarra, Comunidad Foral de;Mujeres;1 de enero de 2025;2.067
83 años;15 Navarra, Comunidad Foral de;Mujeres;1 de enero de 2024;2.232
83 años;16 País Vasco;Total;1 de enero de 2025;13.377
83 años;16 País Vasco;Total;1 de enero de 2024;14.605
83 años;16 País Vasco;Hombres;1 de enero de 2025;5.362
83 años;16 País Vasco;Hombres;1 de enero de 2024;5.920
83 años;16 País Vasco;Mujeres;1 de enero de 2025;8.015
83 años;16 País Vasco;Mujeres;1 de enero de 2024;8.685
83 años;17 Rioja, La;Total;1 de enero de 2025;1.877
83 años;17 Rioja, La;Total;1 de enero de 2024;2.174
83 años;17 Rioja, La;Hombres;1 de enero de 2025;805
83 años;17 Rioja, La;Hombres;1 de enero de 2024;931
83 años;17 Rioja, La;Mujeres;1 de enero de 2025;1.072
83 años;17 Rioja, La;Mujeres;1 de enero de 2024;1.243
83 años;18 Ceuta;Total;1 de enero de 2025;217
83 años;18 Ceuta;Total;1 de enero de 2024;280
83 años;18 Ceuta;Hombres;1 de enero de 2025;95
83 años;18 Ceuta;Hombres;1 de enero de 2024;112
83 años;18 Ceuta;Mujeres;1 de enero de 2025;122
83 años;18 Ceuta;Mujeres;1 de enero de 2024;168
83 años;19 Melilla;Total;1 de enero de 2025;220
83 años;19 Melilla;Total;1 de enero de 2024;235
83 años;19 Melilla;Hombres;1 de enero de 2025;90
83 años;19 Melilla;Hombres;1 de enero de 2024;87
83 años;19 Melilla;Mujeres;1 de enero de 2025;130
83 años;19 Melilla;Mujeres;1 de enero de 2024;148
84 años;01 Andalucía;Total;1 de enero de 2025;43.195
84 años;01 Andalucía;Total;1 de enero de 2024;31.524
84 años;01 Andalucía;Hombres;1 de enero de 2025;16.851
84 años;01 Andalucía;Hombres;1 de enero de 2024;12.042
84 años;01 Andalucía;Mujeres;1 de enero de 2025;26.344
84 años;01 Andalucía;Mujeres;1 de enero de 2024;19.482
84 años;02 Aragón;Total;1 de enero de 2025;8.281
84 años;02 Aragón;Total;1 de enero de 2024;5.878
84 años;02 Aragón;Hombres;1 de enero de 2025;3.360
84 años;02 Aragón;Hombres;1 de enero de 2024;2.329
84 años;02 Aragón;Mujeres;1 de enero de 2025;4.921
84 años;02 Aragón;Mujeres;1 de enero de 2024;3.549
84 años;03 Asturias, Principado de;Total;1 de enero de 2025;6.447
84 años;03 Asturias, Principado de;Total;1 de enero de 2024;5.132
84 años;03 Asturias, Principado de;Hombres;1 de enero de 2025;2.533
84 años;03 Asturias, Principado de;Hombres;1 de enero de 2024;1.944
84 años;03 Asturias, Principado de;Mujeres;1 de enero de 2025;3.914
84 años;03 Asturias, Principado de;Mujeres;1 de enero de 2024;3.188
84 años;04 Balears, Illes;Total;1 de enero de 2025;4.937
84 años;04 Balears, Illes;Total;1 de enero de 2024;3.904
84 años;04 Balears, Illes;Hombres;1 de enero de 2025;2.058
84 años;04 Balears, Illes;Hombres;1 de enero de 2024;1.594
84 años;04 Balears, Illes;Mujeres;1 de enero de 2025;2.879
84 años;04 Balears, Illes;Mujeres;1 de enero de 2024;2.310
84 años;05 Canarias;Total;1 de enero de 2025;9.458
84 años;05 Canarias;Total;1 de enero de 2024;7.026
84 años;05 Canarias;Hombres;1 de enero de 2025;3.852
84 años;05 Canarias;Hombres;1 de enero de 2024;2.823
84 años;05 Canarias;Mujeres;1 de enero de 2025;5.606
84 años;05 Canarias;Mujeres;1 de enero de 2024;4.203
84 años;06 Cantabria;Total;1 de enero de 2025;3.338
84 años;06 Cantabria;Total;1 de enero de 2024;2.451
84 años;06 Cantabria;Hombres;1 de enero de 2025;1.260
84 años;06 Cantabria;Hombres;1 de enero de 2024;913
84 años;06 Cantabria;Mujeres;1 de enero de 2025;2.078
84 años;06 Cantabria;Mujeres;1 de enero de 2024;1.538
84 años;07 Castilla y León;Total;1 de enero de 2025;18.114
84 años;07 Castilla y León;Total;1 de enero de 2024;13.307
84 años;07 Castilla y León;Hombres;1 de enero de 2025;7.410
84 años;07 Castilla y León;Hombres;1 de enero de 2024;5.425
84 años;07 Castilla y León;Mujeres;1 de enero de 2025;10.704
84 años;07 Castilla y León;Mujeres;1 de enero de 2024;7.882
84 años;08 Castilla - La Mancha;Total;1 de enero de 2025;13.658
84 años;08 Castilla - La Mancha;Total;1 de enero de 2024;6.882
84 años;08 Castilla - La Mancha;Hombres;1 de enero de 2025;5.494
84 años;08 Castilla - La Mancha;Hombres;1 de enero de 2024;2.662
84 años;08 Castilla - La Mancha;Mujeres;1 de enero de 2025;8.164
84 años;08 Castilla - La Mancha;Mujeres;1 de enero de 2024;4.220
84 años;09 Cataluña;Total;1 de enero de 2025;45.568
84 años;09 Cataluña;Total;1 de enero de 2024;25.731
84 años;09 Cataluña;Hombres;1 de enero de 2025;18.563
84 años;09 Cataluña;Hombres;1 de enero de 2024;10.278
84 años;09 Cataluña;Mujeres;1 de enero de 2025;27.005
84 años;09 Cataluña;Mujeres;1 de enero de 2024;15.453
84 años;10 Comunitat Valenciana;Total;1 de enero de 2025;32.435
84 años;10 Comunitat Valenciana;Total;1 de enero de 2024;18.843
84 años;10 Comunitat Valenciana;Hombres;1 de enero de 2025;13.093
84 años;10 Comunitat Valenciana;Hombres;1 de enero de 2024;7.509
84 años;10 Comunitat Valenciana;Mujeres;1 de enero de 2025;19.342
84 años;10 Comunitat Valenciana;Mujeres;1 de enero de 2024;11.334
84 años;11 Extremadura;Total;1 de enero de 2025;6.854
84 años;11 Extremadura;Total;1 de enero de 2024;4.912
84 años;11 Extremadura;Hombres;1 de enero de 2025;2.652
84 años;11 Extremadura;Hombres;1 de enero de 2024;1.888
84 años;11 Extremadura;Mujeres;1 de enero de 2025;4.202
84 años;11 Extremadura;Mujeres;1 de enero de 2024;3.024
84 años;12 Galicia;Total;1 de enero de 2025;20.108
84 años;12 Galicia;Total;1 de enero de 2024;14.902
84 años;12 Galicia;Hombres;1 de enero de 2025;7.943
84 años;12 Galicia;Hombres;1 de enero de 2024;5.862
84 años;12 Galicia;Mujeres;1 de enero de 2025;12.165
84 años;12 Galicia;Mujeres;1 de enero de 2024;9.040
84 años;13 Madrid, Comunidad de;Total;1 de enero de 2025;38.603
84 años;13 Madrid, Comunidad de;Total;1 de enero de 2024;23.663
84 años;13 Madrid, Comunidad de;Hombres;1 de enero de 2025;15.067
84 años;13 Madrid, Comunidad de;Hombres;1 de enero de 2024;8.972
84 años;13 Madrid, Comunidad de;Mujeres;1 de enero de 2025;23.536
84 años;13 Madrid, Comunidad de;Mujeres;1 de enero de 2024;14.691
84 años;14 Murcia, Región de;Total;1 de enero de 2025;7.531
84 años;14 Murcia, Región de;Total;1 de enero de 2024;4.529
84 años;14 Murcia, Región de;Hombres;1 de enero de 2025;2.966
84 años;14 Murcia, Región de;Hombres;1 de enero de 2024;1.826
84 años;14 Murcia, Región de;Mujeres;1 de enero de 2025;4.565
84 años;14 Murcia, Región de;Mujeres;1 de enero de 2024;2.703
84 años;15 Navarra, Comunidad Foral de;Total;1 de enero de 2025;3.609
84 años;15 Navarra, Comunidad Foral de;Total;1 de enero de 2024;2.805
84 años;15 Navarra, Comunidad Foral de;Hombres;1 de enero de 2025;1.452
84 años;15 Navarra, Comunidad Foral de;Hombres;1 de enero de 2024;1.145
84 años;15 Navarra, Comunidad Foral de;Mujeres;1 de enero de 2025;2.157
84 años;15 Navarra, Comunidad Foral de;Mujeres;1 de enero de 2024;1.660
84 años;16 País Vasco;Total;1 de enero de 2025;13.906
84 años;16 País Vasco;Total;1 de enero de 2024;10.506
84 años;16 País Vasco;Hombres;1 de enero de 2025;5.525
84 años;16 País Vasco;Hombres;1 de enero de 2024;4.042
84 años;16 País Vasco;Mujeres;1 de enero de 2025;8.381
84 años;16 País Vasco;Mujeres;1 de enero de 2024;6.464
84 años;17 Rioja, La;Total;1 de enero de 2025;2.056
84 años;17 Rioja, La;Total;1 de enero de 2024;1.325
84 años;17 Rioja, La;Hombres;1 de enero de 2025;864
84 años;17 Rioja, La;Hombres;1 de enero de 2024;518
84 años;17 Rioja, La;Mujeres;1 de enero de 2025;1.192
84 años;17 Rioja, La;Mujeres;1 de enero de 2024;807
84 años;18 Ceuta;Total;1 de enero de 2025;251
84 años;18 Ceuta;Total;1 de enero de 2024;232
84 años;18 Ceuta;Hombres;1 de enero de 2025;98
84 años;18 Ceuta;Hombres;1 de enero de 2024;90
84 años;18 Ceuta;Mujeres;1 de enero de 2025;153
84 años;18 Ceuta;Mujeres;1 de enero de 2024;142
84 años;19 Melilla;Total;1 de enero de 2025;224
84 años;19 Melilla;Total;1 de enero de 2024;181
84 años;19 Melilla;Hombres;1 de enero de 2025;83
84 años;19 Melilla;Hombres;1 de enero de 2024;73
84 años;19 Melilla;Mujeres;1 de enero de 2025;141
84 años;19 Melilla;Mujeres;1 de enero de 2024;108
85 años;01 Andalucía;Total;1 de enero de 2025;29.368
85 años;01 Andalucía;Total;1 de enero de 2024;30.569
85 años;01 Andalucía;Hombres;1 de enero de 2025;10.991
85 años;01 Andalucía;Hombres;1 de enero de 2024;11.596
85 años;01 Andalucía;Mujeres;1 de enero de 2025;18.377
85 años;01 Andalucía;Mujeres;1 de enero de 2024;18.973
85 años;02 Aragón;Total;1 de enero de 2025;5.528
85 años;02 Aragón;Total;1 de enero de 2024;5.983
85 años;02 Aragón;Hombres;1 de enero de 2025;2.152
85 años;02 Aragón;Hombres;1 de enero de 2024;2.373
85 años;02 Aragón;Mujeres;1 de enero de 2025;3.376
85 años;02 Aragón;Mujeres;1 de enero de 2024;3.610
85 años;03 Asturias, Principado de;Total;1 de enero de 2025;4.820
85 años;03 Asturias, Principado de;Total;1 de enero de 2024;5.559
85 años;03 Asturias, Principado de;Hombres;1 de enero de 2025;1.796
85 años;03 Asturias, Principado de;Hombres;1 de enero de 2024;2.030
85 años;03 Asturias, Principado de;Mujeres;1 de enero de 2025;3.024
85 años;03 Asturias, Principado de;Mujeres;1 de enero de 2024;3.529
85 años;04 Balears, Illes;Total;1 de enero de 2025;3.648
85 años;04 Balears, Illes;Total;1 de enero de 2024;3.725
85 años;04 Balears, Illes;Hombres;1 de enero de 2025;1.446
85 años;04 Balears, Illes;Hombres;1 de enero de 2024;1.439
85 años;04 Balears, Illes;Mujeres;1 de enero de 2025;2.202
85 años;04 Balears, Illes;Mujeres;1 de enero de 2024;2.286
85 años;05 Canarias;Total;1 de enero de 2025;6.549
85 años;05 Canarias;Total;1 de enero de 2024;6.878
85 años;05 Canarias;Hombres;1 de enero de 2025;2.591
85 años;05 Canarias;Hombres;1 de enero de 2024;2.717
85 años;05 Canarias;Mujeres;1 de enero de 2025;3.958
85 años;05 Canarias;Mujeres;1 de enero de 2024;4.161
85 años;06 Cantabria;Total;1 de enero de 2025;2.331
85 años;06 Cantabria;Total;1 de enero de 2024;2.701
85 años;06 Cantabria;Hombres;1 de enero de 2025;857
85 años;06 Cantabria;Hombres;1 de enero de 2024;1.051
85 años;06 Cantabria;Mujeres;1 de enero de 2025;1.474
85 años;06 Cantabria;Mujeres;1 de enero de 2024;1.650
85 años;07 Castilla y León;Total;1 de enero de 2025;12.656
85 años;07 Castilla y León;Total;1 de enero de 2024;13.433
85 años;07 Castilla y León;Hombres;1 de enero de 2025;5.059
85 años;07 Castilla y León;Hombres;1 de enero de 2024;5.349
85 años;07 Castilla y León;Mujeres;1 de enero de 2025;7.597
85 años;07 Castilla y León;Mujeres;1 de enero de 2024;8.084
85 años;08 Castilla - La Mancha;Total;1 de enero de 2025;6.492
85 años;08 Castilla - La Mancha;Total;1 de enero de 2024;9.010
85 años;08 Castilla - La Mancha;Hombres;1 de enero de 2025;2.477
85 años;08 Castilla - La Mancha;Hombres;1 de enero de 2024;3.577
85 años;08 Castilla - La Mancha;Mujeres;1 de enero de 2025;4.015
85 años;08 Castilla - La Mancha;Mujeres;1 de enero de 2024;5.433
85 años;09 Cataluña;Total;1 de enero de 2025;24.170
85 años;09 Cataluña;Total;1 de enero de 2024;29.504
85 años;09 Cataluña;Hombres;1 de enero de 2025;9.499
85 años;09 Cataluña;Hombres;1 de enero de 2024;11.454
85 años;09 Cataluña;Mujeres;1 de enero de 2025;14.671
85 años;09 Cataluña;Mujeres;1 de enero de 2024;18.050
85 años;10 Comunitat Valenciana;Total;1 de enero de 2025;17.587
85 años;10 Comunitat Valenciana;Total;1 de enero de 2024;21.834
85 años;10 Comunitat Valenciana;Hombres;1 de enero de 2025;6.890
85 años;10 Comunitat Valenciana;Hombres;1 de enero de 2024;8.488
85 años;10 Comunitat Valenciana;Mujeres;1 de enero de 2025;10.697
85 años;10 Comunitat Valenciana;Mujeres;1 de enero de 2024;13.346
85 años;11 Extremadura;Total;1 de enero de 2025;4.621
85 años;11 Extremadura;Total;1 de enero de 2024;4.801
85 años;11 Extremadura;Hombres;1 de enero de 2025;1.739
85 años;11 Extremadura;Hombres;1 de enero de 2024;1.881
85 años;11 Extremadura;Mujeres;1 de enero de 2025;2.882
85 años;11 Extremadura;Mujeres;1 de enero de 2024;2.920
85 años;12 Galicia;Total;1 de enero de 2025;14.041
85 años;12 Galicia;Total;1 de enero de 2024;14.908
85 años;12 Galicia;Hombres;1 de enero de 2025;5.411
85 años;12 Galicia;Hombres;1 de enero de 2024;5.670
85 años;12 Galicia;Mujeres;1 de enero de 2025;8.630
85 años;12 Galicia;Mujeres;1 de enero de 2024;9.238
85 años;13 Madrid, Comunidad de;Total;1 de enero de 2025;22.545
85 años;13 Madrid, Comunidad de;Total;1 de enero de 2024;26.183
85 años;13 Madrid, Comunidad de;Hombres;1 de enero de 2025;8.384
85 años;13 Madrid, Comunidad de;Hombres;1 de enero de 2024;9.862
85 años;13 Madrid, Comunidad de;Mujeres;1 de enero de 2025;14.161
85 años;13 Madrid, Comunidad de;Mujeres;1 de enero de 2024;16.321
85 años;14 Murcia, Región de;Total;1 de enero de 2025;4.231
85 años;14 Murcia, Región de;Total;1 de enero de 2024;5.919
85 años;14 Murcia, Región de;Hombres;1 de enero de 2025;1.672
85 años;14 Murcia, Región de;Hombres;1 de enero de 2024;2.273
85 años;14 Murcia, Región de;Mujeres;1 de enero de 2025;2.559
85 años;14 Murcia, Región de;Mujeres;1 de enero de 2024;3.646
85 años;15 Navarra, Comunidad Foral de;Total;1 de enero de 2025;2.632
85 años;15 Navarra, Comunidad Foral de;Total;1 de enero de 2024;2.765
85 años;15 Navarra, Comunidad Foral de;Hombres;1 de enero de 2025;1.051
85 años;15 Navarra, Comunidad Foral de;Hombres;1 de enero de 2024;1.069
85 años;15 Navarra, Comunidad Foral de;Mujeres;1 de enero de 2025;1.581
85 años;15 Navarra, Comunidad Foral de;Mujeres;1 de enero de 2024;1.696
85 años;16 País Vasco;Total;1 de enero de 2025;9.895
85 años;16 País Vasco;Total;1 de enero de 2024;10.694
85 años;16 País Vasco;Hombres;1 de enero de 2025;3.724
85 años;16 País Vasco;Hombres;1 de enero de 2024;4.153
85 años;16 País Vasco;Mujeres;1 de enero de 2025;6.171
85 años;16 País Vasco;Mujeres;1 de enero de 2024;6.541
85 años;17 Rioja, La;Total;1 de enero de 2025;1.254
85 años;17 Rioja, La;Total;1 de enero de 2024;1.298
85 años;17 Rioja, La;Hombres;1 de enero de 2025;484
85 años;17 Rioja, La;Hombres;1 de enero de 2024;489
85 años;17 Rioja, La;Mujeres;1 de enero de 2025;770
85 años;17 Rioja, La;Mujeres;1 de enero de 2024;809
85 años;18 Ceuta;Total;1 de enero de 2025;212
85 años;18 Ceuta;Total;1 de enero de 2024;192
85 años;18 Ceuta;Hombres;1 de enero de 2025;75
85 años;18 Ceuta;Hombres;1 de enero de 2024;60
85 años;18 Ceuta;Mujeres;1 de enero de 2025;137
85 años;18 Ceuta;Mujeres;1 de enero de 2024;132
85 años;19 Melilla;Total;1 de enero de 2025;174
85 años;19 Melilla;Total;1 de enero de 2024;176
85 años;19 Melilla;Hombres;1 de enero de 2025;68
85 años;19 Melilla;Hombres;1 de enero de 2024;60
85 años;19 Melilla;Mujeres;1 de enero de 2025;106
85 años;19 Melilla;Mujeres;1 de enero de 2024;116
85 y más años;01 Andalucía;Total;1 de enero de 2025;218.523
85 y más años;01 Andalucía;Total;1 de enero de 2024;219.585
85 y más años;01 Andalucía;Hombres;1 de enero de 2025;74.435
85 y más años;01 Andalucía;Hombres;1 de enero de 2024;75.118
85 y más años;01 Andalucía;Mujeres;1 de enero de 2025;144.088
85 y más años;01 Andalucía;Mujeres;1 de enero de 2024;144.467
85 y más años;02 Aragón;Total;1 de enero de 2025;53.613
85 y más años;02 Aragón;Total;1 de enero de 2024;55.408
85 y más años;02 Aragón;Hombres;1 de enero de 2025;18.405
85 y más años;02 Aragón;Hombres;1 de enero de 2024;19.099
85 y más años;02 Aragón;Mujeres;1 de enero de 2025;35.208
85 y más años;02 Aragón;Mujeres;1 de enero de 2024;36.309
85 y más años;03 Asturias, Principado de;Total;1 de enero de 2025;47.963
85 y más años;03 Asturias, Principado de;Total;1 de enero de 2024;49.685
85 y más años;03 Asturias, Principado de;Hombres;1 de enero de 2025;15.169
85 y más años;03 Asturias, Principado de;Hombres;1 de enero de 2024;15.656
85 y más años;03 Asturias, Principado de;Mujeres;1 de enero de 2025;32.794
85 y más años;03 Asturias, Principado de;Mujeres;1 de enero de 2024;34.029
85 y más años;04 Balears, Illes;Total;1 de enero de 2025;27.678
85 y más años;04 Balears, Illes;Total;1 de enero de 2024;27.808
85 y más años;04 Balears, Illes;Hombres;1 de enero de 2025;9.434
85 y más años;04 Balears, Illes;Hombres;1 de enero de 2024;9.430
85 y más años;04 Balears, Illes;Mujeres;1 de enero de 2025;18.244
85 y más años;04 Balears, Illes;Mujeres;1 de enero de 2024;18.378
85 y más años;05 Canarias;Total;1 de enero de 2025;50.314
85 y más años;05 Canarias;Total;1 de enero de 2024;50.357
85 y más años;05 Canarias;Hombres;1 de enero de 2025;17.464
85 y más años;05 Canarias;Hombres;1 de enero de 2024;17.532
85 y más años;05 Canarias;Mujeres;1 de enero de 2025;32.850
85 y más años;05 Canarias;Mujeres;1 de enero de 2024;32.825
85 y más años;06 Cantabria;Total;1 de enero de 2025;23.086
85 y más años;06 Cantabria;Total;1 de enero de 2024;23.724
85 y más años;06 Cantabria;Hombres;1 de enero de 2025;7.259
85 y más años;06 Cantabria;Hombres;1 de enero de 2024;7.484
85 y más años;06 Cantabria;Mujeres;1 de enero de 2025;15.827
85 y más años;06 Cantabria;Mujeres;1 de enero de 2024;16.240
85 y más años;07 Castilla y León;Total;1 de enero de 2025;126.627
85 y más años;07 Castilla y León;Total;1 de enero de 2024;129.724
85 y más años;07 Castilla y León;Hombres;1 de enero de 2025;43.589
85 y más años;07 Castilla y León;Hombres;1 de enero de 2024;44.851
85 y más años;07 Castilla y León;Mujeres;1 de enero de 2025;83.038
85 y más años;07 Castilla y León;Mujeres;1 de enero de 2024;84.873
85 y más años;08 Castilla - La Mancha;Total;1 de enero de 2025;72.618
85 y más años;08 Castilla - La Mancha;Total;1 de enero de 2024;76.023
85 y más años;08 Castilla - La Mancha;Hombres;1 de enero de 2025;26.177
85 y más años;08 Castilla - La Mancha;Hombres;1 de enero de 2024;27.744
85 y más años;08 Castilla - La Mancha;Mujeres;1 de enero de 2025;46.441
85 y más años;08 Castilla - La Mancha;Mujeres;1 de enero de 2024;48.279
85 y más años;09 Cataluña;Total;1 de enero de 2025;245.511
85 y más años;09 Cataluña;Total;1 de enero de 2024;253.666
85 y más años;09 Cataluña;Hombres;1 de enero de 2025;82.140
85 y más años;09 Cataluña;Hombres;1 de enero de 2024;84.771
85 y más años;09 Cataluña;Mujeres;1 de enero de 2025;163.371
85 y más años;09 Cataluña;Mujeres;1 de enero de 2024;168.895
85 y más años;10 Comunitat Valenciana;Total;1 de enero de 2025;151.029
85 y más años;10 Comunitat Valenciana;Total;1 de enero de 2024;153.199
85 y más años;10 Comunitat Valenciana;Hombres;1 de enero de 2025;52.337
85 y más años;10 Comunitat Valenciana;Hombres;1 de enero de 2024;53.169
85 y más años;10 Comunitat Valenciana;Mujeres;1 de enero de 2025;98.692
85 y más años;10 Comunitat Valenciana;Mujeres;1 de enero de 2024;100.030
85 y más años;11 Extremadura;Total;1 de enero de 2025;41.058
85 y más años;11 Extremadura;Total;1 de enero de 2024;41.889
85 y más años;11 Extremadura;Hombres;1 de enero de 2025;14.183
85 y más años;11 Extremadura;Hombres;1 de enero de 2024;14.633
85 y más años;11 Extremadura;Mujeres;1 de enero de 2025;26.875
85 y más años;11 Extremadura;Mujeres;1 de enero de 2024;27.256
85 y más años;12 Galicia;Total;1 de enero de 2025;133.821
85 y más años;12 Galicia;Total;1 de enero de 2024;136.989
85 y más años;12 Galicia;Hombres;1 de enero de 2025;45.173
85 y más años;12 Galicia;Hombres;1 de enero de 2024;46.237
85 y más años;12 Galicia;Mujeres;1 de enero de 2025;88.648
85 y más años;12 Galicia;Mujeres;1 de enero de 2024;90.752
85 y más años;13 Madrid, Comunidad de;Total;1 de enero de 2025;211.216
85 y más años;13 Madrid, Comunidad de;Total;1 de enero de 2024;212.255
85 y más años;13 Madrid, Comunidad de;Hombres;1 de enero de 2025;68.681
85 y más años;13 Madrid, Comunidad de;Hombres;1 de enero de 2024;68.916
85 y más años;13 Madrid, Comunidad de;Mujeres;1 de enero de 2025;142.535
85 y más años;13 Madrid, Comunidad de;Mujeres;1 de enero de 2024;143.339
85 y más años;14 Murcia, Región de;Total;1 de enero de 2025;37.487
85 y más años;14 Murcia, Región de;Total;1 de enero de 2024;38.286
85 y más años;14 Murcia, Región de;Hombres;1 de enero de 2025;13.407
85 y más años;14 Murcia, Región de;Hombres;1 de enero de 2024;13.748
85 y más años;14 Murcia, Región de;Mujeres;1 de enero de 2025;24.080
85 y más años;14 Murcia, Región de;Mujeres;1 de enero de 2024;24.538
85 y más años;15 Navarra, Comunidad Foral de;Total;1 de enero de 2025;23.014
85 y más años;15 Navarra, Comunidad Foral de;Total;1 de enero de 2024;23.457
85 y más años;15 Navarra, Comunidad Foral de;Hombres;1 de enero de 2025;7.694
85 y más años;15 Navarra, Comunidad Foral de;Hombres;1 de enero de 2024;7.809
85 y más años;15 Navarra, Comunidad Foral de;Mujeres;1 de enero de 2025;15.320
85 y más años;15 Navarra, Comunidad Foral de;Mujeres;1 de enero de 2024;15.648
85 y más años;16 País Vasco;Total;1 de enero de 2025;88.753
85 y más años;16 País Vasco;Total;1 de enero de 2024;90.308
85 y más años;16 País Vasco;Hombres;1 de enero de 2025;28.575
85 y más años;16 País Vasco;Hombres;1 de enero de 2024;28.986
85 y más años;16 País Vasco;Mujeres;1 de enero de 2025;60.178
85 y más años;16 País Vasco;Mujeres;1 de enero de 2024;61.322
85 y más años;17 Rioja, La;Total;1 de enero de 2025;12.139
85 y más años;17 Rioja, La;Total;1 de enero de 2024;12.534
85 y más años;17 Rioja, La;Hombres;1 de enero de 2025;4.070
85 y más años;17 Rioja, La;Hombres;1 de enero de 2024;4.229
85 y más años;17 Rioja, La;Mujeres;1 de enero de 2025;8.069
85 y más años;17 Rioja, La;Mujeres;1 de enero de 2024;8.305
85 y más años;18 Ceuta;Total;1 de enero de 2025;1.254
85 y más años;18 Ceuta;Total;1 de enero de 2024;1.247
85 y más años;18 Ceuta;Hombres;1 de enero de 2025;406
85 y más años;18 Ceuta;Hombres;1 de enero de 2024;395
85 y más años;18 Ceuta;Mujeres;1 de enero de 2025;848
85 y más años;18 Ceuta;Mujeres;1 de enero de 2024;852
85 y más años;19 Melilla;Total;1 de enero de 2025;1.146
85 y más años;19 Melilla;Total;1 de enero de 2024;1.119
85 y más años;19 Melilla;Hombres;1 de enero de 2025;363
85 y más años;19 Melilla;Hombres;1 de enero de 2024;355
85 y más años;19 Melilla;Mujeres;1 de enero de 2025;783
85 y más años;19 Melilla;Mujeres;1 de enero de 2024;764
86 años;01 Andalucía;Total;1 de enero de 2025;28.111
86 años;01 Andalucía;Total;1 de enero de 2024;30.458
86 años;01 Andalucía;Hombres;1 de enero de 2025;10.414
86 años;01 Andalucía;Hombres;1 de enero de 2024;11.367
86 años;01 Andalucía;Mujeres;1 de enero de 2025;17.697
86 años;01 Andalucía;Mujeres;1 de enero de 2024;19.091
86 años;02 Aragón;Total;1 de enero de 2025;5.592
86 años;02 Aragón;Total;1 de enero de 2024;6.517
86 años;02 Aragón;Hombres;1 de enero de 2025;2.189
86 años;02 Aragón;Hombres;1 de enero de 2024;2.430
86 años;02 Aragón;Mujeres;1 de enero de 2025;3.403
86 años;02 Aragón;Mujeres;1 de enero de 2024;4.087
86 años;03 Asturias, Principado de;Total;1 de enero de 2025;5.170
86 años;03 Asturias, Principado de;Total;1 de enero de 2024;5.756
86 años;03 Asturias, Principado de;Hombres;1 de enero de 2025;1.839
86 años;03 Asturias, Principado de;Hombres;1 de enero de 2024;2.052
86 años;03 Asturias, Principado de;Mujeres;1 de enero de 2025;3.331
86 años;03 Asturias, Principado de;Mujeres;1 de enero de 2024;3.704
86 años;04 Balears, Illes;Total;1 de enero de 2025;3.441
86 años;04 Balears, Illes;Total;1 de enero de 2024;3.763
86 años;04 Balears, Illes;Hombres;1 de enero de 2025;1.301
86 años;04 Balears, Illes;Hombres;1 de enero de 2024;1.472
86 años;04 Balears, Illes;Mujeres;1 de enero de 2025;2.140
86 años;04 Balears, Illes;Mujeres;1 de enero de 2024;2.291
86 años;05 Canarias;Total;1 de enero de 2025;6.303
86 años;05 Canarias;Total;1 de enero de 2024;6.756
86 años;05 Canarias;Hombres;1 de enero de 2025;2.425
86 años;05 Canarias;Hombres;1 de enero de 2024;2.588
86 años;05 Canarias;Mujeres;1 de enero de 2025;3.878
86 años;05 Canarias;Mujeres;1 de enero de 2024;4.168
86 años;06 Cantabria;Total;1 de enero de 2025;2.517
86 años;06 Cantabria;Total;1 de enero de 2024;2.825
86 años;06 Cantabria;Hombres;1 de enero de 2025;967
86 años;06 Cantabria;Hombres;1 de enero de 2024;1.003
86 años;06 Cantabria;Mujeres;1 de enero de 2025;1.550
86 años;06 Cantabria;Mujeres;1 de enero de 2024;1.822
86 años;07 Castilla y León;Total;1 de enero de 2025;12.642
86 años;07 Castilla y León;Total;1 de enero de 2024;14.450
86 años;07 Castilla y León;Hombres;1 de enero de 2025;4.927
86 años;07 Castilla y León;Hombres;1 de enero de 2024;5.603
86 años;07 Castilla y León;Mujeres;1 de enero de 2025;7.715
86 años;07 Castilla y León;Mujeres;1 de enero de 2024;8.847
86 años;08 Castilla - La Mancha;Total;1 de enero de 2025;8.381
86 años;08 Castilla - La Mancha;Total;1 de enero de 2024;9.830
86 años;08 Castilla - La Mancha;Hombres;1 de enero de 2025;3.276
86 años;08 Castilla - La Mancha;Hombres;1 de enero de 2024;3.862
86 años;08 Castilla - La Mancha;Mujeres;1 de enero de 2025;5.105
86 años;08 Castilla - La Mancha;Mujeres;1 de enero de 2024;5.968
86 años;09 Cataluña;Total;1 de enero de 2025;27.490
86 años;09 Cataluña;Total;1 de enero de 2024;33.701
86 años;09 Cataluña;Hombres;1 de enero de 2025;10.453
86 años;09 Cataluña;Hombres;1 de enero de 2024;12.764
86 años;09 Cataluña;Mujeres;1 de enero de 2025;17.037
86 años;09 Cataluña;Mujeres;1 de enero de 2024;20.937
86 años;10 Comunitat Valenciana;Total;1 de enero de 2025;20.220
86 años;10 Comunitat Valenciana;Total;1 de enero de 2024;21.856
86 años;10 Comunitat Valenciana;Hombres;1 de enero de 2025;7.679
86 años;10 Comunitat Valenciana;Hombres;1 de enero de 2024;8.347
86 años;10 Comunitat Valenciana;Mujeres;1 de enero de 2025;12.541
86 años;10 Comunitat Valenciana;Mujeres;1 de enero de 2024;13.509
86 años;11 Extremadura;Total;1 de enero de 2025;4.464
86 años;11 Extremadura;Total;1 de enero de 2024;5.003
86 años;11 Extremadura;Hombres;1 de enero de 2025;1.713
86 años;11 Extremadura;Hombres;1 de enero de 2024;1.916
86 años;11 Extremadura;Mujeres;1 de enero de 2025;2.751
86 años;11 Extremadura;Mujeres;1 de enero de 2024;3.087
86 años;12 Galicia;Total;1 de enero de 2025;14.008
86 años;12 Galicia;Total;1 de enero de 2024;16.458
86 años;12 Galicia;Hombres;1 de enero de 2025;5.214
86 años;12 Galicia;Hombres;1 de enero de 2024;6.177
86 años;12 Galicia;Mujeres;1 de enero de 2025;8.794
86 años;12 Galicia;Mujeres;1 de enero de 2024;10.281
86 años;13 Madrid, Comunidad de;Total;1 de enero de 2025;24.811
86 años;13 Madrid, Comunidad de;Total;1 de enero de 2024;26.872
86 años;13 Madrid, Comunidad de;Hombres;1 de enero de 2025;9.178
86 años;13 Madrid, Comunidad de;Hombres;1 de enero de 2024;9.764
86 años;13 Madrid, Comunidad de;Mujeres;1 de enero de 2025;15.633
86 años;13 Madrid, Comunidad de;Mujeres;1 de enero de 2024;17.108
86 años;14 Murcia, Región de;Total;1 de enero de 2025;5.455
86 años;14 Murcia, Región de;Total;1 de enero de 2024;5.311
86 años;14 Murcia, Región de;Hombres;1 de enero de 2025;2.053
86 años;14 Murcia, Región de;Hombres;1 de enero de 2024;2.043
86 años;14 Murcia, Región de;Mujeres;1 de enero de 2025;3.402
86 años;14 Murcia, Región de;Mujeres;1 de enero de 2024;3.268
86 años;15 Navarra, Comunidad Foral de;Total;1 de enero de 2025;2.590
86 años;15 Navarra, Comunidad Foral de;Total;1 de enero de 2024;2.718
86 años;15 Navarra, Comunidad Foral de;Hombres;1 de enero de 2025;971
86 años;15 Navarra, Comunidad Foral de;Hombres;1 de enero de 2024;1.034
86 años;15 Navarra, Comunidad Foral de;Mujeres;1 de enero de 2025;1.619
86 años;15 Navarra, Comunidad Foral de;Mujeres;1 de enero de 2024;1.684
86 años;16 País Vasco;Total;1 de enero de 2025;10.030
86 años;16 País Vasco;Total;1 de enero de 2024;11.045
86 años;16 País Vasco;Hombres;1 de enero de 2025;3.808
86 años;16 País Vasco;Hombres;1 de enero de 2024;4.076
86 años;16 País Vasco;Mujeres;1 de enero de 2025;6.222
86 años;16 País Vasco;Mujeres;1 de enero de 2024;6.969
86 años;17 Rioja, La;Total;1 de enero de 2025;1.210
86 años;17 Rioja, La;Total;1 de enero de 2024;1.429
86 años;17 Rioja, La;Hombres;1 de enero de 2025;446
86 años;17 Rioja, La;Hombres;1 de enero de 2024;530
86 años;17 Rioja, La;Mujeres;1 de enero de 2025;764
86 años;17 Rioja, La;Mujeres;1 de enero de 2024;899
86 años;18 Ceuta;Total;1 de enero de 2025;173
86 años;18 Ceuta;Total;1 de enero de 2024;152
86 años;18 Ceuta;Hombres;1 de enero de 2025;56
86 años;18 Ceuta;Hombres;1 de enero de 2024;63
86 años;18 Ceuta;Mujeres;1 de enero de 2025;117
86 años;18 Ceuta;Mujeres;1 de enero de 2024;89
86 años;19 Melilla;Total;1 de enero de 2025;164
86 años;19 Melilla;Total;1 de enero de 2024;166
86 años;19 Melilla;Hombres;1 de enero de 2025;55
86 años;19 Melilla;Hombres;1 de enero de 2024;60
86 años;19 Melilla;Mujeres;1 de enero de 2025;109
86 años;19 Melilla;Mujeres;1 de enero de 2024;106
87 años;01 Andalucía;Total;1 de enero de 2025;27.594
87 años;01 Andalucía;Total;1 de enero de 2024;29.803
87 años;01 Andalucía;Hombres;1 de enero de 2025;10.066
87 años;01 Andalucía;Hombres;1 de enero de 2024;10.643
87 años;01 Andalucía;Mujeres;1 de enero de 2025;17.528
87 años;01 Andalucía;Mujeres;1 de enero de 2024;19.160
87 años;02 Aragón;Total;1 de enero de 2025;6.032
87 años;02 Aragón;Total;1 de enero de 2024;6.967
87 años;02 Aragón;Hombres;1 de enero de 2025;2.198
87 años;02 Aragón;Hombres;1 de enero de 2024;2.605
87 años;02 Aragón;Mujeres;1 de enero de 2025;3.834
87 años;02 Aragón;Mujeres;1 de enero de 2024;4.362
87 años;03 Asturias, Principado de;Total;1 de enero de 2025;5.331
87 años;03 Asturias, Principado de;Total;1 de enero de 2024;6.139
87 años;03 Asturias, Principado de;Hombres;1 de enero de 2025;1.864
87 años;03 Asturias, Principado de;Hombres;1 de enero de 2024;2.050
87 años;03 Asturias, Principado de;Mujeres;1 de enero de 2025;3.467
87 años;03 Asturias, Principado de;Mujeres;1 de enero de 2024;4.089
87 años;04 Balears, Illes;Total;1 de enero de 2025;3.431
87 años;04 Balears, Illes;Total;1 de enero de 2024;3.578
87 años;04 Balears, Illes;Hombres;1 de enero de 2025;1.312
87 años;04 Balears, Illes;Hombres;1 de enero de 2024;1.331
87 años;04 Balears, Illes;Mujeres;1 de enero de 2025;2.119
87 años;04 Balears, Illes;Mujeres;1 de enero de 2024;2.247
87 años;05 Canarias;Total;1 de enero de 2025;6.196
87 años;05 Canarias;Total;1 de enero de 2024;6.776
87 años;05 Canarias;Hombres;1 de enero de 2025;2.327
87 años;05 Canarias;Hombres;1 de enero de 2024;2.448
87 años;05 Canarias;Mujeres;1 de enero de 2025;3.869
87 años;05 Canarias;Mujeres;1 de enero de 2024;4.328
87 años;06 Cantabria;Total;1 de enero de 2025;2.629
87 años;06 Cantabria;Total;1 de enero de 2024;2.875
87 años;06 Cantabria;Hombres;1 de enero de 2025;908
87 años;06 Cantabria;Hombres;1 de enero de 2024;1.014
87 años;06 Cantabria;Mujeres;1 de enero de 2025;1.721
87 años;06 Cantabria;Mujeres;1 de enero de 2024;1.861
87 años;07 Castilla y León;Total;1 de enero de 2025;13.482
87 años;07 Castilla y León;Total;1 de enero de 2024;16.372
87 años;07 Castilla y León;Hombres;1 de enero de 2025;5.102
87 años;07 Castilla y León;Hombres;1 de enero de 2024;6.162
87 años;07 Castilla y León;Mujeres;1 de enero de 2025;8.380
87 años;07 Castilla y León;Mujeres;1 de enero de 2024;10.210
87 años;08 Castilla - La Mancha;Total;1 de enero de 2025;9.052
87 años;08 Castilla - La Mancha;Total;1 de enero de 2024;9.438
87 años;08 Castilla - La Mancha;Hombres;1 de enero de 2025;3.495
87 años;08 Castilla - La Mancha;Hombres;1 de enero de 2024;3.602
87 años;08 Castilla - La Mancha;Mujeres;1 de enero de 2025;5.557
87 años;08 Castilla - La Mancha;Mujeres;1 de enero de 2024;5.836
87 años;09 Cataluña;Total;1 de enero de 2025;31.091
87 años;09 Cataluña;Total;1 de enero de 2024;32.984
87 años;09 Cataluña;Hombres;1 de enero de 2025;11.550
87 años;09 Cataluña;Hombres;1 de enero de 2024;11.852
87 años;09 Cataluña;Mujeres;1 de enero de 2025;19.541
87 años;09 Cataluña;Mujeres;1 de enero de 2024;21.132
87 años;10 Comunitat Valenciana;Total;1 de enero de 2025;20.077
87 años;10 Comunitat Valenciana;Total;1 de enero de 2024;19.341
87 años;10 Comunitat Valenciana;Hombres;1 de enero de 2025;7.493
87 años;10 Comunitat Valenciana;Hombres;1 de enero de 2024;7.184
87 años;10 Comunitat Valenciana;Mujeres;1 de enero de 2025;12.584
87 años;10 Comunitat Valenciana;Mujeres;1 de enero de 2024;12.157
87 años;11 Extremadura;Total;1 de enero de 2025;4.622
87 años;11 Extremadura;Total;1 de enero de 2024;5.759
87 años;11 Extremadura;Hombres;1 de enero de 2025;1.732
87 años;11 Extremadura;Hombres;1 de enero de 2024;2.145
87 años;11 Extremadura;Mujeres;1 de enero de 2025;2.890
87 años;11 Extremadura;Mujeres;1 de enero de 2024;3.614
87 años;12 Galicia;Total;1 de enero de 2025;15.203
87 años;12 Galicia;Total;1 de enero de 2024;17.800
87 años;12 Galicia;Hombres;1 de enero de 2025;5.602
87 años;12 Galicia;Hombres;1 de enero de 2024;6.534
87 años;12 Galicia;Mujeres;1 de enero de 2025;9.601
87 años;12 Galicia;Mujeres;1 de enero de 2024;11.266
87 años;13 Madrid, Comunidad de;Total;1 de enero de 2025;25.130
87 años;13 Madrid, Comunidad de;Total;1 de enero de 2024;26.763
87 años;13 Madrid, Comunidad de;Hombres;1 de enero de 2025;8.994
87 años;13 Madrid, Comunidad de;Hombres;1 de enero de 2024;9.409
87 años;13 Madrid, Comunidad de;Mujeres;1 de enero de 2025;16.136
87 años;13 Madrid, Comunidad de;Mujeres;1 de enero de 2024;17.354
87 años;14 Murcia, Región de;Total;1 de enero de 2025;4.846
87 años;14 Murcia, Región de;Total;1 de enero de 2024;4.990
87 años;14 Murcia, Región de;Hombres;1 de enero de 2025;1.824
87 años;14 Murcia, Región de;Hombres;1 de enero de 2024;1.907
87 años;14 Murcia, Región de;Mujeres;1 de enero de 2025;3.022
87 años;14 Murcia, Región de;Mujeres;1 de enero de 2024;3.083
87 años;15 Navarra, Comunidad Foral de;Total;1 de enero de 2025;2.498
87 años;15 Navarra, Comunidad Foral de;Total;1 de enero de 2024;2.976
87 años;15 Navarra, Comunidad Foral de;Hombres;1 de enero de 2025;924
87 años;15 Navarra, Comunidad Foral de;Hombres;1 de enero de 2024;1.149
87 años;15 Navarra, Comunidad Foral de;Mujeres;1 de enero de 2025;1.574
87 años;15 Navarra, Comunidad Foral de;Mujeres;1 de enero de 2024;1.827
87 años;16 País Vasco;Total;1 de enero de 2025;10.214
87 años;16 País Vasco;Total;1 de enero de 2024;11.609
87 años;16 País Vasco;Hombres;1 de enero de 2025;3.694
87 años;16 País Vasco;Hombres;1 de enero de 2024;3.979
87 años;16 País Vasco;Mujeres;1 de enero de 2025;6.520
87 años;16 País Vasco;Mujeres;1 de enero de 2024;7.630
87 años;17 Rioja, La;Total;1 de enero de 2025;1.325
87 años;17 Rioja, La;Total;1 de enero de 2024;1.631
87 años;17 Rioja, La;Hombres;1 de enero de 2025;488
87 años;17 Rioja, La;Hombres;1 de enero de 2024;619
87 años;17 Rioja, La;Mujeres;1 de enero de 2025;837
87 años;17 Rioja, La;Mujeres;1 de enero de 2024;1.012
87 años;18 Ceuta;Total;1 de enero de 2025;128
87 años;18 Ceuta;Total;1 de enero de 2024;173
87 años;18 Ceuta;Hombres;1 de enero de 2025;53
87 años;18 Ceuta;Hombres;1 de enero de 2024;52
87 años;18 Ceuta;Mujeres;1 de enero de 2025;75
87 años;18 Ceuta;Mujeres;1 de enero de 2024;121
87 años;19 Melilla;Total;1 de enero de 2025;144
87 años;19 Melilla;Total;1 de enero de 2024;155
87 años;19 Melilla;Hombres;1 de enero de 2025;51
87 años;19 Melilla;Hombres;1 de enero de 2024;48
87 años;19 Melilla;Mujeres;1 de enero de 2025;93
87 años;19 Melilla;Mujeres;1 de enero de 2024;107
88 años;01 Andalucía;Total;1 de enero de 2025;26.678
88 años;01 Andalucía;Total;1 de enero de 2024;25.949
88 años;01 Andalucía;Hombres;1 de enero de 2025;9.271
88 años;01 Andalucía;Hombres;1 de enero de 2024;9.128
88 años;01 Andalucía;Mujeres;1 de enero de 2025;17.407
88 años;01 Andalucía;Mujeres;1 de enero de 2024;16.821
88 años;02 Aragón;Total;1 de enero de 2025;6.368
88 años;02 Aragón;Total;1 de enero de 2024;6.314
88 años;02 Aragón;Hombres;1 de enero de 2025;2.333
88 años;02 Aragón;Hombres;1 de enero de 2024;2.310
88 años;02 Aragón;Mujeres;1 de enero de 2025;4.035
88 años;02 Aragón;Mujeres;1 de enero de 2024;4.004
88 años;03 Asturias, Principado de;Total;1 de enero de 2025;5.579
88 años;03 Asturias, Principado de;Total;1 de enero de 2024;5.597
88 años;03 Asturias, Principado de;Hombres;1 de enero de 2025;1.825
88 años;03 Asturias, Principado de;Hombres;1 de enero de 2024;1.908
88 años;03 Asturias, Principado de;Mujeres;1 de enero de 2025;3.754
88 años;03 Asturias, Principado de;Mujeres;1 de enero de 2024;3.689
88 años;04 Balears, Illes;Total;1 de enero de 2025;3.232
88 años;04 Balears, Illes;Total;1 de enero de 2024;3.296
88 años;04 Balears, Illes;Hombres;1 de enero de 2025;1.162
88 años;04 Balears, Illes;Hombres;1 de enero de 2024;1.154
88 años;04 Balears, Illes;Mujeres;1 de enero de 2025;2.070
88 años;04 Balears, Illes;Mujeres;1 de enero de 2024;2.142
88 años;05 Canarias;Total;1 de enero de 2025;6.058
88 años;05 Canarias;Total;1 de enero de 2024;5.974
88 años;05 Canarias;Hombres;1 de enero de 2025;2.128
88 años;05 Canarias;Hombres;1 de enero de 2024;2.186
88 años;05 Canarias;Mujeres;1 de enero de 2025;3.930
88 años;05 Canarias;Mujeres;1 de enero de 2024;3.788
88 años;06 Cantabria;Total;1 de enero de 2025;2.646
88 años;06 Cantabria;Total;1 de enero de 2024;2.629
88 años;06 Cantabria;Hombres;1 de enero de 2025;894
88 años;06 Cantabria;Hombres;1 de enero de 2024;892
88 años;06 Cantabria;Mujeres;1 de enero de 2025;1.752
88 años;06 Cantabria;Mujeres;1 de enero de 2024;1.737
88 años;07 Castilla y León;Total;1 de enero de 2025;15.122
88 años;07 Castilla y León;Total;1 de enero de 2024;14.220
88 años;07 Castilla y León;Hombres;1 de enero de 2025;5.522
88 años;07 Castilla y León;Hombres;1 de enero de 2024;5.189
88 años;07 Castilla y León;Mujeres;1 de enero de 2025;9.600
88 años;07 Castilla y León;Mujeres;1 de enero de 2024;9.031
88 años;08 Castilla - La Mancha;Total;1 de enero de 2025;8.647
88 años;08 Castilla - La Mancha;Total;1 de enero de 2024;8.418
88 años;08 Castilla - La Mancha;Hombres;1 de enero de 2025;3.222
88 años;08 Castilla - La Mancha;Hombres;1 de enero de 2024;3.141
88 años;08 Castilla - La Mancha;Mujeres;1 de enero de 2025;5.425
88 años;08 Castilla - La Mancha;Mujeres;1 de enero de 2024;5.277
88 años;09 Cataluña;Total;1 de enero de 2025;30.166
88 años;09 Cataluña;Total;1 de enero de 2024;28.710
88 años;09 Cataluña;Hombres;1 de enero de 2025;10.566
88 años;09 Cataluña;Hombres;1 de enero de 2024;10.271
88 años;09 Cataluña;Mujeres;1 de enero de 2025;19.600
88 años;09 Cataluña;Mujeres;1 de enero de 2024;18.439
88 años;10 Comunitat Valenciana;Total;1 de enero de 2025;17.498
88 años;10 Comunitat Valenciana;Total;1 de enero de 2024;17.357
88 años;10 Comunitat Valenciana;Hombres;1 de enero de 2025;6.345
88 años;10 Comunitat Valenciana;Hombres;1 de enero de 2024;6.353
88 años;10 Comunitat Valenciana;Mujeres;1 de enero de 2025;11.153
88 años;10 Comunitat Valenciana;Mujeres;1 de enero de 2024;11.004
88 años;11 Extremadura;Total;1 de enero de 2025;5.230
88 años;11 Extremadura;Total;1 de enero de 2024;5.126
88 años;11 Extremadura;Hombres;1 de enero de 2025;1.902
88 años;11 Extremadura;Hombres;1 de enero de 2024;1.863
88 años;11 Extremadura;Mujeres;1 de enero de 2025;3.328
88 años;11 Extremadura;Mujeres;1 de enero de 2024;3.263
88 años;12 Galicia;Total;1 de enero de 2025;16.276
88 años;12 Galicia;Total;1 de enero de 2024;16.151
88 años;12 Galicia;Hombres;1 de enero de 2025;5.822
88 años;12 Galicia;Hombres;1 de enero de 2024;5.860
88 años;12 Galicia;Mujeres;1 de enero de 2025;10.454
88 años;12 Galicia;Mujeres;1 de enero de 2024;10.291
88 años;13 Madrid, Comunidad de;Total;1 de enero de 2025;24.650
88 años;13 Madrid, Comunidad de;Total;1 de enero de 2024;23.405
88 años;13 Madrid, Comunidad de;Hombres;1 de enero de 2025;8.492
88 años;13 Madrid, Comunidad de;Hombres;1 de enero de 2024;8.025
88 años;13 Madrid, Comunidad de;Mujeres;1 de enero de 2025;16.158
88 años;13 Madrid, Comunidad de;Mujeres;1 de enero de 2024;15.380
88 años;14 Murcia, Región de;Total;1 de enero de 2025;4.520
88 años;14 Murcia, Región de;Total;1 de enero de 2024;4.329
88 años;14 Murcia, Región de;Hombres;1 de enero de 2025;1.683
88 años;14 Murcia, Región de;Hombres;1 de enero de 2024;1.594
88 años;14 Murcia, Región de;Mujeres;1 de enero de 2025;2.837
88 años;14 Murcia, Región de;Mujeres;1 de enero de 2024;2.735
88 años;15 Navarra, Comunidad Foral de;Total;1 de enero de 2025;2.718
88 años;15 Navarra, Comunidad Foral de;Total;1 de enero de 2024;2.723
88 años;15 Navarra, Comunidad Foral de;Hombres;1 de enero de 2025;1.021
88 años;15 Navarra, Comunidad Foral de;Hombres;1 de enero de 2024;999
88 años;15 Navarra, Comunidad Foral de;Mujeres;1 de enero de 2025;1.697
88 años;15 Navarra, Comunidad Foral de;Mujeres;1 de enero de 2024;1.724
88 años;16 País Vasco;Total;1 de enero de 2025;10.595
88 años;16 País Vasco;Total;1 de enero de 2024;10.200
88 años;16 País Vasco;Hombres;1 de enero de 2025;3.526
88 años;16 País Vasco;Hombres;1 de enero de 2024;3.586
88 años;16 País Vasco;Mujeres;1 de enero de 2025;7.069
88 años;16 País Vasco;Mujeres;1 de enero de 2024;6.614
88 años;17 Rioja, La;Total;1 de enero de 2025;1.472
88 años;17 Rioja, La;Total;1 de enero de 2024;1.431
88 años;17 Rioja, La;Hombres;1 de enero de 2025;537
88 años;17 Rioja, La;Hombres;1 de enero de 2024;515
88 años;17 Rioja, La;Mujeres;1 de enero de 2025;935
88 años;17 Rioja, La;Mujeres;1 de enero de 2024;916
88 años;18 Ceuta;Total;1 de enero de 2025;153
88 años;18 Ceuta;Total;1 de enero de 2024;146
88 años;18 Ceuta;Hombres;1 de enero de 2025;46
88 años;18 Ceuta;Hombres;1 de enero de 2024;47
88 años;18 Ceuta;Mujeres;1 de enero de 2025;107
88 años;18 Ceuta;Mujeres;1 de enero de 2024;99
88 años;19 Melilla;Total;1 de enero de 2025;132
88 años;19 Melilla;Total;1 de enero de 2024;131
88 años;19 Melilla;Hombres;1 de enero de 2025;38
88 años;19 Melilla;Hombres;1 de enero de 2024;42
88 años;19 Melilla;Mujeres;1 de enero de 2025;94
88 años;19 Melilla;Mujeres;1 de enero de 2024;89
89 años;01 Andalucía;Total;1 de enero de 2025;22.858
89 años;01 Andalucía;Total;1 de enero de 2024;21.826
89 años;01 Andalucía;Hombres;1 de enero de 2025;7.850
89 años;01 Andalucía;Hombres;1 de enero de 2024;7.387
89 años;01 Andalucía;Mujeres;1 de enero de 2025;15.008
89 años;01 Andalucía;Mujeres;1 de enero de 2024;14.439
89 años;02 Aragón;Total;1 de enero de 2025;5.681
89 años;02 Aragón;Total;1 de enero de 2024;5.649
89 años;02 Aragón;Hombres;1 de enero de 2025;2.008
89 años;02 Aragón;Hombres;1 de enero de 2024;1.998
89 años;02 Aragón;Mujeres;1 de enero de 2025;3.673
89 años;02 Aragón;Mujeres;1 de enero de 2024;3.651
89 años;03 Asturias, Principado de;Total;1 de enero de 2025;5.039
89 años;03 Asturias, Principado de;Total;1 de enero de 2024;5.193
89 años;03 Asturias, Principado de;Hombres;1 de enero de 2025;1.658
89 años;03 Asturias, Principado de;Hombres;1 de enero de 2024;1.698
89 años;03 Asturias, Principado de;Mujeres;1 de enero de 2025;3.381
89 años;03 Asturias, Principado de;Mujeres;1 de enero de 2024;3.495
89 años;04 Balears, Illes;Total;1 de enero de 2025;2.931
89 años;04 Balears, Illes;Total;1 de enero de 2024;2.742
89 años;04 Balears, Illes;Hombres;1 de enero de 2025;992
89 años;04 Balears, Illes;Hombres;1 de enero de 2024;1.020
89 años;04 Balears, Illes;Mujeres;1 de enero de 2025;1.939
89 años;04 Balears, Illes;Mujeres;1 de enero de 2024;1.722
89 años;05 Canarias;Total;1 de enero de 2025;5.333
89 años;05 Canarias;Total;1 de enero de 2024;5.224
89 años;05 Canarias;Hombres;1 de enero de 2025;1.893
89 años;05 Canarias;Hombres;1 de enero de 2024;1.846
89 años;05 Canarias;Mujeres;1 de enero de 2025;3.440
89 años;05 Canarias;Mujeres;1 de enero de 2024;3.378
89 años;06 Cantabria;Total;1 de enero de 2025;2.379
89 años;06 Cantabria;Total;1 de enero de 2024;2.486
89 años;06 Cantabria;Hombres;1 de enero de 2025;787
89 años;06 Cantabria;Hombres;1 de enero de 2024;827
89 años;06 Cantabria;Mujeres;1 de enero de 2025;1.592
89 años;06 Cantabria;Mujeres;1 de enero de 2024;1.659
89 años;07 Castilla y León;Total;1 de enero de 2025;12.950
89 años;07 Castilla y León;Total;1 de enero de 2024;13.006
89 años;07 Castilla y León;Hombres;1 de enero de 2025;4.630
89 años;07 Castilla y León;Hombres;1 de enero de 2024;4.594
89 años;07 Castilla y León;Mujeres;1 de enero de 2025;8.320
89 años;07 Castilla y León;Mujeres;1 de enero de 2024;8.412
89 años;08 Castilla - La Mancha;Total;1 de enero de 2025;7.584
89 años;08 Castilla - La Mancha;Total;1 de enero de 2024;7.532
89 años;08 Castilla - La Mancha;Hombres;1 de enero de 2025;2.768
89 años;08 Castilla - La Mancha;Hombres;1 de enero de 2024;2.810
89 años;08 Castilla - La Mancha;Mujeres;1 de enero de 2025;4.816
89 años;08 Castilla - La Mancha;Mujeres;1 de enero de 2024;4.722
89 años;09 Cataluña;Total;1 de enero de 2025;25.922
89 años;09 Cataluña;Total;1 de enero de 2024;25.178
89 años;09 Cataluña;Hombres;1 de enero de 2025;9.137
89 años;09 Cataluña;Hombres;1 de enero de 2024;8.662
89 años;09 Cataluña;Mujeres;1 de enero de 2025;16.785
89 años;09 Cataluña;Mujeres;1 de enero de 2024;16.516
89 años;10 Comunitat Valenciana;Total;1 de enero de 2025;15.489
89 años;10 Comunitat Valenciana;Total;1 de enero de 2024;15.271
89 años;10 Comunitat Valenciana;Hombres;1 de enero de 2025;5.556
89 años;10 Comunitat Valenciana;Hombres;1 de enero de 2024;5.366
89 años;10 Comunitat Valenciana;Mujeres;1 de enero de 2025;9.933
89 años;10 Comunitat Valenciana;Mujeres;1 de enero de 2024;9.905
89 años;11 Extremadura;Total;1 de enero de 2025;4.607
89 años;11 Extremadura;Total;1 de enero de 2024;4.311
89 años;11 Extremadura;Hombres;1 de enero de 2025;1.615
89 años;11 Extremadura;Hombres;1 de enero de 2024;1.503
89 años;11 Extremadura;Mujeres;1 de enero de 2025;2.992
89 años;11 Extremadura;Mujeres;1 de enero de 2024;2.808
89 años;12 Galicia;Total;1 de enero de 2025;14.595
89 años;12 Galicia;Total;1 de enero de 2024;14.539
89 años;12 Galicia;Hombres;1 de enero de 2025;5.185
89 años;12 Galicia;Hombres;1 de enero de 2024;4.967
89 años;12 Galicia;Mujeres;1 de enero de 2025;9.410
89 años;12 Galicia;Mujeres;1 de enero de 2024;9.572
89 años;13 Madrid, Comunidad de;Total;1 de enero de 2025;21.491
89 años;13 Madrid, Comunidad de;Total;1 de enero de 2024;20.861
89 años;13 Madrid, Comunidad de;Hombres;1 de enero de 2025;7.168
89 años;13 Madrid, Comunidad de;Hombres;1 de enero de 2024;6.926
89 años;13 Madrid, Comunidad de;Mujeres;1 de enero de 2025;14.323
89 años;13 Madrid, Comunidad de;Mujeres;1 de enero de 2024;13.935
89 años;14 Murcia, Región de;Total;1 de enero de 2025;3.845
89 años;14 Murcia, Región de;Total;1 de enero de 2024;3.868
89 años;14 Murcia, Región de;Hombres;1 de enero de 2025;1.400
89 años;14 Murcia, Región de;Hombres;1 de enero de 2024;1.429
89 años;14 Murcia, Región de;Mujeres;1 de enero de 2025;2.445
89 años;14 Murcia, Región de;Mujeres;1 de enero de 2024;2.439
89 años;15 Navarra, Comunidad Foral de;Total;1 de enero de 2025;2.503
89 años;15 Navarra, Comunidad Foral de;Total;1 de enero de 2024;2.254
89 años;15 Navarra, Comunidad Foral de;Hombres;1 de enero de 2025;903
89 años;15 Navarra, Comunidad Foral de;Hombres;1 de enero de 2024;783
89 años;15 Navarra, Comunidad Foral de;Mujeres;1 de enero de 2025;1.600
89 años;15 Navarra, Comunidad Foral de;Mujeres;1 de enero de 2024;1.471
89 años;16 País Vasco;Total;1 de enero de 2025;9.209
89 años;16 País Vasco;Total;1 de enero de 2024;9.459
89 años;16 País Vasco;Hombres;1 de enero de 2025;3.146
89 años;16 País Vasco;Hombres;1 de enero de 2024;3.168
89 años;16 País Vasco;Mujeres;1 de enero de 2025;6.063
89 años;16 País Vasco;Mujeres;1 de enero de 2024;6.291
89 años;17 Rioja, La;Total;1 de enero de 2025;1.284
89 años;17 Rioja, La;Total;1 de enero de 2024;1.304
89 años;17 Rioja, La;Hombres;1 de enero de 2025;464
89 años;17 Rioja, La;Hombres;1 de enero de 2024;452
89 años;17 Rioja, La;Mujeres;1 de enero de 2025;820
89 años;17 Rioja, La;Mujeres;1 de enero de 2024;852
89 años;18 Ceuta;Total;1 de enero de 2025;132
89 años;18 Ceuta;Total;1 de enero de 2024;122
89 años;18 Ceuta;Hombres;1 de enero de 2025;36
89 años;18 Ceuta;Hombres;1 de enero de 2024;38
89 años;18 Ceuta;Mujeres;1 de enero de 2025;96
89 años;18 Ceuta;Mujeres;1 de enero de 2024;84
89 años;19 Melilla;Total;1 de enero de 2025;115
89 años;19 Melilla;Total;1 de enero de 2024;100
89 años;19 Melilla;Hombres;1 de enero de 2025;34
89 años;19 Melilla;Hombres;1 de enero de 2024;28
89 años;19 Melilla;Mujeres;1 de enero de 2025;81
89 años;19 Melilla;Mujeres;1 de enero de 2024;72
90 años;01 Andalucía;Total;1 de enero de 2025;18.960
90 años;01 Andalucía;Total;1 de enero de 2024;19.474
90 años;01 Andalucía;Hombres;1 de enero de 2025;6.273
90 años;01 Andalucía;Hombres;1 de enero de 2024;6.629
90 años;01 Andalucía;Mujeres;1 de enero de 2025;12.687
90 años;01 Andalucía;Mujeres;1 de enero de 2024;12.845
90 años;02 Aragón;Total;1 de enero de 2025;5.026
90 años;02 Aragón;Total;1 de enero de 2024;5.149
90 años;02 Aragón;Hombres;1 de enero de 2025;1.742
90 años;02 Aragón;Hombres;1 de enero de 2024;1.776
90 años;02 Aragón;Mujeres;1 de enero de 2025;3.284
90 años;02 Aragón;Mujeres;1 de enero de 2024;3.373
90 años;03 Asturias, Principado de;Total;1 de enero de 2025;4.578
90 años;03 Asturias, Principado de;Total;1 de enero de 2024;4.520
90 años;03 Asturias, Principado de;Hombres;1 de enero de 2025;1.447
90 años;03 Asturias, Principado de;Hombres;1 de enero de 2024;1.414
90 años;03 Asturias, Principado de;Mujeres;1 de enero de 2025;3.131
90 años;03 Asturias, Principado de;Mujeres;1 de enero de 2024;3.106
90 años;04 Balears, Illes;Total;1 de enero de 2025;2.417
90 años;04 Balears, Illes;Total;1 de enero de 2024;2.467
90 años;04 Balears, Illes;Hombres;1 de enero de 2025;864
90 años;04 Balears, Illes;Hombres;1 de enero de 2024;804
90 años;04 Balears, Illes;Mujeres;1 de enero de 2025;1.553
90 años;04 Balears, Illes;Mujeres;1 de enero de 2024;1.663
90 años;05 Canarias;Total;1 de enero de 2025;4.578
90 años;05 Canarias;Total;1 de enero de 2024;4.533
90 años;05 Canarias;Hombres;1 de enero de 2025;1.548
90 años;05 Canarias;Hombres;1 de enero de 2024;1.524
90 años;05 Canarias;Mujeres;1 de enero de 2025;3.030
90 años;05 Canarias;Mujeres;1 de enero de 2024;3.009
90 años;06 Cantabria;Total;1 de enero de 2025;2.225
90 años;06 Cantabria;Total;1 de enero de 2024;2.150
90 años;06 Cantabria;Hombres;1 de enero de 2025;715
90 años;06 Cantabria;Hombres;1 de enero de 2024;651
90 años;06 Cantabria;Mujeres;1 de enero de 2025;1.510
90 años;06 Cantabria;Mujeres;1 de enero de 2024;1.499
90 años;07 Castilla y León;Total;1 de enero de 2025;11.664
90 años;07 Castilla y León;Total;1 de enero de 2024;11.616
90 años;07 Castilla y León;Hombres;1 de enero de 2025;4.016
90 años;07 Castilla y León;Hombres;1 de enero de 2024;4.016
90 años;07 Castilla y León;Mujeres;1 de enero de 2025;7.648
90 años;07 Castilla y León;Mujeres;1 de enero de 2024;7.600
90 años;08 Castilla - La Mancha;Total;1 de enero de 2025;6.684
90 años;08 Castilla - La Mancha;Total;1 de enero de 2024;6.943
90 años;08 Castilla - La Mancha;Hombres;1 de enero de 2025;2.423
90 años;08 Castilla - La Mancha;Hombres;1 de enero de 2024;2.527
90 años;08 Castilla - La Mancha;Mujeres;1 de enero de 2025;4.261
90 años;08 Castilla - La Mancha;Mujeres;1 de enero de 2024;4.416
90 años;09 Cataluña;Total;1 de enero de 2025;22.257
90 años;09 Cataluña;Total;1 de enero de 2024;22.407
90 años;09 Cataluña;Hombres;1 de enero de 2025;7.463
90 años;09 Cataluña;Hombres;1 de enero de 2024;7.351
90 años;09 Cataluña;Mujeres;1 de enero de 2025;14.794
90 años;09 Cataluña;Mujeres;1 de enero de 2024;15.056
90 años;10 Comunitat Valenciana;Total;1 de enero de 2025;13.428
90 años;10 Comunitat Valenciana;Total;1 de enero de 2024;13.443
90 años;10 Comunitat Valenciana;Hombres;1 de enero de 2025;4.598
90 años;10 Comunitat Valenciana;Hombres;1 de enero de 2024;4.490
90 años;10 Comunitat Valenciana;Mujeres;1 de enero de 2025;8.830
90 años;10 Comunitat Valenciana;Mujeres;1 de enero de 2024;8.953
90 años;11 Extremadura;Total;1 de enero de 2025;3.782
90 años;11 Extremadura;Total;1 de enero de 2024;3.861
90 años;11 Extremadura;Hombres;1 de enero de 2025;1.287
90 años;11 Extremadura;Hombres;1 de enero de 2024;1.323
90 años;11 Extremadura;Mujeres;1 de enero de 2025;2.495
90 años;11 Extremadura;Mujeres;1 de enero de 2024;2.538
90 años;12 Galicia;Total;1 de enero de 2025;12.931
90 años;12 Galicia;Total;1 de enero de 2024;12.528
90 años;12 Galicia;Hombres;1 de enero de 2025;4.300
90 años;12 Galicia;Hombres;1 de enero de 2024;4.143
90 años;12 Galicia;Mujeres;1 de enero de 2025;8.631
90 años;12 Galicia;Mujeres;1 de enero de 2024;8.385
90 años;13 Madrid, Comunidad de;Total;1 de enero de 2025;18.796
90 años;13 Madrid, Comunidad de;Total;1 de enero de 2024;18.895
90 años;13 Madrid, Comunidad de;Hombres;1 de enero de 2025;6.075
90 años;13 Madrid, Comunidad de;Hombres;1 de enero de 2024;6.039
90 años;13 Madrid, Comunidad de;Mujeres;1 de enero de 2025;12.721
90 años;13 Madrid, Comunidad de;Mujeres;1 de enero de 2024;12.856
90 años;14 Murcia, Región de;Total;1 de enero de 2025;3.370
90 años;14 Murcia, Región de;Total;1 de enero de 2024;3.320
90 años;14 Murcia, Región de;Hombres;1 de enero de 2025;1.228
90 años;14 Murcia, Región de;Hombres;1 de enero de 2024;1.154
90 años;14 Murcia, Región de;Mujeres;1 de enero de 2025;2.142
90 años;14 Murcia, Región de;Mujeres;1 de enero de 2024;2.166
90 años;15 Navarra, Comunidad Foral de;Total;1 de enero de 2025;2.012
90 años;15 Navarra, Comunidad Foral de;Total;1 de enero de 2024;2.063
90 años;15 Navarra, Comunidad Foral de;Hombres;1 de enero de 2025;675
90 años;15 Navarra, Comunidad Foral de;Hombres;1 de enero de 2024;660
90 años;15 Navarra, Comunidad Foral de;Mujeres;1 de enero de 2025;1.337
90 años;15 Navarra, Comunidad Foral de;Mujeres;1 de enero de 2024;1.403
90 años;16 País Vasco;Total;1 de enero de 2025;8.377
90 años;16 País Vasco;Total;1 de enero de 2024;8.225
90 años;16 País Vasco;Hombres;1 de enero de 2025;2.695
90 años;16 País Vasco;Hombres;1 de enero de 2024;2.615
90 años;16 País Vasco;Mujeres;1 de enero de 2025;5.682
90 años;16 País Vasco;Mujeres;1 de enero de 2024;5.610
90 años;17 Rioja, La;Total;1 de enero de 2025;1.151
90 años;17 Rioja, La;Total;1 de enero de 2024;1.114
90 años;17 Rioja, La;Hombres;1 de enero de 2025;393
90 años;17 Rioja, La;Hombres;1 de enero de 2024;373
90 años;17 Rioja, La;Mujeres;1 de enero de 2025;758
90 años;17 Rioja, La;Mujeres;1 de enero de 2024;741
90 años;18 Ceuta;Total;1 de enero de 2025;97
90 años;18 Ceuta;Total;1 de enero de 2024;102
90 años;18 Ceuta;Hombres;1 de enero de 2025;25
90 años;18 Ceuta;Hombres;1 de enero de 2024;30
90 años;18 Ceuta;Mujeres;1 de enero de 2025;72
90 años;18 Ceuta;Mujeres;1 de enero de 2024;72
90 años;19 Melilla;Total;1 de enero de 2025;88
90 años;19 Melilla;Total;1 de enero de 2024;88
90 años;19 Melilla;Hombres;1 de enero de 2025;22
90 años;19 Melilla;Hombres;1 de enero de 2024;33
90 años;19 Melilla;Mujeres;1 de enero de 2025;66
90 años;19 Melilla;Mujeres;1 de enero de 2024;55
91 años;01 Andalucía;Total;1 de enero de 2025;16.625
91 años;01 Andalucía;Total;1 de enero de 2024;16.293
91 años;01 Andalucía;Hombres;1 de enero de 2025;5.496
91 años;01 Andalucía;Hombres;1 de enero de 2024;5.207
91 años;01 Andalucía;Mujeres;1 de enero de 2025;11.129
91 años;01 Andalucía;Mujeres;1 de enero de 2024;11.086
91 años;02 Aragón;Total;1 de enero de 2025;4.459
91 años;02 Aragón;Total;1 de enero de 2024;4.501
91 años;02 Aragón;Hombres;1 de enero de 2025;1.488
91 años;02 Aragón;Hombres;1 de enero de 2024;1.494
91 años;02 Aragón;Mujeres;1 de enero de 2025;2.971
91 años;02 Aragón;Mujeres;1 de enero de 2024;3.007
91 años;03 Asturias, Principado de;Total;1 de enero de 2025;3.904
91 años;03 Asturias, Principado de;Total;1 de enero de 2024;4.056
91 años;03 Asturias, Principado de;Hombres;1 de enero de 2025;1.201
91 años;03 Asturias, Principado de;Hombres;1 de enero de 2024;1.252
91 años;03 Asturias, Principado de;Mujeres;1 de enero de 2025;2.703
91 años;03 Asturias, Principado de;Mujeres;1 de enero de 2024;2.804
91 años;04 Balears, Illes;Total;1 de enero de 2025;2.105
91 años;04 Balears, Illes;Total;1 de enero de 2024;2.011
91 años;04 Balears, Illes;Hombres;1 de enero de 2025;656
91 años;04 Balears, Illes;Hombres;1 de enero de 2024;605
91 años;04 Balears, Illes;Mujeres;1 de enero de 2025;1.449
91 años;04 Balears, Illes;Mujeres;1 de enero de 2024;1.406
91 años;05 Canarias;Total;1 de enero de 2025;3.931
91 años;05 Canarias;Total;1 de enero de 2024;3.798
91 años;05 Canarias;Hombres;1 de enero de 2025;1.276
91 años;05 Canarias;Hombres;1 de enero de 2024;1.195
91 años;05 Canarias;Mujeres;1 de enero de 2025;2.655
91 años;05 Canarias;Mujeres;1 de enero de 2024;2.603
91 años;06 Cantabria;Total;1 de enero de 2025;1.863
91 años;06 Cantabria;Total;1 de enero de 2024;1.926
91 años;06 Cantabria;Hombres;1 de enero de 2025;546
91 años;06 Cantabria;Hombres;1 de enero de 2024;554
91 años;06 Cantabria;Mujeres;1 de enero de 2025;1.317
91 años;06 Cantabria;Mujeres;1 de enero de 2024;1.372
91 años;07 Castilla y León;Total;1 de enero de 2025;10.250
91 años;07 Castilla y León;Total;1 de enero de 2024;10.431
91 años;07 Castilla y León;Hombres;1 de enero de 2025;3.413
91 años;07 Castilla y León;Hombres;1 de enero de 2024;3.476
91 años;07 Castilla y León;Mujeres;1 de enero de 2025;6.837
91 años;07 Castilla y León;Mujeres;1 de enero de 2024;6.955
91 años;08 Castilla - La Mancha;Total;1 de enero de 2025;5.996
91 años;08 Castilla - La Mancha;Total;1 de enero de 2024;5.841
91 años;08 Castilla - La Mancha;Hombres;1 de enero de 2025;2.103
91 años;08 Castilla - La Mancha;Hombres;1 de enero de 2024;2.125
91 años;08 Castilla - La Mancha;Mujeres;1 de enero de 2025;3.893
91 años;08 Castilla - La Mancha;Mujeres;1 de enero de 2024;3.716
91 años;09 Cataluña;Total;1 de enero de 2025;19.464
91 años;09 Cataluña;Total;1 de enero de 2024;19.346
91 años;09 Cataluña;Hombres;1 de enero de 2025;6.162
91 años;09 Cataluña;Hombres;1 de enero de 2024;6.151
91 años;09 Cataluña;Mujeres;1 de enero de 2025;13.302
91 años;09 Cataluña;Mujeres;1 de enero de 2024;13.195
91 años;10 Comunitat Valenciana;Total;1 de enero de 2025;11.580
91 años;10 Comunitat Valenciana;Total;1 de enero de 2024;10.864
91 años;10 Comunitat Valenciana;Hombres;1 de enero de 2025;3.733
91 años;10 Comunitat Valenciana;Hombres;1 de enero de 2024;3.584
91 años;10 Comunitat Valenciana;Mujeres;1 de enero de 2025;7.847
91 años;10 Comunitat Valenciana;Mujeres;1 de enero de 2024;7.280
91 años;11 Extremadura;Total;1 de enero de 2025;3.317
91 años;11 Extremadura;Total;1 de enero de 2024;3.384
91 años;11 Extremadura;Hombres;1 de enero de 2025;1.102
91 años;11 Extremadura;Hombres;1 de enero de 2024;1.139
91 años;11 Extremadura;Mujeres;1 de enero de 2025;2.215
91 años;11 Extremadura;Mujeres;1 de enero de 2024;2.245
91 años;12 Galicia;Total;1 de enero de 2025;10.940
91 años;12 Galicia;Total;1 de enero de 2024;10.826
91 años;12 Galicia;Hombres;1 de enero de 2025;3.516
91 años;12 Galicia;Hombres;1 de enero de 2024;3.482
91 años;12 Galicia;Mujeres;1 de enero de 2025;7.424
91 años;12 Galicia;Mujeres;1 de enero de 2024;7.344
91 años;13 Madrid, Comunidad de;Total;1 de enero de 2025;16.800
91 años;13 Madrid, Comunidad de;Total;1 de enero de 2024;16.151
91 años;13 Madrid, Comunidad de;Hombres;1 de enero de 2025;5.225
91 años;13 Madrid, Comunidad de;Hombres;1 de enero de 2024;5.081
91 años;13 Madrid, Comunidad de;Mujeres;1 de enero de 2025;11.575
91 años;13 Madrid, Comunidad de;Mujeres;1 de enero de 2024;11.070
91 años;14 Murcia, Región de;Total;1 de enero de 2025;2.809
91 años;14 Murcia, Región de;Total;1 de enero de 2024;2.709
91 años;14 Murcia, Región de;Hombres;1 de enero de 2025;949
91 años;14 Murcia, Región de;Hombres;1 de enero de 2024;941
91 años;14 Murcia, Región de;Mujeres;1 de enero de 2025;1.860
91 años;14 Murcia, Región de;Mujeres;1 de enero de 2024;1.768
91 años;15 Navarra, Comunidad Foral de;Total;1 de enero de 2025;1.806
91 años;15 Navarra, Comunidad Foral de;Total;1 de enero de 2024;1.881
91 años;15 Navarra, Comunidad Foral de;Hombres;1 de enero de 2025;548
91 años;15 Navarra, Comunidad Foral de;Hombres;1 de enero de 2024;580
91 años;15 Navarra, Comunidad Foral de;Mujeres;1 de enero de 2025;1.258
91 años;15 Navarra, Comunidad Foral de;Mujeres;1 de enero de 2024;1.301
91 años;16 País Vasco;Total;1 de enero de 2025;7.158
91 años;16 País Vasco;Total;1 de enero de 2024;7.123
91 años;16 País Vasco;Hombres;1 de enero de 2025;2.207
91 años;16 País Vasco;Hombres;1 de enero de 2024;2.106
91 años;16 País Vasco;Mujeres;1 de enero de 2025;4.951
91 años;16 País Vasco;Mujeres;1 de enero de 2024;5.017
91 años;17 Rioja, La;Total;1 de enero de 2025;971
91 años;17 Rioja, La;Total;1 de enero de 2024;1.039
91 años;17 Rioja, La;Hombres;1 de enero de 2025;305
91 años;17 Rioja, La;Hombres;1 de enero de 2024;334
91 años;17 Rioja, La;Mujeres;1 de enero de 2025;666
91 años;17 Rioja, La;Mujeres;1 de enero de 2024;705
91 años;18 Ceuta;Total;1 de enero de 2025;77
91 años;18 Ceuta;Total;1 de enero de 2024;79
91 años;18 Ceuta;Hombres;1 de enero de 2025;25
91 años;18 Ceuta;Hombres;1 de enero de 2024;21
91 años;18 Ceuta;Mujeres;1 de enero de 2025;52
91 años;18 Ceuta;Mujeres;1 de enero de 2024;58
91 años;19 Melilla;Total;1 de enero de 2025;76
91 años;19 Melilla;Total;1 de enero de 2024;75
91 años;19 Melilla;Hombres;1 de enero de 2025;27
91 años;19 Melilla;Hombres;1 de enero de 2024;19
91 años;19 Melilla;Mujeres;1 de enero de 2025;49
91 años;19 Melilla;Mujeres;1 de enero de 2024;56
92 años;01 Andalucía;Total;1 de enero de 2025;13.646
92 años;01 Andalucía;Total;1 de enero de 2024;12.376
92 años;01 Andalucía;Hombres;1 de enero de 2025;4.235
92 años;01 Andalucía;Hombres;1 de enero de 2024;3.954
92 años;01 Andalucía;Mujeres;1 de enero de 2025;9.411
92 años;01 Andalucía;Mujeres;1 de enero de 2024;8.422
92 años;02 Aragón;Total;1 de enero de 2025;3.755
92 años;02 Aragón;Total;1 de enero de 2024;3.620
92 años;02 Aragón;Hombres;1 de enero de 2025;1.187
92 años;02 Aragón;Hombres;1 de enero de 2024;1.172
92 años;02 Aragón;Mujeres;1 de enero de 2025;2.568
92 años;02 Aragón;Mujeres;1 de enero de 2024;2.448
92 años;03 Asturias, Principado de;Total;1 de enero de 2025;3.498
92 años;03 Asturias, Principado de;Total;1 de enero de 2024;3.221
92 años;03 Asturias, Principado de;Hombres;1 de enero de 2025;1.052
92 años;03 Asturias, Principado de;Hombres;1 de enero de 2024;944
92 años;03 Asturias, Principado de;Mujeres;1 de enero de 2025;2.446
92 años;03 Asturias, Principado de;Mujeres;1 de enero de 2024;2.277
92 años;04 Balears, Illes;Total;1 de enero de 2025;1.686
92 años;04 Balears, Illes;Total;1 de enero de 2024;1.543
92 años;04 Balears, Illes;Hombres;1 de enero de 2025;481
92 años;04 Balears, Illes;Hombres;1 de enero de 2024;452
92 años;04 Balears, Illes;Mujeres;1 de enero de 2025;1.205
92 años;04 Balears, Illes;Mujeres;1 de enero de 2024;1.091
92 años;05 Canarias;Total;1 de enero de 2025;3.197
92 años;05 Canarias;Total;1 de enero de 2024;2.734
92 años;05 Canarias;Hombres;1 de enero de 2025;966
92 años;05 Canarias;Hombres;1 de enero de 2024;837
92 años;05 Canarias;Mujeres;1 de enero de 2025;2.231
92 años;05 Canarias;Mujeres;1 de enero de 2024;1.897
92 años;06 Cantabria;Total;1 de enero de 2025;1.679
92 años;06 Cantabria;Total;1 de enero de 2024;1.510
92 años;06 Cantabria;Hombres;1 de enero de 2025;474
92 años;06 Cantabria;Hombres;1 de enero de 2024;439
92 años;06 Cantabria;Mujeres;1 de enero de 2025;1.205
92 años;06 Cantabria;Mujeres;1 de enero de 2024;1.071
92 años;07 Castilla y León;Total;1 de enero de 2025;8.999
92 años;07 Castilla y León;Total;1 de enero de 2024;8.551
92 años;07 Castilla y León;Hombres;1 de enero de 2025;2.935
92 años;07 Castilla y León;Hombres;1 de enero de 2024;2.832
92 años;07 Castilla y León;Mujeres;1 de enero de 2025;6.064
92 años;07 Castilla y León;Mujeres;1 de enero de 2024;5.719
92 años;08 Castilla - La Mancha;Total;1 de enero de 2025;4.933
92 años;08 Castilla - La Mancha;Total;1 de enero de 2024;4.680
92 años;08 Castilla - La Mancha;Hombres;1 de enero de 2025;1.766
92 años;08 Castilla - La Mancha;Hombres;1 de enero de 2024;1.671
92 años;08 Castilla - La Mancha;Mujeres;1 de enero de 2025;3.167
92 años;08 Castilla - La Mancha;Mujeres;1 de enero de 2024;3.009
92 años;09 Cataluña;Total;1 de enero de 2025;16.482
92 años;09 Cataluña;Total;1 de enero de 2024;15.787
92 años;09 Cataluña;Hombres;1 de enero de 2025;5.030
92 años;09 Cataluña;Hombres;1 de enero de 2024;4.751
92 años;09 Cataluña;Mujeres;1 de enero de 2025;11.452
92 años;09 Cataluña;Mujeres;1 de enero de 2024;11.036
92 años;10 Comunitat Valenciana;Total;1 de enero de 2025;9.140
92 años;10 Comunitat Valenciana;Total;1 de enero de 2024;8.650
92 años;10 Comunitat Valenciana;Hombres;1 de enero de 2025;2.924
92 años;10 Comunitat Valenciana;Hombres;1 de enero de 2024;2.728
92 años;10 Comunitat Valenciana;Mujeres;1 de enero de 2025;6.216
92 años;10 Comunitat Valenciana;Mujeres;1 de enero de 2024;5.922
92 años;11 Extremadura;Total;1 de enero de 2025;2.857
92 años;11 Extremadura;Total;1 de enero de 2024;2.627
92 años;11 Extremadura;Hombres;1 de enero de 2025;922
92 años;11 Extremadura;Hombres;1 de enero de 2024;878
92 años;11 Extremadura;Mujeres;1 de enero de 2025;1.935
92 años;11 Extremadura;Mujeres;1 de enero de 2024;1.749
92 años;12 Galicia;Total;1 de enero de 2025;9.256
92 años;12 Galicia;Total;1 de enero de 2024;8.326
92 años;12 Galicia;Hombres;1 de enero de 2025;2.887
92 años;12 Galicia;Hombres;1 de enero de 2024;2.612
92 años;12 Galicia;Mujeres;1 de enero de 2025;6.369
92 años;12 Galicia;Mujeres;1 de enero de 2024;5.714
92 años;13 Madrid, Comunidad de;Total;1 de enero de 2025;14.132
92 años;13 Madrid, Comunidad de;Total;1 de enero de 2024;13.058
92 años;13 Madrid, Comunidad de;Hombres;1 de enero de 2025;4.312
92 años;13 Madrid, Comunidad de;Hombres;1 de enero de 2024;3.939
92 años;13 Madrid, Comunidad de;Mujeres;1 de enero de 2025;9.820
92 años;13 Madrid, Comunidad de;Mujeres;1 de enero de 2024;9.119
92 años;14 Murcia, Región de;Total;1 de enero de 2025;2.259
92 años;14 Murcia, Región de;Total;1 de enero de 2024;2.173
92 años;14 Murcia, Región de;Hombres;1 de enero de 2025;757
92 años;14 Murcia, Región de;Hombres;1 de enero de 2024;715
92 años;14 Murcia, Región de;Mujeres;1 de enero de 2025;1.502
92 años;14 Murcia, Región de;Mujeres;1 de enero de 2024;1.458
92 años;15 Navarra, Comunidad Foral de;Total;1 de enero de 2025;1.586
92 años;15 Navarra, Comunidad Foral de;Total;1 de enero de 2024;1.441
92 años;15 Navarra, Comunidad Foral de;Hombres;1 de enero de 2025;466
92 años;15 Navarra, Comunidad Foral de;Hombres;1 de enero de 2024;397
92 años;15 Navarra, Comunidad Foral de;Mujeres;1 de enero de 2025;1.120
92 años;15 Navarra, Comunidad Foral de;Mujeres;1 de enero de 2024;1.044
92 años;16 País Vasco;Total;1 de enero de 2025;6.076
92 años;16 País Vasco;Total;1 de enero de 2024;5.563
92 años;16 País Vasco;Hombres;1 de enero de 2025;1.727
92 años;16 País Vasco;Hombres;1 de enero de 2024;1.577
92 años;16 País Vasco;Mujeres;1 de enero de 2025;4.349
92 años;16 País Vasco;Mujeres;1 de enero de 2024;3.986
92 años;17 Rioja, La;Total;1 de enero de 2025;892
92 años;17 Rioja, La;Total;1 de enero de 2024;802
92 años;17 Rioja, La;Hombres;1 de enero de 2025;274
92 años;17 Rioja, La;Hombres;1 de enero de 2024;268
92 años;17 Rioja, La;Mujeres;1 de enero de 2025;618
92 años;17 Rioja, La;Mujeres;1 de enero de 2024;534
92 años;18 Ceuta;Total;1 de enero de 2025;67
92 años;18 Ceuta;Total;1 de enero de 2024;72
92 años;18 Ceuta;Hombres;1 de enero de 2025;19
92 años;18 Ceuta;Hombres;1 de enero de 2024;27
92 años;18 Ceuta;Mujeres;1 de enero de 2025;48
92 años;18 Ceuta;Mujeres;1 de enero de 2024;45
92 años;19 Melilla;Total;1 de enero de 2025;69
92 años;19 Melilla;Total;1 de enero de 2024;46
92 años;19 Melilla;Hombres;1 de enero de 2025;17
92 años;19 Melilla;Hombres;1 de enero de 2024;18
92 años;19 Melilla;Mujeres;1 de enero de 2025;52
92 años;19 Melilla;Mujeres;1 de enero de 2024;28
93 años;01 Andalucía;Total;1 de enero de 2025;10.008
93 años;01 Andalucía;Total;1 de enero de 2024;9.780
93 años;01 Andalucía;Hombres;1 de enero de 2025;3.133
93 años;01 Andalucía;Hombres;1 de enero de 2024;2.907
93 años;01 Andalucía;Mujeres;1 de enero de 2025;6.875
93 años;01 Andalucía;Mujeres;1 de enero de 2024;6.873
93 años;02 Aragón;Total;1 de enero de 2025;3.018
93 años;02 Aragón;Total;1 de enero de 2024;2.969
93 años;02 Aragón;Hombres;1 de enero de 2025;939
93 años;02 Aragón;Hombres;1 de enero de 2024;884
93 años;02 Aragón;Mujeres;1 de enero de 2025;2.079
93 años;02 Aragón;Mujeres;1 de enero de 2024;2.085
93 años;03 Asturias, Principado de;Total;1 de enero de 2025;2.671
93 años;03 Asturias, Principado de;Total;1 de enero de 2024;2.732
93 años;03 Asturias, Principado de;Hombres;1 de enero de 2025;769
93 años;03 Asturias, Principado de;Hombres;1 de enero de 2024;763
93 años;03 Asturias, Principado de;Mujeres;1 de enero de 2025;1.902
93 años;03 Asturias, Principado de;Mujeres;1 de enero de 2024;1.969
93 años;04 Balears, Illes;Total;1 de enero de 2025;1.278
93 años;04 Balears, Illes;Total;1 de enero de 2024;1.279
93 años;04 Balears, Illes;Hombres;1 de enero de 2025;371
93 años;04 Balears, Illes;Hombres;1 de enero de 2024;359
93 años;04 Balears, Illes;Mujeres;1 de enero de 2025;907
93 años;04 Balears, Illes;Mujeres;1 de enero de 2024;920
93 años;05 Canarias;Total;1 de enero de 2025;2.298
93 años;05 Canarias;Total;1 de enero de 2024;2.217
93 años;05 Canarias;Hombres;1 de enero de 2025;688
93 años;05 Canarias;Hombres;1 de enero de 2024;673
93 años;05 Canarias;Mujeres;1 de enero de 2025;1.610
93 años;05 Canarias;Mujeres;1 de enero de 2024;1.544
93 años;06 Cantabria;Total;1 de enero de 2025;1.253
93 años;06 Cantabria;Total;1 de enero de 2024;1.283
93 años;06 Cantabria;Hombres;1 de enero de 2025;342
93 años;06 Cantabria;Hombres;1 de enero de 2024;352
93 años;06 Cantabria;Mujeres;1 de enero de 2025;911
93 años;06 Cantabria;Mujeres;1 de enero de 2024;931
93 años;07 Castilla y León;Total;1 de enero de 2025;7.221
93 años;07 Castilla y León;Total;1 de enero de 2024;7.213
93 años;07 Castilla y León;Hombres;1 de enero de 2025;2.284
93 años;07 Castilla y León;Hombres;1 de enero de 2024;2.236
93 años;07 Castilla y León;Mujeres;1 de enero de 2025;4.937
93 años;07 Castilla y León;Mujeres;1 de enero de 2024;4.977
93 años;08 Castilla - La Mancha;Total;1 de enero de 2025;3.865
93 años;08 Castilla - La Mancha;Total;1 de enero de 2024;4.090
93 años;08 Castilla - La Mancha;Hombres;1 de enero de 2025;1.329
93 años;08 Castilla - La Mancha;Hombres;1 de enero de 2024;1.406
93 años;08 Castilla - La Mancha;Mujeres;1 de enero de 2025;2.536
93 años;08 Castilla - La Mancha;Mujeres;1 de enero de 2024;2.684
93 años;09 Cataluña;Total;1 de enero de 2025;13.203
93 años;09 Cataluña;Total;1 de enero de 2024;12.923
93 años;09 Cataluña;Hombres;1 de enero de 2025;3.831
93 años;09 Cataluña;Hombres;1 de enero de 2024;3.593
93 años;09 Cataluña;Mujeres;1 de enero de 2025;9.372
93 años;09 Cataluña;Mujeres;1 de enero de 2024;9.330
93 años;10 Comunitat Valenciana;Total;1 de enero de 2025;7.189
93 años;10 Comunitat Valenciana;Total;1 de enero de 2024;7.184
93 años;10 Comunitat Valenciana;Hombres;1 de enero de 2025;2.191
93 años;10 Comunitat Valenciana;Hombres;1 de enero de 2024;2.079
93 años;10 Comunitat Valenciana;Mujeres;1 de enero de 2025;4.998
93 años;10 Comunitat Valenciana;Mujeres;1 de enero de 2024;5.105
93 años;11 Extremadura;Total;1 de enero de 2025;2.171
93 años;11 Extremadura;Total;1 de enero de 2024;1.931
93 años;11 Extremadura;Hombres;1 de enero de 2025;692
93 años;11 Extremadura;Hombres;1 de enero de 2024;596
93 años;11 Extremadura;Mujeres;1 de enero de 2025;1.479
93 años;11 Extremadura;Mujeres;1 de enero de 2024;1.335
93 años;12 Galicia;Total;1 de enero de 2025;6.993
93 años;12 Galicia;Total;1 de enero de 2024;6.955
93 años;12 Galicia;Hombres;1 de enero de 2025;2.142
93 años;12 Galicia;Hombres;1 de enero de 2024;2.051
93 años;12 Galicia;Mujeres;1 de enero de 2025;4.851
93 años;12 Galicia;Mujeres;1 de enero de 2024;4.904
93 años;13 Madrid, Comunidad de;Total;1 de enero de 2025;11.178
93 años;13 Madrid, Comunidad de;Total;1 de enero de 2024;10.622
93 años;13 Madrid, Comunidad de;Hombres;1 de enero de 2025;3.239
93 años;13 Madrid, Comunidad de;Hombres;1 de enero de 2024;2.980
93 años;13 Madrid, Comunidad de;Mujeres;1 de enero de 2025;7.939
93 años;13 Madrid, Comunidad de;Mujeres;1 de enero de 2024;7.642
93 años;14 Murcia, Región de;Total;1 de enero de 2025;1.794
93 años;14 Murcia, Región de;Total;1 de enero de 2024;1.758
93 años;14 Murcia, Región de;Hombres;1 de enero de 2025;571
93 años;14 Murcia, Región de;Hombres;1 de enero de 2024;558
93 años;14 Murcia, Región de;Mujeres;1 de enero de 2025;1.223
93 años;14 Murcia, Región de;Mujeres;1 de enero de 2024;1.200
93 años;15 Navarra, Comunidad Foral de;Total;1 de enero de 2025;1.195
93 años;15 Navarra, Comunidad Foral de;Total;1 de enero de 2024;1.296
93 años;15 Navarra, Comunidad Foral de;Hombres;1 de enero de 2025;308
93 años;15 Navarra, Comunidad Foral de;Hombres;1 de enero de 2024;381
93 años;15 Navarra, Comunidad Foral de;Mujeres;1 de enero de 2025;887
93 años;15 Navarra, Comunidad Foral de;Mujeres;1 de enero de 2024;915
93 años;16 País Vasco;Total;1 de enero de 2025;4.615
93 años;16 País Vasco;Total;1 de enero de 2024;4.658
93 años;16 País Vasco;Hombres;1 de enero de 2025;1.284
93 años;16 País Vasco;Hombres;1 de enero de 2024;1.203
93 años;16 País Vasco;Mujeres;1 de enero de 2025;3.331
93 años;16 País Vasco;Mujeres;1 de enero de 2024;3.455
93 años;17 Rioja, La;Total;1 de enero de 2025;670
93 años;17 Rioja, La;Total;1 de enero de 2024;700
93 años;17 Rioja, La;Hombres;1 de enero de 2025;212
93 años;17 Rioja, La;Hombres;1 de enero de 2024;191
93 años;17 Rioja, La;Mujeres;1 de enero de 2025;458
93 años;17 Rioja, La;Mujeres;1 de enero de 2024;509
93 años;18 Ceuta;Total;1 de enero de 2025;56
93 años;18 Ceuta;Total;1 de enero de 2024;69
93 años;18 Ceuta;Hombres;1 de enero de 2025;24
93 años;18 Ceuta;Hombres;1 de enero de 2024;20
93 años;18 Ceuta;Mujeres;1 de enero de 2025;32
93 años;18 Ceuta;Mujeres;1 de enero de 2024;49
93 años;19 Melilla;Total;1 de enero de 2025;41
93 años;19 Melilla;Total;1 de enero de 2024;50
93 años;19 Melilla;Hombres;1 de enero de 2025;14
93 años;19 Melilla;Hombres;1 de enero de 2024;14
93 años;19 Melilla;Mujeres;1 de enero de 2025;27
93 años;19 Melilla;Mujeres;1 de enero de 2024;36
94 años;01 Andalucía;Total;1 de enero de 2025;7.763
94 años;01 Andalucía;Total;1 de enero de 2024;7.211
94 años;01 Andalucía;Hombres;1 de enero de 2025;2.225
94 años;01 Andalucía;Hombres;1 de enero de 2024;2.101
94 años;01 Andalucía;Mujeres;1 de enero de 2025;5.538
94 años;01 Andalucía;Mujeres;1 de enero de 2024;5.110
94 años;02 Aragón;Total;1 de enero de 2025;2.405
94 años;02 Aragón;Total;1 de enero de 2024;2.306
94 años;02 Aragón;Hombres;1 de enero de 2025;681
94 años;02 Aragón;Hombres;1 de enero de 2024;695
94 años;02 Aragón;Mujeres;1 de enero de 2025;1.724
94 años;02 Aragón;Mujeres;1 de enero de 2024;1.611
94 años;03 Asturias, Principado de;Total;1 de enero de 2025;2.231
94 años;03 Asturias, Principado de;Total;1 de enero de 2024;2.001
94 años;03 Asturias, Principado de;Hombres;1 de enero de 2025;604
94 años;03 Asturias, Principado de;Hombres;1 de enero de 2024;499
94 años;03 Asturias, Principado de;Mujeres;1 de enero de 2025;1.627
94 años;03 Asturias, Principado de;Mujeres;1 de enero de 2024;1.502
94 años;04 Balears, Illes;Total;1 de enero de 2025;1.035
94 años;04 Balears, Illes;Total;1 de enero de 2024;990
94 años;04 Balears, Illes;Hombres;1 de enero de 2025;273
94 años;04 Balears, Illes;Hombres;1 de enero de 2024;251
94 años;04 Balears, Illes;Mujeres;1 de enero de 2025;762
94 años;04 Balears, Illes;Mujeres;1 de enero de 2024;739
94 años;05 Canarias;Total;1 de enero de 2025;1.773
94 años;05 Canarias;Total;1 de enero de 2024;1.641
94 años;05 Canarias;Hombres;1 de enero de 2025;525
94 años;05 Canarias;Hombres;1 de enero de 2024;471
94 años;05 Canarias;Mujeres;1 de enero de 2025;1.248
94 años;05 Canarias;Mujeres;1 de enero de 2024;1.170
94 años;06 Cantabria;Total;1 de enero de 2025;1.051
94 años;06 Cantabria;Total;1 de enero de 2024;922
94 años;06 Cantabria;Hombres;1 de enero de 2025;280
94 años;06 Cantabria;Hombres;1 de enero de 2024;222
94 años;06 Cantabria;Mujeres;1 de enero de 2025;771
94 años;06 Cantabria;Mujeres;1 de enero de 2024;700
94 años;07 Castilla y León;Total;1 de enero de 2025;6.027
94 años;07 Castilla y León;Total;1 de enero de 2024;5.493
94 años;07 Castilla y León;Hombres;1 de enero de 2025;1.785
94 años;07 Castilla y León;Hombres;1 de enero de 2024;1.624
94 años;07 Castilla y León;Mujeres;1 de enero de 2025;4.242
94 años;07 Castilla y León;Mujeres;1 de enero de 2024;3.869
94 años;08 Castilla - La Mancha;Total;1 de enero de 2025;3.304
94 años;08 Castilla - La Mancha;Total;1 de enero de 2024;3.055
94 años;08 Castilla - La Mancha;Hombres;1 de enero de 2025;1.088
94 años;08 Castilla - La Mancha;Hombres;1 de enero de 2024;1.006
94 años;08 Castilla - La Mancha;Mujeres;1 de enero de 2025;2.216
94 años;08 Castilla - La Mancha;Mujeres;1 de enero de 2024;2.049
94 años;09 Cataluña;Total;1 de enero de 2025;10.585
94 años;09 Cataluña;Total;1 de enero de 2024;9.413
94 años;09 Cataluña;Hombres;1 de enero de 2025;2.797
94 años;09 Cataluña;Hombres;1 de enero de 2024;2.558
94 años;09 Cataluña;Mujeres;1 de enero de 2025;7.788
94 años;09 Cataluña;Mujeres;1 de enero de 2024;6.855
94 años;10 Comunitat Valenciana;Total;1 de enero de 2025;5.795
94 años;10 Comunitat Valenciana;Total;1 de enero de 2024;5.202
94 años;10 Comunitat Valenciana;Hombres;1 de enero de 2025;1.634
94 años;10 Comunitat Valenciana;Hombres;1 de enero de 2024;1.476
94 años;10 Comunitat Valenciana;Mujeres;1 de enero de 2025;4.161
94 años;10 Comunitat Valenciana;Mujeres;1 de enero de 2024;3.726
94 años;11 Extremadura;Total;1 de enero de 2025;1.557
94 años;11 Extremadura;Total;1 de enero de 2024;1.503
94 años;11 Extremadura;Hombres;1 de enero de 2025;470
94 años;11 Extremadura;Hombres;1 de enero de 2024;418
94 años;11 Extremadura;Mujeres;1 de enero de 2025;1.087
94 años;11 Extremadura;Mujeres;1 de enero de 2024;1.085
94 años;12 Galicia;Total;1 de enero de 2025;5.704
94 años;12 Galicia;Total;1 de enero de 2024;5.344
94 años;12 Galicia;Hombres;1 de enero de 2025;1.636
94 años;12 Galicia;Hombres;1 de enero de 2024;1.490
94 años;12 Galicia;Mujeres;1 de enero de 2025;4.068
94 años;12 Galicia;Mujeres;1 de enero de 2024;3.854
94 años;13 Madrid, Comunidad de;Total;1 de enero de 2025;8.951
94 años;13 Madrid, Comunidad de;Total;1 de enero de 2024;8.437
94 años;13 Madrid, Comunidad de;Hombres;1 de enero de 2025;2.427
94 años;13 Madrid, Comunidad de;Hombres;1 de enero de 2024;2.252
94 años;13 Madrid, Comunidad de;Mujeres;1 de enero de 2025;6.524
94 años;13 Madrid, Comunidad de;Mujeres;1 de enero de 2024;6.185
94 años;14 Murcia, Región de;Total;1 de enero de 2025;1.436
94 años;14 Murcia, Región de;Total;1 de enero de 2024;1.253
94 años;14 Murcia, Región de;Hombres;1 de enero de 2025;455
94 años;14 Murcia, Región de;Hombres;1 de enero de 2024;399
94 años;14 Murcia, Región de;Mujeres;1 de enero de 2025;981
94 años;14 Murcia, Región de;Mujeres;1 de enero de 2024;854
94 años;15 Navarra, Comunidad Foral de;Total;1 de enero de 2025;1.046
94 años;15 Navarra, Comunidad Foral de;Total;1 de enero de 2024;946
94 años;15 Navarra, Comunidad Foral de;Hombres;1 de enero de 2025;294
94 años;15 Navarra, Comunidad Foral de;Hombres;1 de enero de 2024;249
94 años;15 Navarra, Comunidad Foral de;Mujeres;1 de enero de 2025;752
94 años;15 Navarra, Comunidad Foral de;Mujeres;1 de enero de 2024;697
94 años;16 País Vasco;Total;1 de enero de 2025;3.807
94 años;16 País Vasco;Total;1 de enero de 2024;3.389
94 años;16 País Vasco;Hombres;1 de enero de 2025;942
94 años;16 País Vasco;Hombres;1 de enero de 2024;840
94 años;16 País Vasco;Mujeres;1 de enero de 2025;2.865
94 años;16 País Vasco;Mujeres;1 de enero de 2024;2.549
94 años;17 Rioja, La;Total;1 de enero de 2025;565
94 años;17 Rioja, La;Total;1 de enero de 2024;514
94 años;17 Rioja, La;Hombres;1 de enero de 2025;149
94 años;17 Rioja, La;Hombres;1 de enero de 2024;145
94 años;17 Rioja, La;Mujeres;1 de enero de 2025;416
94 años;17 Rioja, La;Mujeres;1 de enero de 2024;369
94 años;18 Ceuta;Total;1 de enero de 2025;54
94 años;18 Ceuta;Total;1 de enero de 2024;44
94 años;18 Ceuta;Hombres;1 de enero de 2025;15
94 años;18 Ceuta;Hombres;1 de enero de 2024;10
94 años;18 Ceuta;Mujeres;1 de enero de 2025;39
94 años;18 Ceuta;Mujeres;1 de enero de 2024;34
94 años;19 Melilla;Total;1 de enero de 2025;41
94 años;19 Melilla;Total;1 de enero de 2024;42
94 años;19 Melilla;Hombres;1 de enero de 2025;13
94 años;19 Melilla;Hombres;1 de enero de 2024;9
94 años;19 Melilla;Mujeres;1 de enero de 2025;28
94 años;19 Melilla;Mujeres;1 de enero de 2024;33
95 años;01 Andalucía;Total;1 de enero de 2025;5.643
95 años;01 Andalucía;Total;1 de enero de 2024;5.438
95 años;01 Andalucía;Hombres;1 de enero de 2025;1.613
95 años;01 Andalucía;Hombres;1 de enero de 2024;1.549
95 años;01 Andalucía;Mujeres;1 de enero de 2025;4.030
95 años;01 Andalucía;Mujeres;1 de enero de 2024;3.889
95 años;02 Aragón;Total;1 de enero de 2025;1.812
95 años;02 Aragón;Total;1 de enero de 2024;1.692
95 años;02 Aragón;Hombres;1 de enero de 2025;518
95 años;02 Aragón;Hombres;1 de enero de 2024;437
95 años;02 Aragón;Mujeres;1 de enero de 2025;1.294
95 años;02 Aragón;Mujeres;1 de enero de 2024;1.255
95 años;03 Asturias, Principado de;Total;1 de enero de 2025;1.595
95 años;03 Asturias, Principado de;Total;1 de enero de 2024;1.582
95 años;03 Asturias, Principado de;Hombres;1 de enero de 2025;377
95 años;03 Asturias, Principado de;Hombres;1 de enero de 2024;355
95 años;03 Asturias, Principado de;Mujeres;1 de enero de 2025;1.218
95 años;03 Asturias, Principado de;Mujeres;1 de enero de 2024;1.227
95 años;04 Balears, Illes;Total;1 de enero de 2025;768
95 años;04 Balears, Illes;Total;1 de enero de 2024;750
95 años;04 Balears, Illes;Hombres;1 de enero de 2025;197
95 años;04 Balears, Illes;Hombres;1 de enero de 2024;188
95 años;04 Balears, Illes;Mujeres;1 de enero de 2025;571
95 años;04 Balears, Illes;Mujeres;1 de enero de 2024;562
95 años;05 Canarias;Total;1 de enero de 2025;1.286
95 años;05 Canarias;Total;1 de enero de 2024;1.246
95 años;05 Canarias;Hombres;1 de enero de 2025;352
95 años;05 Canarias;Hombres;1 de enero de 2024;347
95 años;05 Canarias;Mujeres;1 de enero de 2025;934
95 años;05 Canarias;Mujeres;1 de enero de 2024;899
95 años;06 Cantabria;Total;1 de enero de 2025;726
95 años;06 Cantabria;Total;1 de enero de 2024;774
95 años;06 Cantabria;Hombres;1 de enero de 2025;158
95 años;06 Cantabria;Hombres;1 de enero de 2024;190
95 años;06 Cantabria;Mujeres;1 de enero de 2025;568
95 años;06 Cantabria;Mujeres;1 de enero de 2024;584
95 años;07 Castilla y León;Total;1 de enero de 2025;4.482
95 años;07 Castilla y León;Total;1 de enero de 2024;4.468
95 años;07 Castilla y León;Hombres;1 de enero de 2025;1.253
95 años;07 Castilla y León;Hombres;1 de enero de 2024;1.253
95 años;07 Castilla y León;Mujeres;1 de enero de 2025;3.229
95 años;07 Castilla y León;Mujeres;1 de enero de 2024;3.215
95 años;08 Castilla - La Mancha;Total;1 de enero de 2025;2.418
95 años;08 Castilla - La Mancha;Total;1 de enero de 2024;2.306
95 años;08 Castilla - La Mancha;Hombres;1 de enero de 2025;782
95 años;08 Castilla - La Mancha;Hombres;1 de enero de 2024;689
95 años;08 Castilla - La Mancha;Mujeres;1 de enero de 2025;1.636
95 años;08 Castilla - La Mancha;Mujeres;1 de enero de 2024;1.617
95 años;09 Cataluña;Total;1 de enero de 2025;7.523
95 años;09 Cataluña;Total;1 de enero de 2024;7.337
95 años;09 Cataluña;Hombres;1 de enero de 2025;1.951
95 años;09 Cataluña;Hombres;1 de enero de 2024;1.890
95 años;09 Cataluña;Mujeres;1 de enero de 2025;5.572
95 años;09 Cataluña;Mujeres;1 de enero de 2024;5.447
95 años;10 Comunitat Valenciana;Total;1 de enero de 2025;4.114
95 años;10 Comunitat Valenciana;Total;1 de enero de 2024;4.009
95 años;10 Comunitat Valenciana;Hombres;1 de enero de 2025;1.124
95 años;10 Comunitat Valenciana;Hombres;1 de enero de 2024;1.105
95 años;10 Comunitat Valenciana;Mujeres;1 de enero de 2025;2.990
95 años;10 Comunitat Valenciana;Mujeres;1 de enero de 2024;2.904
95 años;11 Extremadura;Total;1 de enero de 2025;1.189
95 años;11 Extremadura;Total;1 de enero de 2024;1.159
95 años;11 Extremadura;Hombres;1 de enero de 2025;322
95 años;11 Extremadura;Hombres;1 de enero de 2024;354
95 años;11 Extremadura;Mujeres;1 de enero de 2025;867
95 años;11 Extremadura;Mujeres;1 de enero de 2024;805
95 años;12 Galicia;Total;1 de enero de 2025;4.269
95 años;12 Galicia;Total;1 de enero de 2024;4.171
95 años;12 Galicia;Hombres;1 de enero de 2025;1.144
95 años;12 Galicia;Hombres;1 de enero de 2024;1.156
95 años;12 Galicia;Mujeres;1 de enero de 2025;3.125
95 años;12 Galicia;Mujeres;1 de enero de 2024;3.015
95 años;13 Madrid, Comunidad de;Total;1 de enero de 2025;6.925
95 años;13 Madrid, Comunidad de;Total;1 de enero de 2024;6.461
95 años;13 Madrid, Comunidad de;Hombres;1 de enero de 2025;1.807
95 años;13 Madrid, Comunidad de;Hombres;1 de enero de 2024;1.597
95 años;13 Madrid, Comunidad de;Mujeres;1 de enero de 2025;5.118
95 años;13 Madrid, Comunidad de;Mujeres;1 de enero de 2024;4.864
95 años;14 Murcia, Región de;Total;1 de enero de 2025;998
95 años;14 Murcia, Región de;Total;1 de enero de 2024;894
95 años;14 Murcia, Región de;Hombres;1 de enero de 2025;301
95 años;14 Murcia, Región de;Hombres;1 de enero de 2024;262
95 años;14 Murcia, Región de;Mujeres;1 de enero de 2025;697
95 años;14 Murcia, Región de;Mujeres;1 de enero de 2024;632
95 años;15 Navarra, Comunidad Foral de;Total;1 de enero de 2025;731
95 años;15 Navarra, Comunidad Foral de;Total;1 de enero de 2024;745
95 años;15 Navarra, Comunidad Foral de;Hombres;1 de enero de 2025;191
95 años;15 Navarra, Comunidad Foral de;Hombres;1 de enero de 2024;190
95 años;15 Navarra, Comunidad Foral de;Mujeres;1 de enero de 2025;540
95 años;15 Navarra, Comunidad Foral de;Mujeres;1 de enero de 2024;555
95 años;16 País Vasco;Total;1 de enero de 2025;2.705
95 años;16 País Vasco;Total;1 de enero de 2024;2.638
95 años;16 País Vasco;Hombres;1 de enero de 2025;639
95 años;16 País Vasco;Hombres;1 de enero de 2024;647
95 años;16 País Vasco;Mujeres;1 de enero de 2025;2.066
95 años;16 País Vasco;Mujeres;1 de enero de 2024;1.991
95 años;17 Rioja, La;Total;1 de enero de 2025;416
95 años;17 Rioja, La;Total;1 de enero de 2024;378
95 años;17 Rioja, La;Hombres;1 de enero de 2025;103
95 años;17 Rioja, La;Hombres;1 de enero de 2024;104
95 años;17 Rioja, La;Mujeres;1 de enero de 2025;313
95 años;17 Rioja, La;Mujeres;1 de enero de 2024;274
95 años;18 Ceuta;Total;1 de enero de 2025;36
95 años;18 Ceuta;Total;1 de enero de 2024;27
95 años;18 Ceuta;Hombres;1 de enero de 2025;10
95 años;18 Ceuta;Hombres;1 de enero de 2024;9
95 años;18 Ceuta;Mujeres;1 de enero de 2025;26
95 años;18 Ceuta;Mujeres;1 de enero de 2024;18
95 años;19 Melilla;Total;1 de enero de 2025;37
95 años;19 Melilla;Total;1 de enero de 2024;32
95 años;19 Melilla;Hombres;1 de enero de 2025;6
95 años;19 Melilla;Hombres;1 de enero de 2024;9
95 años;19 Melilla;Mujeres;1 de enero de 2025;31
95 años;19 Melilla;Mujeres;1 de enero de 2024;23
96 años;01 Andalucía;Total;1 de enero de 2025;4.104
96 años;01 Andalucía;Total;1 de enero de 2024;3.483
96 años;01 Andalucía;Hombres;1 de enero de 2025;1.107
96 años;01 Andalucía;Hombres;1 de enero de 2024;936
96 años;01 Andalucía;Mujeres;1 de enero de 2025;2.997
96 años;01 Andalucía;Mujeres;1 de enero de 2024;2.547
96 años;02 Aragón;Total;1 de enero de 2025;1.272
96 años;02 Aragón;Total;1 de enero de 2024;1.251
96 años;02 Aragón;Hombres;1 de enero de 2025;307
96 años;02 Aragón;Hombres;1 de enero de 2024;355
96 años;02 Aragón;Mujeres;1 de enero de 2025;965
96 años;02 Aragón;Mujeres;1 de enero de 2024;896
96 años;03 Asturias, Principado de;Total;1 de enero de 2025;1.237
96 años;03 Asturias, Principado de;Total;1 de enero de 2024;1.096
96 años;03 Asturias, Principado de;Hombres;1 de enero de 2025;273
96 años;03 Asturias, Principado de;Hombres;1 de enero de 2024;253
96 años;03 Asturias, Principado de;Mujeres;1 de enero de 2025;964
96 años;03 Asturias, Principado de;Mujeres;1 de enero de 2024;843
96 años;04 Balears, Illes;Total;1 de enero de 2025;579
96 años;04 Balears, Illes;Total;1 de enero de 2024;587
96 años;04 Balears, Illes;Hombres;1 de enero de 2025;146
96 años;04 Balears, Illes;Hombres;1 de enero de 2024;128
96 años;04 Balears, Illes;Mujeres;1 de enero de 2025;433
96 años;04 Balears, Illes;Mujeres;1 de enero de 2024;459
96 años;05 Canarias;Total;1 de enero de 2025;981
96 años;05 Canarias;Total;1 de enero de 2024;854
96 años;05 Canarias;Hombres;1 de enero de 2025;270
96 años;05 Canarias;Hombres;1 de enero de 2024;237
96 años;05 Canarias;Mujeres;1 de enero de 2025;711
96 años;05 Canarias;Mujeres;1 de enero de 2024;617
96 años;06 Cantabria;Total;1 de enero de 2025;593
96 años;06 Cantabria;Total;1 de enero de 2024;526
96 años;06 Cantabria;Hombres;1 de enero de 2025;133
96 años;06 Cantabria;Hombres;1 de enero de 2024;114
96 años;06 Cantabria;Mujeres;1 de enero de 2025;460
96 años;06 Cantabria;Mujeres;1 de enero de 2024;412
96 años;07 Castilla y León;Total;1 de enero de 2025;3.536
96 años;07 Castilla y León;Total;1 de enero de 2024;3.262
96 años;07 Castilla y León;Hombres;1 de enero de 2025;936
96 años;07 Castilla y León;Hombres;1 de enero de 2024;831
96 años;07 Castilla y León;Mujeres;1 de enero de 2025;2.600
96 años;07 Castilla y León;Mujeres;1 de enero de 2024;2.431
96 años;08 Castilla - La Mancha;Total;1 de enero de 2025;1.792
96 años;08 Castilla - La Mancha;Total;1 de enero de 2024;1.651
96 años;08 Castilla - La Mancha;Hombres;1 de enero de 2025;540
96 años;08 Castilla - La Mancha;Hombres;1 de enero de 2024;482
96 años;08 Castilla - La Mancha;Mujeres;1 de enero de 2025;1.252
96 años;08 Castilla - La Mancha;Mujeres;1 de enero de 2024;1.169
96 años;09 Cataluña;Total;1 de enero de 2025;5.618
96 años;09 Cataluña;Total;1 de enero de 2024;5.297
96 años;09 Cataluña;Hombres;1 de enero de 2025;1.386
96 años;09 Cataluña;Hombres;1 de enero de 2024;1.263
96 años;09 Cataluña;Mujeres;1 de enero de 2025;4.232
96 años;09 Cataluña;Mujeres;1 de enero de 2024;4.034
96 años;10 Comunitat Valenciana;Total;1 de enero de 2025;3.140
96 años;10 Comunitat Valenciana;Total;1 de enero de 2024;2.637
96 años;10 Comunitat Valenciana;Hombres;1 de enero de 2025;832
96 años;10 Comunitat Valenciana;Hombres;1 de enero de 2024;657
96 años;10 Comunitat Valenciana;Mujeres;1 de enero de 2025;2.308
96 años;10 Comunitat Valenciana;Mujeres;1 de enero de 2024;1.980
96 años;11 Extremadura;Total;1 de enero de 2025;893
96 años;11 Extremadura;Total;1 de enero de 2024;796
96 años;11 Extremadura;Hombres;1 de enero de 2025;254
96 años;11 Extremadura;Hombres;1 de enero de 2024;239
96 años;11 Extremadura;Mujeres;1 de enero de 2025;639
96 años;11 Extremadura;Mujeres;1 de enero de 2024;557
96 años;12 Galicia;Total;1 de enero de 2025;3.292
96 años;12 Galicia;Total;1 de enero de 2024;2.904
96 años;12 Galicia;Hombres;1 de enero de 2025;882
96 años;12 Galicia;Hombres;1 de enero de 2024;752
96 años;12 Galicia;Mujeres;1 de enero de 2025;2.410
96 años;12 Galicia;Mujeres;1 de enero de 2024;2.152
96 años;13 Madrid, Comunidad de;Total;1 de enero de 2025;5.191
96 años;13 Madrid, Comunidad de;Total;1 de enero de 2024;4.690
96 años;13 Madrid, Comunidad de;Hombres;1 de enero de 2025;1.233
96 años;13 Madrid, Comunidad de;Hombres;1 de enero de 2024;1.089
96 años;13 Madrid, Comunidad de;Mujeres;1 de enero de 2025;3.958
96 años;13 Madrid, Comunidad de;Mujeres;1 de enero de 2024;3.601
96 años;14 Murcia, Región de;Total;1 de enero de 2025;695
96 años;14 Murcia, Región de;Total;1 de enero de 2024;583
96 años;14 Murcia, Región de;Hombres;1 de enero de 2025;201
96 años;14 Murcia, Región de;Hombres;1 de enero de 2024;167
96 años;14 Murcia, Región de;Mujeres;1 de enero de 2025;494
96 años;14 Murcia, Región de;Mujeres;1 de enero de 2024;416
96 años;15 Navarra, Comunidad Foral de;Total;1 de enero de 2025;579
96 años;15 Navarra, Comunidad Foral de;Total;1 de enero de 2024;492
96 años;15 Navarra, Comunidad Foral de;Hombres;1 de enero de 2025;144
96 años;15 Navarra, Comunidad Foral de;Hombres;1 de enero de 2024;93
96 años;15 Navarra, Comunidad Foral de;Mujeres;1 de enero de 2025;435
96 años;15 Navarra, Comunidad Foral de;Mujeres;1 de enero de 2024;399
96 años;16 País Vasco;Total;1 de enero de 2025;2.051
96 años;16 País Vasco;Total;1 de enero de 2024;1.919
96 años;16 País Vasco;Hombres;1 de enero de 2025;468
96 años;16 País Vasco;Hombres;1 de enero de 2024;412
96 años;16 País Vasco;Mujeres;1 de enero de 2025;1.583
96 años;16 País Vasco;Mujeres;1 de enero de 2024;1.507
96 años;17 Rioja, La;Total;1 de enero de 2025;280
96 años;17 Rioja, La;Total;1 de enero de 2024;290
96 años;17 Rioja, La;Hombres;1 de enero de 2025;73
96 años;17 Rioja, La;Hombres;1 de enero de 2024;71
96 años;17 Rioja, La;Mujeres;1 de enero de 2025;207
96 años;17 Rioja, La;Mujeres;1 de enero de 2024;219
96 años;18 Ceuta;Total;1 de enero de 2025;20
96 años;18 Ceuta;Total;1 de enero de 2024;20
96 años;18 Ceuta;Hombres;1 de enero de 2025;7
96 años;18 Ceuta;Hombres;1 de enero de 2024;9
96 años;18 Ceuta;Mujeres;1 de enero de 2025;13
96 años;18 Ceuta;Mujeres;1 de enero de 2024;11
96 años;19 Melilla;Total;1 de enero de 2025;26
96 años;19 Melilla;Total;1 de enero de 2024;19
96 años;19 Melilla;Hombres;1 de enero de 2025;8
96 años;19 Melilla;Hombres;1 de enero de 2024;9
96 años;19 Melilla;Mujeres;1 de enero de 2025;18
96 años;19 Melilla;Mujeres;1 de enero de 2024;10
97 años;01 Andalucía;Total;1 de enero de 2025;2.503
97 años;01 Andalucía;Total;1 de enero de 2024;2.515
97 años;01 Andalucía;Hombres;1 de enero de 2025;638
97 años;01 Andalucía;Hombres;1 de enero de 2024;670
97 años;01 Andalucía;Mujeres;1 de enero de 2025;1.865
97 años;01 Andalucía;Mujeres;1 de enero de 2024;1.845
97 años;02 Aragón;Total;1 de enero de 2025;937
97 años;02 Aragón;Total;1 de enero de 2024;848
97 años;02 Aragón;Hombres;1 de enero de 2025;264
97 años;02 Aragón;Hombres;1 de enero de 2024;223
97 años;02 Aragón;Mujeres;1 de enero de 2025;673
97 años;02 Aragón;Mujeres;1 de enero de 2024;625
97 años;03 Asturias, Principado de;Total;1 de enero de 2025;804
97 años;03 Asturias, Principado de;Total;1 de enero de 2024;725
97 años;03 Asturias, Principado de;Hombres;1 de enero de 2025;180
97 años;03 Asturias, Principado de;Hombres;1 de enero de 2024;157
97 años;03 Asturias, Principado de;Mujeres;1 de enero de 2025;624
97 años;03 Asturias, Principado de;Mujeres;1 de enero de 2024;568
97 años;04 Balears, Illes;Total;1 de enero de 2025;429
97 años;04 Balears, Illes;Total;1 de enero de 2024;377
97 años;04 Balears, Illes;Hombres;1 de enero de 2025;92
97 años;04 Balears, Illes;Hombres;1 de enero de 2024;83
97 años;04 Balears, Illes;Mujeres;1 de enero de 2025;337
97 años;04 Balears, Illes;Mujeres;1 de enero de 2024;294
97 años;05 Canarias;Total;1 de enero de 2025;653
97 años;05 Canarias;Total;1 de enero de 2024;634
97 años;05 Canarias;Hombres;1 de enero de 2025;179
97 años;05 Canarias;Hombres;1 de enero de 2024;171
97 años;05 Canarias;Mujeres;1 de enero de 2025;474
97 años;05 Canarias;Mujeres;1 de enero de 2024;463
97 años;06 Cantabria;Total;1 de enero de 2025;410
97 años;06 Cantabria;Total;1 de enero de 2024;385
97 años;06 Cantabria;Hombres;1 de enero de 2025;78
97 años;06 Cantabria;Hombres;1 de enero de 2024;74
97 años;06 Cantabria;Mujeres;1 de enero de 2025;332
97 años;06 Cantabria;Mujeres;1 de enero de 2024;311
97 años;07 Castilla y León;Total;1 de enero de 2025;2.517
97 años;07 Castilla y León;Total;1 de enero de 2024;2.498
97 años;07 Castilla y León;Hombres;1 de enero de 2025;612
97 años;07 Castilla y León;Hombres;1 de enero de 2024;657
97 años;07 Castilla y León;Mujeres;1 de enero de 2025;1.905
97 años;07 Castilla y León;Mujeres;1 de enero de 2024;1.841
97 años;08 Castilla - La Mancha;Total;1 de enero de 2025;1.229
97 años;08 Castilla - La Mancha;Total;1 de enero de 2024;1.139
97 años;08 Castilla - La Mancha;Hombres;1 de enero de 2025;348
97 años;08 Castilla - La Mancha;Hombres;1 de enero de 2024;306
97 años;08 Castilla - La Mancha;Mujeres;1 de enero de 2025;881
97 años;08 Castilla - La Mancha;Mujeres;1 de enero de 2024;833
97 años;09 Cataluña;Total;1 de enero de 2025;3.996
97 años;09 Cataluña;Total;1 de enero de 2024;3.873
97 años;09 Cataluña;Hombres;1 de enero de 2025;896
97 años;09 Cataluña;Hombres;1 de enero de 2024;855
97 años;09 Cataluña;Mujeres;1 de enero de 2025;3.100
97 años;09 Cataluña;Mujeres;1 de enero de 2024;3.018
97 años;10 Comunitat Valenciana;Total;1 de enero de 2025;1.985
97 años;10 Comunitat Valenciana;Total;1 de enero de 2024;2.104
97 años;10 Comunitat Valenciana;Hombres;1 de enero de 2025;488
97 años;10 Comunitat Valenciana;Hombres;1 de enero de 2024;538
97 años;10 Comunitat Valenciana;Mujeres;1 de enero de 2025;1.497
97 años;10 Comunitat Valenciana;Mujeres;1 de enero de 2024;1.566
97 años;11 Extremadura;Total;1 de enero de 2025;621
97 años;11 Extremadura;Total;1 de enero de 2024;572
97 años;11 Extremadura;Hombres;1 de enero de 2025;175
97 años;11 Extremadura;Hombres;1 de enero de 2024;147
97 años;11 Extremadura;Mujeres;1 de enero de 2025;446
97 años;11 Extremadura;Mujeres;1 de enero de 2024;425
97 años;12 Galicia;Total;1 de enero de 2025;2.214
97 años;12 Galicia;Total;1 de enero de 2024;2.091
97 años;12 Galicia;Hombres;1 de enero de 2025;570
97 años;12 Galicia;Hombres;1 de enero de 2024;483
97 años;12 Galicia;Mujeres;1 de enero de 2025;1.644
97 años;12 Galicia;Mujeres;1 de enero de 2024;1.608
97 años;13 Madrid, Comunidad de;Total;1 de enero de 2025;3.660
97 años;13 Madrid, Comunidad de;Total;1 de enero de 2024;3.431
97 años;13 Madrid, Comunidad de;Hombres;1 de enero de 2025;814
97 años;13 Madrid, Comunidad de;Hombres;1 de enero de 2024;738
97 años;13 Madrid, Comunidad de;Mujeres;1 de enero de 2025;2.846
97 años;13 Madrid, Comunidad de;Mujeres;1 de enero de 2024;2.693
97 años;14 Murcia, Región de;Total;1 de enero de 2025;432
97 años;14 Murcia, Región de;Total;1 de enero de 2024;451
97 años;14 Murcia, Región de;Hombres;1 de enero de 2025;124
97 años;14 Murcia, Región de;Hombres;1 de enero de 2024;122
97 años;14 Murcia, Región de;Mujeres;1 de enero de 2025;308
97 años;14 Murcia, Región de;Mujeres;1 de enero de 2024;329
97 años;15 Navarra, Comunidad Foral de;Total;1 de enero de 2025;358
97 años;15 Navarra, Comunidad Foral de;Total;1 de enero de 2024;407
97 años;15 Navarra, Comunidad Foral de;Hombres;1 de enero de 2025;61
97 años;15 Navarra, Comunidad Foral de;Hombres;1 de enero de 2024;93
97 años;15 Navarra, Comunidad Foral de;Mujeres;1 de enero de 2025;297
97 años;15 Navarra, Comunidad Foral de;Mujeres;1 de enero de 2024;314
97 años;16 País Vasco;Total;1 de enero de 2025;1.442
97 años;16 País Vasco;Total;1 de enero de 2024;1.336
97 años;16 País Vasco;Hombres;1 de enero de 2025;293
97 años;16 País Vasco;Hombres;1 de enero de 2024;237
97 años;16 País Vasco;Mujeres;1 de enero de 2025;1.149
97 años;16 País Vasco;Mujeres;1 de enero de 2024;1.099
97 años;17 Rioja, La;Total;1 de enero de 2025;225
97 años;17 Rioja, La;Total;1 de enero de 2024;218
97 años;17 Rioja, La;Hombres;1 de enero de 2025;50
97 años;17 Rioja, La;Hombres;1 de enero de 2024;58
97 años;17 Rioja, La;Mujeres;1 de enero de 2025;175
97 años;17 Rioja, La;Mujeres;1 de enero de 2024;160
97 años;18 Ceuta;Total;1 de enero de 2025;19
97 años;18 Ceuta;Total;1 de enero de 2024;19
97 años;18 Ceuta;Hombres;1 de enero de 2025;9
97 años;18 Ceuta;Hombres;1 de enero de 2024;3
97 años;18 Ceuta;Mujeres;1 de enero de 2025;10
97 años;18 Ceuta;Mujeres;1 de enero de 2024;16
97 años;19 Melilla;Total;1 de enero de 2025;16
97 años;19 Melilla;Total;1 de enero de 2024;13
97 años;19 Melilla;Hombres;1 de enero de 2025;7
97 años;19 Melilla;Hombres;1 de enero de 2024;2
97 años;19 Melilla;Mujeres;1 de enero de 2025;9
97 años;19 Melilla;Mujeres;1 de enero de 2024;11
98 años;01 Andalucía;Total;1 de enero de 2025;1.810
98 años;01 Andalucía;Total;1 de enero de 2024;1.719
98 años;01 Andalucía;Hombres;1 de enero de 2025;479
98 años;01 Andalucía;Hombres;1 de enero de 2024;461
98 años;01 Andalucía;Mujeres;1 de enero de 2025;1.331
98 años;01 Andalucía;Mujeres;1 de enero de 2024;1.258
98 años;02 Aragón;Total;1 de enero de 2025;617
98 años;02 Aragón;Total;1 de enero de 2024;597
98 años;02 Aragón;Hombres;1 de enero de 2025;158
98 años;02 Aragón;Hombres;1 de enero de 2024;131
98 años;02 Aragón;Mujeres;1 de enero de 2025;459
98 años;02 Aragón;Mujeres;1 de enero de 2024;466
98 años;03 Asturias, Principado de;Total;1 de enero de 2025;517
98 años;03 Asturias, Principado de;Total;1 de enero de 2024;597
98 años;03 Asturias, Principado de;Hombres;1 de enero de 2025;107
98 años;03 Asturias, Principado de;Hombres;1 de enero de 2024;122
98 años;03 Asturias, Principado de;Mujeres;1 de enero de 2025;410
98 años;03 Asturias, Principado de;Mujeres;1 de enero de 2024;475
98 años;04 Balears, Illes;Total;1 de enero de 2025;257
98 años;04 Balears, Illes;Total;1 de enero de 2024;249
98 años;04 Balears, Illes;Hombres;1 de enero de 2025;53
98 años;04 Balears, Illes;Hombres;1 de enero de 2024;57
98 años;04 Balears, Illes;Mujeres;1 de enero de 2025;204
98 años;04 Balears, Illes;Mujeres;1 de enero de 2024;192
98 años;05 Canarias;Total;1 de enero de 2025;473
98 años;05 Canarias;Total;1 de enero de 2024;423
98 años;05 Canarias;Hombres;1 de enero de 2025;122
98 años;05 Canarias;Hombres;1 de enero de 2024;122
98 años;05 Canarias;Mujeres;1 de enero de 2025;351
98 años;05 Canarias;Mujeres;1 de enero de 2024;301
98 años;06 Cantabria;Total;1 de enero de 2025;285
98 años;06 Cantabria;Total;1 de enero de 2024;259
98 años;06 Cantabria;Hombres;1 de enero de 2025;58
98 años;06 Cantabria;Hombres;1 de enero de 2024;40
98 años;06 Cantabria;Mujeres;1 de enero de 2025;227
98 años;06 Cantabria;Mujeres;1 de enero de 2024;219
98 años;07 Castilla y León;Total;1 de enero de 2025;1.853
98 años;07 Castilla y León;Total;1 de enero de 2024;1.674
98 años;07 Castilla y León;Hombres;1 de enero de 2025;459
98 años;07 Castilla y León;Hombres;1 de enero de 2024;388
98 años;07 Castilla y León;Mujeres;1 de enero de 2025;1.394
98 años;07 Castilla y León;Mujeres;1 de enero de 2024;1.286
98 años;08 Castilla - La Mancha;Total;1 de enero de 2025;859
98 años;08 Castilla - La Mancha;Total;1 de enero de 2024;785
98 años;08 Castilla - La Mancha;Hombres;1 de enero de 2025;226
98 años;08 Castilla - La Mancha;Hombres;1 de enero de 2024;213
98 años;08 Castilla - La Mancha;Mujeres;1 de enero de 2025;633
98 años;08 Castilla - La Mancha;Mujeres;1 de enero de 2024;572
98 años;09 Cataluña;Total;1 de enero de 2025;2.783
98 años;09 Cataluña;Total;1 de enero de 2024;2.722
98 años;09 Cataluña;Hombres;1 de enero de 2025;576
98 años;09 Cataluña;Hombres;1 de enero de 2024;576
98 años;09 Cataluña;Mujeres;1 de enero de 2025;2.207
98 años;09 Cataluña;Mujeres;1 de enero de 2024;2.146
98 años;10 Comunitat Valenciana;Total;1 de enero de 2025;1.541
98 años;10 Comunitat Valenciana;Total;1 de enero de 2024;1.341
98 años;10 Comunitat Valenciana;Hombres;1 de enero de 2025;359
98 años;10 Comunitat Valenciana;Hombres;1 de enero de 2024;332
98 años;10 Comunitat Valenciana;Mujeres;1 de enero de 2025;1.182
98 años;10 Comunitat Valenciana;Mujeres;1 de enero de 2024;1.009
98 años;11 Extremadura;Total;1 de enero de 2025;415
98 años;11 Extremadura;Total;1 de enero de 2024;430
98 años;11 Extremadura;Hombres;1 de enero de 2025;98
98 años;11 Extremadura;Hombres;1 de enero de 2024;86
98 años;11 Extremadura;Mujeres;1 de enero de 2025;317
98 años;11 Extremadura;Mujeres;1 de enero de 2024;344
98 años;12 Galicia;Total;1 de enero de 2025;1.505
98 años;12 Galicia;Total;1 de enero de 2024;1.494
98 años;12 Galicia;Hombres;1 de enero de 2025;331
98 años;12 Galicia;Hombres;1 de enero de 2024;346
98 años;12 Galicia;Mujeres;1 de enero de 2025;1.174
98 años;12 Galicia;Mujeres;1 de enero de 2024;1.148
98 años;13 Madrid, Comunidad de;Total;1 de enero de 2025;2.605
98 años;13 Madrid, Comunidad de;Total;1 de enero de 2024;2.353
98 años;13 Madrid, Comunidad de;Hombres;1 de enero de 2025;567
98 años;13 Madrid, Comunidad de;Hombres;1 de enero de 2024;492
98 años;13 Madrid, Comunidad de;Mujeres;1 de enero de 2025;2.038
98 años;13 Madrid, Comunidad de;Mujeres;1 de enero de 2024;1.861
98 años;14 Murcia, Región de;Total;1 de enero de 2025;323
98 años;14 Murcia, Región de;Total;1 de enero de 2024;292
98 años;14 Murcia, Región de;Hombres;1 de enero de 2025;78
98 años;14 Murcia, Región de;Hombres;1 de enero de 2024;77
98 años;14 Murcia, Región de;Mujeres;1 de enero de 2025;245
98 años;14 Murcia, Región de;Mujeres;1 de enero de 2024;215
98 años;15 Navarra, Comunidad Foral de;Total;1 de enero de 2025;284
98 años;15 Navarra, Comunidad Foral de;Total;1 de enero de 2024;280
98 años;15 Navarra, Comunidad Foral de;Hombres;1 de enero de 2025;59
98 años;15 Navarra, Comunidad Foral de;Hombres;1 de enero de 2024;56
98 años;15 Navarra, Comunidad Foral de;Mujeres;1 de enero de 2025;225
98 años;15 Navarra, Comunidad Foral de;Mujeres;1 de enero de 2024;224
98 años;16 País Vasco;Total;1 de enero de 2025;958
98 años;16 País Vasco;Total;1 de enero de 2024;939
98 años;16 País Vasco;Hombres;1 de enero de 2025;165
98 años;16 País Vasco;Hombres;1 de enero de 2024;168
98 años;16 País Vasco;Mujeres;1 de enero de 2025;793
98 años;16 País Vasco;Mujeres;1 de enero de 2024;771
98 años;17 Rioja, La;Total;1 de enero de 2025;172
98 años;17 Rioja, La;Total;1 de enero de 2024;134
98 años;17 Rioja, La;Hombres;1 de enero de 2025;43
98 años;17 Rioja, La;Hombres;1 de enero de 2024;32
98 años;17 Rioja, La;Mujeres;1 de enero de 2025;129
98 años;17 Rioja, La;Mujeres;1 de enero de 2024;102
98 años;18 Ceuta;Total;1 de enero de 2025;12
98 años;18 Ceuta;Total;1 de enero de 2024;11
98 años;18 Ceuta;Hombres;1 de enero de 2025;3
98 años;18 Ceuta;Hombres;1 de enero de 2024;1
98 años;18 Ceuta;Mujeres;1 de enero de 2025;9
98 años;18 Ceuta;Mujeres;1 de enero de 2024;10
98 años;19 Melilla;Total;1 de enero de 2025;10
98 años;19 Melilla;Total;1 de enero de 2024;11
98 años;19 Melilla;Hombres;1 de enero de 2025;1
98 años;19 Melilla;Hombres;1 de enero de 2024;2
98 años;19 Melilla;Mujeres;1 de enero de 2025;9
98 años;19 Melilla;Mujeres;1 de enero de 2024;9
99 años;01 Andalucía;Total;1 de enero de 2025;1.215
99 años;01 Andalucía;Total;1 de enero de 2024;1.218
99 años;01 Andalucía;Hombres;1 de enero de 2025;312
99 años;01 Andalucía;Hombres;1 de enero de 2024;301
99 años;01 Andalucía;Mujeres;1 de enero de 2025;903
99 años;01 Andalucía;Mujeres;1 de enero de 2024;917
99 años;02 Aragón;Total;1 de enero de 2025;428
99 años;02 Aragón;Total;1 de enero de 2024;410
99 años;02 Aragón;Hombres;1 de enero de 2025;98
99 años;02 Aragón;Hombres;1 de enero de 2024;94
99 años;02 Aragón;Mujeres;1 de enero de 2025;330
99 años;02 Aragón;Mujeres;1 de enero de 2024;316
99 años;03 Asturias, Principado de;Total;1 de enero de 2025;436
99 años;03 Asturias, Principado de;Total;1 de enero de 2024;413
99 años;03 Asturias, Principado de;Hombres;1 de enero de 2025;88
99 años;03 Asturias, Principado de;Hombres;1 de enero de 2024;80
99 años;03 Asturias, Principado de;Mujeres;1 de enero de 2025;348
99 años;03 Asturias, Principado de;Mujeres;1 de enero de 2024;333
99 años;04 Balears, Illes;Total;1 de enero de 2025;170
99 años;04 Balears, Illes;Total;1 de enero de 2024;187
99 años;04 Balears, Illes;Hombres;1 de enero de 2025;39
99 años;04 Balears, Illes;Hombres;1 de enero de 2024;48
99 años;04 Balears, Illes;Mujeres;1 de enero de 2025;131
99 años;04 Balears, Illes;Mujeres;1 de enero de 2024;139
99 años;05 Canarias;Total;1 de enero de 2025;319
99 años;05 Canarias;Total;1 de enero de 2024;326
99 años;05 Canarias;Hombres;1 de enero de 2025;96
99 años;05 Canarias;Hombres;1 de enero de 2024;93
99 años;05 Canarias;Mujeres;1 de enero de 2025;223
99 años;05 Canarias;Mujeres;1 de enero de 2024;233
99 años;06 Cantabria;Total;1 de enero de 2025;198
99 años;06 Cantabria;Total;1 de enero de 2024;192
99 años;06 Cantabria;Hombres;1 de enero de 2025;27
99 años;06 Cantabria;Hombres;1 de enero de 2024;26
99 años;06 Cantabria;Mujeres;1 de enero de 2025;171
99 años;06 Cantabria;Mujeres;1 de enero de 2024;166
99 años;07 Castilla y León;Total;1 de enero de 2025;1.227
99 años;07 Castilla y León;Total;1 de enero de 2024;1.170
99 años;07 Castilla y León;Hombres;1 de enero de 2025;271
99 años;07 Castilla y León;Hombres;1 de enero de 2024;283
99 años;07 Castilla y León;Mujeres;1 de enero de 2025;956
99 años;07 Castilla y León;Mujeres;1 de enero de 2024;887
99 años;08 Castilla - La Mancha;Total;1 de enero de 2025;558
99 años;08 Castilla - La Mancha;Total;1 de enero de 2024;528
99 años;08 Castilla - La Mancha;Hombres;1 de enero de 2025;142
99 años;08 Castilla - La Mancha;Hombres;1 de enero de 2024;145
99 años;08 Castilla - La Mancha;Mujeres;1 de enero de 2025;416
99 años;08 Castilla - La Mancha;Mujeres;1 de enero de 2024;383
99 años;09 Cataluña;Total;1 de enero de 2025;1.894
99 años;09 Cataluña;Total;1 de enero de 2024;1.786
99 años;09 Cataluña;Hombres;1 de enero de 2025;393
99 años;09 Cataluña;Hombres;1 de enero de 2024;366
99 años;09 Cataluña;Mujeres;1 de enero de 2025;1.501
99 años;09 Cataluña;Mujeres;1 de enero de 2024;1.420
99 años;10 Comunitat Valenciana;Total;1 de enero de 2025;938
99 años;10 Comunitat Valenciana;Total;1 de enero de 2024;925
99 años;10 Comunitat Valenciana;Hombres;1 de enero de 2025;239
99 años;10 Comunitat Valenciana;Hombres;1 de enero de 2024;208
99 años;10 Comunitat Valenciana;Mujeres;1 de enero de 2025;699
99 años;10 Comunitat Valenciana;Mujeres;1 de enero de 2024;717
99 años;11 Extremadura;Total;1 de enero de 2025;308
99 años;11 Extremadura;Total;1 de enero de 2024;266
99 años;11 Extremadura;Hombres;1 de enero de 2025;63
99 años;11 Extremadura;Hombres;1 de enero de 2024;62
99 años;11 Extremadura;Mujeres;1 de enero de 2025;245
99 años;11 Extremadura;Mujeres;1 de enero de 2024;204
99 años;12 Galicia;Total;1 de enero de 2025;1.053
99 años;12 Galicia;Total;1 de enero de 2024;1.013
99 años;12 Galicia;Hombres;1 de enero de 2025;246
99 años;12 Galicia;Hombres;1 de enero de 2024;241
99 años;12 Galicia;Mujeres;1 de enero de 2025;807
99 años;12 Galicia;Mujeres;1 de enero de 2024;772
99 años;13 Madrid, Comunidad de;Total;1 de enero de 2025;1.759
99 años;13 Madrid, Comunidad de;Total;1 de enero de 2024;1.598
99 años;13 Madrid, Comunidad de;Hombres;1 de enero de 2025;350
99 años;13 Madrid, Comunidad de;Hombres;1 de enero de 2024;313
99 años;13 Madrid, Comunidad de;Mujeres;1 de enero de 2025;1.409
99 años;13 Madrid, Comunidad de;Mujeres;1 de enero de 2024;1.285
99 años;14 Murcia, Región de;Total;1 de enero de 2025;205
99 años;14 Murcia, Región de;Total;1 de enero de 2024;190
99 años;14 Murcia, Región de;Hombres;1 de enero de 2025;46
99 años;14 Murcia, Región de;Hombres;1 de enero de 2024;57
99 años;14 Murcia, Región de;Mujeres;1 de enero de 2025;159
99 años;14 Murcia, Región de;Mujeres;1 de enero de 2024;133
99 años;15 Navarra, Comunidad Foral de;Total;1 de enero de 2025;192
99 años;15 Navarra, Comunidad Foral de;Total;1 de enero de 2024;191
99 años;15 Navarra, Comunidad Foral de;Hombres;1 de enero de 2025;34
99 años;15 Navarra, Comunidad Foral de;Hombres;1 de enero de 2024;35
99 años;15 Navarra, Comunidad Foral de;Mujeres;1 de enero de 2025;158
99 años;15 Navarra, Comunidad Foral de;Mujeres;1 de enero de 2024;156
99 años;16 País Vasco;Total;1 de enero de 2025;667
99 años;16 País Vasco;Total;1 de enero de 2024;624
99 años;16 País Vasco;Hombres;1 de enero de 2025;124
99 años;16 País Vasco;Hombres;1 de enero de 2024;99
99 años;16 País Vasco;Mujeres;1 de enero de 2025;543
99 años;16 País Vasco;Mujeres;1 de enero de 2024;525
99 años;17 Rioja, La;Total;1 de enero de 2025;101
99 años;17 Rioja, La;Total;1 de enero de 2024;109
99 años;17 Rioja, La;Hombres;1 de enero de 2025;26
99 años;17 Rioja, La;Hombres;1 de enero de 2024;21
99 años;17 Rioja, La;Mujeres;1 de enero de 2025;75
99 años;17 Rioja, La;Mujeres;1 de enero de 2024;88
99 años;18 Ceuta;Total;1 de enero de 2025;9
99 años;18 Ceuta;Total;1 de enero de 2024;8
99 años;18 Ceuta;Hombres;1 de enero de 2025;1
99 años;18 Ceuta;Hombres;1 de enero de 2024;3
99 años;18 Ceuta;Mujeres;1 de enero de 2025;8
99 años;18 Ceuta;Mujeres;1 de enero de 2024;5
99 años;19 Melilla;Total;1 de enero de 2025;8
99 años;19 Melilla;Total;1 de enero de 2024;3
99 años;19 Melilla;Hombres;1 de enero de 2025;2
99 años;19 Melilla;Hombres;1 de enero de 2024;2
99 años;19 Melilla;Mujeres;1 de enero de 2025;6
99 años;19 Melilla;Mujeres;1 de enero de 2024;1
100 y más años;01 Andalucía;Total;1 de enero de 2025;1.637
100 y más años;01 Andalucía;Total;1 de enero de 2024;1.473
100 y más años;01 Andalucía;Hombres;1 de enero de 2025;332
100 y más años;01 Andalucía;Hombres;1 de enero de 2024;282
100 y más años;01 Andalucía;Mujeres;1 de enero de 2025;1.305
100 y más años;01 Andalucía;Mujeres;1 de enero de 2024;1.191
100 y más años;02 Aragón;Total;1 de enero de 2025;683
100 y más años;02 Aragón;Total;1 de enero de 2024;635
100 y más años;02 Aragón;Hombres;1 de enero de 2025;143
100 y más años;02 Aragón;Hombres;1 de enero de 2024;122
100 y más años;02 Aragón;Mujeres;1 de enero de 2025;540
100 y más años;02 Aragón;Mujeres;1 de enero de 2024;513
100 y más años;03 Asturias, Principado de;Total;1 de enero de 2025;553
100 y más años;03 Asturias, Principado de;Total;1 de enero de 2024;498
100 y más años;03 Asturias, Principado de;Hombres;1 de enero de 2025;89
100 y más años;03 Asturias, Principado de;Hombres;1 de enero de 2024;79
100 y más años;03 Asturias, Principado de;Mujeres;1 de enero de 2025;464
100 y más años;03 Asturias, Principado de;Mujeres;1 de enero de 2024;419
100 y más años;04 Balears, Illes;Total;1 de enero de 2025;271
100 y más años;04 Balears, Illes;Total;1 de enero de 2024;264
100 y más años;04 Balears, Illes;Hombres;1 de enero de 2025;49
100 y más años;04 Balears, Illes;Hombres;1 de enero de 2024;39
100 y más años;04 Balears, Illes;Mujeres;1 de enero de 2025;222
100 y más años;04 Balears, Illes;Mujeres;1 de enero de 2024;225
100 y más años;05 Canarias;Total;1 de enero de 2025;386
100 y más años;05 Canarias;Total;1 de enero de 2024;343
100 y más años;05 Canarias;Hombres;1 de enero de 2025;78
100 y más años;05 Canarias;Hombres;1 de enero de 2024;77
100 y más años;05 Canarias;Mujeres;1 de enero de 2025;308
100 y más años;05 Canarias;Mujeres;1 de enero de 2024;266
100 y más años;06 Cantabria;Total;1 de enero de 2025;301
100 y más años;06 Cantabria;Total;1 de enero de 2024;281
100 y más años;06 Cantabria;Hombres;1 de enero de 2025;35
100 y más años;06 Cantabria;Hombres;1 de enero de 2024;35
100 y más años;06 Cantabria;Mujeres;1 de enero de 2025;266
100 y más años;06 Cantabria;Mujeres;1 de enero de 2024;246
100 y más años;07 Castilla y León;Total;1 de enero de 2025;1.999
100 y más años;07 Castilla y León;Total;1 de enero de 2024;1.867
100 y más años;07 Castilla y León;Hombres;1 de enero de 2025;385
100 y más años;07 Castilla y León;Hombres;1 de enero de 2024;358
100 y más años;07 Castilla y León;Mujeres;1 de enero de 2025;1.614
100 y más años;07 Castilla y León;Mujeres;1 de enero de 2024;1.509
100 y más años;08 Castilla - La Mancha;Total;1 de enero de 2025;824
100 y más años;08 Castilla - La Mancha;Total;1 de enero de 2024;777
100 y más años;08 Castilla - La Mancha;Hombres;1 de enero de 2025;192
100 y más años;08 Castilla - La Mancha;Hombres;1 de enero de 2024;182
100 y más años;08 Castilla - La Mancha;Mujeres;1 de enero de 2025;632
100 y más años;08 Castilla - La Mancha;Mujeres;1 de enero de 2024;595
100 y más años;09 Cataluña;Total;1 de enero de 2025;2.867
100 y más años;09 Cataluña;Total;1 de enero de 2024;2.698
100 y más años;09 Cataluña;Hombres;1 de enero de 2025;450
100 y más años;09 Cataluña;Hombres;1 de enero de 2024;414
100 y más años;09 Cataluña;Mujeres;1 de enero de 2025;2.417
100 y más años;09 Cataluña;Mujeres;1 de enero de 2024;2.284
100 y más años;10 Comunitat Valenciana;Total;1 de enero de 2025;1.308
100 y más años;10 Comunitat Valenciana;Total;1 de enero de 2024;1.181
100 y más años;10 Comunitat Valenciana;Hombres;1 de enero de 2025;252
100 y más años;10 Comunitat Valenciana;Hombres;1 de enero de 2024;234
100 y más años;10 Comunitat Valenciana;Mujeres;1 de enero de 2025;1.056
100 y más años;10 Comunitat Valenciana;Mujeres;1 de enero de 2024;947
100 y más años;11 Extremadura;Total;1 de enero de 2025;404
100 y más años;11 Extremadura;Total;1 de enero de 2024;360
100 y más años;11 Extremadura;Hombres;1 de enero de 2025;97
100 y más años;11 Extremadura;Hombres;1 de enero de 2024;83
100 y más años;11 Extremadura;Mujeres;1 de enero de 2025;307
100 y más años;11 Extremadura;Mujeres;1 de enero de 2024;277
100 y más años;12 Galicia;Total;1 de enero de 2025;1.541
100 y más años;12 Galicia;Total;1 de enero de 2024;1.481
100 y más años;12 Galicia;Hombres;1 de enero de 2025;285
100 y más años;12 Galicia;Hombres;1 de enero de 2024;273
100 y más años;12 Galicia;Mujeres;1 de enero de 2025;1.256
100 y más años;12 Galicia;Mujeres;1 de enero de 2024;1.208
100 y más años;13 Madrid, Comunidad de;Total;1 de enero de 2025;2.592
100 y más años;13 Madrid, Comunidad de;Total;1 de enero de 2024;2.475
100 y más años;13 Madrid, Comunidad de;Hombres;1 de enero de 2025;416
100 y más años;13 Madrid, Comunidad de;Hombres;1 de enero de 2024;410
100 y más años;13 Madrid, Comunidad de;Mujeres;1 de enero de 2025;2.176
100 y más años;13 Madrid, Comunidad de;Mujeres;1 de enero de 2024;2.065
100 y más años;14 Murcia, Región de;Total;1 de enero de 2025;269
100 y más años;14 Murcia, Región de;Total;1 de enero de 2024;246
100 y más años;14 Murcia, Región de;Hombres;1 de enero de 2025;65
100 y más años;14 Murcia, Región de;Hombres;1 de enero de 2024;50
100 y más años;14 Murcia, Región de;Mujeres;1 de enero de 2025;204
100 y más años;14 Murcia, Región de;Mujeres;1 de enero de 2024;196
100 y más años;15 Navarra, Comunidad Foral de;Total;1 de enero de 2025;284
100 y más años;15 Navarra, Comunidad Foral de;Total;1 de enero de 2024;279
100 y más años;15 Navarra, Comunidad Foral de;Hombres;1 de enero de 2025;44
100 y más años;15 Navarra, Comunidad Foral de;Hombres;1 de enero de 2024;41
100 y más años;15 Navarra, Comunidad Foral de;Mujeres;1 de enero de 2025;240
100 y más años;15 Navarra, Comunidad Foral de;Mujeres;1 de enero de 2024;238
100 y más años;16 País Vasco;Total;1 de enero de 2025;954
100 y más años;16 País Vasco;Total;1 de enero de 2024;887
100 y más años;16 País Vasco;Hombres;1 de enero de 2025;133
100 y más años;16 País Vasco;Hombres;1 de enero de 2024;120
100 y más años;16 País Vasco;Mujeres;1 de enero de 2025;821
100 y más años;16 País Vasco;Mujeres;1 de enero de 2024;767
100 y más años;17 Rioja, La;Total;1 de enero de 2025;151
100 y más años;17 Rioja, La;Total;1 de enero de 2024;143
100 y más años;17 Rioja, La;Hombres;1 de enero de 2025;23
100 y más años;17 Rioja, La;Hombres;1 de enero de 2024;27
100 y más años;17 Rioja, La;Mujeres;1 de enero de 2025;128
100 y más años;17 Rioja, La;Mujeres;1 de enero de 2024;116
100 y más años;18 Ceuta;Total;1 de enero de 2025;9
100 y más años;18 Ceuta;Total;1 de enero de 2024;11
100 y más años;18 Ceuta;Hombres;1 de enero de 2025;2
100 y más años;18 Ceuta;Hombres;1 de enero de 2024;2
100 y más años;18 Ceuta;Mujeres;1 de enero de 2025;7
100 y más años;18 Ceuta;Mujeres;1 de enero de 2024;9
100 y más años;19 Melilla;Total;1 de enero de 2025;5
100 y más años;19 Melilla;Total;1 de enero de 2024;12
100 y más años;19 Melilla;Hombres;1 de enero de 2025;0
100 y más años;19 Melilla;Hombres;1 de enero de 2024;0
100 y más años;19 Melilla;Mujeres;1 de enero de 2025;5
100 y más años;19 Melilla;Mujeres;1 de enero de 2024;12
