Comunidades y Ciudades Autónomas;Sexo;Edad;Funciones;Periodo;Total
01 Andalucía;Ambos sexos;0 años;Tasa de mortalidad;2024;3,455724
01 Andalucía;Ambos sexos;0 años;Promedio de años vividos el último año de vida;2024;0,110474
01 Andalucía;Ambos sexos;0 años;Riesgo de muerte;2024;3,445134
01 Andalucía;Ambos sexos;0 años;Supervivientes;2024;100.000
01 Andalucía;Ambos sexos;0 años;Defunciones teóricas;2024;344,513404
01 Andalucía;Ambos sexos;0 años;Población estacionaria;2024;99.693,546228
01 Andalucía;Ambos sexos;0 años;Tiempo por vivir;2024;8.282.450,2109
01 Andalucía;Ambos sexos;0 años;Esperanza de vida;2024;82,824502
01 Andalucía;Ambos sexos;De 1 a 4 años;Tasa de mortalidad;2024;0,146123
01 Andalucía;Ambos sexos;De 1 a 4 años;Promedio de años vividos el último año de vida;2024;0,434239
01 Andalucía;Ambos sexos;De 1 a 4 años;Riesgo de muerte;2024;0,584297
01 Andalucía;Ambos sexos;De 1 a 4 años;Supervivientes;2024;99.655,486596
01 Andalucía;Ambos sexos;De 1 a 4 años;Defunciones teóricas;2024;58,228421
01 Andalucía;Ambos sexos;De 1 a 4 años;Población estacionaria;2024;398.490,17287
01 Andalucía;Ambos sexos;De 1 a 4 años;Tiempo por vivir;2024;8.182.756,6647
01 Andalucía;Ambos sexos;De 1 a 4 años;Esperanza de vida;2024;82,110448
01 Andalucía;Ambos sexos;De 5 a 9 años;Tasa de mortalidad;2024;0,063993
01 Andalucía;Ambos sexos;De 5 a 9 años;Promedio de años vividos el último año de vida;2024;0,468329
01 Andalucía;Ambos sexos;De 5 a 9 años;Riesgo de muerte;2024;0,319911
01 Andalucía;Ambos sexos;De 5 a 9 años;Supervivientes;2024;99.597,258175
01 Andalucía;Ambos sexos;De 5 a 9 años;Defunciones teóricas;2024;31,862229
01 Andalucía;Ambos sexos;De 5 a 9 años;Población estacionaria;2024;497.901,58977
01 Andalucía;Ambos sexos;De 5 a 9 años;Tiempo por vivir;2024;7.784.266,4918
01 Andalucía;Ambos sexos;De 5 a 9 años;Esperanza de vida;2024;78,157438
01 Andalucía;Ambos sexos;De 10 a 14 años;Tasa de mortalidad;2024;0,048871
01 Andalucía;Ambos sexos;De 10 a 14 años;Promedio de años vividos el último año de vida;2024;0,575346
01 Andalucía;Ambos sexos;De 10 a 14 años;Riesgo de muerte;2024;0,244332
01 Andalucía;Ambos sexos;De 10 a 14 años;Supervivientes;2024;99.565,395946
01 Andalucía;Ambos sexos;De 10 a 14 años;Defunciones teóricas;2024;24,327013
01 Andalucía;Ambos sexos;De 10 a 14 años;Población estacionaria;2024;497.775,3269
01 Andalucía;Ambos sexos;De 10 a 14 años;Tiempo por vivir;2024;7.286.364,902
01 Andalucía;Ambos sexos;De 10 a 14 años;Esperanza de vida;2024;73,1817
01 Andalucía;Ambos sexos;De 15 a 19 años;Tasa de mortalidad;2024;0,15547
01 Andalucía;Ambos sexos;De 15 a 19 años;Promedio de años vividos el último año de vida;2024;0,56487
01 Andalucía;Ambos sexos;De 15 a 19 años;Riesgo de muerte;2024;0,777087
01 Andalucía;Ambos sexos;De 15 a 19 años;Supervivientes;2024;99.541,068933
01 Andalucía;Ambos sexos;De 15 a 19 años;Defunciones teóricas;2024;77,352054
01 Andalucía;Ambos sexos;De 15 a 19 años;Población estacionaria;2024;497.537,05376
01 Andalucía;Ambos sexos;De 15 a 19 años;Tiempo por vivir;2024;6.788.589,5751
01 Andalucía;Ambos sexos;De 15 a 19 años;Esperanza de vida;2024;68,198882
01 Andalucía;Ambos sexos;De 20 a 24 años;Tasa de mortalidad;2024;0,241842
01 Andalucía;Ambos sexos;De 20 a 24 años;Promedio de años vividos el último año de vida;2024;0,483008
01 Andalucía;Ambos sexos;De 20 a 24 años;Riesgo de muerte;2024;1,208455
01 Andalucía;Ambos sexos;De 20 a 24 años;Supervivientes;2024;99.463,716879
01 Andalucía;Ambos sexos;De 20 a 24 años;Defunciones teóricas;2024;120,197391
01 Andalucía;Ambos sexos;De 20 a 24 años;Población estacionaria;2024;497.007,87887
01 Andalucía;Ambos sexos;De 20 a 24 años;Tiempo por vivir;2024;6.291.052,5214
01 Andalucía;Ambos sexos;De 20 a 24 años;Esperanza de vida;2024;63,249723
01 Andalucía;Ambos sexos;De 25 a 29 años;Tasa de mortalidad;2024;0,337427
01 Andalucía;Ambos sexos;De 25 a 29 años;Promedio de años vividos el último año de vida;2024;0,529558
01 Andalucía;Ambos sexos;De 25 a 29 años;Riesgo de muerte;2024;1,685798
01 Andalucía;Ambos sexos;De 25 a 29 años;Supervivientes;2024;99.343,519488
01 Andalucía;Ambos sexos;De 25 a 29 años;Defunciones teóricas;2024;167,473073
01 Andalucía;Ambos sexos;De 25 a 29 años;Población estacionaria;2024;496.323,66519
01 Andalucía;Ambos sexos;De 25 a 29 años;Tiempo por vivir;2024;5.794.044,6425
01 Andalucía;Ambos sexos;De 25 a 29 años;Esperanza de vida;2024;58,323328
01 Andalucía;Ambos sexos;De 30 a 34 años;Tasa de mortalidad;2024;0,449281
01 Andalucía;Ambos sexos;De 30 a 34 años;Promedio de años vividos el último año de vida;2024;0,552206
01 Andalucía;Ambos sexos;De 30 a 34 años;Riesgo de muerte;2024;2,244149
01 Andalucía;Ambos sexos;De 30 a 34 años;Supervivientes;2024;99.176,046415
01 Andalucía;Ambos sexos;De 30 a 34 años;Defunciones teóricas;2024;222,56579
01 Andalucía;Ambos sexos;De 30 a 34 años;Población estacionaria;2024;495.381,91444
01 Andalucía;Ambos sexos;De 30 a 34 años;Tiempo por vivir;2024;5.297.720,9773
01 Andalucía;Ambos sexos;De 30 a 34 años;Esperanza de vida;2024;53,417344
01 Andalucía;Ambos sexos;De 35 a 39 años;Tasa de mortalidad;2024;0,641934
01 Andalucía;Ambos sexos;De 35 a 39 años;Promedio de años vividos el último año de vida;2024;0,514124
01 Andalucía;Ambos sexos;De 35 a 39 años;Riesgo de muerte;2024;3,204671
01 Andalucía;Ambos sexos;De 35 a 39 años;Supervivientes;2024;98.953,480625
01 Andalucía;Ambos sexos;De 35 a 39 años;Defunciones teóricas;2024;317,113393
01 Andalucía;Ambos sexos;De 35 a 39 años;Población estacionaria;2024;493.997,01422
01 Andalucía;Ambos sexos;De 35 a 39 años;Tiempo por vivir;2024;4.802.339,0629
01 Andalucía;Ambos sexos;De 35 a 39 años;Esperanza de vida;2024;48,53128
01 Andalucía;Ambos sexos;De 40 a 44 años;Tasa de mortalidad;2024;0,948681
01 Andalucía;Ambos sexos;De 40 a 44 años;Promedio de años vividos el último año de vida;2024;0,52043
01 Andalucía;Ambos sexos;De 40 a 44 años;Riesgo de muerte;2024;4,73264
01 Andalucía;Ambos sexos;De 40 a 44 años;Supervivientes;2024;98.636,367233
01 Andalucía;Ambos sexos;De 40 a 44 años;Defunciones teóricas;2024;466,810446
01 Andalucía;Ambos sexos;De 40 a 44 años;Población estacionaria;2024;492.062,49587
01 Andalucía;Ambos sexos;De 40 a 44 años;Tiempo por vivir;2024;4.308.342,0486
01 Andalucía;Ambos sexos;De 40 a 44 años;Esperanza de vida;2024;43,679042
01 Andalucía;Ambos sexos;De 45 a 49 años;Tasa de mortalidad;2024;1,464786
01 Andalucía;Ambos sexos;De 45 a 49 años;Promedio de años vividos el último año de vida;2024;0,538394
01 Andalucía;Ambos sexos;De 45 a 49 años;Riesgo de muerte;2024;7,299252
01 Andalucía;Ambos sexos;De 45 a 49 años;Supervivientes;2024;98.169,556787
01 Andalucía;Ambos sexos;De 45 a 49 años;Defunciones teóricas;2024;716,564381
01 Andalucía;Ambos sexos;De 45 a 49 años;Población estacionaria;2024;489.193,93175
01 Andalucía;Ambos sexos;De 45 a 49 años;Tiempo por vivir;2024;3.816.279,5528
01 Andalucía;Ambos sexos;De 45 a 49 años;Esperanza de vida;2024;38,874369
01 Andalucía;Ambos sexos;De 50 a 54 años;Tasa de mortalidad;2024;2,48693
01 Andalucía;Ambos sexos;De 50 a 54 años;Promedio de años vividos el último año de vida;2024;0,557224
01 Andalucía;Ambos sexos;De 50 a 54 años;Riesgo de muerte;2024;12,366564
01 Andalucía;Ambos sexos;De 50 a 54 años;Supervivientes;2024;97.452,992406
01 Andalucía;Ambos sexos;De 50 a 54 años;Defunciones teóricas;2024;1.205,158647
01 Andalucía;Ambos sexos;De 50 a 54 años;Población estacionaria;2024;484.596,88826
01 Andalucía;Ambos sexos;De 50 a 54 años;Tiempo por vivir;2024;3.327.085,621
01 Andalucía;Ambos sexos;De 50 a 54 años;Esperanza de vida;2024;34,140415
01 Andalucía;Ambos sexos;De 55 a 59 años;Tasa de mortalidad;2024;4,314583
01 Andalucía;Ambos sexos;De 55 a 59 años;Promedio de años vividos el último año de vida;2024;0,532185
01 Andalucía;Ambos sexos;De 55 a 59 años;Riesgo de muerte;2024;21,357374
01 Andalucía;Ambos sexos;De 55 a 59 años;Supervivientes;2024;96.247,833759
01 Andalucía;Ambos sexos;De 55 a 59 años;Defunciones teóricas;2024;2.055,600978
01 Andalucía;Ambos sexos;De 55 a 59 años;Población estacionaria;2024;476.430,96653
01 Andalucía;Ambos sexos;De 55 a 59 años;Tiempo por vivir;2024;2.842.488,7328
01 Andalucía;Ambos sexos;De 55 a 59 años;Esperanza de vida;2024;29,533015
01 Andalucía;Ambos sexos;De 60 a 64 años;Tasa de mortalidad;2024;6,881744
01 Andalucía;Ambos sexos;De 60 a 64 años;Promedio de años vividos el último año de vida;2024;0,524155
01 Andalucía;Ambos sexos;De 60 a 64 años;Riesgo de muerte;2024;33,854417
01 Andalucía;Ambos sexos;De 60 a 64 años;Supervivientes;2024;94.192,232781
01 Andalucía;Ambos sexos;De 60 a 64 años;Defunciones teóricas;2024;3.188,823116
01 Andalucía;Ambos sexos;De 60 a 64 años;Población estacionaria;2024;463.374,23992
01 Andalucía;Ambos sexos;De 60 a 64 años;Tiempo por vivir;2024;2.366.057,7662
01 Andalucía;Ambos sexos;De 60 a 64 años;Esperanza de vida;2024;25,119457
01 Andalucía;Ambos sexos;De 65 a 69 años;Tasa de mortalidad;2024;10,487717
01 Andalucía;Ambos sexos;De 65 a 69 años;Promedio de años vividos el último año de vida;2024;0,530335
01 Andalucía;Ambos sexos;De 65 a 69 años;Riesgo de muerte;2024;51,178139
01 Andalucía;Ambos sexos;De 65 a 69 años;Supervivientes;2024;91.003,409664
01 Andalucía;Ambos sexos;De 65 a 69 años;Defunciones teóricas;2024;4.657,38513
01 Andalucía;Ambos sexos;De 65 a 69 años;Población estacionaria;2024;444.079,9938
01 Andalucía;Ambos sexos;De 65 a 69 años;Tiempo por vivir;2024;1.902.683,5263
01 Andalucía;Ambos sexos;De 65 a 69 años;Esperanza de vida;2024;20,907827
01 Andalucía;Ambos sexos;De 70 a 74 años;Tasa de mortalidad;2024;16,242625
01 Andalucía;Ambos sexos;De 70 a 74 años;Promedio de años vividos el último año de vida;2024;0,525757
01 Andalucía;Ambos sexos;De 70 a 74 años;Riesgo de muerte;2024;78,201223
01 Andalucía;Ambos sexos;De 70 a 74 años;Supervivientes;2024;86.346,024534
01 Andalucía;Ambos sexos;De 70 a 74 años;Defunciones teóricas;2024;6.752,364741
01 Andalucía;Ambos sexos;De 70 a 74 años;Población estacionaria;2024;415.718,8219
01 Andalucía;Ambos sexos;De 70 a 74 años;Tiempo por vivir;2024;1.458.603,5325
01 Andalucía;Ambos sexos;De 70 a 74 años;Esperanza de vida;2024;16,892538
01 Andalucía;Ambos sexos;De 75 a 79 años;Tasa de mortalidad;2024;27,197291
01 Andalucía;Ambos sexos;De 75 a 79 años;Promedio de años vividos el último año de vida;2024;0,532772
01 Andalucía;Ambos sexos;De 75 a 79 años;Riesgo de muerte;2024;127,862493
01 Andalucía;Ambos sexos;De 75 a 79 años;Supervivientes;2024;79.593,659794
01 Andalucía;Ambos sexos;De 75 a 79 años;Defunciones teóricas;2024;10.177,043772
01 Andalucía;Ambos sexos;De 75 a 79 años;Población estacionaria;2024;374.193,28826
01 Andalucía;Ambos sexos;De 75 a 79 años;Tiempo por vivir;2024;1.042.884,7106
01 Andalucía;Ambos sexos;De 75 a 79 años;Esperanza de vida;2024;13,10261
01 Andalucía;Ambos sexos;De 80 a 84 años;Tasa de mortalidad;2024;50,337959
01 Andalucía;Ambos sexos;De 80 a 84 años;Promedio de años vividos el último año de vida;2024;0,525348
01 Andalucía;Ambos sexos;De 80 a 84 años;Riesgo de muerte;2024;224,830399
01 Andalucía;Ambos sexos;De 80 a 84 años;Supervivientes;2024;69.416,616022
01 Andalucía;Ambos sexos;De 80 a 84 años;Defunciones teóricas;2024;15.606,965468
01 Andalucía;Ambos sexos;De 80 a 84 años;Población estacionaria;2024;310.043,66656
01 Andalucía;Ambos sexos;De 80 a 84 años;Tiempo por vivir;2024;668.691,42235
01 Andalucía;Ambos sexos;De 80 a 84 años;Esperanza de vida;2024;9,633017
01 Andalucía;Ambos sexos;De 85 a 89 años;Tasa de mortalidad;2024;98,999089
01 Andalucía;Ambos sexos;De 85 a 89 años;Promedio de años vividos el último año de vida;2024;0,514288
01 Andalucía;Ambos sexos;De 85 a 89 años;Riesgo de muerte;2024;399,05298
01 Andalucía;Ambos sexos;De 85 a 89 años;Supervivientes;2024;53.809,650553
01 Andalucía;Ambos sexos;De 85 a 89 años;Defunciones teóricas;2024;21.472,901394
01 Andalucía;Ambos sexos;De 85 a 89 años;Población estacionaria;2024;216.899,98923
01 Andalucía;Ambos sexos;De 85 a 89 años;Tiempo por vivir;2024;358.647,75579
01 Andalucía;Ambos sexos;De 85 a 89 años;Esperanza de vida;2024;6,66512
01 Andalucía;Ambos sexos;90 y más años;Tasa de mortalidad;2024;""
01 Andalucía;Ambos sexos;90 y más años;Promedio de años vividos el último año de vida;2024;""
01 Andalucía;Ambos sexos;90 y más años;Riesgo de muerte;2024;""
01 Andalucía;Ambos sexos;90 y más años;Supervivientes;2024;""
01 Andalucía;Ambos sexos;90 y más años;Defunciones teóricas;2024;""
01 Andalucía;Ambos sexos;90 y más años;Población estacionaria;2024;""
01 Andalucía;Ambos sexos;90 y más años;Tiempo por vivir;2024;""
01 Andalucía;Ambos sexos;90 y más años;Esperanza de vida;2024;""
01 Andalucía;Ambos sexos;De 90 a 94 años;Tasa de mortalidad;2024;180,205833
01 Andalucía;Ambos sexos;De 90 a 94 años;Promedio de años vividos el último año de vida;2024;0,472606
01 Andalucía;Ambos sexos;De 90 a 94 años;Riesgo de muerte;2024;610,785438
01 Andalucía;Ambos sexos;De 90 a 94 años;Supervivientes;2024;32.336,749159
01 Andalucía;Ambos sexos;De 90 a 94 años;Defunciones teóricas;2024;19.750,815496
01 Andalucía;Ambos sexos;De 90 a 94 años;Población estacionaria;2024;109.601,42192
01 Andalucía;Ambos sexos;De 90 a 94 años;Tiempo por vivir;2024;141.747,76656
01 Andalucía;Ambos sexos;De 90 a 94 años;Esperanza de vida;2024;4,383488
01 Andalucía;Ambos sexos;95 y más años;Tasa de mortalidad;2024;304,935317
01 Andalucía;Ambos sexos;95 y más años;Promedio de años vividos el último año de vida;2024;2,554149
01 Andalucía;Ambos sexos;95 y más años;Riesgo de muerte;2024;1.000
01 Andalucía;Ambos sexos;95 y más años;Supervivientes;2024;12.585,933663
01 Andalucía;Ambos sexos;95 y más años;Defunciones teóricas;2024;12.585,933663
01 Andalucía;Ambos sexos;95 y más años;Población estacionaria;2024;32.146,34464
01 Andalucía;Ambos sexos;95 y más años;Tiempo por vivir;2024;32.146,34464
01 Andalucía;Ambos sexos;95 y más años;Esperanza de vida;2024;2,554149
01 Andalucía;Hombres;0 años;Tasa de mortalidad;2024;3,9586
01 Andalucía;Hombres;0 años;Promedio de años vividos el último año de vida;2024;0,084877
01 Andalucía;Hombres;0 años;Riesgo de muerte;2024;3,944311
01 Andalucía;Hombres;0 años;Supervivientes;2024;100.000
01 Andalucía;Hombres;0 años;Defunciones teóricas;2024;394,431107
01 Andalucía;Hombres;0 años;Población estacionaria;2024;99.639,047085
01 Andalucía;Hombres;0 años;Tiempo por vivir;2024;8.018.217,8925
01 Andalucía;Hombres;0 años;Esperanza de vida;2024;80,182179
01 Andalucía;Hombres;De 1 a 4 años;Tasa de mortalidad;2024;0,152998
01 Andalucía;Hombres;De 1 a 4 años;Promedio de años vividos el último año de vida;2024;0,430842
01 Andalucía;Hombres;De 1 a 4 años;Riesgo de muerte;2024;0,611778
01 Andalucía;Hombres;De 1 a 4 años;Supervivientes;2024;99.605,568893
01 Andalucía;Hombres;De 1 a 4 años;Defunciones teóricas;2024;60,936483
01 Andalucía;Hombres;De 1 a 4 años;Población estacionaria;2024;398.283,54572
01 Andalucía;Hombres;De 1 a 4 años;Tiempo por vivir;2024;7.918.578,8454
01 Andalucía;Hombres;De 1 a 4 años;Esperanza de vida;2024;79,499359
01 Andalucía;Hombres;De 5 a 9 años;Tasa de mortalidad;2024;0,082062
01 Andalucía;Hombres;De 5 a 9 años;Promedio de años vividos el último año de vida;2024;0,434998
01 Andalucía;Hombres;De 5 a 9 años;Riesgo de muerte;2024;0,410215
01 Andalucía;Hombres;De 5 a 9 años;Supervivientes;2024;99.544,63241
01 Andalucía;Hombres;De 5 a 9 años;Defunciones teóricas;2024;40,834718
01 Andalucía;Hombres;De 5 a 9 años;Población estacionaria;2024;497.607,80357
01 Andalucía;Hombres;De 5 a 9 años;Tiempo por vivir;2024;7.520.295,2997
01 Andalucía;Hombres;De 5 a 9 años;Esperanza de vida;2024;75,546969
01 Andalucía;Hombres;De 10 a 14 años;Tasa de mortalidad;2024;0,058029
01 Andalucía;Hombres;De 10 a 14 años;Promedio de años vividos el último año de vida;2024;0,539421
01 Andalucía;Hombres;De 10 a 14 años;Riesgo de muerte;2024;0,290104
01 Andalucía;Hombres;De 10 a 14 años;Supervivientes;2024;99.503,797692
01 Andalucía;Hombres;De 10 a 14 años;Defunciones teóricas;2024;28,866439
01 Andalucía;Hombres;De 10 a 14 años;Población estacionaria;2024;497.452,5121
01 Andalucía;Hombres;De 10 a 14 años;Tiempo por vivir;2024;7.022.687,4961
01 Andalucía;Hombres;De 10 a 14 años;Esperanza de vida;2024;70,57708
01 Andalucía;Hombres;De 15 a 19 años;Tasa de mortalidad;2024;0,205885
01 Andalucía;Hombres;De 15 a 19 años;Promedio de años vividos el último año de vida;2024;0,582728
01 Andalucía;Hombres;De 15 a 19 años;Riesgo de muerte;2024;1,028984
01 Andalucía;Hombres;De 15 a 19 años;Supervivientes;2024;99.474,931253
01 Andalucía;Hombres;De 15 a 19 años;Defunciones teóricas;2024;102,358067
01 Andalucía;Hombres;De 15 a 19 años;Población estacionaria;2024;497.161,10031
01 Andalucía;Hombres;De 15 a 19 años;Tiempo por vivir;2024;6.525.234,984
01 Andalucía;Hombres;De 15 a 19 años;Esperanza de vida;2024;65,596778
01 Andalucía;Hombres;De 20 a 24 años;Tasa de mortalidad;2024;0,347227
01 Andalucía;Hombres;De 20 a 24 años;Promedio de años vividos el último año de vida;2024;0,517178
01 Andalucía;Hombres;De 20 a 24 años;Riesgo de muerte;2024;1,73468
01 Andalucía;Hombres;De 20 a 24 años;Supervivientes;2024;99.372,573186
01 Andalucía;Hombres;De 20 a 24 años;Defunciones teóricas;2024;172,379645
01 Andalucía;Hombres;De 20 a 24 años;Población estacionaria;2024;496.446,72242
01 Andalucía;Hombres;De 20 a 24 años;Tiempo por vivir;2024;6.028.073,8837
01 Andalucía;Hombres;De 20 a 24 años;Esperanza de vida;2024;60,661344
01 Andalucía;Hombres;De 25 a 29 años;Tasa de mortalidad;2024;0,417448
01 Andalucía;Hombres;De 25 a 29 años;Promedio de años vividos el último año de vida;2024;0,536435
01 Andalucía;Hombres;De 25 a 29 años;Riesgo de muerte;2024;2,085221
01 Andalucía;Hombres;De 25 a 29 años;Supervivientes;2024;99.200,193541
01 Andalucía;Hombres;De 25 a 29 años;Defunciones teóricas;2024;206,854353
01 Andalucía;Hombres;De 25 a 29 años;Población estacionaria;2024;495.521,51559
01 Andalucía;Hombres;De 25 a 29 años;Tiempo por vivir;2024;5.531.627,1613
01 Andalucía;Hombres;De 25 a 29 años;Esperanza de vida;2024;55,762262
01 Andalucía;Hombres;De 30 a 34 años;Tasa de mortalidad;2024;0,655924
01 Andalucía;Hombres;De 30 a 34 años;Promedio de años vividos el último año de vida;2024;0,54239
01 Andalucía;Hombres;De 30 a 34 años;Riesgo de muerte;2024;3,274703
01 Andalucía;Hombres;De 30 a 34 años;Supervivientes;2024;98.993,339188
01 Andalucía;Hombres;De 30 a 34 años;Defunciones teóricas;2024;324,17381
01 Andalucía;Hombres;De 30 a 34 años;Población estacionaria;2024;494.224,97082
01 Andalucía;Hombres;De 30 a 34 años;Tiempo por vivir;2024;5.036.105,6457
01 Andalucía;Hombres;De 30 a 34 años;Esperanza de vida;2024;50,873177
01 Andalucía;Hombres;De 35 a 39 años;Tasa de mortalidad;2024;0,930562
01 Andalucía;Hombres;De 35 a 39 años;Promedio de años vividos el último año de vida;2024;0,515422
01 Andalucía;Hombres;De 35 a 39 años;Riesgo de muerte;2024;4,642343
01 Andalucía;Hombres;De 35 a 39 años;Supervivientes;2024;98.669,165377
01 Andalucía;Hombres;De 35 a 39 años;Defunciones teóricas;2024;458,056156
01 Andalucía;Hombres;De 35 a 39 años;Población estacionaria;2024;492.236,00654
01 Andalucía;Hombres;De 35 a 39 años;Tiempo por vivir;2024;4.541.880,6749
01 Andalucía;Hombres;De 35 a 39 años;Esperanza de vida;2024;46,031409
01 Andalucía;Hombres;De 40 a 44 años;Tasa de mortalidad;2024;1,244817
01 Andalucía;Hombres;De 40 a 44 años;Promedio de años vividos el último año de vida;2024;0,516639
01 Andalucía;Hombres;De 40 a 44 años;Riesgo de muerte;2024;6,205418
01 Andalucía;Hombres;De 40 a 44 años;Supervivientes;2024;98.211,109221
01 Andalucía;Hombres;De 40 a 44 años;Defunciones teóricas;2024;609,440986
01 Andalucía;Hombres;De 40 a 44 años;Población estacionaria;2024;489.582,6451
01 Andalucía;Hombres;De 40 a 44 años;Tiempo por vivir;2024;4.049.644,6683
01 Andalucía;Hombres;De 40 a 44 años;Esperanza de vida;2024;41,234079
01 Andalucía;Hombres;De 45 a 49 años;Tasa de mortalidad;2024;1,884338
01 Andalucía;Hombres;De 45 a 49 años;Promedio de años vividos el último año de vida;2024;0,535637
01 Andalucía;Hombres;De 45 a 49 años;Riesgo de muerte;2024;9,380649
01 Andalucía;Hombres;De 45 a 49 años;Supervivientes;2024;97.601,668235
01 Andalucía;Hombres;De 45 a 49 años;Defunciones teóricas;2024;915,567028
01 Andalucía;Hombres;De 45 a 49 años;Población estacionaria;2024;485.882,56547
01 Andalucía;Hombres;De 45 a 49 años;Tiempo por vivir;2024;3.560.062,0232
01 Andalucía;Hombres;De 45 a 49 años;Esperanza de vida;2024;36,475422
01 Andalucía;Hombres;De 50 a 54 años;Tasa de mortalidad;2024;3,292184
01 Andalucía;Hombres;De 50 a 54 años;Promedio de años vividos el último año de vida;2024;0,562363
01 Andalucía;Hombres;De 50 a 54 años;Riesgo de muerte;2024;16,343185
01 Andalucía;Hombres;De 50 a 54 años;Supervivientes;2024;96.686,101207
01 Andalucía;Hombres;De 50 a 54 años;Defunciones teóricas;2024;1.580,158861
01 Andalucía;Hombres;De 50 a 54 años;Población estacionaria;2024;479.972,82986
01 Andalucía;Hombres;De 50 a 54 años;Tiempo por vivir;2024;3.074.179,4578
01 Andalucía;Hombres;De 50 a 54 años;Esperanza de vida;2024;31,795464
01 Andalucía;Hombres;De 55 a 59 años;Tasa de mortalidad;2024;5,775964
01 Andalucía;Hombres;De 55 a 59 años;Promedio de años vividos el último año de vida;2024;0,531795
01 Andalucía;Hombres;De 55 a 59 años;Riesgo de muerte;2024;28,494527
01 Andalucía;Hombres;De 55 a 59 años;Supervivientes;2024;95.105,942346
01 Andalucía;Hombres;De 55 a 59 años;Defunciones teóricas;2024;2.709,998883
01 Andalucía;Hombres;De 55 a 59 años;Población estacionaria;2024;469.185,53113
01 Andalucía;Hombres;De 55 a 59 años;Tiempo por vivir;2024;2.594.206,6279
01 Andalucía;Hombres;De 55 a 59 años;Esperanza de vida;2024;27,277019
01 Andalucía;Hombres;De 60 a 64 años;Tasa de mortalidad;2024;9,570477
01 Andalucía;Hombres;De 60 a 64 años;Promedio de años vividos el último año de vida;2024;0,5242
01 Andalucía;Hombres;De 60 a 64 años;Riesgo de muerte;2024;46,787127
01 Andalucía;Hombres;De 60 a 64 años;Supervivientes;2024;92.395,943463
01 Andalucía;Hombres;De 60 a 64 años;Defunciones teóricas;2024;4.322,940728
01 Andalucía;Hombres;De 60 a 64 años;Población estacionaria;2024;451.695,45121
01 Andalucía;Hombres;De 60 a 64 años;Tiempo por vivir;2024;2.125.021,0968
01 Andalucía;Hombres;De 60 a 64 años;Esperanza de vida;2024;22,999074
01 Andalucía;Hombres;De 65 a 69 años;Tasa de mortalidad;2024;14,619571
01 Andalucía;Hombres;De 65 a 69 años;Promedio de años vividos el último año de vida;2024;0,527573
01 Andalucía;Hombres;De 65 a 69 años;Riesgo de muerte;2024;70,657802
01 Andalucía;Hombres;De 65 a 69 años;Supervivientes;2024;88.073,002736
01 Andalucía;Hombres;De 65 a 69 años;Defunciones teóricas;2024;6.223,044755
01 Andalucía;Hombres;De 65 a 69 años;Población estacionaria;2024;425.665,35126
01 Andalucía;Hombres;De 65 a 69 años;Tiempo por vivir;2024;1.673.325,6456
01 Andalucía;Hombres;De 65 a 69 años;Esperanza de vida;2024;18,999303
01 Andalucía;Hombres;De 70 a 74 años;Tasa de mortalidad;2024;22,357424
01 Andalucía;Hombres;De 70 a 74 años;Promedio de años vividos el último año de vida;2024;0,517968
01 Andalucía;Hombres;De 70 a 74 años;Riesgo de muerte;2024;106,071461
01 Andalucía;Hombres;De 70 a 74 años;Supervivientes;2024;81.849,957981
01 Andalucía;Hombres;De 70 a 74 años;Defunciones teóricas;2024;8.681,944646
01 Andalucía;Hombres;De 70 a 74 años;Población estacionaria;2024;388.324,91135
01 Andalucía;Hombres;De 70 a 74 años;Tiempo por vivir;2024;1.247.660,2943
01 Andalucía;Hombres;De 70 a 74 años;Esperanza de vida;2024;15,243261
01 Andalucía;Hombres;De 75 a 79 años;Tasa de mortalidad;2024;37,210043
01 Andalucía;Hombres;De 75 a 79 años;Promedio de años vividos el último año de vida;2024;0,525752
01 Andalucía;Hombres;De 75 a 79 años;Riesgo de muerte;2024;170,965286
01 Andalucía;Hombres;De 75 a 79 años;Supervivientes;2024;73.168,013336
01 Andalucía;Hombres;De 75 a 79 años;Defunciones teóricas;2024;12.509,190329
01 Andalucía;Hombres;De 75 a 79 años;Población estacionaria;2024;336.177,79756
01 Andalucía;Hombres;De 75 a 79 años;Tiempo por vivir;2024;859.335,38295
01 Andalucía;Hombres;De 75 a 79 años;Esperanza de vida;2024;11,744687
01 Andalucía;Hombres;De 80 a 84 años;Tasa de mortalidad;2024;65,276447
01 Andalucía;Hombres;De 80 a 84 años;Promedio de años vividos el último año de vida;2024;0,515251
01 Andalucía;Hombres;De 80 a 84 años;Riesgo de muerte;2024;281,798032
01 Andalucía;Hombres;De 80 a 84 años;Supervivientes;2024;60.658,823006
01 Andalucía;Hombres;De 80 a 84 años;Defunciones teóricas;2024;17.093,536968
01 Andalucía;Hombres;De 80 a 84 años;Población estacionaria;2024;261.863,77764
01 Andalucía;Hombres;De 80 a 84 años;Tiempo por vivir;2024;523.157,58539
01 Andalucía;Hombres;De 80 a 84 años;Esperanza de vida;2024;8,624592
01 Andalucía;Hombres;De 85 a 89 años;Tasa de mortalidad;2024;119,607246
01 Andalucía;Hombres;De 85 a 89 años;Promedio de años vividos el último año de vida;2024;0,496284
01 Andalucía;Hombres;De 85 a 89 años;Riesgo de muerte;2024;459,589449
01 Andalucía;Hombres;De 85 a 89 años;Supervivientes;2024;43.565,286039
01 Andalucía;Hombres;De 85 a 89 años;Defunciones teóricas;2024;20.022,145789
01 Andalucía;Hombres;De 85 a 89 años;Población estacionaria;2024;167.399,10356
01 Andalucía;Hombres;De 85 a 89 años;Tiempo por vivir;2024;261.293,80775
01 Andalucía;Hombres;De 85 a 89 años;Esperanza de vida;2024;5,997753
01 Andalucía;Hombres;90 y más años;Tasa de mortalidad;2024;""
01 Andalucía;Hombres;90 y más años;Promedio de años vividos el último año de vida;2024;""
01 Andalucía;Hombres;90 y más años;Riesgo de muerte;2024;""
01 Andalucía;Hombres;90 y más años;Supervivientes;2024;""
01 Andalucía;Hombres;90 y más años;Defunciones teóricas;2024;""
01 Andalucía;Hombres;90 y más años;Población estacionaria;2024;""
01 Andalucía;Hombres;90 y más años;Tiempo por vivir;2024;""
01 Andalucía;Hombres;90 y más años;Esperanza de vida;2024;""
01 Andalucía;Hombres;De 90 a 94 años;Tasa de mortalidad;2024;202,306294
01 Andalucía;Hombres;De 90 a 94 años;Promedio de años vividos el último año de vida;2024;0,454368
01 Andalucía;Hombres;De 90 a 94 años;Riesgo de muerte;2024;651,791982
01 Andalucía;Hombres;De 90 a 94 años;Supervivientes;2024;23.543,14025
01 Andalucía;Hombres;De 90 a 94 años;Defunciones teóricas;2024;15.345,230052
01 Andalucía;Hombres;De 90 a 94 años;Población estacionaria;2024;75.851,47115
01 Andalucía;Hombres;De 90 a 94 años;Tiempo por vivir;2024;93.894,704195
01 Andalucía;Hombres;De 90 a 94 años;Esperanza de vida;2024;3,988198
01 Andalucía;Hombres;95 y más años;Tasa de mortalidad;2024;317,117716
01 Andalucía;Hombres;95 y más años;Promedio de años vividos el último año de vida;2024;2,200955
01 Andalucía;Hombres;95 y más años;Riesgo de muerte;2024;1.000
01 Andalucía;Hombres;95 y más años;Supervivientes;2024;8.197,910197
01 Andalucía;Hombres;95 y más años;Defunciones teóricas;2024;8.197,910197
01 Andalucía;Hombres;95 y más años;Población estacionaria;2024;18.043,233045
01 Andalucía;Hombres;95 y más años;Tiempo por vivir;2024;18.043,233045
01 Andalucía;Hombres;95 y más años;Esperanza de vida;2024;2,200955
01 Andalucía;Mujeres;0 años;Tasa de mortalidad;2024;2,929575
01 Andalucía;Mujeres;0 años;Promedio de años vividos el último año de vida;2024;0,146662
01 Andalucía;Mujeres;0 años;Riesgo de muerte;2024;2,922269
01 Andalucía;Mujeres;0 años;Supervivientes;2024;100.000
01 Andalucía;Mujeres;0 años;Defunciones teóricas;2024;292,226913
01 Andalucía;Mujeres;0 años;Población estacionaria;2024;99.750,631566
01 Andalucía;Mujeres;0 años;Tiempo por vivir;2024;8.541.716,1385
01 Andalucía;Mujeres;0 años;Esperanza de vida;2024;85,417161
01 Andalucía;Mujeres;De 1 a 4 años;Tasa de mortalidad;2024;0,138705
01 Andalucía;Mujeres;De 1 a 4 años;Promedio de años vividos el último año de vida;2024;0,438324
01 Andalucía;Mujeres;De 1 a 4 años;Riesgo de muerte;2024;0,554647
01 Andalucía;Mujeres;De 1 a 4 años;Supervivientes;2024;99.707,773087
01 Andalucía;Mujeres;De 1 a 4 años;Defunciones teóricas;2024;55,302632
01 Andalucía;Mujeres;De 1 a 4 años;Población estacionaria;2024;398.706,84361
01 Andalucía;Mujeres;De 1 a 4 años;Tiempo por vivir;2024;8.441.965,5069
01 Andalucía;Mujeres;De 1 a 4 años;Esperanza de vida;2024;84,667075
01 Andalucía;Mujeres;De 5 a 9 años;Tasa de mortalidad;2024;0,044916
01 Andalucía;Mujeres;De 5 a 9 años;Promedio de años vividos el último año de vida;2024;0,532252
01 Andalucía;Mujeres;De 5 a 9 años;Riesgo de muerte;2024;0,224555
01 Andalucía;Mujeres;De 5 a 9 años;Supervivientes;2024;99.652,470455
01 Andalucía;Mujeres;De 5 a 9 años;Defunciones teóricas;2024;22,377486
01 Andalucía;Mujeres;De 5 a 9 años;Población estacionaria;2024;498.210,01719
01 Andalucía;Mujeres;De 5 a 9 años;Tiempo por vivir;2024;8.043.258,6633
01 Andalucía;Mujeres;De 5 a 9 años;Esperanza de vida;2024;80,713088
01 Andalucía;Mujeres;De 10 a 14 años;Tasa de mortalidad;2024;0,039197
01 Andalucía;Mujeres;De 10 a 14 años;Promedio de años vividos el último año de vida;2024;0,631887
01 Andalucía;Mujeres;De 10 a 14 años;Riesgo de muerte;2024;0,195972
01 Andalucía;Mujeres;De 10 a 14 años;Supervivientes;2024;99.630,092969
01 Andalucía;Mujeres;De 10 a 14 años;Defunciones teóricas;2024;19,524749
01 Andalucía;Mujeres;De 10 a 14 años;Población estacionaria;2024;498.114,52823
01 Andalucía;Mujeres;De 10 a 14 años;Tiempo por vivir;2024;7.545.048,6461
01 Andalucía;Mujeres;De 10 a 14 años;Esperanza de vida;2024;75,730619
01 Andalucía;Mujeres;De 15 a 19 años;Tasa de mortalidad;2024;0,101656
01 Andalucía;Mujeres;De 15 a 19 años;Promedio de años vividos el último año de vida;2024;0,52602
01 Andalucía;Mujeres;De 15 a 19 años;Riesgo de muerte;2024;0,508157
01 Andalucía;Mujeres;De 15 a 19 años;Supervivientes;2024;99.610,568221
01 Andalucía;Mujeres;De 15 a 19 años;Defunciones teóricas;2024;50,617762
01 Andalucía;Mujeres;De 15 a 19 años;Población estacionaria;2024;497.932,88202
01 Andalucía;Mujeres;De 15 a 19 años;Tiempo por vivir;2024;7.046.934,1179
01 Andalucía;Mujeres;De 15 a 19 años;Esperanza de vida;2024;70,744844
01 Andalucía;Mujeres;De 20 a 24 años;Tasa de mortalidad;2024;0,128769
01 Andalucía;Mujeres;De 20 a 24 años;Promedio de años vividos el último año de vida;2024;0,382963
01 Andalucía;Mujeres;De 20 a 24 años;Riesgo de muerte;2024;0,643587
01 Andalucía;Mujeres;De 20 a 24 años;Supervivientes;2024;99.559,950459
01 Andalucía;Mujeres;De 20 a 24 años;Defunciones teóricas;2024;64,075527
01 Andalucía;Mujeres;De 20 a 24 años;Población estacionaria;2024;497.602,06731
01 Andalucía;Mujeres;De 20 a 24 años;Tiempo por vivir;2024;6.549.001,2359
01 Andalucía;Mujeres;De 20 a 24 años;Esperanza de vida;2024;65,779475
01 Andalucía;Mujeres;De 25 a 29 años;Tasa de mortalidad;2024;0,252587
01 Andalucía;Mujeres;De 25 a 29 años;Promedio de años vividos el último año de vida;2024;0,518219
01 Andalucía;Mujeres;De 25 a 29 años;Riesgo de muerte;2024;1,262166
01 Andalucía;Mujeres;De 25 a 29 años;Supervivientes;2024;99.495,874932
01 Andalucía;Mujeres;De 25 a 29 años;Defunciones teóricas;2024;125,580307
01 Andalucía;Mujeres;De 25 a 29 años;Población estacionaria;2024;497.176,86363
01 Andalucía;Mujeres;De 25 a 29 años;Tiempo por vivir;2024;6.051.399,1686
01 Andalucía;Mujeres;De 25 a 29 años;Esperanza de vida;2024;60,820604
01 Andalucía;Mujeres;De 30 a 34 años;Tasa de mortalidad;2024;0,236422
01 Andalucía;Mujeres;De 30 a 34 años;Promedio de años vividos el último año de vida;2024;0,58199
01 Andalucía;Mujeres;De 30 a 34 años;Riesgo de muerte;2024;1,181528
01 Andalucía;Mujeres;De 30 a 34 años;Supervivientes;2024;99.370,294624
01 Andalucía;Mujeres;De 30 a 34 años;Defunciones teóricas;2024;117,408795
01 Andalucía;Mujeres;De 30 a 34 años;Población estacionaria;2024;496.606,083
01 Andalucía;Mujeres;De 30 a 34 años;Tiempo por vivir;2024;5.554.222,3049
01 Andalucía;Mujeres;De 30 a 34 años;Esperanza de vida;2024;55,894192
01 Andalucía;Mujeres;De 35 a 39 años;Tasa de mortalidad;2024;0,354816
01 Andalucía;Mujeres;De 35 a 39 años;Promedio de años vividos el último año de vida;2024;0,511967
01 Andalucía;Mujeres;De 35 a 39 años;Riesgo de muerte;2024;1,772545
01 Andalucía;Mujeres;De 35 a 39 años;Supervivientes;2024;99.252,885829
01 Andalucía;Mujeres;De 35 a 39 años;Defunciones teóricas;2024;175,930219
01 Andalucía;Mujeres;De 35 a 39 años;Población estacionaria;2024;495.835,13041
01 Andalucía;Mujeres;De 35 a 39 años;Tiempo por vivir;2024;5.057.616,2219
01 Andalucía;Mujeres;De 35 a 39 años;Esperanza de vida;2024;50,956868
01 Andalucía;Mujeres;De 40 a 44 años;Tasa de mortalidad;2024;0,65434
01 Andalucía;Mujeres;De 40 a 44 años;Promedio de años vividos el último año de vida;2024;0,526867
01 Andalucía;Mujeres;De 40 a 44 años;Riesgo de muerte;2024;3,266646
01 Andalucía;Mujeres;De 40 a 44 años;Supervivientes;2024;99.076,955611
01 Andalucía;Mujeres;De 40 a 44 años;Defunciones teóricas;2024;323,649323
01 Andalucía;Mujeres;De 40 a 44 años;Población estacionaria;2024;494.619,13242
01 Andalucía;Mujeres;De 40 a 44 años;Tiempo por vivir;2024;4.561.781,0915
01 Andalucía;Mujeres;De 40 a 44 años;Esperanza de vida;2024;46,042806
01 Andalucía;Mujeres;De 45 a 49 años;Tasa de mortalidad;2024;1,042392
01 Andalucía;Mujeres;De 45 a 49 años;Promedio de años vividos el último año de vida;2024;0,543356
01 Andalucía;Mujeres;De 45 a 49 años;Riesgo de muerte;2024;5,199583
01 Andalucía;Mujeres;De 45 a 49 años;Supervivientes;2024;98.753,306288
01 Andalucía;Mujeres;De 45 a 49 años;Defunciones teóricas;2024;513,476002
01 Andalucía;Mujeres;De 45 a 49 años;Población estacionaria;2024;492.594,15157
01 Andalucía;Mujeres;De 45 a 49 años;Tiempo por vivir;2024;4.067.161,9591
01 Andalucía;Mujeres;De 45 a 49 años;Esperanza de vida;2024;41,185071
01 Andalucía;Mujeres;De 50 a 54 años;Tasa de mortalidad;2024;1,687691
01 Andalucía;Mujeres;De 50 a 54 años;Promedio de años vividos el último año de vida;2024;0,547591
01 Andalucía;Mujeres;De 50 a 54 años;Riesgo de muerte;2024;8,406362
01 Andalucía;Mujeres;De 50 a 54 años;Supervivientes;2024;98.239,830286
01 Andalucía;Mujeres;De 50 a 54 años;Defunciones teóricas;2024;825,839541
01 Andalucía;Mujeres;De 50 a 54 años;Población estacionaria;2024;489.331,06542
01 Andalucía;Mujeres;De 50 a 54 años;Tiempo por vivir;2024;3.574.567,8075
01 Andalucía;Mujeres;De 50 a 54 años;Esperanza de vida;2024;36,386136
01 Andalucía;Mujeres;De 55 a 59 años;Tasa de mortalidad;2024;2,909254
01 Andalucía;Mujeres;De 55 a 59 años;Promedio de años vividos el último año de vida;2024;0,533314
01 Andalucía;Mujeres;De 55 a 59 años;Riesgo de muerte;2024;14,44819
01 Andalucía;Mujeres;De 55 a 59 años;Supervivientes;2024;97.413,990744
01 Andalucía;Mujeres;De 55 a 59 años;Defunciones teóricas;2024;1.407,455822
01 Andalucía;Mujeres;De 55 a 59 años;Población estacionaria;2024;483.785,75139
01 Andalucía;Mujeres;De 55 a 59 años;Tiempo por vivir;2024;3.085.236,7421
01 Andalucía;Mujeres;De 55 a 59 años;Esperanza de vida;2024;31,671393
01 Andalucía;Mujeres;De 60 a 64 años;Tasa de mortalidad;2024;4,339796
01 Andalucía;Mujeres;De 60 a 64 años;Promedio de años vividos el último año de vida;2024;0,523629
01 Andalucía;Mujeres;De 60 a 64 años;Riesgo de muerte;2024;21,476977
01 Andalucía;Mujeres;De 60 a 64 años;Supervivientes;2024;96.006,534922
01 Andalucía;Mujeres;De 60 a 64 años;Defunciones teóricas;2024;2.061,930179
01 Andalucía;Mujeres;De 60 a 64 años;Población estacionaria;2024;475.121,45778
01 Andalucía;Mujeres;De 60 a 64 años;Tiempo por vivir;2024;2.601.450,9907
01 Andalucía;Mujeres;De 60 a 64 años;Esperanza de vida;2024;27,096603
01 Andalucía;Mujeres;De 65 a 69 años;Tasa de mortalidad;2024;6,703749
01 Andalucía;Mujeres;De 65 a 69 años;Promedio de años vividos el último año de vida;2024;0,536229
01 Andalucía;Mujeres;De 65 a 69 años;Riesgo de muerte;2024;33,005669
01 Andalucía;Mujeres;De 65 a 69 años;Supervivientes;2024;93.944,604743
01 Andalucía;Mujeres;De 65 a 69 años;Defunciones teóricas;2024;3.100,70457
01 Andalucía;Mujeres;De 65 a 69 años;Población estacionaria;2024;462.532,94615
01 Andalucía;Mujeres;De 65 a 69 años;Tiempo por vivir;2024;2.126.329,5329
01 Andalucía;Mujeres;De 65 a 69 años;Esperanza de vida;2024;22,633865
01 Andalucía;Mujeres;De 70 a 74 años;Tasa de mortalidad;2024;10,877606
01 Andalucía;Mujeres;De 70 a 74 años;Promedio de años vividos el último año de vida;2024;0,540398
01 Andalucía;Mujeres;De 70 a 74 años;Riesgo de muerte;2024;53,061655
01 Andalucía;Mujeres;De 70 a 74 años;Supervivientes;2024;90.843,900173
01 Andalucía;Mujeres;De 70 a 74 años;Defunciones teóricas;2024;4.820,32765
01 Andalucía;Mujeres;De 70 a 74 años;Población estacionaria;2024;443.142,34669
01 Andalucía;Mujeres;De 70 a 74 años;Tiempo por vivir;2024;1.663.796,5868
01 Andalucía;Mujeres;De 70 a 74 años;Esperanza de vida;2024;18,314896
01 Andalucía;Mujeres;De 75 a 79 años;Tasa de mortalidad;2024;19,213692
01 Andalucía;Mujeres;De 75 a 79 años;Promedio de años vividos el último año de vida;2024;0,544284
01 Andalucía;Mujeres;De 75 a 79 años;Riesgo de muerte;2024;92,038995
01 Andalucía;Mujeres;De 75 a 79 años;Supervivientes;2024;86.023,572523
01 Andalucía;Mujeres;De 75 a 79 años;Defunciones teóricas;2024;7.917,52313
01 Andalucía;Mujeres;De 75 a 79 años;Población estacionaria;2024;412.077,14075
01 Andalucía;Mujeres;De 75 a 79 años;Tiempo por vivir;2024;1.220.654,2401
01 Andalucía;Mujeres;De 75 a 79 años;Esperanza de vida;2024;14,189765
01 Andalucía;Mujeres;De 80 a 84 años;Tasa de mortalidad;2024;39,958672
01 Andalucía;Mujeres;De 80 a 84 años;Promedio de años vividos el último año de vida;2024;0,538288
01 Andalucía;Mujeres;De 80 a 84 años;Riesgo de muerte;2024;182,919569
01 Andalucía;Mujeres;De 80 a 84 años;Supervivientes;2024;78.106,049393
01 Andalucía;Mujeres;De 80 a 84 años;Defunciones teóricas;2024;14.287,124919
01 Andalucía;Mujeres;De 80 a 84 años;Población estacionaria;2024;357.547,54217
01 Andalucía;Mujeres;De 80 a 84 años;Tiempo por vivir;2024;808.577,09934
01 Andalucía;Mujeres;De 80 a 84 años;Esperanza de vida;2024;10,352298
01 Andalucía;Mujeres;De 85 a 89 años;Tasa de mortalidad;2024;87,27736
01 Andalucía;Mujeres;De 85 a 89 años;Promedio de años vividos el último año de vida;2024;0,52861
01 Andalucía;Mujeres;De 85 a 89 años;Riesgo de muerte;2024;361,933974
01 Andalucía;Mujeres;De 85 a 89 años;Supervivientes;2024;63.818,924475
01 Andalucía;Mujeres;De 85 a 89 años;Defunciones teóricas;2024;23.098,236922
01 Andalucía;Mujeres;De 85 a 89 años;Población estacionaria;2024;264.653,24814
01 Andalucía;Mujeres;De 85 a 89 años;Tiempo por vivir;2024;451.029,55717
01 Andalucía;Mujeres;De 85 a 89 años;Esperanza de vida;2024;7,067332
01 Andalucía;Mujeres;90 y más años;Tasa de mortalidad;2024;""
01 Andalucía;Mujeres;90 y más años;Promedio de años vividos el último año de vida;2024;""
01 Andalucía;Mujeres;90 y más años;Riesgo de muerte;2024;""
01 Andalucía;Mujeres;90 y más años;Supervivientes;2024;""
01 Andalucía;Mujeres;90 y más años;Defunciones teóricas;2024;""
01 Andalucía;Mujeres;90 y más años;Población estacionaria;2024;""
01 Andalucía;Mujeres;90 y más años;Tiempo por vivir;2024;""
01 Andalucía;Mujeres;90 y más años;Esperanza de vida;2024;""
01 Andalucía;Mujeres;De 90 a 94 años;Tasa de mortalidad;2024;169,827976
01 Andalucía;Mujeres;De 90 a 94 años;Promedio de años vividos el último año de vida;2024;0,483157
01 Andalucía;Mujeres;De 90 a 94 años;Riesgo de muerte;2024;590,14279
01 Andalucía;Mujeres;De 90 a 94 años;Supervivientes;2024;40.720,687553
01 Andalucía;Mujeres;De 90 a 94 años;Defunciones teóricas;2024;24.031,020176
01 Andalucía;Mujeres;De 90 a 94 años;Población estacionaria;2024;141.502,12919
01 Andalucía;Mujeres;De 90 a 94 años;Tiempo por vivir;2024;186.376,30903
01 Andalucía;Mujeres;De 90 a 94 años;Esperanza de vida;2024;4,576944
01 Andalucía;Mujeres;95 y más años;Tasa de mortalidad;2024;300,53571
01 Andalucía;Mujeres;95 y más años;Promedio de años vividos el último año de vida;2024;2,68874
01 Andalucía;Mujeres;95 y más años;Riesgo de muerte;2024;1.000
01 Andalucía;Mujeres;95 y más años;Supervivientes;2024;16.689,667377
01 Andalucía;Mujeres;95 y más años;Defunciones teóricas;2024;16.689,667377
01 Andalucía;Mujeres;95 y más años;Población estacionaria;2024;44.874,179833
01 Andalucía;Mujeres;95 y más años;Tiempo por vivir;2024;44.874,179833
01 Andalucía;Mujeres;95 y más años;Esperanza de vida;2024;2,68874
02 Aragón;Ambos sexos;0 años;Tasa de mortalidad;2024;2,06477
02 Aragón;Ambos sexos;0 años;Promedio de años vividos el último año de vida;2024;0,123254
02 Aragón;Ambos sexos;0 años;Riesgo de muerte;2024;2,061039
02 Aragón;Ambos sexos;0 años;Supervivientes;2024;100.000
02 Aragón;Ambos sexos;0 años;Defunciones teóricas;2024;206,103904
02 Aragón;Ambos sexos;0 años;Población estacionaria;2024;99.819,299309
02 Aragón;Ambos sexos;0 años;Tiempo por vivir;2024;8.423.976,6178
02 Aragón;Ambos sexos;0 años;Esperanza de vida;2024;84,239766
02 Aragón;Ambos sexos;De 1 a 4 años;Tasa de mortalidad;2024;0,132493
02 Aragón;Ambos sexos;De 1 a 4 años;Promedio de años vividos el último año de vida;2024;0,280855
02 Aragón;Ambos sexos;De 1 a 4 años;Riesgo de muerte;2024;0,529769
02 Aragón;Ambos sexos;De 1 a 4 años;Supervivientes;2024;99.793,896096
02 Aragón;Ambos sexos;De 1 a 4 años;Defunciones teóricas;2024;52,867745
02 Aragón;Ambos sexos;De 1 a 4 años;Población estacionaria;2024;399.023,50601
02 Aragón;Ambos sexos;De 1 a 4 años;Tiempo por vivir;2024;8.324.157,3185
02 Aragón;Ambos sexos;De 1 a 4 años;Esperanza de vida;2024;83,413492
02 Aragón;Ambos sexos;De 5 a 9 años;Tasa de mortalidad;2024;0,018646
02 Aragón;Ambos sexos;De 5 a 9 años;Promedio de años vividos el último año de vida;2024;0,113115
02 Aragón;Ambos sexos;De 5 a 9 años;Riesgo de muerte;2024;0,093223
02 Aragón;Ambos sexos;De 5 a 9 años;Supervivientes;2024;99.741,028351
02 Aragón;Ambos sexos;De 5 a 9 años;Defunciones teóricas;2024;9,298129
02 Aragón;Ambos sexos;De 5 a 9 años;Población estacionaria;2024;498.663,90989
02 Aragón;Ambos sexos;De 5 a 9 años;Tiempo por vivir;2024;7.925.133,8125
02 Aragón;Ambos sexos;De 5 a 9 años;Esperanza de vida;2024;79,45711
02 Aragón;Ambos sexos;De 10 a 14 años;Tasa de mortalidad;2024;0,116874
02 Aragón;Ambos sexos;De 10 a 14 años;Promedio de años vividos el último año de vida;2024;0,608837
02 Aragón;Ambos sexos;De 10 a 14 años;Riesgo de muerte;2024;0,584234
02 Aragón;Ambos sexos;De 10 a 14 años;Supervivientes;2024;99.731,730222
02 Aragón;Ambos sexos;De 10 a 14 años;Defunciones teóricas;2024;58,266666
02 Aragón;Ambos sexos;De 10 a 14 años;Población estacionaria;2024;498.544,69234
02 Aragón;Ambos sexos;De 10 a 14 años;Tiempo por vivir;2024;7.426.469,9026
02 Aragón;Ambos sexos;De 10 a 14 años;Esperanza de vida;2024;74,464465
02 Aragón;Ambos sexos;De 15 a 19 años;Tasa de mortalidad;2024;0,155052
02 Aragón;Ambos sexos;De 15 a 19 años;Promedio de años vividos el último año de vida;2024;0,68159
02 Aragón;Ambos sexos;De 15 a 19 años;Riesgo de muerte;2024;0,775071
02 Aragón;Ambos sexos;De 15 a 19 años;Supervivientes;2024;99.673,463557
02 Aragón;Ambos sexos;De 15 a 19 años;Defunciones teóricas;2024;77,253979
02 Aragón;Ambos sexos;De 15 a 19 años;Población estacionaria;2024;498.244,32562
02 Aragón;Ambos sexos;De 15 a 19 años;Tiempo por vivir;2024;6.927.925,2102
02 Aragón;Ambos sexos;De 15 a 19 años;Esperanza de vida;2024;69,506215
02 Aragón;Ambos sexos;De 20 a 24 años;Tasa de mortalidad;2024;0,15576
02 Aragón;Ambos sexos;De 20 a 24 años;Promedio de años vividos el último año de vida;2024;0,433961
02 Aragón;Ambos sexos;De 20 a 24 años;Riesgo de muerte;2024;0,778458
02 Aragón;Ambos sexos;De 20 a 24 años;Supervivientes;2024;99.596,209578
02 Aragón;Ambos sexos;De 20 a 24 años;Defunciones teóricas;2024;77,531431
02 Aragón;Ambos sexos;De 20 a 24 años;Población estacionaria;2024;497.761,61899
02 Aragón;Ambos sexos;De 20 a 24 años;Tiempo por vivir;2024;6.429.680,8846
02 Aragón;Ambos sexos;De 20 a 24 años;Esperanza de vida;2024;64,557486
02 Aragón;Ambos sexos;De 25 a 29 años;Tasa de mortalidad;2024;0,215087
02 Aragón;Ambos sexos;De 25 a 29 años;Promedio de años vividos el último año de vida;2024;0,378526
02 Aragón;Ambos sexos;De 25 a 29 años;Riesgo de muerte;2024;1,074717
02 Aragón;Ambos sexos;De 25 a 29 años;Supervivientes;2024;99.518,678147
02 Aragón;Ambos sexos;De 25 a 29 años;Defunciones teóricas;2024;106,954386
02 Aragón;Ambos sexos;De 25 a 29 años;Población estacionaria;2024;497.261,04377
02 Aragón;Ambos sexos;De 25 a 29 años;Tiempo por vivir;2024;5.931.919,2656
02 Aragón;Ambos sexos;De 25 a 29 años;Esperanza de vida;2024;59,60609
02 Aragón;Ambos sexos;De 30 a 34 años;Tasa de mortalidad;2024;0,444511
02 Aragón;Ambos sexos;De 30 a 34 años;Promedio de años vividos el último año de vida;2024;0,543303
02 Aragón;Ambos sexos;De 30 a 34 años;Riesgo de muerte;2024;2,2203
02 Aragón;Ambos sexos;De 30 a 34 años;Supervivientes;2024;99.411,72376
02 Aragón;Ambos sexos;De 30 a 34 años;Defunciones teóricas;2024;220,723881
02 Aragón;Ambos sexos;De 30 a 34 años;Población estacionaria;2024;496.554,59943
02 Aragón;Ambos sexos;De 30 a 34 años;Tiempo por vivir;2024;5.434.658,2219
02 Aragón;Ambos sexos;De 30 a 34 años;Esperanza de vida;2024;54,668182
02 Aragón;Ambos sexos;De 35 a 39 años;Tasa de mortalidad;2024;0,609296
02 Aragón;Ambos sexos;De 35 a 39 años;Promedio de años vividos el último año de vida;2024;0,557564
02 Aragón;Ambos sexos;De 35 a 39 años;Riesgo de muerte;2024;3,042381
02 Aragón;Ambos sexos;De 35 a 39 años;Supervivientes;2024;99.190,99988
02 Aragón;Ambos sexos;De 35 a 39 años;Defunciones teóricas;2024;301,776778
02 Aragón;Ambos sexos;De 35 a 39 años;Población estacionaria;2024;495.287,41455
02 Aragón;Ambos sexos;De 35 a 39 años;Tiempo por vivir;2024;4.938.103,6224
02 Aragón;Ambos sexos;De 35 a 39 años;Esperanza de vida;2024;49,783787
02 Aragón;Ambos sexos;De 40 a 44 años;Tasa de mortalidad;2024;0,871012
02 Aragón;Ambos sexos;De 40 a 44 años;Promedio de años vividos el último año de vida;2024;0,508694
02 Aragón;Ambos sexos;De 40 a 44 años;Riesgo de muerte;2024;4,34576
02 Aragón;Ambos sexos;De 40 a 44 años;Supervivientes;2024;98.889,223102
02 Aragón;Ambos sexos;De 40 a 44 años;Defunciones teóricas;2024;429,74879
02 Aragón;Ambos sexos;De 40 a 44 años;Población estacionaria;2024;493.390,42514
02 Aragón;Ambos sexos;De 40 a 44 años;Tiempo por vivir;2024;4.442.816,2079
02 Aragón;Ambos sexos;De 40 a 44 años;Esperanza de vida;2024;44,927203
02 Aragón;Ambos sexos;De 45 a 49 años;Tasa de mortalidad;2024;1,160488
02 Aragón;Ambos sexos;De 45 a 49 años;Promedio de años vividos el último año de vida;2024;0,535331
02 Aragón;Ambos sexos;De 45 a 49 años;Riesgo de muerte;2024;5,786837
02 Aragón;Ambos sexos;De 45 a 49 años;Supervivientes;2024;98.459,474312
02 Aragón;Ambos sexos;De 45 a 49 años;Defunciones teóricas;2024;569,768917
02 Aragón;Ambos sexos;De 45 a 49 años;Población estacionaria;2024;490.973,60234
02 Aragón;Ambos sexos;De 45 a 49 años;Tiempo por vivir;2024;3.949.425,7828
02 Aragón;Ambos sexos;De 45 a 49 años;Esperanza de vida;2024;40,112197
02 Aragón;Ambos sexos;De 50 a 54 años;Tasa de mortalidad;2024;1,854868
02 Aragón;Ambos sexos;De 50 a 54 años;Promedio de años vividos el último año de vida;2024;0,567298
02 Aragón;Ambos sexos;De 50 a 54 años;Riesgo de muerte;2024;9,237272
02 Aragón;Ambos sexos;De 50 a 54 años;Supervivientes;2024;97.889,705395
02 Aragón;Ambos sexos;De 50 a 54 años;Defunciones teóricas;2024;904,233807
02 Aragón;Ambos sexos;De 50 a 54 años;Población estacionaria;2024;487.492,20731
02 Aragón;Ambos sexos;De 50 a 54 años;Tiempo por vivir;2024;3.458.452,1804
02 Aragón;Ambos sexos;De 50 a 54 años;Esperanza de vida;2024;35,330091
02 Aragón;Ambos sexos;De 55 a 59 años;Tasa de mortalidad;2024;3,87239
02 Aragón;Ambos sexos;De 55 a 59 años;Promedio de años vividos el último año de vida;2024;0,537221
02 Aragón;Ambos sexos;De 55 a 59 años;Riesgo de muerte;2024;19,190003
02 Aragón;Ambos sexos;De 55 a 59 años;Supervivientes;2024;96.985,471588
02 Aragón;Ambos sexos;De 55 a 59 años;Defunciones teóricas;2024;1.861,151531
02 Aragón;Ambos sexos;De 55 a 59 años;Población estacionaria;2024;480.620,84479
02 Aragón;Ambos sexos;De 55 a 59 años;Tiempo por vivir;2024;2.970.959,9731
02 Aragón;Ambos sexos;De 55 a 59 años;Esperanza de vida;2024;30,633041
02 Aragón;Ambos sexos;De 60 a 64 años;Tasa de mortalidad;2024;6,356239
02 Aragón;Ambos sexos;De 60 a 64 años;Promedio de años vividos el último año de vida;2024;0,531169
02 Aragón;Ambos sexos;De 60 a 64 años;Riesgo de muerte;2024;31,314609
02 Aragón;Ambos sexos;De 60 a 64 años;Supervivientes;2024;95.124,320057
02 Aragón;Ambos sexos;De 60 a 64 años;Defunciones teóricas;2024;2.978,780868
02 Aragón;Ambos sexos;De 60 a 64 años;Población estacionaria;2024;468.638,87649
02 Aragón;Ambos sexos;De 60 a 64 años;Tiempo por vivir;2024;2.490.339,1283
02 Aragón;Ambos sexos;De 60 a 64 años;Esperanza de vida;2024;26,179836
02 Aragón;Ambos sexos;De 65 a 69 años;Tasa de mortalidad;2024;9,177939
02 Aragón;Ambos sexos;De 65 a 69 años;Promedio de años vividos el último año de vida;2024;0,522879
02 Aragón;Ambos sexos;De 65 a 69 años;Riesgo de muerte;2024;44,906473
02 Aragón;Ambos sexos;De 65 a 69 años;Supervivientes;2024;92.145,539189
02 Aragón;Ambos sexos;De 65 a 69 años;Defunciones teóricas;2024;4.137,931125
02 Aragón;Ambos sexos;De 65 a 69 años;Población estacionaria;2024;450.856,23356
02 Aragón;Ambos sexos;De 65 a 69 años;Tiempo por vivir;2024;2.021.700,2518
02 Aragón;Ambos sexos;De 65 a 69 años;Esperanza de vida;2024;21,940294
02 Aragón;Ambos sexos;De 70 a 74 años;Tasa de mortalidad;2024;13,787974
02 Aragón;Ambos sexos;De 70 a 74 años;Promedio de años vividos el último año de vida;2024;0,51958
02 Aragón;Ambos sexos;De 70 a 74 años;Riesgo de muerte;2024;66,729771
02 Aragón;Ambos sexos;De 70 a 74 años;Supervivientes;2024;88.007,608064
02 Aragón;Ambos sexos;De 70 a 74 años;Defunciones teóricas;2024;5.872,727499
02 Aragón;Ambos sexos;De 70 a 74 años;Población estacionaria;2024;425.931,1561
02 Aragón;Ambos sexos;De 70 a 74 años;Tiempo por vivir;2024;1.570.844,0183
02 Aragón;Ambos sexos;De 70 a 74 años;Esperanza de vida;2024;17,848957
02 Aragón;Ambos sexos;De 75 a 79 años;Tasa de mortalidad;2024;22,869564
02 Aragón;Ambos sexos;De 75 a 79 años;Promedio de años vividos el último año de vida;2024;0,544172
02 Aragón;Ambos sexos;De 75 a 79 años;Riesgo de muerte;2024;108,682948
02 Aragón;Ambos sexos;De 75 a 79 años;Supervivientes;2024;82.134,880564
02 Aragón;Ambos sexos;De 75 a 79 años;Defunciones teóricas;2024;8.926,660971
02 Aragón;Ambos sexos;De 75 a 79 años;Población estacionaria;2024;390.329,30956
02 Aragón;Ambos sexos;De 75 a 79 años;Tiempo por vivir;2024;1.144.912,8622
02 Aragón;Ambos sexos;De 75 a 79 años;Esperanza de vida;2024;13,939423
02 Aragón;Ambos sexos;De 80 a 84 años;Tasa de mortalidad;2024;43,208175
02 Aragón;Ambos sexos;De 80 a 84 años;Promedio de años vividos el último año de vida;2024;0,531261
02 Aragón;Ambos sexos;De 80 a 84 años;Riesgo de muerte;2024;196,174894
02 Aragón;Ambos sexos;De 80 a 84 años;Supervivientes;2024;73.208,219594
02 Aragón;Ambos sexos;De 80 a 84 años;Defunciones teóricas;2024;14.361,614702
02 Aragón;Ambos sexos;De 80 a 84 años;Población estacionaria;2024;332.381,88284
02 Aragón;Ambos sexos;De 80 a 84 años;Tiempo por vivir;2024;754.583,55259
02 Aragón;Ambos sexos;De 80 a 84 años;Esperanza de vida;2024;10,307361
02 Aragón;Ambos sexos;De 85 a 89 años;Tasa de mortalidad;2024;83,388608
02 Aragón;Ambos sexos;De 85 a 89 años;Promedio de años vividos el último año de vida;2024;0,528965
02 Aragón;Ambos sexos;De 85 a 89 años;Riesgo de muerte;2024;348,499608
02 Aragón;Ambos sexos;De 85 a 89 años;Supervivientes;2024;58.846,604892
02 Aragón;Ambos sexos;De 85 a 89 años;Defunciones teóricas;2024;20.508,018757
02 Aragón;Ambos sexos;De 85 a 89 años;Población estacionaria;2024;245.933,09998
02 Aragón;Ambos sexos;De 85 a 89 años;Tiempo por vivir;2024;422.201,66976
02 Aragón;Ambos sexos;De 85 a 89 años;Esperanza de vida;2024;7,174614
02 Aragón;Ambos sexos;90 y más años;Tasa de mortalidad;2024;""
02 Aragón;Ambos sexos;90 y más años;Promedio de años vividos el último año de vida;2024;""
02 Aragón;Ambos sexos;90 y más años;Riesgo de muerte;2024;""
02 Aragón;Ambos sexos;90 y más años;Supervivientes;2024;""
02 Aragón;Ambos sexos;90 y más años;Defunciones teóricas;2024;""
02 Aragón;Ambos sexos;90 y más años;Población estacionaria;2024;""
02 Aragón;Ambos sexos;90 y más años;Tiempo por vivir;2024;""
02 Aragón;Ambos sexos;90 y más años;Esperanza de vida;2024;""
02 Aragón;Ambos sexos;De 90 a 94 años;Tasa de mortalidad;2024;169,272659
02 Aragón;Ambos sexos;De 90 a 94 años;Promedio de años vividos el último año de vida;2024;0,477474
02 Aragón;Ambos sexos;De 90 a 94 años;Riesgo de muerte;2024;586,836601
02 Aragón;Ambos sexos;De 90 a 94 años;Supervivientes;2024;38.338,586135
02 Aragón;Ambos sexos;De 90 a 94 años;Defunciones teóricas;2024;22.498,485588
02 Aragón;Ambos sexos;De 90 a 94 años;Población estacionaria;2024;132.912,69711
02 Aragón;Ambos sexos;De 90 a 94 años;Tiempo por vivir;2024;176.268,56978
02 Aragón;Ambos sexos;De 90 a 94 años;Esperanza de vida;2024;4,59768
02 Aragón;Ambos sexos;95 y más años;Tasa de mortalidad;2024;304,093562
02 Aragón;Ambos sexos;95 y más años;Promedio de años vividos el último año de vida;2024;2,737096
02 Aragón;Ambos sexos;95 y más años;Riesgo de muerte;2024;1.000
02 Aragón;Ambos sexos;95 y más años;Supervivientes;2024;15.840,100547
02 Aragón;Ambos sexos;95 y más años;Defunciones teóricas;2024;15.840,100547
02 Aragón;Ambos sexos;95 y más años;Población estacionaria;2024;43.355,87267
02 Aragón;Ambos sexos;95 y más años;Tiempo por vivir;2024;43.355,87267
02 Aragón;Ambos sexos;95 y más años;Esperanza de vida;2024;2,737096
02 Aragón;Hombres;0 años;Tasa de mortalidad;2024;2,225544
02 Aragón;Hombres;0 años;Promedio de años vividos el último año de vida;2024;0,182514
02 Aragón;Hombres;0 años;Riesgo de muerte;2024;2,221502
02 Aragón;Hombres;0 años;Supervivientes;2024;100.000
02 Aragón;Hombres;0 años;Defunciones teóricas;2024;222,150195
02 Aragón;Hombres;0 años;Población estacionaria;2024;99.818,39525
02 Aragón;Hombres;0 años;Tiempo por vivir;2024;8.171.184,5558
02 Aragón;Hombres;0 años;Esperanza de vida;2024;81,711846
02 Aragón;Hombres;De 1 a 4 años;Tasa de mortalidad;2024;0,103321
02 Aragón;Hombres;De 1 a 4 años;Promedio de años vividos el último año de vida;2024;0,289803
02 Aragón;Hombres;De 1 a 4 años;Riesgo de muerte;2024;0,413164
02 Aragón;Hombres;De 1 a 4 años;Supervivientes;2024;99.777,849805
02 Aragón;Hombres;De 1 a 4 años;Defunciones teóricas;2024;41,224622
02 Aragón;Hombres;De 1 a 4 años;Población estacionaria;2024;398.994,28876
02 Aragón;Hombres;De 1 a 4 años;Tiempo por vivir;2024;8.071.366,1606
02 Aragón;Hombres;De 1 a 4 años;Esperanza de vida;2024;80,893366
02 Aragón;Hombres;De 5 a 9 años;Tasa de mortalidad;2024;0
02 Aragón;Hombres;De 5 a 9 años;Promedio de años vividos el último año de vida;2024;0
02 Aragón;Hombres;De 5 a 9 años;Riesgo de muerte;2024;0
02 Aragón;Hombres;De 5 a 9 años;Supervivientes;2024;99.736,625182
02 Aragón;Hombres;De 5 a 9 años;Defunciones teóricas;2024;0
02 Aragón;Hombres;De 5 a 9 años;Población estacionaria;2024;498.683,12591
02 Aragón;Hombres;De 5 a 9 años;Tiempo por vivir;2024;7.672.371,8718
02 Aragón;Hombres;De 5 a 9 años;Esperanza de vida;2024;76,926323
02 Aragón;Hombres;De 10 a 14 años;Tasa de mortalidad;2024;0,168989
02 Aragón;Hombres;De 10 a 14 años;Promedio de años vividos el último año de vida;2024;0,689067
02 Aragón;Hombres;De 10 a 14 años;Riesgo de muerte;2024;0,844724
02 Aragón;Hombres;De 10 a 14 años;Supervivientes;2024;99.736,625182
02 Aragón;Hombres;De 10 a 14 años;Defunciones teóricas;2024;84,24995
02 Aragón;Hombres;De 10 a 14 años;Población estacionaria;2024;498.552,14565
02 Aragón;Hombres;De 10 a 14 años;Tiempo por vivir;2024;7.173.688,7459
02 Aragón;Hombres;De 10 a 14 años;Esperanza de vida;2024;71,926323
02 Aragón;Hombres;De 15 a 19 años;Tasa de mortalidad;2024;0,269207
02 Aragón;Hombres;De 15 a 19 años;Promedio de años vividos el último año de vida;2024;0,656093
02 Aragón;Hombres;De 15 a 19 años;Riesgo de muerte;2024;1,345413
02 Aragón;Hombres;De 15 a 19 años;Supervivientes;2024;99.652,375232
02 Aragón;Hombres;De 15 a 19 años;Defunciones teóricas;2024;134,073571
02 Aragón;Hombres;De 15 a 19 años;Población estacionaria;2024;498.031,33217
02 Aragón;Hombres;De 15 a 19 años;Tiempo por vivir;2024;6.675.136,6003
02 Aragón;Hombres;De 15 a 19 años;Esperanza de vida;2024;66,98422
02 Aragón;Hombres;De 20 a 24 años;Tasa de mortalidad;2024;0,216228
02 Aragón;Hombres;De 20 a 24 años;Promedio de años vividos el último año de vida;2024;0,436423
02 Aragón;Hombres;De 20 a 24 años;Riesgo de muerte;2024;1,080483
02 Aragón;Hombres;De 20 a 24 años;Supervivientes;2024;99.518,301661
02 Aragón;Hombres;De 20 a 24 años;Defunciones teóricas;2024;107,527784
02 Aragón;Hombres;De 20 a 24 años;Población estacionaria;2024;497.288,50747
02 Aragón;Hombres;De 20 a 24 años;Tiempo por vivir;2024;6.177.105,2681
02 Aragón;Hombres;De 20 a 24 años;Esperanza de vida;2024;62,070043
02 Aragón;Hombres;De 25 a 29 años;Tasa de mortalidad;2024;0,355218
02 Aragón;Hombres;De 25 a 29 años;Promedio de años vividos el último año de vida;2024;0,378246
02 Aragón;Hombres;De 25 a 29 años;Riesgo de muerte;2024;1,774132
02 Aragón;Hombres;De 25 a 29 años;Supervivientes;2024;99.410,773877
02 Aragón;Hombres;De 25 a 29 años;Defunciones teóricas;2024;176,367861
02 Aragón;Hombres;De 25 a 29 años;Población estacionaria;2024;496.505,58265
02 Aragón;Hombres;De 25 a 29 años;Tiempo por vivir;2024;5.679.816,7606
02 Aragón;Hombres;De 25 a 29 años;Esperanza de vida;2024;57,134821
02 Aragón;Hombres;De 30 a 34 años;Tasa de mortalidad;2024;0,604976
02 Aragón;Hombres;De 30 a 34 años;Promedio de años vividos el último año de vida;2024;0,486032
02 Aragón;Hombres;De 30 a 34 años;Riesgo de muerte;2024;3,020184
02 Aragón;Hombres;De 30 a 34 años;Supervivientes;2024;99.234,406017
02 Aragón;Hombres;De 30 a 34 años;Defunciones teóricas;2024;299,706131
02 Aragón;Hombres;De 30 a 34 años;Población estacionaria;2024;495.401,83272
02 Aragón;Hombres;De 30 a 34 años;Tiempo por vivir;2024;5.183.311,178
02 Aragón;Hombres;De 30 a 34 años;Esperanza de vida;2024;52,233005
02 Aragón;Hombres;De 35 a 39 años;Tasa de mortalidad;2024;0,792596
02 Aragón;Hombres;De 35 a 39 años;Promedio de años vividos el último año de vida;2024;0,565666
02 Aragón;Hombres;De 35 a 39 años;Riesgo de muerte;2024;3,956169
02 Aragón;Hombres;De 35 a 39 años;Supervivientes;2024;98.934,699886
02 Aragón;Hombres;De 35 a 39 años;Defunciones teóricas;2024;391,402442
02 Aragón;Hombres;De 35 a 39 años;Población estacionaria;2024;493.823,50162
02 Aragón;Hombres;De 35 a 39 años;Tiempo por vivir;2024;4.687.909,3452
02 Aragón;Hombres;De 35 a 39 años;Esperanza de vida;2024;47,383874
02 Aragón;Hombres;De 40 a 44 años;Tasa de mortalidad;2024;1,043392
02 Aragón;Hombres;De 40 a 44 años;Promedio de años vividos el último año de vida;2024;0,561131
02 Aragón;Hombres;De 40 a 44 años;Riesgo de muerte;2024;5,205045
02 Aragón;Hombres;De 40 a 44 años;Supervivientes;2024;98.543,297444
02 Aragón;Hombres;De 40 a 44 años;Defunciones teóricas;2024;512,9223
02 Aragón;Hombres;De 40 a 44 años;Población estacionaria;2024;491.590,95811
02 Aragón;Hombres;De 40 a 44 años;Tiempo por vivir;2024;4.194.085,8436
02 Aragón;Hombres;De 40 a 44 años;Esperanza de vida;2024;42,560843
02 Aragón;Hombres;De 45 a 49 años;Tasa de mortalidad;2024;1,51677
02 Aragón;Hombres;De 45 a 49 años;Promedio de años vividos el último año de vida;2024;0,532213
02 Aragón;Hombres;De 45 a 49 años;Riesgo de muerte;2024;7,55704
02 Aragón;Hombres;De 45 a 49 años;Supervivientes;2024;98.030,375144
02 Aragón;Hombres;De 45 a 49 años;Defunciones teóricas;2024;740,819428
02 Aragón;Hombres;De 45 a 49 años;Población estacionaria;2024;488.419,14628
02 Aragón;Hombres;De 45 a 49 años;Tiempo por vivir;2024;3.702.494,8855
02 Aragón;Hombres;De 45 a 49 años;Esperanza de vida;2024;37,768854
02 Aragón;Hombres;De 50 a 54 años;Tasa de mortalidad;2024;2,378643
02 Aragón;Hombres;De 50 a 54 años;Promedio de años vividos el último año de vida;2024;0,556496
02 Aragón;Hombres;De 50 a 54 años;Riesgo de muerte;2024;11,830811
02 Aragón;Hombres;De 50 a 54 años;Supervivientes;2024;97.289,555717
02 Aragón;Hombres;De 50 a 54 años;Defunciones teóricas;2024;1.151,014315
02 Aragón;Hombres;De 50 a 54 años;Población estacionaria;2024;483.895,38301
02 Aragón;Hombres;De 50 a 54 años;Tiempo por vivir;2024;3.214.075,7392
02 Aragón;Hombres;De 50 a 54 años;Esperanza de vida;2024;33,036185
02 Aragón;Hombres;De 55 a 59 años;Tasa de mortalidad;2024;5,004883
02 Aragón;Hombres;De 55 a 59 años;Promedio de años vividos el último año de vida;2024;0,536502
02 Aragón;Hombres;De 55 a 59 años;Riesgo de muerte;2024;24,73749
02 Aragón;Hombres;De 55 a 59 años;Supervivientes;2024;96.138,541402
02 Aragón;Hombres;De 55 a 59 años;Defunciones teóricas;2024;2.378,226203
02 Aragón;Hombres;De 55 a 59 años;Población estacionaria;2024;475.181,19345
02 Aragón;Hombres;De 55 a 59 años;Tiempo por vivir;2024;2.730.180,3562
02 Aragón;Hombres;De 55 a 59 años;Esperanza de vida;2024;28,398396
02 Aragón;Hombres;De 60 a 64 años;Tasa de mortalidad;2024;8,706652
02 Aragón;Hombres;De 60 a 64 años;Promedio de años vividos el último año de vida;2024;0,513742
02 Aragón;Hombres;De 60 a 64 años;Riesgo de muerte;2024;42,630834
02 Aragón;Hombres;De 60 a 64 años;Supervivientes;2024;93.760,315199
02 Aragón;Hombres;De 60 a 64 años;Defunciones teóricas;2024;3.997,080423
02 Aragón;Hombres;De 60 a 64 años;Población estacionaria;2024;459.083,51429
02 Aragón;Hombres;De 60 a 64 años;Tiempo por vivir;2024;2.254.999,1628
02 Aragón;Hombres;De 60 a 64 años;Esperanza de vida;2024;24,050678
02 Aragón;Hombres;De 65 a 69 años;Tasa de mortalidad;2024;12,675739
02 Aragón;Hombres;De 65 a 69 años;Promedio de años vividos el último año de vida;2024;0,52261
02 Aragón;Hombres;De 65 a 69 años;Riesgo de muerte;2024;61,517405
02 Aragón;Hombres;De 65 a 69 años;Supervivientes;2024;89.763,234776
02 Aragón;Hombres;De 65 a 69 años;Defunciones teóricas;2024;5.522,001269
02 Aragón;Hombres;De 65 a 69 años;Población estacionaria;2024;435.635,43588
02 Aragón;Hombres;De 65 a 69 años;Tiempo por vivir;2024;1.795.915,6485
02 Aragón;Hombres;De 65 a 69 años;Esperanza de vida;2024;20,007252
02 Aragón;Hombres;De 70 a 74 años;Tasa de mortalidad;2024;18,989467
02 Aragón;Hombres;De 70 a 74 años;Promedio de años vividos el último año de vida;2024;0,52703
02 Aragón;Hombres;De 70 a 74 años;Riesgo de muerte;2024;90,86676
02 Aragón;Hombres;De 70 a 74 años;Supervivientes;2024;84.241,233507
02 Aragón;Hombres;De 70 a 74 años;Defunciones teóricas;2024;7.654,72795
02 Aragón;Hombres;De 70 a 74 años;Población estacionaria;2024;403.103,88027
02 Aragón;Hombres;De 70 a 74 años;Tiempo por vivir;2024;1.360.280,2126
02 Aragón;Hombres;De 70 a 74 años;Esperanza de vida;2024;16,147439
02 Aragón;Hombres;De 75 a 79 años;Tasa de mortalidad;2024;32,75428
02 Aragón;Hombres;De 75 a 79 años;Promedio de años vividos el último año de vida;2024;0,528036
02 Aragón;Hombres;De 75 a 79 años;Riesgo de muerte;2024;152,021045
02 Aragón;Hombres;De 75 a 79 años;Supervivientes;2024;76.586,505556
02 Aragón;Hombres;De 75 a 79 años;Defunciones teóricas;2024;11.642,760633
02 Aragón;Hombres;De 75 a 79 años;Población estacionaria;2024;355.457,68932
02 Aragón;Hombres;De 75 a 79 años;Tiempo por vivir;2024;957.176,33233
02 Aragón;Hombres;De 75 a 79 años;Esperanza de vida;2024;12,497976
02 Aragón;Hombres;De 80 a 84 años;Tasa de mortalidad;2024;53,98955
02 Aragón;Hombres;De 80 a 84 años;Promedio de años vividos el último año de vida;2024;0,51855
02 Aragón;Hombres;De 80 a 84 años;Riesgo de muerte;2024;238,898908
02 Aragón;Hombres;De 80 a 84 años;Supervivientes;2024;64.943,744924
02 Aragón;Hombres;De 80 a 84 años;Defunciones teóricas;2024;15.514,989736
02 Aragón;Hombres;De 80 a 84 años;Población estacionaria;2024;287.370,23686
02 Aragón;Hombres;De 80 a 84 años;Tiempo por vivir;2024;601.718,643
02 Aragón;Hombres;De 80 a 84 años;Esperanza de vida;2024;9,265229
02 Aragón;Hombres;De 85 a 89 años;Tasa de mortalidad;2024;102,614052
02 Aragón;Hombres;De 85 a 89 años;Promedio de años vividos el último año de vida;2024;0,52159
02 Aragón;Hombres;De 85 a 89 años;Riesgo de muerte;2024;411,953164
02 Aragón;Hombres;De 85 a 89 años;Supervivientes;2024;49.428,755188
02 Aragón;Hombres;De 85 a 89 años;Defunciones teóricas;2024;20.362,332105
02 Aragón;Hombres;De 85 a 89 años;Población estacionaria;2024;198.436,09877
02 Aragón;Hombres;De 85 a 89 años;Tiempo por vivir;2024;314.348,40615
02 Aragón;Hombres;De 85 a 89 años;Esperanza de vida;2024;6,359626
02 Aragón;Hombres;90 y más años;Tasa de mortalidad;2024;""
02 Aragón;Hombres;90 y más años;Promedio de años vividos el último año de vida;2024;""
02 Aragón;Hombres;90 y más años;Riesgo de muerte;2024;""
02 Aragón;Hombres;90 y más años;Supervivientes;2024;""
02 Aragón;Hombres;90 y más años;Defunciones teóricas;2024;""
02 Aragón;Hombres;90 y más años;Población estacionaria;2024;""
02 Aragón;Hombres;90 y más años;Tiempo por vivir;2024;""
02 Aragón;Hombres;90 y más años;Esperanza de vida;2024;""
02 Aragón;Hombres;De 90 a 94 años;Tasa de mortalidad;2024;205,631385
02 Aragón;Hombres;De 90 a 94 años;Promedio de años vividos el último año de vida;2024;0,46257
02 Aragón;Hombres;De 90 a 94 años;Riesgo de muerte;2024;662,232421
02 Aragón;Hombres;De 90 a 94 años;Supervivientes;2024;29.066,423083
02 Aragón;Hombres;De 90 a 94 años;Defunciones teóricas;2024;19.248,727721
02 Aragón;Hombres;De 90 a 94 años;Población estacionaria;2024;93.607,927223
02 Aragón;Hombres;De 90 a 94 años;Tiempo por vivir;2024;115.912,30738
02 Aragón;Hombres;De 90 a 94 años;Esperanza de vida;2024;3,987842
02 Aragón;Hombres;95 y más años;Tasa de mortalidad;2024;324,369758
02 Aragón;Hombres;95 y más años;Promedio de años vividos el último año de vida;2024;2,271855
02 Aragón;Hombres;95 y más años;Riesgo de muerte;2024;1.000
02 Aragón;Hombres;95 y más años;Supervivientes;2024;9.817,695361
02 Aragón;Hombres;95 y más años;Defunciones teóricas;2024;9.817,695361
02 Aragón;Hombres;95 y más años;Población estacionaria;2024;22.304,380154
02 Aragón;Hombres;95 y más años;Tiempo por vivir;2024;22.304,380154
02 Aragón;Hombres;95 y más años;Esperanza de vida;2024;2,271855
02 Aragón;Mujeres;0 años;Tasa de mortalidad;2024;1,893763
02 Aragón;Mujeres;0 años;Promedio de años vividos el último año de vida;2024;0,04918
02 Aragón;Mujeres;0 años;Riesgo de muerte;2024;1,890359
02 Aragón;Mujeres;0 años;Supervivientes;2024;100.000
02 Aragón;Mujeres;0 años;Defunciones teóricas;2024;189,035917
02 Aragón;Mujeres;0 años;Población estacionaria;2024;99.820,260932
02 Aragón;Mujeres;0 años;Tiempo por vivir;2024;8.672.254,3138
02 Aragón;Mujeres;0 años;Esperanza de vida;2024;86,722543
02 Aragón;Mujeres;De 1 a 4 años;Tasa de mortalidad;2024;0,162891
02 Aragón;Mujeres;De 1 a 4 años;Promedio de años vividos el último año de vida;2024;0,274904
02 Aragón;Mujeres;De 1 a 4 años;Riesgo de muerte;2024;0,651255
02 Aragón;Mujeres;De 1 a 4 años;Supervivientes;2024;99.810,964083
02 Aragón;Mujeres;De 1 a 4 años;Defunciones teóricas;2024;65,002434
02 Aragón;Mujeres;De 1 a 4 años;Población estacionaria;2024;399.055,32422
02 Aragón;Mujeres;De 1 a 4 años;Tiempo por vivir;2024;8.572.434,0529
02 Aragón;Mujeres;De 1 a 4 años;Esperanza de vida;2024;85,886697
02 Aragón;Mujeres;De 5 a 9 años;Tasa de mortalidad;2024;0,038539
02 Aragón;Mujeres;De 5 a 9 años;Promedio de años vividos el último año de vida;2024;0,113115
02 Aragón;Mujeres;De 5 a 9 años;Riesgo de muerte;2024;0,19266
02 Aragón;Mujeres;De 5 a 9 años;Supervivientes;2024;99.745,96165
02 Aragón;Mujeres;De 5 a 9 años;Defunciones teóricas;2024;19,217024
02 Aragón;Mujeres;De 5 a 9 años;Población estacionaria;2024;498.644,59177
02 Aragón;Mujeres;De 5 a 9 años;Tiempo por vivir;2024;8.173.378,7287
02 Aragón;Mujeres;De 5 a 9 años;Esperanza de vida;2024;81,941951
02 Aragón;Mujeres;De 10 a 14 años;Tasa de mortalidad;2024;0,06188
02 Aragón;Mujeres;De 10 a 14 años;Promedio de años vividos el último año de vida;2024;0,377884
02 Aragón;Mujeres;De 10 a 14 años;Riesgo de muerte;2024;0,309342
02 Aragón;Mujeres;De 10 a 14 años;Supervivientes;2024;99.726,744626
02 Aragón;Mujeres;De 10 a 14 años;Defunciones teóricas;2024;30,849639
02 Aragón;Mujeres;De 10 a 14 años;Población estacionaria;2024;498.537,76291
02 Aragón;Mujeres;De 10 a 14 años;Tiempo por vivir;2024;7.674.734,1369
02 Aragón;Mujeres;De 10 a 14 años;Esperanza de vida;2024;76,957632
02 Aragón;Mujeres;De 15 a 19 años;Tasa de mortalidad;2024;0,029454
02 Aragón;Mujeres;De 15 a 19 años;Promedio de años vividos el último año de vida;2024;0,933333
02 Aragón;Mujeres;De 15 a 19 años;Riesgo de muerte;2024;0,147271
02 Aragón;Mujeres;De 15 a 19 años;Supervivientes;2024;99.695,894987
02 Aragón;Mujeres;De 15 a 19 años;Defunciones teóricas;2024;14,682316
02 Aragón;Mujeres;De 15 a 19 años;Población estacionaria;2024;498.474,58083
02 Aragón;Mujeres;De 15 a 19 años;Tiempo por vivir;2024;7.176.196,374
02 Aragón;Mujeres;De 15 a 19 años;Esperanza de vida;2024;71,980861
02 Aragón;Mujeres;De 20 a 24 años;Tasa de mortalidad;2024;0,089381
02 Aragón;Mujeres;De 20 a 24 años;Promedio de años vividos el último año de vida;2024;0,424682
02 Aragón;Mujeres;De 20 a 24 años;Riesgo de muerte;2024;0,446791
02 Aragón;Mujeres;De 20 a 24 años;Supervivientes;2024;99.681,212671
02 Aragón;Mujeres;De 20 a 24 años;Defunciones teóricas;2024;44,53671
02 Aragón;Mujeres;De 20 a 24 años;Población estacionaria;2024;498.277,94958
02 Aragón;Mujeres;De 20 a 24 años;Tiempo por vivir;2024;6.677.721,7932
02 Aragón;Mujeres;De 20 a 24 años;Esperanza de vida;2024;66,990776
02 Aragón;Mujeres;De 25 a 29 años;Tasa de mortalidad;2024;0,060572
02 Aragón;Mujeres;De 25 a 29 años;Promedio de años vividos el último año de vida;2024;0,387295
02 Aragón;Mujeres;De 25 a 29 años;Riesgo de muerte;2024;0,302802
02 Aragón;Mujeres;De 25 a 29 años;Supervivientes;2024;99.636,67596
02 Aragón;Mujeres;De 25 a 29 años;Defunciones teóricas;2024;30,170204
02 Aragón;Mujeres;De 25 a 29 años;Población estacionaria;2024;498.090,95257
02 Aragón;Mujeres;De 25 a 29 años;Tiempo por vivir;2024;6.179.443,8436
02 Aragón;Mujeres;De 25 a 29 años;Esperanza de vida;2024;62,019771
02 Aragón;Mujeres;De 30 a 34 años;Tasa de mortalidad;2024;0,274356
02 Aragón;Mujeres;De 30 a 34 años;Promedio de años vividos el último año de vida;2024;0,678634
02 Aragón;Mujeres;De 30 a 34 años;Riesgo de muerte;2024;1,371177
02 Aragón;Mujeres;De 30 a 34 años;Supervivientes;2024;99.606,505756
02 Aragón;Mujeres;De 30 a 34 años;Defunciones teóricas;2024;136,578112
02 Aragón;Mujeres;De 30 a 34 años;Población estacionaria;2024;497.813,07098
02 Aragón;Mujeres;De 30 a 34 años;Tiempo por vivir;2024;5.681.352,891
02 Aragón;Mujeres;De 30 a 34 años;Esperanza de vida;2024;57,03797
02 Aragón;Mujeres;De 35 a 39 años;Tasa de mortalidad;2024;0,422204
02 Aragón;Mujeres;De 35 a 39 años;Promedio de años vividos el último año de vida;2024;0,541383
02 Aragón;Mujeres;De 35 a 39 años;Riesgo de muerte;2024;2,10898
02 Aragón;Mujeres;De 35 a 39 años;Supervivientes;2024;99.469,927644
02 Aragón;Mujeres;De 35 a 39 años;Defunciones teóricas;2024;209,780109
02 Aragón;Mujeres;De 35 a 39 años;Población estacionaria;2024;496.868,59435
02 Aragón;Mujeres;De 35 a 39 años;Tiempo por vivir;2024;5.183.539,82
02 Aragón;Mujeres;De 35 a 39 años;Esperanza de vida;2024;52,111628
02 Aragón;Mujeres;De 40 a 44 años;Tasa de mortalidad;2024;0,694687
02 Aragón;Mujeres;De 40 a 44 años;Promedio de años vividos el último año de vida;2024;0,427227
02 Aragón;Mujeres;De 40 a 44 años;Riesgo de muerte;2024;3,46654
02 Aragón;Mujeres;De 40 a 44 años;Supervivientes;2024;99.260,147535
02 Aragón;Mujeres;De 40 a 44 años;Defunciones teóricas;2024;344,089251
02 Aragón;Mujeres;De 40 a 44 años;Población estacionaria;2024;495.315,31214
02 Aragón;Mujeres;De 40 a 44 años;Tiempo por vivir;2024;4.686.671,2257
02 Aragón;Mujeres;De 40 a 44 años;Esperanza de vida;2024;47,216041
02 Aragón;Mujeres;De 45 a 49 años;Tasa de mortalidad;2024;0,786456
02 Aragón;Mujeres;De 45 a 49 años;Promedio de años vividos el último año de vida;2024;0,539838
02 Aragón;Mujeres;De 45 a 49 años;Riesgo de muerte;2024;3,925175
02 Aragón;Mujeres;De 45 a 49 años;Supervivientes;2024;98.916,058284
02 Aragón;Mujeres;De 45 a 49 años;Defunciones teóricas;2024;388,26287
02 Aragón;Mujeres;De 45 a 49 años;Población estacionaria;2024;493.686,97205
02 Aragón;Mujeres;De 45 a 49 años;Tiempo por vivir;2024;4.191.355,9135
02 Aragón;Mujeres;De 45 a 49 años;Esperanza de vida;2024;42,372856
02 Aragón;Mujeres;De 50 a 54 años;Tasa de mortalidad;2024;1,312173
02 Aragón;Mujeres;De 50 a 54 años;Promedio de años vividos el último año de vida;2024;0,587874
02 Aragón;Mujeres;De 50 a 54 años;Riesgo de muerte;2024;6,543174
02 Aragón;Mujeres;De 50 a 54 años;Supervivientes;2024;98.527,795414
02 Aragón;Mujeres;De 50 a 54 años;Defunciones teóricas;2024;644,68448
02 Aragón;Mujeres;De 50 a 54 años;Población estacionaria;2024;491.310,52049
02 Aragón;Mujeres;De 50 a 54 años;Tiempo por vivir;2024;3.697.668,9415
02 Aragón;Mujeres;De 50 a 54 años;Esperanza de vida;2024;37,529196
02 Aragón;Mujeres;De 55 a 59 años;Tasa de mortalidad;2024;2,729313
02 Aragón;Mujeres;De 55 a 59 años;Promedio de años vividos el último año de vida;2024;0,538152
02 Aragón;Mujeres;De 55 a 59 años;Riesgo de muerte;2024;13,561093
02 Aragón;Mujeres;De 55 a 59 años;Supervivientes;2024;97.883,110933
02 Aragón;Mujeres;De 55 a 59 años;Defunciones teóricas;2024;1.327,401979
02 Aragón;Mujeres;De 55 a 59 años;Población estacionaria;2024;486.350,26585
02 Aragón;Mujeres;De 55 a 59 años;Tiempo por vivir;2024;3.206.358,421
02 Aragón;Mujeres;De 55 a 59 años;Esperanza de vida;2024;32,757014
02 Aragón;Mujeres;De 60 a 64 años;Tasa de mortalidad;2024;4,039678
02 Aragón;Mujeres;De 60 a 64 años;Promedio de años vividos el último año de vida;2024;0,571123
02 Aragón;Mujeres;De 60 a 64 años;Riesgo de muerte;2024;20,024922
02 Aragón;Mujeres;De 60 a 64 años;Supervivientes;2024;96.555,708954
02 Aragón;Mujeres;De 60 a 64 años;Defunciones teóricas;2024;1.933,520587
02 Aragón;Mujeres;De 60 a 64 años;Población estacionaria;2024;478.632,33513
02 Aragón;Mujeres;De 60 a 64 años;Tiempo por vivir;2024;2.720.008,1552
02 Aragón;Mujeres;De 60 a 64 años;Esperanza de vida;2024;28,17035
02 Aragón;Mujeres;De 65 a 69 años;Tasa de mortalidad;2024;5,869197
02 Aragón;Mujeres;De 65 a 69 años;Promedio de años vividos el último año de vida;2024;0,525457
02 Aragón;Mujeres;De 65 a 69 años;Riesgo de muerte;2024;28,942926
02 Aragón;Mujeres;De 65 a 69 años;Supervivientes;2024;94.622,188367
02 Aragón;Mujeres;De 65 a 69 años;Defunciones teóricas;2024;2.738,642985
02 Aragón;Mujeres;De 65 a 69 años;Población estacionaria;2024;466.612,92903
02 Aragón;Mujeres;De 65 a 69 años;Tiempo por vivir;2024;2.241.375,82
02 Aragón;Mujeres;De 65 a 69 años;Esperanza de vida;2024;23,687635
02 Aragón;Mujeres;De 70 a 74 años;Tasa de mortalidad;2024;9,20506
02 Aragón;Mujeres;De 70 a 74 años;Promedio de años vividos el último año de vida;2024;0,506623
02 Aragón;Mujeres;De 70 a 74 años;Riesgo de muerte;2024;45,003372
02 Aragón;Mujeres;De 70 a 74 años;Supervivientes;2024;91.883,545382
02 Aragón;Mujeres;De 70 a 74 años;Defunciones teóricas;2024;4.135,06935
02 Aragón;Mujeres;De 70 a 74 años;Población estacionaria;2024;449.216,99175
02 Aragón;Mujeres;De 70 a 74 años;Tiempo por vivir;2024;1.774.762,891
02 Aragón;Mujeres;De 70 a 74 años;Esperanza de vida;2024;19,315351
02 Aragón;Mujeres;De 75 a 79 años;Tasa de mortalidad;2024;14,863259
02 Aragón;Mujeres;De 75 a 79 años;Promedio de años vividos el último año de vida;2024;0,572466
02 Aragón;Mujeres;De 75 a 79 años;Riesgo de muerte;2024;72,027775
02 Aragón;Mujeres;De 75 a 79 años;Supervivientes;2024;87.748,476032
02 Aragón;Mujeres;De 75 a 79 años;Defunciones teóricas;2024;6.320,327524
02 Aragón;Mujeres;De 75 a 79 años;Población estacionaria;2024;425.231,6196
02 Aragón;Mujeres;De 75 a 79 años;Tiempo por vivir;2024;1.325.545,8992
02 Aragón;Mujeres;De 75 a 79 años;Esperanza de vida;2024;15,106199
02 Aragón;Mujeres;De 80 a 84 años;Tasa de mortalidad;2024;35,420232
02 Aragón;Mujeres;De 80 a 84 años;Promedio de años vividos el último año de vida;2024;0,546263
02 Aragón;Mujeres;De 80 a 84 años;Riesgo de muerte;2024;163,928324
02 Aragón;Mujeres;De 80 a 84 años;Supervivientes;2024;81.428,148508
02 Aragón;Mujeres;De 80 a 84 años;Defunciones teóricas;2024;13.348,379948
02 Aragón;Mujeres;De 80 a 84 años;Población estacionaria;2024;376.857,49307
02 Aragón;Mujeres;De 80 a 84 años;Tiempo por vivir;2024;900.314,27964
02 Aragón;Mujeres;De 80 a 84 años;Esperanza de vida;2024;11,056549
02 Aragón;Mujeres;De 85 a 89 años;Tasa de mortalidad;2024;71,884478
02 Aragón;Mujeres;De 85 a 89 años;Promedio de años vividos el último año de vida;2024;0,535307
02 Aragón;Mujeres;De 85 a 89 años;Riesgo de muerte;2024;307,982771
02 Aragón;Mujeres;De 85 a 89 años;Supervivientes;2024;68.079,76856
02 Aragón;Mujeres;De 85 a 89 años;Defunciones teóricas;2024;20.967,395797
02 Aragón;Mujeres;De 85 a 89 años;Población estacionaria;2024;291.681,82701
02 Aragón;Mujeres;De 85 a 89 años;Tiempo por vivir;2024;523.456,78657
02 Aragón;Mujeres;De 85 a 89 años;Esperanza de vida;2024;7,688874
02 Aragón;Mujeres;90 y más años;Tasa de mortalidad;2024;""
02 Aragón;Mujeres;90 y más años;Promedio de años vividos el último año de vida;2024;""
02 Aragón;Mujeres;90 y más años;Riesgo de muerte;2024;""
02 Aragón;Mujeres;90 y más años;Supervivientes;2024;""
02 Aragón;Mujeres;90 y más años;Defunciones teóricas;2024;""
02 Aragón;Mujeres;90 y más años;Población estacionaria;2024;""
02 Aragón;Mujeres;90 y más años;Tiempo por vivir;2024;""
02 Aragón;Mujeres;90 y más años;Esperanza de vida;2024;""
02 Aragón;Mujeres;De 90 a 94 años;Tasa de mortalidad;2024;151,812517
02 Aragón;Mujeres;De 90 a 94 años;Promedio de años vividos el último año de vida;2024;0,487266
02 Aragón;Mujeres;De 90 a 94 años;Riesgo de muerte;2024;546,403777
02 Aragón;Mujeres;De 90 a 94 años;Supervivientes;2024;47.112,372763
02 Aragón;Mujeres;De 90 a 94 años;Defunciones teóricas;2024;25.742,378422
02 Aragón;Mujeres;De 90 a 94 años;Población estacionaria;2024;169.566,90341
02 Aragón;Mujeres;De 90 a 94 años;Tiempo por vivir;2024;231.774,95956
02 Aragón;Mujeres;De 90 a 94 años;Esperanza de vida;2024;4,91962
02 Aragón;Mujeres;95 y más años;Tasa de mortalidad;2024;297,150435
02 Aragón;Mujeres;95 y más años;Promedio de años vividos el último año de vida;2024;2,911
02 Aragón;Mujeres;95 y más años;Riesgo de muerte;2024;1.000
02 Aragón;Mujeres;95 y más años;Supervivientes;2024;21.369,994341
02 Aragón;Mujeres;95 y más años;Defunciones teóricas;2024;21.369,994341
02 Aragón;Mujeres;95 y más años;Población estacionaria;2024;62.208,056155
02 Aragón;Mujeres;95 y más años;Tiempo por vivir;2024;62.208,056155
02 Aragón;Mujeres;95 y más años;Esperanza de vida;2024;2,911
03 Asturias, Principado de;Ambos sexos;0 años;Tasa de mortalidad;2024;3,051966
03 Asturias, Principado de;Ambos sexos;0 años;Promedio de años vividos el último año de vida;2024;0,117291
03 Asturias, Principado de;Ambos sexos;0 años;Riesgo de muerte;2024;3,043766
03 Asturias, Principado de;Ambos sexos;0 años;Supervivientes;2024;100.000
03 Asturias, Principado de;Ambos sexos;0 años;Defunciones teóricas;2024;304,376572
03 Asturias, Principado de;Ambos sexos;0 años;Población estacionaria;2024;99.731,324115
03 Asturias, Principado de;Ambos sexos;0 años;Tiempo por vivir;2024;8.332.006,4965
03 Asturias, Principado de;Ambos sexos;0 años;Esperanza de vida;2024;83,320065
03 Asturias, Principado de;Ambos sexos;De 1 a 4 años;Tasa de mortalidad;2024;0,093226
03 Asturias, Principado de;Ambos sexos;De 1 a 4 años;Promedio de años vividos el último año de vida;2024;0,756472
03 Asturias, Principado de;Ambos sexos;De 1 a 4 años;Riesgo de muerte;2024;0,372871
03 Asturias, Principado de;Ambos sexos;De 1 a 4 años;Supervivientes;2024;99.695,623428
03 Asturias, Principado de;Ambos sexos;De 1 a 4 años;Defunciones teóricas;2024;37,173627
03 Asturias, Principado de;Ambos sexos;De 1 a 4 años;Población estacionaria;2024;398.746,28251
03 Asturias, Principado de;Ambos sexos;De 1 a 4 años;Tiempo por vivir;2024;8.232.275,1724
03 Asturias, Principado de;Ambos sexos;De 1 a 4 años;Esperanza de vida;2024;82,574088
03 Asturias, Principado de;Ambos sexos;De 5 a 9 años;Tasa de mortalidad;2024;0,030485
03 Asturias, Principado de;Ambos sexos;De 5 a 9 años;Promedio de años vividos el último año de vida;2024;0,231694
03 Asturias, Principado de;Ambos sexos;De 5 a 9 años;Riesgo de muerte;2024;0,152406
03 Asturias, Principado de;Ambos sexos;De 5 a 9 años;Supervivientes;2024;99.658,449801
03 Asturias, Principado de;Ambos sexos;De 5 a 9 años;Defunciones teóricas;2024;15,188547
03 Asturias, Principado de;Ambos sexos;De 5 a 9 años;Población estacionaria;2024;498.233,90175
03 Asturias, Principado de;Ambos sexos;De 5 a 9 años;Tiempo por vivir;2024;7.833.528,8899
03 Asturias, Principado de;Ambos sexos;De 5 a 9 años;Esperanza de vida;2024;78,60376
03 Asturias, Principado de;Ambos sexos;De 10 a 14 años;Tasa de mortalidad;2024;0,097514
03 Asturias, Principado de;Ambos sexos;De 10 a 14 años;Promedio de años vividos el último año de vida;2024;0,531727
03 Asturias, Principado de;Ambos sexos;De 10 a 14 años;Riesgo de muerte;2024;0,487461
03 Asturias, Principado de;Ambos sexos;De 10 a 14 años;Supervivientes;2024;99.643,261254
03 Asturias, Principado de;Ambos sexos;De 10 a 14 años;Defunciones teóricas;2024;48,572219
03 Asturias, Principado de;Ambos sexos;De 10 a 14 años;Población estacionaria;2024;498.102,58092
03 Asturias, Principado de;Ambos sexos;De 10 a 14 años;Tiempo por vivir;2024;7.335.294,9881
03 Asturias, Principado de;Ambos sexos;De 10 a 14 años;Esperanza de vida;2024;73,615565
03 Asturias, Principado de;Ambos sexos;De 15 a 19 años;Tasa de mortalidad;2024;0,182675
03 Asturias, Principado de;Ambos sexos;De 15 a 19 años;Promedio de años vividos el último año de vida;2024;0,555928
03 Asturias, Principado de;Ambos sexos;De 15 a 19 años;Riesgo de muerte;2024;0,913004
03 Asturias, Principado de;Ambos sexos;De 15 a 19 años;Supervivientes;2024;99.594,689035
03 Asturias, Principado de;Ambos sexos;De 15 a 19 años;Defunciones teóricas;2024;90,930305
03 Asturias, Principado de;Ambos sexos;De 15 a 19 años;Población estacionaria;2024;497.771,54722
03 Asturias, Principado de;Ambos sexos;De 15 a 19 años;Tiempo por vivir;2024;6.837.192,4072
03 Asturias, Principado de;Ambos sexos;De 15 a 19 años;Esperanza de vida;2024;68,650171
03 Asturias, Principado de;Ambos sexos;De 20 a 24 años;Tasa de mortalidad;2024;0,214428
03 Asturias, Principado de;Ambos sexos;De 20 a 24 años;Promedio de años vividos el último año de vida;2024;0,408819
03 Asturias, Principado de;Ambos sexos;De 20 a 24 años;Riesgo de muerte;2024;1,071461
03 Asturias, Principado de;Ambos sexos;De 20 a 24 años;Supervivientes;2024;99.503,75873
03 Asturias, Principado de;Ambos sexos;De 20 a 24 años;Defunciones teóricas;2024;106,614397
03 Asturias, Principado de;Ambos sexos;De 20 a 24 años;Población estacionaria;2024;497.203,65142
03 Asturias, Principado de;Ambos sexos;De 20 a 24 años;Tiempo por vivir;2024;6.339.420,86
03 Asturias, Principado de;Ambos sexos;De 20 a 24 años;Esperanza de vida;2024;63,710366
03 Asturias, Principado de;Ambos sexos;De 25 a 29 años;Tasa de mortalidad;2024;0,298619
03 Asturias, Principado de;Ambos sexos;De 25 a 29 años;Promedio de años vividos el último año de vida;2024;0,597068
03 Asturias, Principado de;Ambos sexos;De 25 a 29 años;Riesgo de muerte;2024;1,492197
03 Asturias, Principado de;Ambos sexos;De 25 a 29 años;Supervivientes;2024;99.397,144333
03 Asturias, Principado de;Ambos sexos;De 25 a 29 años;Defunciones teóricas;2024;148,320076
03 Asturias, Principado de;Ambos sexos;De 25 a 29 años;Población estacionaria;2024;496.686,90695
03 Asturias, Principado de;Ambos sexos;De 25 a 29 años;Tiempo por vivir;2024;5.842.217,2085
03 Asturias, Principado de;Ambos sexos;De 25 a 29 años;Esperanza de vida;2024;58,77651
03 Asturias, Principado de;Ambos sexos;De 30 a 34 años;Tasa de mortalidad;2024;0,347815
03 Asturias, Principado de;Ambos sexos;De 30 a 34 años;Promedio de años vividos el último año de vida;2024;0,371091
03 Asturias, Principado de;Ambos sexos;De 30 a 34 años;Riesgo de muerte;2024;1,737173
03 Asturias, Principado de;Ambos sexos;De 30 a 34 años;Supervivientes;2024;99.248,824257
03 Asturias, Principado de;Ambos sexos;De 30 a 34 años;Defunciones teóricas;2024;172,412371
03 Asturias, Principado de;Ambos sexos;De 30 a 34 años;Población estacionaria;2024;495.701,96308
03 Asturias, Principado de;Ambos sexos;De 30 a 34 años;Tiempo por vivir;2024;5.345.530,3016
03 Asturias, Principado de;Ambos sexos;De 30 a 34 años;Esperanza de vida;2024;53,859885
03 Asturias, Principado de;Ambos sexos;De 35 a 39 años;Tasa de mortalidad;2024;0,694047
03 Asturias, Principado de;Ambos sexos;De 35 a 39 años;Promedio de años vividos el último año de vida;2024;0,540076
03 Asturias, Principado de;Ambos sexos;De 35 a 39 años;Riesgo de muerte;2024;3,464704
03 Asturias, Principado de;Ambos sexos;De 35 a 39 años;Supervivientes;2024;99.076,411886
03 Asturias, Principado de;Ambos sexos;De 35 a 39 años;Defunciones teóricas;2024;343,270464
03 Asturias, Principado de;Ambos sexos;De 35 a 39 años;Población estacionaria;2024;494.592,66851
03 Asturias, Principado de;Ambos sexos;De 35 a 39 años;Tiempo por vivir;2024;4.849.828,3385
03 Asturias, Principado de;Ambos sexos;De 35 a 39 años;Esperanza de vida;2024;48,950383
03 Asturias, Principado de;Ambos sexos;De 40 a 44 años;Tasa de mortalidad;2024;0,764848
03 Asturias, Principado de;Ambos sexos;De 40 a 44 años;Promedio de años vividos el último año de vida;2024;0,518205
03 Asturias, Principado de;Ambos sexos;De 40 a 44 años;Riesgo de muerte;2024;3,817205
03 Asturias, Principado de;Ambos sexos;De 40 a 44 años;Supervivientes;2024;98.733,141422
03 Asturias, Principado de;Ambos sexos;De 40 a 44 años;Defunciones teóricas;2024;376,884651
03 Asturias, Principado de;Ambos sexos;De 40 a 44 años;Población estacionaria;2024;492.757,80117
03 Asturias, Principado de;Ambos sexos;De 40 a 44 años;Tiempo por vivir;2024;4.355.235,67
03 Asturias, Principado de;Ambos sexos;De 40 a 44 años;Esperanza de vida;2024;44,111183
03 Asturias, Principado de;Ambos sexos;De 45 a 49 años;Tasa de mortalidad;2024;1,543964
03 Asturias, Principado de;Ambos sexos;De 45 a 49 años;Promedio de años vividos el último año de vida;2024;0,481672
03 Asturias, Principado de;Ambos sexos;De 45 a 49 años;Riesgo de muerte;2024;7,689055
03 Asturias, Principado de;Ambos sexos;De 45 a 49 años;Supervivientes;2024;98.356,256772
03 Asturias, Principado de;Ambos sexos;De 45 a 49 años;Defunciones teóricas;2024;756,266669
03 Asturias, Principado de;Ambos sexos;De 45 a 49 años;Población estacionaria;2024;489.821,31391
03 Asturias, Principado de;Ambos sexos;De 45 a 49 años;Tiempo por vivir;2024;3.862.477,8688
03 Asturias, Principado de;Ambos sexos;De 45 a 49 años;Esperanza de vida;2024;39,270281
03 Asturias, Principado de;Ambos sexos;De 50 a 54 años;Tasa de mortalidad;2024;2,738733
03 Asturias, Principado de;Ambos sexos;De 50 a 54 años;Promedio de años vividos el último año de vida;2024;0,568298
03 Asturias, Principado de;Ambos sexos;De 50 a 54 años;Riesgo de muerte;2024;13,61319
03 Asturias, Principado de;Ambos sexos;De 50 a 54 años;Supervivientes;2024;97.599,990103
03 Asturias, Principado de;Ambos sexos;De 50 a 54 años;Defunciones teóricas;2024;1.328,647174
03 Asturias, Principado de;Ambos sexos;De 50 a 54 años;Población estacionaria;2024;485.132,05048
03 Asturias, Principado de;Ambos sexos;De 50 a 54 años;Tiempo por vivir;2024;3.372.656,5549
03 Asturias, Principado de;Ambos sexos;De 50 a 54 años;Esperanza de vida;2024;34,555911
03 Asturias, Principado de;Ambos sexos;De 55 a 59 años;Tasa de mortalidad;2024;4,423998
03 Asturias, Principado de;Ambos sexos;De 55 a 59 años;Promedio de años vividos el último año de vida;2024;0,541177
03 Asturias, Principado de;Ambos sexos;De 55 a 59 años;Riesgo de muerte;2024;21,897745
03 Asturias, Principado de;Ambos sexos;De 55 a 59 años;Supervivientes;2024;96.271,342929
03 Asturias, Principado de;Ambos sexos;De 55 a 59 años;Defunciones teóricas;2024;2.108,125347
03 Asturias, Principado de;Ambos sexos;De 55 a 59 años;Población estacionaria;2024;476.520,43734
03 Asturias, Principado de;Ambos sexos;De 55 a 59 años;Tiempo por vivir;2024;2.887.524,5045
03 Asturias, Principado de;Ambos sexos;De 55 a 59 años;Esperanza de vida;2024;29,993604
03 Asturias, Principado de;Ambos sexos;De 60 a 64 años;Tasa de mortalidad;2024;7,267957
03 Asturias, Principado de;Ambos sexos;De 60 a 64 años;Promedio de años vividos el último año de vida;2024;0,533233
03 Asturias, Principado de;Ambos sexos;De 60 a 64 años;Riesgo de muerte;2024;35,733662
03 Asturias, Principado de;Ambos sexos;De 60 a 64 años;Supervivientes;2024;94.163,217582
03 Asturias, Principado de;Ambos sexos;De 60 a 64 años;Defunciones teóricas;2024;3.364,796613
03 Asturias, Principado de;Ambos sexos;De 60 a 64 años;Población estacionaria;2024;462.963,2119
03 Asturias, Principado de;Ambos sexos;De 60 a 64 años;Tiempo por vivir;2024;2.411.004,0671
03 Asturias, Principado de;Ambos sexos;De 60 a 64 años;Esperanza de vida;2024;25,604521
03 Asturias, Principado de;Ambos sexos;De 65 a 69 años;Tasa de mortalidad;2024;11,323409
03 Asturias, Principado de;Ambos sexos;De 65 a 69 años;Promedio de años vividos el último año de vida;2024;0,518064
03 Asturias, Principado de;Ambos sexos;De 65 a 69 años;Riesgo de muerte;2024;55,113235
03 Asturias, Principado de;Ambos sexos;De 65 a 69 años;Supervivientes;2024;90.798,420969
03 Asturias, Principado de;Ambos sexos;De 65 a 69 años;Defunciones teóricas;2024;5.004,194728
03 Asturias, Principado de;Ambos sexos;De 65 a 69 años;Población estacionaria;2024;441.933,5853
03 Asturias, Principado de;Ambos sexos;De 65 a 69 años;Tiempo por vivir;2024;1.948.040,8552
03 Asturias, Principado de;Ambos sexos;De 65 a 69 años;Esperanza de vida;2024;21,454568
03 Asturias, Principado de;Ambos sexos;De 70 a 74 años;Tasa de mortalidad;2024;15,069558
03 Asturias, Principado de;Ambos sexos;De 70 a 74 años;Promedio de años vividos el último año de vida;2024;0,528989
03 Asturias, Principado de;Ambos sexos;De 70 a 74 años;Riesgo de muerte;2024;72,765372
03 Asturias, Principado de;Ambos sexos;De 70 a 74 años;Supervivientes;2024;85.794,226242
03 Asturias, Principado de;Ambos sexos;De 70 a 74 años;Defunciones teóricas;2024;6.242,848748
03 Asturias, Principado de;Ambos sexos;De 70 a 74 años;Población estacionaria;2024;414.268,86403
03 Asturias, Principado de;Ambos sexos;De 70 a 74 años;Tiempo por vivir;2024;1.506.107,2699
03 Asturias, Principado de;Ambos sexos;De 70 a 74 años;Esperanza de vida;2024;17,554879
03 Asturias, Principado de;Ambos sexos;De 75 a 79 años;Tasa de mortalidad;2024;24,235187
03 Asturias, Principado de;Ambos sexos;De 75 a 79 años;Promedio de años vividos el último año de vida;2024;0,519438
03 Asturias, Principado de;Ambos sexos;De 75 a 79 años;Riesgo de muerte;2024;114,507847
03 Asturias, Principado de;Ambos sexos;De 75 a 79 años;Supervivientes;2024;79.551,377494
03 Asturias, Principado de;Ambos sexos;De 75 a 79 años;Defunciones teóricas;2024;9.109,256981
03 Asturias, Principado de;Ambos sexos;De 75 a 79 años;Población estacionaria;2024;375.869,06134
03 Asturias, Principado de;Ambos sexos;De 75 a 79 años;Tiempo por vivir;2024;1.091.838,4059
03 Asturias, Principado de;Ambos sexos;De 75 a 79 años;Esperanza de vida;2024;13,724947
03 Asturias, Principado de;Ambos sexos;De 80 a 84 años;Tasa de mortalidad;2024;45,65777
03 Asturias, Principado de;Ambos sexos;De 80 a 84 años;Promedio de años vividos el último año de vida;2024;0,524767
03 Asturias, Principado de;Ambos sexos;De 80 a 84 años;Riesgo de muerte;2024;205,945737
03 Asturias, Principado de;Ambos sexos;De 80 a 84 años;Supervivientes;2024;70.442,120513
03 Asturias, Principado de;Ambos sexos;De 80 a 84 años;Defunciones teóricas;2024;14.507,254394
03 Asturias, Principado de;Ambos sexos;De 80 a 84 años;Población estacionaria;2024;317.739,00206
03 Asturias, Principado de;Ambos sexos;De 80 a 84 años;Tiempo por vivir;2024;715.969,34454
03 Asturias, Principado de;Ambos sexos;De 80 a 84 años;Esperanza de vida;2024;10,163938
03 Asturias, Principado de;Ambos sexos;De 85 a 89 años;Tasa de mortalidad;2024;88,085525
03 Asturias, Principado de;Ambos sexos;De 85 a 89 años;Promedio de años vividos el último año de vida;2024;0,522772
03 Asturias, Principado de;Ambos sexos;De 85 a 89 años;Riesgo de muerte;2024;363,934324
03 Asturias, Principado de;Ambos sexos;De 85 a 89 años;Supervivientes;2024;55.934,866118
03 Asturias, Principado de;Ambos sexos;De 85 a 89 años;Defunciones teóricas;2024;20.356,617688
03 Asturias, Principado de;Ambos sexos;De 85 a 89 años;Población estacionaria;2024;231.100,59882
03 Asturias, Principado de;Ambos sexos;De 85 a 89 años;Tiempo por vivir;2024;398.230,34248
03 Asturias, Principado de;Ambos sexos;De 85 a 89 años;Esperanza de vida;2024;7,119537
03 Asturias, Principado de;Ambos sexos;90 y más años;Tasa de mortalidad;2024;""
03 Asturias, Principado de;Ambos sexos;90 y más años;Promedio de años vividos el último año de vida;2024;""
03 Asturias, Principado de;Ambos sexos;90 y más años;Riesgo de muerte;2024;""
03 Asturias, Principado de;Ambos sexos;90 y más años;Supervivientes;2024;""
03 Asturias, Principado de;Ambos sexos;90 y más años;Defunciones teóricas;2024;""
03 Asturias, Principado de;Ambos sexos;90 y más años;Población estacionaria;2024;""
03 Asturias, Principado de;Ambos sexos;90 y más años;Tiempo por vivir;2024;""
03 Asturias, Principado de;Ambos sexos;90 y más años;Esperanza de vida;2024;""
03 Asturias, Principado de;Ambos sexos;De 90 a 94 años;Tasa de mortalidad;2024;164,300665
03 Asturias, Principado de;Ambos sexos;De 90 a 94 años;Promedio de años vividos el último año de vida;2024;0,475662
03 Asturias, Principado de;Ambos sexos;De 90 a 94 años;Riesgo de muerte;2024;574,178603
03 Asturias, Principado de;Ambos sexos;De 90 a 94 años;Supervivientes;2024;35.578,248431
03 Asturias, Principado de;Ambos sexos;De 90 a 94 años;Defunciones teóricas;2024;20.428,268964
03 Asturias, Principado de;Ambos sexos;De 90 a 94 años;Población estacionaria;2024;124.334,66984
03 Asturias, Principado de;Ambos sexos;De 90 a 94 años;Tiempo por vivir;2024;167.129,74366
03 Asturias, Principado de;Ambos sexos;De 90 a 94 años;Esperanza de vida;2024;4,697526
03 Asturias, Principado de;Ambos sexos;95 y más años;Tasa de mortalidad;2024;302,293076
03 Asturias, Principado de;Ambos sexos;95 y más años;Promedio de años vividos el último año de vida;2024;2,824761
03 Asturias, Principado de;Ambos sexos;95 y más años;Riesgo de muerte;2024;1.000
03 Asturias, Principado de;Ambos sexos;95 y más años;Supervivientes;2024;15.149,979466
03 Asturias, Principado de;Ambos sexos;95 y más años;Defunciones teóricas;2024;15.149,979466
03 Asturias, Principado de;Ambos sexos;95 y más años;Población estacionaria;2024;42.795,073814
03 Asturias, Principado de;Ambos sexos;95 y más años;Tiempo por vivir;2024;42.795,073814
03 Asturias, Principado de;Ambos sexos;95 y más años;Esperanza de vida;2024;2,824761
03 Asturias, Principado de;Hombres;0 años;Tasa de mortalidad;2024;3,81667
03 Asturias, Principado de;Hombres;0 años;Promedio de años vividos el último año de vida;2024;0,151488
03 Asturias, Principado de;Hombres;0 años;Riesgo de muerte;2024;3,80435
03 Asturias, Principado de;Hombres;0 años;Supervivientes;2024;100.000
03 Asturias, Principado de;Hombres;0 años;Defunciones teóricas;2024;380,434971
03 Asturias, Principado de;Hombres;0 años;Población estacionaria;2024;99.677,196192
03 Asturias, Principado de;Hombres;0 años;Tiempo por vivir;2024;8.035.411,5539
03 Asturias, Principado de;Hombres;0 años;Esperanza de vida;2024;80,354116
03 Asturias, Principado de;Hombres;De 1 a 4 años;Tasa de mortalidad;2024;0,08966
03 Asturias, Principado de;Hombres;De 1 a 4 años;Promedio de años vividos el último año de vida;2024;0,809426
03 Asturias, Principado de;Hombres;De 1 a 4 años;Riesgo de muerte;2024;0,358616
03 Asturias, Principado de;Hombres;De 1 a 4 años;Supervivientes;2024;99.619,565029
03 Asturias, Principado de;Hombres;De 1 a 4 años;Defunciones teóricas;2024;35,725144
03 Asturias, Principado de;Hombres;De 1 a 4 años;Población estacionaria;2024;398.451,02701
03 Asturias, Principado de;Hombres;De 1 a 4 años;Tiempo por vivir;2024;7.935.734,3577
03 Asturias, Principado de;Hombres;De 1 a 4 años;Esperanza de vida;2024;79,6604
03 Asturias, Principado de;Hombres;De 5 a 9 años;Tasa de mortalidad;2024;0,058571
03 Asturias, Principado de;Hombres;De 5 a 9 años;Promedio de años vividos el último año de vida;2024;0,231694
03 Asturias, Principado de;Hombres;De 5 a 9 años;Riesgo de muerte;2024;0,29279
03 Asturias, Principado de;Hombres;De 5 a 9 años;Supervivientes;2024;99.583,839885
03 Asturias, Principado de;Hombres;De 5 a 9 años;Defunciones teóricas;2024;29,157122
03 Asturias, Principado de;Hombres;De 5 a 9 años;Población estacionaria;2024;497.807,19146
03 Asturias, Principado de;Hombres;De 5 a 9 años;Tiempo por vivir;2024;7.537.283,3306
03 Asturias, Principado de;Hombres;De 5 a 9 años;Esperanza de vida;2024;75,687816
03 Asturias, Principado de;Hombres;De 10 a 14 años;Tasa de mortalidad;2024;0,143934
03 Asturias, Principado de;Hombres;De 10 a 14 años;Promedio de años vividos el último año de vida;2024;0,523285
03 Asturias, Principado de;Hombres;De 10 a 14 años;Riesgo de muerte;2024;0,719421
03 Asturias, Principado de;Hombres;De 10 a 14 años;Supervivientes;2024;99.554,682763
03 Asturias, Principado de;Hombres;De 10 a 14 años;Defunciones teóricas;2024;71,621724
03 Asturias, Principado de;Hombres;De 10 a 14 años;Población estacionaria;2024;497.602,69801
03 Asturias, Principado de;Hombres;De 10 a 14 años;Tiempo por vivir;2024;7.039.476,1392
03 Asturias, Principado de;Hombres;De 10 a 14 años;Esperanza de vida;2024;70,709644
03 Asturias, Principado de;Hombres;De 15 a 19 años;Tasa de mortalidad;2024;0,176668
03 Asturias, Principado de;Hombres;De 15 a 19 años;Promedio de años vividos el último año de vida;2024;0,621715
03 Asturias, Principado de;Hombres;De 15 a 19 años;Riesgo de muerte;2024;0,883046
03 Asturias, Principado de;Hombres;De 15 a 19 años;Supervivientes;2024;99.483,061039
03 Asturias, Principado de;Hombres;De 15 a 19 años;Defunciones teóricas;2024;87,848094
03 Asturias, Principado de;Hombres;De 15 a 19 años;Población estacionaria;2024;497.249,14732
03 Asturias, Principado de;Hombres;De 15 a 19 años;Tiempo por vivir;2024;6.541.873,4412
03 Asturias, Principado de;Hombres;De 15 a 19 años;Esperanza de vida;2024;65,758667
03 Asturias, Principado de;Hombres;De 20 a 24 años;Tasa de mortalidad;2024;0,369909
03 Asturias, Principado de;Hombres;De 20 a 24 años;Promedio de años vividos el último año de vida;2024;0,372539
03 Asturias, Principado de;Hombres;De 20 a 24 años;Riesgo de muerte;2024;1,847399
03 Asturias, Principado de;Hombres;De 20 a 24 años;Supervivientes;2024;99.395,212945
03 Asturias, Principado de;Hombres;De 20 a 24 años;Defunciones teóricas;2024;183,6226
03 Asturias, Principado de;Hombres;De 20 a 24 años;Población estacionaria;2024;496.399,98504
03 Asturias, Principado de;Hombres;De 20 a 24 años;Tiempo por vivir;2024;6.044.624,2939
03 Asturias, Principado de;Hombres;De 20 a 24 años;Esperanza de vida;2024;60,814038
03 Asturias, Principado de;Hombres;De 25 a 29 años;Tasa de mortalidad;2024;0,539944
03 Asturias, Principado de;Hombres;De 25 a 29 años;Promedio de años vividos el último año de vida;2024;0,626559
03 Asturias, Principado de;Hombres;De 25 a 29 años;Riesgo de muerte;2024;2,697
03 Asturias, Principado de;Hombres;De 25 a 29 años;Supervivientes;2024;99.211,590345
03 Asturias, Principado de;Hombres;De 25 a 29 años;Defunciones teóricas;2024;267,573684
03 Asturias, Principado de;Hombres;De 25 a 29 años;Población estacionaria;2024;495.558,3373
03 Asturias, Principado de;Hombres;De 25 a 29 años;Tiempo por vivir;2024;5.548.224,3088
03 Asturias, Principado de;Hombres;De 25 a 29 años;Esperanza de vida;2024;55,923147
03 Asturias, Principado de;Hombres;De 30 a 34 años;Tasa de mortalidad;2024;0,599327
03 Asturias, Principado de;Hombres;De 30 a 34 años;Promedio de años vividos el último año de vida;2024;0,396274
03 Asturias, Principado de;Hombres;De 30 a 34 años;Riesgo de muerte;2024;2,991225
03 Asturias, Principado de;Hombres;De 30 a 34 años;Supervivientes;2024;98.944,016661
03 Asturias, Principado de;Hombres;De 30 a 34 años;Defunciones teóricas;2024;295,963842
03 Asturias, Principado de;Hombres;De 30 a 34 años;Población estacionaria;2024;493.826,67847
03 Asturias, Principado de;Hombres;De 30 a 34 años;Tiempo por vivir;2024;5.052.665,9715
03 Asturias, Principado de;Hombres;De 30 a 34 años;Esperanza de vida;2024;51,065907
03 Asturias, Principado de;Hombres;De 35 a 39 años;Tasa de mortalidad;2024;1,185495
03 Asturias, Principado de;Hombres;De 35 a 39 años;Promedio de años vividos el último año de vida;2024;0,519767
03 Asturias, Principado de;Hombres;De 35 a 39 años;Riesgo de muerte;2024;5,910651
03 Asturias, Principado de;Hombres;De 35 a 39 años;Supervivientes;2024;98.648,052819
03 Asturias, Principado de;Hombres;De 35 a 39 años;Defunciones teóricas;2024;583,074229
03 Asturias, Principado de;Hombres;De 35 a 39 años;Población estacionaria;2024;491.840,20811
03 Asturias, Principado de;Hombres;De 35 a 39 años;Tiempo por vivir;2024;4.558.839,293
03 Asturias, Principado de;Hombres;De 35 a 39 años;Esperanza de vida;2024;46,213171
03 Asturias, Principado de;Hombres;De 40 a 44 años;Tasa de mortalidad;2024;1,014591
03 Asturias, Principado de;Hombres;De 40 a 44 años;Promedio de años vividos el último año de vida;2024;0,498258
03 Asturias, Principado de;Hombres;De 40 a 44 años;Riesgo de muerte;2024;5,060077
03 Asturias, Principado de;Hombres;De 40 a 44 años;Supervivientes;2024;98.064,978589
03 Asturias, Principado de;Hombres;De 40 a 44 años;Defunciones teóricas;2024;496,216369
03 Asturias, Principado de;Hombres;De 40 a 44 años;Población estacionaria;2024;489.080,02998
03 Asturias, Principado de;Hombres;De 40 a 44 años;Tiempo por vivir;2024;4.066.999,0849
03 Asturias, Principado de;Hombres;De 40 a 44 años;Esperanza de vida;2024;41,472492
03 Asturias, Principado de;Hombres;De 45 a 49 años;Tasa de mortalidad;2024;1,889791
03 Asturias, Principado de;Hombres;De 45 a 49 años;Promedio de años vividos el último año de vida;2024;0,474195
03 Asturias, Principado de;Hombres;De 45 a 49 años;Riesgo de muerte;2024;9,402241
03 Asturias, Principado de;Hombres;De 45 a 49 años;Supervivientes;2024;97.568,76222
03 Asturias, Principado de;Hombres;De 45 a 49 años;Defunciones teóricas;2024;917,364973
03 Asturias, Principado de;Hombres;De 45 a 49 años;Población estacionaria;2024;485.432,03631
03 Asturias, Principado de;Hombres;De 45 a 49 años;Tiempo por vivir;2024;3.577.919,055
03 Asturias, Principado de;Hombres;De 45 a 49 años;Esperanza de vida;2024;36,670744
03 Asturias, Principado de;Hombres;De 50 a 54 años;Tasa de mortalidad;2024;3,867178
03 Asturias, Principado de;Hombres;De 50 a 54 años;Promedio de años vividos el último año de vida;2024;0,577458
03 Asturias, Principado de;Hombres;De 50 a 54 años;Riesgo de muerte;2024;19,17919
03 Asturias, Principado de;Hombres;De 50 a 54 años;Supervivientes;2024;96.651,397247
03 Asturias, Principado de;Hombres;De 50 a 54 años;Defunciones teóricas;2024;1.853,695474
03 Asturias, Principado de;Hombres;De 50 a 54 años;Población estacionaria;2024;479.340,66353
03 Asturias, Principado de;Hombres;De 50 a 54 años;Tiempo por vivir;2024;3.092.487,0186
03 Asturias, Principado de;Hombres;De 50 a 54 años;Esperanza de vida;2024;31,996299
03 Asturias, Principado de;Hombres;De 55 a 59 años;Tasa de mortalidad;2024;5,904207
03 Asturias, Principado de;Hombres;De 55 a 59 años;Promedio de años vividos el último año de vida;2024;0,543443
03 Asturias, Principado de;Hombres;De 55 a 59 años;Riesgo de muerte;2024;29,128441
03 Asturias, Principado de;Hombres;De 55 a 59 años;Supervivientes;2024;94.797,701773
03 Asturias, Principado de;Hombres;De 55 a 59 años;Defunciones teóricas;2024;2.761,309299
03 Asturias, Principado de;Hombres;De 55 a 59 años;Población estacionaria;2024;467.685,02949
03 Asturias, Principado de;Hombres;De 55 a 59 años;Tiempo por vivir;2024;2.613.146,3551
03 Asturias, Principado de;Hombres;De 55 a 59 años;Esperanza de vida;2024;27,565503
03 Asturias, Principado de;Hombres;De 60 a 64 años;Tasa de mortalidad;2024;10,327968
03 Asturias, Principado de;Hombres;De 60 a 64 años;Promedio de años vividos el último año de vida;2024;0,541416
03 Asturias, Principado de;Hombres;De 60 a 64 años;Riesgo de muerte;2024;50,445236
03 Asturias, Principado de;Hombres;De 60 a 64 años;Supervivientes;2024;92.036,392474
03 Asturias, Principado de;Hombres;De 60 a 64 años;Defunciones teóricas;2024;4.642,797503
03 Asturias, Principado de;Hombres;De 60 a 64 años;Población estacionaria;2024;449.536,39862
03 Asturias, Principado de;Hombres;De 60 a 64 años;Tiempo por vivir;2024;2.145.461,3256
03 Asturias, Principado de;Hombres;De 60 a 64 años;Esperanza de vida;2024;23,311011
03 Asturias, Principado de;Hombres;De 65 a 69 años;Tasa de mortalidad;2024;15,26529
03 Asturias, Principado de;Hombres;De 65 a 69 años;Promedio de años vividos el último año de vida;2024;0,521598
03 Asturias, Principado de;Hombres;De 65 a 69 años;Riesgo de muerte;2024;73,637592
03 Asturias, Principado de;Hombres;De 65 a 69 años;Supervivientes;2024;87.393,594971
03 Asturias, Principado de;Hombres;De 65 a 69 años;Defunciones teóricas;2024;6.435,453914
03 Asturias, Principado de;Hombres;De 65 a 69 años;Población estacionaria;2024;421.574,31
03 Asturias, Principado de;Hombres;De 65 a 69 años;Tiempo por vivir;2024;1.695.924,927
03 Asturias, Principado de;Hombres;De 65 a 69 años;Esperanza de vida;2024;19,405597
03 Asturias, Principado de;Hombres;De 70 a 74 años;Tasa de mortalidad;2024;21,623704
03 Asturias, Principado de;Hombres;De 70 a 74 años;Promedio de años vividos el último año de vida;2024;0,528758
03 Asturias, Principado de;Hombres;De 70 a 74 años;Riesgo de muerte;2024;102,87694
03 Asturias, Principado de;Hombres;De 70 a 74 años;Supervivientes;2024;80.958,141057
03 Asturias, Principado de;Hombres;De 70 a 74 años;Defunciones teóricas;2024;8.328,725849
03 Asturias, Principado de;Hombres;De 70 a 74 años;Población estacionaria;2024;385.166,47984
03 Asturias, Principado de;Hombres;De 70 a 74 años;Tiempo por vivir;2024;1.274.350,617
03 Asturias, Principado de;Hombres;De 70 a 74 años;Esperanza de vida;2024;15,740858
03 Asturias, Principado de;Hombres;De 75 a 79 años;Tasa de mortalidad;2024;33,862127
03 Asturias, Principado de;Hombres;De 75 a 79 años;Promedio de años vividos el último año de vida;2024;0,522139
03 Asturias, Principado de;Hombres;De 75 a 79 años;Riesgo de muerte;2024;156,637576
03 Asturias, Principado de;Hombres;De 75 a 79 años;Supervivientes;2024;72.629,415207
03 Asturias, Principado de;Hombres;De 75 a 79 años;Defunciones teóricas;2024;11.376,495577
03 Asturias, Principado de;Hombres;De 75 a 79 años;Población estacionaria;2024;335.965,17495
03 Asturias, Principado de;Hombres;De 75 a 79 años;Tiempo por vivir;2024;889.184,13716
03 Asturias, Principado de;Hombres;De 75 a 79 años;Esperanza de vida;2024;12,242755
03 Asturias, Principado de;Hombres;De 80 a 84 años;Tasa de mortalidad;2024;60,546852
03 Asturias, Principado de;Hombres;De 80 a 84 años;Promedio de años vividos el último año de vida;2024;0,513245
03 Asturias, Principado de;Hombres;De 80 a 84 años;Riesgo de muerte;2024;263,853464
03 Asturias, Principado de;Hombres;De 80 a 84 años;Supervivientes;2024;61.252,919631
03 Asturias, Principado de;Hombres;De 80 a 84 años;Defunciones teóricas;2024;16.161,795013
03 Asturias, Principado de;Hombres;De 80 a 84 años;Población estacionaria;2024;266.930,39364
03 Asturias, Principado de;Hombres;De 80 a 84 años;Tiempo por vivir;2024;553.218,96221
03 Asturias, Principado de;Hombres;De 80 a 84 años;Esperanza de vida;2024;9,031716
03 Asturias, Principado de;Hombres;De 85 a 89 años;Tasa de mortalidad;2024;108,985147
03 Asturias, Principado de;Hombres;De 85 a 89 años;Promedio de años vividos el último año de vida;2024;0,508172
03 Asturias, Principado de;Hombres;De 85 a 89 años;Riesgo de muerte;2024;429,748831
03 Asturias, Principado de;Hombres;De 85 a 89 años;Supervivientes;2024;45.091,124617
03 Asturias, Principado de;Hombres;De 85 a 89 años;Defunciones teóricas;2024;19.377,858112
03 Asturias, Principado de;Hombres;De 85 a 89 años;Población estacionaria;2024;177.802,743
03 Asturias, Principado de;Hombres;De 85 a 89 años;Tiempo por vivir;2024;286.288,56857
03 Asturias, Principado de;Hombres;De 85 a 89 años;Esperanza de vida;2024;6,349111
03 Asturias, Principado de;Hombres;90 y más años;Tasa de mortalidad;2024;""
03 Asturias, Principado de;Hombres;90 y más años;Promedio de años vividos el último año de vida;2024;""
03 Asturias, Principado de;Hombres;90 y más años;Riesgo de muerte;2024;""
03 Asturias, Principado de;Hombres;90 y más años;Supervivientes;2024;""
03 Asturias, Principado de;Hombres;90 y más años;Defunciones teóricas;2024;""
03 Asturias, Principado de;Hombres;90 y más años;Población estacionaria;2024;""
03 Asturias, Principado de;Hombres;90 y más años;Tiempo por vivir;2024;""
03 Asturias, Principado de;Hombres;90 y más años;Esperanza de vida;2024;""
03 Asturias, Principado de;Hombres;De 90 a 94 años;Tasa de mortalidad;2024;189,316451
03 Asturias, Principado de;Hombres;De 90 a 94 años;Promedio de años vividos el último año de vida;2024;0,453844
03 Asturias, Principado de;Hombres;De 90 a 94 años;Riesgo de muerte;2024;623,990611
03 Asturias, Principado de;Hombres;De 90 a 94 años;Supervivientes;2024;25.713,266505
03 Asturias, Principado de;Hombres;De 90 a 94 años;Defunciones teóricas;2024;16.044,836865
03 Asturias, Principado de;Hombres;De 90 a 94 años;Población estacionaria;2024;84.751,413532
03 Asturias, Principado de;Hombres;De 90 a 94 años;Tiempo por vivir;2024;108.485,82557
03 Asturias, Principado de;Hombres;De 90 a 94 años;Esperanza de vida;2024;4,21906
03 Asturias, Principado de;Hombres;95 y más años;Tasa de mortalidad;2024;323,645745
03 Asturias, Principado de;Hombres;95 y más años;Promedio de años vividos el último año de vida;2024;2,454836
03 Asturias, Principado de;Hombres;95 y más años;Riesgo de muerte;2024;1.000
03 Asturias, Principado de;Hombres;95 y más años;Supervivientes;2024;9.668,42964
03 Asturias, Principado de;Hombres;95 y más años;Defunciones teóricas;2024;9.668,42964
03 Asturias, Principado de;Hombres;95 y más años;Población estacionaria;2024;23.734,412034
03 Asturias, Principado de;Hombres;95 y más años;Tiempo por vivir;2024;23.734,412034
03 Asturias, Principado de;Hombres;95 y más años;Esperanza de vida;2024;2,454836
03 Asturias, Principado de;Mujeres;0 años;Tasa de mortalidad;2024;2,243026
03 Asturias, Principado de;Mujeres;0 años;Promedio de años vividos el último año de vida;2024;0,055738
03 Asturias, Principado de;Mujeres;0 años;Riesgo de muerte;2024;2,238286
03 Asturias, Principado de;Mujeres;0 años;Supervivientes;2024;100.000
03 Asturias, Principado de;Mujeres;0 años;Defunciones teóricas;2024;223,828569
03 Asturias, Principado de;Mujeres;0 años;Población estacionaria;2024;99.788,647121
03 Asturias, Principado de;Mujeres;0 años;Tiempo por vivir;2024;8.614.483,9286
03 Asturias, Principado de;Mujeres;0 años;Esperanza de vida;2024;86,144839
03 Asturias, Principado de;Mujeres;De 1 a 4 años;Tasa de mortalidad;2024;0,098641
03 Asturias, Principado de;Mujeres;De 1 a 4 años;Promedio de años vividos el último año de vida;2024;0,706284
03 Asturias, Principado de;Mujeres;De 1 a 4 años;Riesgo de muerte;2024;0,39452
03 Asturias, Principado de;Mujeres;De 1 a 4 años;Supervivientes;2024;99.776,171431
03 Asturias, Principado de;Mujeres;De 1 a 4 años;Defunciones teóricas;2024;39,363679
03 Asturias, Principado de;Mujeres;De 1 a 4 años;Población estacionaria;2024;399.058,43878
03 Asturias, Principado de;Mujeres;De 1 a 4 años;Tiempo por vivir;2024;8.514.695,2815
03 Asturias, Principado de;Mujeres;De 1 a 4 años;Esperanza de vida;2024;85,337964
03 Asturias, Principado de;Mujeres;De 5 a 9 años;Tasa de mortalidad;2024;0
03 Asturias, Principado de;Mujeres;De 5 a 9 años;Promedio de años vividos el último año de vida;2024;0
03 Asturias, Principado de;Mujeres;De 5 a 9 años;Riesgo de muerte;2024;0
03 Asturias, Principado de;Mujeres;De 5 a 9 años;Supervivientes;2024;99.736,807752
03 Asturias, Principado de;Mujeres;De 5 a 9 años;Defunciones teóricas;2024;0
03 Asturias, Principado de;Mujeres;De 5 a 9 años;Población estacionaria;2024;498.684,03876
03 Asturias, Principado de;Mujeres;De 5 a 9 años;Tiempo por vivir;2024;8.115.636,8427
03 Asturias, Principado de;Mujeres;De 5 a 9 años;Esperanza de vida;2024;81,370529
03 Asturias, Principado de;Mujeres;De 10 a 14 años;Tasa de mortalidad;2024;0,049642
03 Asturias, Principado de;Mujeres;De 10 a 14 años;Promedio de años vividos el último año de vida;2024;0,565574
03 Asturias, Principado de;Mujeres;De 10 a 14 años;Riesgo de muerte;2024;0,248186
03 Asturias, Principado de;Mujeres;De 10 a 14 años;Supervivientes;2024;99.736,807752
03 Asturias, Principado de;Mujeres;De 10 a 14 años;Defunciones teóricas;2024;24,753253
03 Asturias, Principado de;Mujeres;De 10 a 14 años;Población estacionaria;2024;498.630,27145
03 Asturias, Principado de;Mujeres;De 10 a 14 años;Tiempo por vivir;2024;7.616.952,804
03 Asturias, Principado de;Mujeres;De 10 a 14 años;Esperanza de vida;2024;76,370529
03 Asturias, Principado de;Mujeres;De 15 a 19 años;Tasa de mortalidad;2024;0,187957
03 Asturias, Principado de;Mujeres;De 15 a 19 años;Promedio de años vividos el último año de vida;2024;0,491997
03 Asturias, Principado de;Mujeres;De 15 a 19 años;Riesgo de muerte;2024;0,939334
03 Asturias, Principado de;Mujeres;De 15 a 19 años;Supervivientes;2024;99.712,054499
03 Asturias, Principado de;Mujeres;De 15 a 19 años;Defunciones teóricas;2024;93,66296
03 Asturias, Principado de;Mujeres;De 15 a 19 años;Población estacionaria;2024;498.322,3671
03 Asturias, Principado de;Mujeres;De 15 a 19 años;Tiempo por vivir;2024;7.118.322,5325
03 Asturias, Principado de;Mujeres;De 15 a 19 años;Esperanza de vida;2024;71,388786
03 Asturias, Principado de;Mujeres;De 20 a 24 años;Tasa de mortalidad;2024;0,049508
03 Asturias, Principado de;Mujeres;De 20 a 24 años;Promedio de años vividos el último año de vida;2024;0,693989
03 Asturias, Principado de;Mujeres;De 20 a 24 años;Riesgo de muerte;2024;0,247522
03 Asturias, Principado de;Mujeres;De 20 a 24 años;Supervivientes;2024;99.618,391538
03 Asturias, Principado de;Mujeres;De 20 a 24 años;Defunciones teóricas;2024;24,657784
03 Asturias, Principado de;Mujeres;De 20 a 24 años;Población estacionaria;2024;498.054,22993
03 Asturias, Principado de;Mujeres;De 20 a 24 años;Tiempo por vivir;2024;6.620.000,1654
03 Asturias, Principado de;Mujeres;De 20 a 24 años;Esperanza de vida;2024;66,453594
03 Asturias, Principado de;Mujeres;De 25 a 29 años;Tasa de mortalidad;2024;0,051121
03 Asturias, Principado de;Mujeres;De 25 a 29 años;Promedio de años vividos el último año de vida;2024;0,291803
03 Asturias, Principado de;Mujeres;De 25 a 29 años;Riesgo de muerte;2024;0,255558
03 Asturias, Principado de;Mujeres;De 25 a 29 años;Supervivientes;2024;99.593,733754
03 Asturias, Principado de;Mujeres;De 25 a 29 años;Defunciones teóricas;2024;25,452015
03 Asturias, Principado de;Mujeres;De 25 a 29 años;Población estacionaria;2024;497.878,5436
03 Asturias, Principado de;Mujeres;De 25 a 29 años;Tiempo por vivir;2024;6.121.945,9355
03 Asturias, Principado de;Mujeres;De 25 a 29 años;Esperanza de vida;2024;61,469188
03 Asturias, Principado de;Mujeres;De 30 a 34 años;Tasa de mortalidad;2024;0,096204
03 Asturias, Principado de;Mujeres;De 30 a 34 años;Promedio de años vividos el último año de vida;2024;0,222458
03 Asturias, Principado de;Mujeres;De 30 a 34 años;Riesgo de muerte;2024;0,480838
03 Asturias, Principado de;Mujeres;De 30 a 34 años;Supervivientes;2024;99.568,281739
03 Asturias, Principado de;Mujeres;De 30 a 34 años;Defunciones teóricas;2024;47,876257
03 Asturias, Principado de;Mujeres;De 30 a 34 años;Población estacionaria;2024;497.655,27958
03 Asturias, Principado de;Mujeres;De 30 a 34 años;Tiempo por vivir;2024;5.624.067,3919
03 Asturias, Principado de;Mujeres;De 30 a 34 años;Esperanza de vida;2024;56,484528
03 Asturias, Principado de;Mujeres;De 35 a 39 años;Tasa de mortalidad;2024;0,210354
03 Asturias, Principado de;Mujeres;De 35 a 39 años;Promedio de años vividos el último año de vida;2024;0,652323
03 Asturias, Principado de;Mujeres;De 35 a 39 años;Riesgo de muerte;2024;1,051387
03 Asturias, Principado de;Mujeres;De 35 a 39 años;Supervivientes;2024;99.520,405482
03 Asturias, Principado de;Mujeres;De 35 a 39 años;Defunciones teóricas;2024;104,634475
03 Asturias, Principado de;Mujeres;De 35 a 39 años;Población estacionaria;2024;497.420,1325
03 Asturias, Principado de;Mujeres;De 35 a 39 años;Tiempo por vivir;2024;5.126.412,1123
03 Asturias, Principado de;Mujeres;De 35 a 39 años;Esperanza de vida;2024;51,511166
03 Asturias, Principado de;Mujeres;De 40 a 44 años;Tasa de mortalidad;2024;0,523762
03 Asturias, Principado de;Mujeres;De 40 a 44 años;Promedio de años vividos el último año de vida;2024;0,556174
03 Asturias, Principado de;Mujeres;De 40 a 44 años;Riesgo de muerte;2024;2,615771
03 Asturias, Principado de;Mujeres;De 40 a 44 años;Supervivientes;2024;99.415,771008
03 Asturias, Principado de;Mujeres;De 40 a 44 años;Defunciones teóricas;2024;260,048853
03 Asturias, Principado de;Mujeres;De 40 a 44 años;Población estacionaria;2024;496.501,77256
03 Asturias, Principado de;Mujeres;De 40 a 44 años;Tiempo por vivir;2024;4.628.991,9798
03 Asturias, Principado de;Mujeres;De 40 a 44 años;Esperanza de vida;2024;46,561948
03 Asturias, Principado de;Mujeres;De 45 a 49 años;Tasa de mortalidad;2024;1,200716
03 Asturias, Principado de;Mujeres;De 45 a 49 años;Promedio de años vividos el último año de vida;2024;0,493072
03 Asturias, Principado de;Mujeres;De 45 a 49 años;Riesgo de muerte;2024;5,985366
03 Asturias, Principado de;Mujeres;De 45 a 49 años;Supervivientes;2024;99.155,722154
03 Asturias, Principado de;Mujeres;De 45 a 49 años;Defunciones teóricas;2024;593,483248
03 Asturias, Principado de;Mujeres;De 45 a 49 años;Población estacionaria;2024;494.274,34306
03 Asturias, Principado de;Mujeres;De 45 a 49 años;Tiempo por vivir;2024;4.132.490,2073
03 Asturias, Principado de;Mujeres;De 45 a 49 años;Esperanza de vida;2024;41,67677
03 Asturias, Principado de;Mujeres;De 50 a 54 años;Tasa de mortalidad;2024;1,64064
03 Asturias, Principado de;Mujeres;De 50 a 54 años;Promedio de años vividos el último año de vida;2024;0,54632
03 Asturias, Principado de;Mujeres;De 50 a 54 años;Riesgo de muerte;2024;8,172782
03 Asturias, Principado de;Mujeres;De 50 a 54 años;Supervivientes;2024;98.562,238906
03 Asturias, Principado de;Mujeres;De 50 a 54 años;Defunciones teóricas;2024;805,527697
03 Asturias, Principado de;Mujeres;De 50 a 54 años;Población estacionaria;2024;490.983,93652
03 Asturias, Principado de;Mujeres;De 50 a 54 años;Tiempo por vivir;2024;3.638.215,8642
03 Asturias, Principado de;Mujeres;De 50 a 54 años;Esperanza de vida;2024;36,912878
03 Asturias, Principado de;Mujeres;De 55 a 59 años;Tasa de mortalidad;2024;3,023491
03 Asturias, Principado de;Mujeres;De 55 a 59 años;Promedio de años vividos el último año de vida;2024;0,538522
03 Asturias, Principado de;Mujeres;De 55 a 59 años;Riesgo de muerte;2024;15,012722
03 Asturias, Principado de;Mujeres;De 55 a 59 años;Supervivientes;2024;97.756,711209
03 Asturias, Principado de;Mujeres;De 55 a 59 años;Defunciones teóricas;2024;1.467,594349
03 Asturias, Principado de;Mujeres;De 55 a 59 años;Población estacionaria;2024;485.397,24677
03 Asturias, Principado de;Mujeres;De 55 a 59 años;Tiempo por vivir;2024;3.147.231,9277
03 Asturias, Principado de;Mujeres;De 55 a 59 años;Esperanza de vida;2024;32,194536
03 Asturias, Principado de;Mujeres;De 60 a 64 años;Tasa de mortalidad;2024;4,469708
03 Asturias, Principado de;Mujeres;De 60 a 64 años;Promedio de años vividos el último año de vida;2024;0,516404
03 Asturias, Principado de;Mujeres;De 60 a 64 años;Riesgo de muerte;2024;22,109587
03 Asturias, Principado de;Mujeres;De 60 a 64 años;Supervivientes;2024;96.289,116861
03 Asturias, Principado de;Mujeres;De 60 a 64 años;Defunciones teóricas;2024;2.128,912595
03 Asturias, Principado de;Mujeres;De 60 a 64 años;Población estacionaria;2024;476.297,92026
03 Asturias, Principado de;Mujeres;De 60 a 64 años;Tiempo por vivir;2024;2.661.834,6809
03 Asturias, Principado de;Mujeres;De 60 a 64 años;Esperanza de vida;2024;27,64419
03 Asturias, Principado de;Mujeres;De 65 a 69 años;Tasa de mortalidad;2024;7,8729
03 Asturias, Principado de;Mujeres;De 65 a 69 años;Promedio de años vividos el último año de vida;2024;0,511947
03 Asturias, Principado de;Mujeres;De 65 a 69 años;Riesgo de muerte;2024;38,622487
03 Asturias, Principado de;Mujeres;De 65 a 69 años;Supervivientes;2024;94.160,204266
03 Asturias, Principado de;Mujeres;De 65 a 69 años;Defunciones teóricas;2024;3.636,701262
03 Asturias, Principado de;Mujeres;De 65 a 69 años;Población estacionaria;2024;461.926,51287
03 Asturias, Principado de;Mujeres;De 65 a 69 años;Tiempo por vivir;2024;2.185.536,7607
03 Asturias, Principado de;Mujeres;De 65 a 69 años;Esperanza de vida;2024;23,210833
03 Asturias, Principado de;Mujeres;De 70 a 74 años;Tasa de mortalidad;2024;9,536521
03 Asturias, Principado de;Mujeres;De 70 a 74 años;Promedio de años vividos el último año de vida;2024;0,528897
03 Asturias, Principado de;Mujeres;De 70 a 74 años;Riesgo de muerte;2024;46,635021
03 Asturias, Principado de;Mujeres;De 70 a 74 años;Supervivientes;2024;90.523,503004
03 Asturias, Principado de;Mujeres;De 70 a 74 años;Defunciones teóricas;2024;4.221,565467
03 Asturias, Principado de;Mujeres;De 70 a 74 años;Población estacionaria;2024;442.673,54553
03 Asturias, Principado de;Mujeres;De 70 a 74 años;Tiempo por vivir;2024;1.723.610,2478
03 Asturias, Principado de;Mujeres;De 70 a 74 años;Esperanza de vida;2024;19,040472
03 Asturias, Principado de;Mujeres;De 75 a 79 años;Tasa de mortalidad;2024;16,933902
03 Asturias, Principado de;Mujeres;De 75 a 79 años;Promedio de años vividos el último año de vida;2024;0,516449
03 Asturias, Principado de;Mujeres;De 75 a 79 años;Riesgo de muerte;2024;81,339315
03 Asturias, Principado de;Mujeres;De 75 a 79 años;Supervivientes;2024;86.301,937537
03 Asturias, Principado de;Mujeres;De 75 a 79 años;Defunciones teóricas;2024;7.019,740517
03 Asturias, Principado de;Mujeres;De 75 a 79 años;Población estacionaria;2024;414.537,69208
03 Asturias, Principado de;Mujeres;De 75 a 79 años;Tiempo por vivir;2024;1.280.936,7023
03 Asturias, Principado de;Mujeres;De 75 a 79 años;Esperanza de vida;2024;14,842502
03 Asturias, Principado de;Mujeres;De 80 a 84 años;Tasa de mortalidad;2024;35,52196
03 Asturias, Principado de;Mujeres;De 80 a 84 años;Promedio de años vividos el último año de vida;2024;0,53816
03 Asturias, Principado de;Mujeres;De 80 a 84 años;Riesgo de muerte;2024;164,145406
03 Asturias, Principado de;Mujeres;De 80 a 84 años;Supervivientes;2024;79.282,19702
03 Asturias, Principado de;Mujeres;De 80 a 84 años;Defunciones teóricas;2024;13.013,80838
03 Asturias, Principado de;Mujeres;De 80 a 84 años;Población estacionaria;2024;366.359,52946
03 Asturias, Principado de;Mujeres;De 80 a 84 años;Tiempo por vivir;2024;866.399,01018
03 Asturias, Principado de;Mujeres;De 80 a 84 años;Esperanza de vida;2024;10,92804
03 Asturias, Principado de;Mujeres;De 85 a 89 años;Tasa de mortalidad;2024;76,931157
03 Asturias, Principado de;Mujeres;De 85 a 89 años;Promedio de años vividos el último año de vida;2024;0,534606
03 Asturias, Principado de;Mujeres;De 85 a 89 años;Riesgo de muerte;2024;326,2514
03 Asturias, Principado de;Mujeres;De 85 a 89 años;Supervivientes;2024;66.268,38864
03 Asturias, Principado de;Mujeres;De 85 a 89 años;Defunciones teóricas;2024;21.620,154561
03 Asturias, Principado de;Mujeres;De 85 a 89 años;Población estacionaria;2024;281.032,4891
03 Asturias, Principado de;Mujeres;De 85 a 89 años;Tiempo por vivir;2024;500.039,48071
03 Asturias, Principado de;Mujeres;De 85 a 89 años;Esperanza de vida;2024;7,545671
03 Asturias, Principado de;Mujeres;90 y más años;Tasa de mortalidad;2024;""
03 Asturias, Principado de;Mujeres;90 y más años;Promedio de años vividos el último año de vida;2024;""
03 Asturias, Principado de;Mujeres;90 y más años;Riesgo de muerte;2024;""
03 Asturias, Principado de;Mujeres;90 y más años;Supervivientes;2024;""
03 Asturias, Principado de;Mujeres;90 y más años;Defunciones teóricas;2024;""
03 Asturias, Principado de;Mujeres;90 y más años;Población estacionaria;2024;""
03 Asturias, Principado de;Mujeres;90 y más años;Tiempo por vivir;2024;""
03 Asturias, Principado de;Mujeres;90 y más años;Esperanza de vida;2024;""
03 Asturias, Principado de;Mujeres;De 90 a 94 años;Tasa de mortalidad;2024;153,661946
03 Asturias, Principado de;Mujeres;De 90 a 94 años;Promedio de años vividos el último año de vida;2024;0,487806
03 Asturias, Principado de;Mujeres;De 90 a 94 años;Riesgo de muerte;2024;551,343141
03 Asturias, Principado de;Mujeres;De 90 a 94 años;Supervivientes;2024;44.648,234079
03 Asturias, Principado de;Mujeres;De 90 a 94 años;Defunciones teóricas;2024;24.616,497631
03 Asturias, Principado de;Mujeres;De 90 a 94 años;Población estacionaria;2024;160.199,04891
03 Asturias, Principado de;Mujeres;De 90 a 94 años;Tiempo por vivir;2024;219.006,99161
03 Asturias, Principado de;Mujeres;De 90 a 94 años;Esperanza de vida;2024;4,905166
03 Asturias, Principado de;Mujeres;95 y más años;Tasa de mortalidad;2024;296,426025
03 Asturias, Principado de;Mujeres;95 y más años;Promedio de años vividos el último año de vida;2024;2,935739
03 Asturias, Principado de;Mujeres;95 y más años;Riesgo de muerte;2024;1.000
03 Asturias, Principado de;Mujeres;95 y más años;Supervivientes;2024;20.031,736449
03 Asturias, Principado de;Mujeres;95 y más años;Defunciones teóricas;2024;20.031,736449
03 Asturias, Principado de;Mujeres;95 y más años;Población estacionaria;2024;58.807,942699
03 Asturias, Principado de;Mujeres;95 y más años;Tiempo por vivir;2024;58.807,942699
03 Asturias, Principado de;Mujeres;95 y más años;Esperanza de vida;2024;2,935739
04 Balears, Illes;Ambos sexos;0 años;Tasa de mortalidad;2024;4,280698
04 Balears, Illes;Ambos sexos;0 años;Promedio de años vividos el último año de vida;2024;0,068809
04 Balears, Illes;Ambos sexos;0 años;Riesgo de muerte;2024;4,263702
04 Balears, Illes;Ambos sexos;0 años;Supervivientes;2024;100.000
04 Balears, Illes;Ambos sexos;0 años;Defunciones teóricas;2024;426,370206
04 Balears, Illes;Ambos sexos;0 años;Población estacionaria;2024;99.602,968037
04 Balears, Illes;Ambos sexos;0 años;Tiempo por vivir;2024;8.346.318,6061
04 Balears, Illes;Ambos sexos;0 años;Esperanza de vida;2024;83,463186
04 Balears, Illes;Ambos sexos;De 1 a 4 años;Tasa de mortalidad;2024;0,127853
04 Balears, Illes;Ambos sexos;De 1 a 4 años;Promedio de años vividos el último año de vida;2024;0,579009
04 Balears, Illes;Ambos sexos;De 1 a 4 años;Riesgo de muerte;2024;0,511301
04 Balears, Illes;Ambos sexos;De 1 a 4 años;Supervivientes;2024;99.573,629794
04 Balears, Illes;Ambos sexos;De 1 a 4 años;Defunciones teóricas;2024;50,912137
04 Balears, Illes;Ambos sexos;De 1 a 4 años;Población estacionaria;2024;398.208,78492
04 Balears, Illes;Ambos sexos;De 1 a 4 años;Tiempo por vivir;2024;8.246.715,6381
04 Balears, Illes;Ambos sexos;De 1 a 4 años;Esperanza de vida;2024;82,820277
04 Balears, Illes;Ambos sexos;De 5 a 9 años;Tasa de mortalidad;2024;0,106522
04 Balears, Illes;Ambos sexos;De 5 a 9 años;Promedio de años vividos el último año de vida;2024;0,434338
04 Balears, Illes;Ambos sexos;De 5 a 9 años;Riesgo de muerte;2024;0,53245
04 Balears, Illes;Ambos sexos;De 5 a 9 años;Supervivientes;2024;99.522,717656
04 Balears, Illes;Ambos sexos;De 5 a 9 años;Defunciones teóricas;2024;52,99086
04 Balears, Illes;Ambos sexos;De 5 a 9 años;Población estacionaria;2024;497.463,71366
04 Balears, Illes;Ambos sexos;De 5 a 9 años;Tiempo por vivir;2024;7.848.506,8532
04 Balears, Illes;Ambos sexos;De 5 a 9 años;Esperanza de vida;2024;78,86146
04 Balears, Illes;Ambos sexos;De 10 a 14 años;Tasa de mortalidad;2024;0,049751
04 Balears, Illes;Ambos sexos;De 10 a 14 años;Promedio de años vividos el último año de vida;2024;0,240298
04 Balears, Illes;Ambos sexos;De 10 a 14 años;Riesgo de muerte;2024;0,248709
04 Balears, Illes;Ambos sexos;De 10 a 14 años;Supervivientes;2024;99.469,726797
04 Balears, Illes;Ambos sexos;De 10 a 14 años;Defunciones teóricas;2024;24,738991
04 Balears, Illes;Ambos sexos;De 10 a 14 años;Población estacionaria;2024;497.254,66266
04 Balears, Illes;Ambos sexos;De 10 a 14 años;Tiempo por vivir;2024;7.351.043,1395
04 Balears, Illes;Ambos sexos;De 10 a 14 años;Esperanza de vida;2024;73,902316
04 Balears, Illes;Ambos sexos;De 15 a 19 años;Tasa de mortalidad;2024;0,166819
04 Balears, Illes;Ambos sexos;De 15 a 19 años;Promedio de años vividos el último año de vida;2024;0,547111
04 Balears, Illes;Ambos sexos;De 15 a 19 años;Riesgo de muerte;2024;0,833782
04 Balears, Illes;Ambos sexos;De 15 a 19 años;Supervivientes;2024;99.444,987806
04 Balears, Illes;Ambos sexos;De 15 a 19 años;Defunciones teóricas;2024;82,915479
04 Balears, Illes;Ambos sexos;De 15 a 19 años;Población estacionaria;2024;497.037,18144
04 Balears, Illes;Ambos sexos;De 15 a 19 años;Tiempo por vivir;2024;6.853.788,4768
04 Balears, Illes;Ambos sexos;De 15 a 19 años;Esperanza de vida;2024;68,920401
04 Balears, Illes;Ambos sexos;De 20 a 24 años;Tasa de mortalidad;2024;0,2411
04 Balears, Illes;Ambos sexos;De 20 a 24 años;Promedio de años vividos el último año de vida;2024;0,503088
04 Balears, Illes;Ambos sexos;De 20 a 24 años;Riesgo de muerte;2024;1,204778
04 Balears, Illes;Ambos sexos;De 20 a 24 años;Supervivientes;2024;99.362,072327
04 Balears, Illes;Ambos sexos;De 20 a 24 años;Defunciones teóricas;2024;119,709272
04 Balears, Illes;Ambos sexos;De 20 a 24 años;Población estacionaria;2024;496.512,93662
04 Balears, Illes;Ambos sexos;De 20 a 24 años;Tiempo por vivir;2024;6.356.751,2954
04 Balears, Illes;Ambos sexos;De 20 a 24 años;Esperanza de vida;2024;63,975631
04 Balears, Illes;Ambos sexos;De 25 a 29 años;Tasa de mortalidad;2024;0,213959
04 Balears, Illes;Ambos sexos;De 25 a 29 años;Promedio de años vividos el último año de vida;2024;0,652002
04 Balears, Illes;Ambos sexos;De 25 a 29 años;Riesgo de muerte;2024;1,069398
04 Balears, Illes;Ambos sexos;De 25 a 29 años;Supervivientes;2024;99.242,363055
04 Balears, Illes;Ambos sexos;De 25 a 29 años;Defunciones teóricas;2024;106,129608
04 Balears, Illes;Ambos sexos;De 25 a 29 años;Población estacionaria;2024;496.027,15067
04 Balears, Illes;Ambos sexos;De 25 a 29 años;Tiempo por vivir;2024;5.860.238,3588
04 Balears, Illes;Ambos sexos;De 25 a 29 años;Esperanza de vida;2024;59,049766
04 Balears, Illes;Ambos sexos;De 30 a 34 años;Tasa de mortalidad;2024;0,391429
04 Balears, Illes;Ambos sexos;De 30 a 34 años;Promedio de años vividos el último año de vida;2024;0,53438
04 Balears, Illes;Ambos sexos;De 30 a 34 años;Riesgo de muerte;2024;1,955365
04 Balears, Illes;Ambos sexos;De 30 a 34 años;Supervivientes;2024;99.136,233447
04 Balears, Illes;Ambos sexos;De 30 a 34 años;Defunciones teóricas;2024;193,847473
04 Balears, Illes;Ambos sexos;De 30 a 34 años;Población estacionaria;2024;495.229,87069
04 Balears, Illes;Ambos sexos;De 30 a 34 años;Tiempo por vivir;2024;5.364.211,2081
04 Balears, Illes;Ambos sexos;De 30 a 34 años;Esperanza de vida;2024;54,109492
04 Balears, Illes;Ambos sexos;De 35 a 39 años;Tasa de mortalidad;2024;0,544315
04 Balears, Illes;Ambos sexos;De 35 a 39 años;Promedio de años vividos el último año de vida;2024;0,549329
04 Balears, Illes;Ambos sexos;De 35 a 39 años;Riesgo de muerte;2024;2,71824
04 Balears, Illes;Ambos sexos;De 35 a 39 años;Supervivientes;2024;98.942,385974
04 Balears, Illes;Ambos sexos;De 35 a 39 años;Defunciones teóricas;2024;268,949182
04 Balears, Illes;Ambos sexos;De 35 a 39 años;Población estacionaria;2024;494.105,89134
04 Balears, Illes;Ambos sexos;De 35 a 39 años;Tiempo por vivir;2024;4.868.981,3374
04 Balears, Illes;Ambos sexos;De 35 a 39 años;Esperanza de vida;2024;49,210268
04 Balears, Illes;Ambos sexos;De 40 a 44 años;Tasa de mortalidad;2024;0,813439
04 Balears, Illes;Ambos sexos;De 40 a 44 años;Promedio de años vividos el último año de vida;2024;0,53629
04 Balears, Illes;Ambos sexos;De 40 a 44 años;Riesgo de muerte;2024;4,059539
04 Balears, Illes;Ambos sexos;De 40 a 44 años;Supervivientes;2024;98.673,436791
04 Balears, Illes;Ambos sexos;De 40 a 44 años;Defunciones teóricas;2024;400,5687
04 Balears, Illes;Ambos sexos;De 40 a 44 años;Población estacionaria;2024;492.438,44634
04 Balears, Illes;Ambos sexos;De 40 a 44 años;Tiempo por vivir;2024;4.374.875,4461
04 Balears, Illes;Ambos sexos;De 40 a 44 años;Esperanza de vida;2024;44,336912
04 Balears, Illes;Ambos sexos;De 45 a 49 años;Tasa de mortalidad;2024;1,358023
04 Balears, Illes;Ambos sexos;De 45 a 49 años;Promedio de años vividos el último año de vida;2024;0,538794
04 Balears, Illes;Ambos sexos;De 45 a 49 años;Riesgo de muerte;2024;6,768916
04 Balears, Illes;Ambos sexos;De 45 a 49 años;Supervivientes;2024;98.272,868092
04 Balears, Illes;Ambos sexos;De 45 a 49 años;Defunciones teóricas;2024;665,200759
04 Balears, Illes;Ambos sexos;De 45 a 49 años;Población estacionaria;2024;489.830,36667
04 Balears, Illes;Ambos sexos;De 45 a 49 años;Tiempo por vivir;2024;3.882.436,9997
04 Balears, Illes;Ambos sexos;De 45 a 49 años;Esperanza de vida;2024;39,506703
04 Balears, Illes;Ambos sexos;De 50 a 54 años;Tasa de mortalidad;2024;1,970162
04 Balears, Illes;Ambos sexos;De 50 a 54 años;Promedio de años vividos el último año de vida;2024;0,557024
04 Balears, Illes;Ambos sexos;De 50 a 54 años;Riesgo de muerte;2024;9,80801
04 Balears, Illes;Ambos sexos;De 50 a 54 años;Supervivientes;2024;97.607,667333
04 Balears, Illes;Ambos sexos;De 50 a 54 años;Defunciones teóricas;2024;957,337
04 Balears, Illes;Ambos sexos;De 50 a 54 años;Población estacionaria;2024;485.917,95118
04 Balears, Illes;Ambos sexos;De 50 a 54 años;Tiempo por vivir;2024;3.392.606,6331
04 Balears, Illes;Ambos sexos;De 50 a 54 años;Esperanza de vida;2024;34,757583
04 Balears, Illes;Ambos sexos;De 55 a 59 años;Tasa de mortalidad;2024;3,540758
04 Balears, Illes;Ambos sexos;De 55 a 59 años;Promedio de años vividos el último año de vida;2024;0,540174
04 Balears, Illes;Ambos sexos;De 55 a 59 años;Riesgo de muerte;2024;17,560835
04 Balears, Illes;Ambos sexos;De 55 a 59 años;Supervivientes;2024;96.650,330333
04 Balears, Illes;Ambos sexos;De 55 a 59 años;Defunciones teóricas;2024;1.697,260505
04 Balears, Illes;Ambos sexos;De 55 a 59 años;Población estacionaria;2024;479.349,42839
04 Balears, Illes;Ambos sexos;De 55 a 59 años;Tiempo por vivir;2024;2.906.688,6819
04 Balears, Illes;Ambos sexos;De 55 a 59 años;Esperanza de vida;2024;30,074276
04 Balears, Illes;Ambos sexos;De 60 a 64 años;Tasa de mortalidad;2024;6,311069
04 Balears, Illes;Ambos sexos;De 60 a 64 años;Promedio de años vividos el último año de vida;2024;0,557106
04 Balears, Illes;Ambos sexos;De 60 a 64 años;Riesgo de muerte;2024;31,120417
04 Balears, Illes;Ambos sexos;De 60 a 64 años;Supervivientes;2024;94.953,069828
04 Balears, Illes;Ambos sexos;De 60 a 64 años;Defunciones teóricas;2024;2.954,979087
04 Balears, Illes;Ambos sexos;De 60 a 64 años;Población estacionaria;2024;468.221,64319
04 Balears, Illes;Ambos sexos;De 60 a 64 años;Tiempo por vivir;2024;2.427.339,2535
04 Balears, Illes;Ambos sexos;De 60 a 64 años;Esperanza de vida;2024;25,563568
04 Balears, Illes;Ambos sexos;De 65 a 69 años;Tasa de mortalidad;2024;9,953794
04 Balears, Illes;Ambos sexos;De 65 a 69 años;Promedio de años vividos el último año de vida;2024;0,527861
04 Balears, Illes;Ambos sexos;De 65 a 69 años;Riesgo de muerte;2024;48,626354
04 Balears, Illes;Ambos sexos;De 65 a 69 años;Supervivientes;2024;91.998,090741
04 Balears, Illes;Ambos sexos;De 65 a 69 años;Defunciones teóricas;2024;4.473,531733
04 Balears, Illes;Ambos sexos;De 65 a 69 años;Población estacionaria;2024;449.429,81738
04 Balears, Illes;Ambos sexos;De 65 a 69 años;Tiempo por vivir;2024;1.959.117,6103
04 Balears, Illes;Ambos sexos;De 65 a 69 años;Esperanza de vida;2024;21,295199
04 Balears, Illes;Ambos sexos;De 70 a 74 años;Tasa de mortalidad;2024;15,034777
04 Balears, Illes;Ambos sexos;De 70 a 74 años;Promedio de años vividos el último año de vida;2024;0,522347
04 Balears, Illes;Ambos sexos;De 70 a 74 años;Riesgo de muerte;2024;72,568176
04 Balears, Illes;Ambos sexos;De 70 a 74 años;Supervivientes;2024;87.524,559008
04 Balears, Illes;Ambos sexos;De 70 a 74 años;Defunciones teóricas;2024;6.351,497571
04 Balears, Illes;Ambos sexos;De 70 a 74 años;Población estacionaria;2024;422.453,72383
04 Balears, Illes;Ambos sexos;De 70 a 74 años;Tiempo por vivir;2024;1.509.687,7929
04 Balears, Illes;Ambos sexos;De 70 a 74 años;Esperanza de vida;2024;17,248733
04 Balears, Illes;Ambos sexos;De 75 a 79 años;Tasa de mortalidad;2024;27,388745
04 Balears, Illes;Ambos sexos;De 75 a 79 años;Promedio de años vividos el último año de vida;2024;0,537175
04 Balears, Illes;Ambos sexos;De 75 a 79 años;Riesgo de muerte;2024;128,78143
04 Balears, Illes;Ambos sexos;De 75 a 79 años;Supervivientes;2024;81.173,061438
04 Balears, Illes;Ambos sexos;De 75 a 79 años;Defunciones teóricas;2024;10.453,582927
04 Balears, Illes;Ambos sexos;De 75 a 79 años;Población estacionaria;2024;381.674,40242
04 Balears, Illes;Ambos sexos;De 75 a 79 años;Tiempo por vivir;2024;1.087.234,0691
04 Balears, Illes;Ambos sexos;De 75 a 79 años;Esperanza de vida;2024;13,394026
04 Balears, Illes;Ambos sexos;De 80 a 84 años;Tasa de mortalidad;2024;47,305574
04 Balears, Illes;Ambos sexos;De 80 a 84 años;Promedio de años vividos el último año de vida;2024;0,532923
04 Balears, Illes;Ambos sexos;De 80 a 84 años;Riesgo de muerte;2024;212,996707
04 Balears, Illes;Ambos sexos;De 80 a 84 años;Supervivientes;2024;70.719,47851
04 Balears, Illes;Ambos sexos;De 80 a 84 años;Defunciones teóricas;2024;15.063,01603
04 Balears, Illes;Ambos sexos;De 80 a 84 años;Población estacionaria;2024;318.419,47815
04 Balears, Illes;Ambos sexos;De 80 a 84 años;Tiempo por vivir;2024;705.559,66667
04 Balears, Illes;Ambos sexos;De 80 a 84 años;Esperanza de vida;2024;9,976879
04 Balears, Illes;Ambos sexos;De 85 a 89 años;Tasa de mortalidad;2024;92,587452
04 Balears, Illes;Ambos sexos;De 85 a 89 años;Promedio de años vividos el último año de vida;2024;0,520961
04 Balears, Illes;Ambos sexos;De 85 a 89 años;Riesgo de muerte;2024;378,908579
04 Balears, Illes;Ambos sexos;De 85 a 89 años;Supervivientes;2024;55.656,462481
04 Balears, Illes;Ambos sexos;De 85 a 89 años;Defunciones teóricas;2024;21.088,711106
04 Balears, Illes;Ambos sexos;De 85 a 89 años;Población estacionaria;2024;227.770,72662
04 Balears, Illes;Ambos sexos;De 85 a 89 años;Tiempo por vivir;2024;387.140,18853
04 Balears, Illes;Ambos sexos;De 85 a 89 años;Esperanza de vida;2024;6,955889
04 Balears, Illes;Ambos sexos;90 y más años;Tasa de mortalidad;2024;""
04 Balears, Illes;Ambos sexos;90 y más años;Promedio de años vividos el último año de vida;2024;""
04 Balears, Illes;Ambos sexos;90 y más años;Riesgo de muerte;2024;""
04 Balears, Illes;Ambos sexos;90 y más años;Supervivientes;2024;""
04 Balears, Illes;Ambos sexos;90 y más años;Defunciones teóricas;2024;""
04 Balears, Illes;Ambos sexos;90 y más años;Población estacionaria;2024;""
04 Balears, Illes;Ambos sexos;90 y más años;Tiempo por vivir;2024;""
04 Balears, Illes;Ambos sexos;90 y más años;Esperanza de vida;2024;""
04 Balears, Illes;Ambos sexos;De 90 a 94 años;Tasa de mortalidad;2024;172,468975
04 Balears, Illes;Ambos sexos;De 90 a 94 años;Promedio de años vividos el último año de vida;2024;0,479909
04 Balears, Illes;Ambos sexos;De 90 a 94 años;Riesgo de muerte;2024;595,337516
04 Balears, Illes;Ambos sexos;De 90 a 94 años;Supervivientes;2024;34.567,751375
04 Balears, Illes;Ambos sexos;De 90 a 94 años;Defunciones teóricas;2024;20.579,479249
04 Balears, Illes;Ambos sexos;De 90 a 94 años;Población estacionaria;2024;119.322,78991
04 Balears, Illes;Ambos sexos;De 90 a 94 años;Tiempo por vivir;2024;159.369,46191
04 Balears, Illes;Ambos sexos;De 90 a 94 años;Esperanza de vida;2024;4,610351
04 Balears, Illes;Ambos sexos;95 y más años;Tasa de mortalidad;2024;321,579576
04 Balears, Illes;Ambos sexos;95 y más años;Promedio de años vividos el último año de vida;2024;2,862875
04 Balears, Illes;Ambos sexos;95 y más años;Riesgo de muerte;2024;1.000
04 Balears, Illes;Ambos sexos;95 y más años;Supervivientes;2024;13.988,272126
04 Balears, Illes;Ambos sexos;95 y más años;Defunciones teóricas;2024;13.988,272126
04 Balears, Illes;Ambos sexos;95 y más años;Población estacionaria;2024;40.046,671993
04 Balears, Illes;Ambos sexos;95 y más años;Tiempo por vivir;2024;40.046,671993
04 Balears, Illes;Ambos sexos;95 y más años;Esperanza de vida;2024;2,862875
04 Balears, Illes;Hombres;0 años;Tasa de mortalidad;2024;4,391609
04 Balears, Illes;Hombres;0 años;Promedio de años vividos el último año de vida;2024;0,082923
04 Balears, Illes;Hombres;0 años;Riesgo de muerte;2024;4,373993
04 Balears, Illes;Hombres;0 años;Supervivientes;2024;100.000
04 Balears, Illes;Hombres;0 años;Defunciones teóricas;2024;437,399315
04 Balears, Illes;Hombres;0 años;Población estacionaria;2024;99.598,871366
04 Balears, Illes;Hombres;0 años;Tiempo por vivir;2024;8.106.283,988
04 Balears, Illes;Hombres;0 años;Esperanza de vida;2024;81,06284
04 Balears, Illes;Hombres;De 1 a 4 años;Tasa de mortalidad;2024;0,249626
04 Balears, Illes;Hombres;De 1 a 4 años;Promedio de años vividos el último año de vida;2024;0,579126
04 Balears, Illes;Hombres;De 1 a 4 años;Riesgo de muerte;2024;0,998086
04 Balears, Illes;Hombres;De 1 a 4 años;Supervivientes;2024;99.562,600685
04 Balears, Illes;Hombres;De 1 a 4 años;Defunciones teóricas;2024;99,372084
04 Balears, Illes;Hombres;De 1 a 4 años;Población estacionaria;2024;398.083,11024
04 Balears, Illes;Hombres;De 1 a 4 años;Tiempo por vivir;2024;8.006.685,1167
04 Balears, Illes;Hombres;De 1 a 4 años;Esperanza de vida;2024;80,418602
04 Balears, Illes;Hombres;De 5 a 9 años;Tasa de mortalidad;2024;0,099232
04 Balears, Illes;Hombres;De 5 a 9 años;Promedio de años vividos el último año de vida;2024;0,664614
04 Balears, Illes;Hombres;De 5 a 9 años;Riesgo de muerte;2024;0,496076
04 Balears, Illes;Hombres;De 5 a 9 años;Supervivientes;2024;99.463,228601
04 Balears, Illes;Hombres;De 5 a 9 años;Defunciones teóricas;2024;49,34136
04 Balears, Illes;Hombres;De 5 a 9 años;Población estacionaria;2024;497.233,40104
04 Balears, Illes;Hombres;De 5 a 9 años;Tiempo por vivir;2024;7.608.602,0064
04 Balears, Illes;Hombres;De 5 a 9 años;Esperanza de vida;2024;76,496632
04 Balears, Illes;Hombres;De 10 a 14 años;Tasa de mortalidad;2024;0,032611
04 Balears, Illes;Hombres;De 10 a 14 años;Promedio de años vividos el último año de vida;2024;0,33224
04 Balears, Illes;Hombres;De 10 a 14 años;Riesgo de muerte;2024;0,163039
04 Balears, Illes;Hombres;De 10 a 14 años;Supervivientes;2024;99.413,887241
04 Balears, Illes;Hombres;De 10 a 14 años;Defunciones teóricas;2024;16,208346
04 Balears, Illes;Hombres;De 10 a 14 años;Población estacionaria;2024;497.015,31982
04 Balears, Illes;Hombres;De 10 a 14 años;Tiempo por vivir;2024;7.111.368,6054
04 Balears, Illes;Hombres;De 10 a 14 años;Esperanza de vida;2024;71,53295
04 Balears, Illes;Hombres;De 15 a 19 años;Tasa de mortalidad;2024;0,233433
04 Balears, Illes;Hombres;De 15 a 19 años;Promedio de años vividos el último año de vida;2024;0,608036
04 Balears, Illes;Hombres;De 15 a 19 años;Riesgo de muerte;2024;1,166631
04 Balears, Illes;Hombres;De 15 a 19 años;Supervivientes;2024;99.397,678896
04 Balears, Illes;Hombres;De 15 a 19 años;Defunciones teóricas;2024;115,960404
04 Balears, Illes;Hombres;De 15 a 19 años;Población estacionaria;2024;496.761,13323
04 Balears, Illes;Hombres;De 15 a 19 años;Tiempo por vivir;2024;6.614.353,2856
04 Balears, Illes;Hombres;De 15 a 19 años;Esperanza de vida;2024;66,544343
04 Balears, Illes;Hombres;De 20 a 24 años;Tasa de mortalidad;2024;0,278573
04 Balears, Illes;Hombres;De 20 a 24 años;Promedio de años vividos el último año de vida;2024;0,445636
04 Balears, Illes;Hombres;De 20 a 24 años;Riesgo de muerte;2024;1,391788
04 Balears, Illes;Hombres;De 20 a 24 años;Supervivientes;2024;99.281,718492
04 Balears, Illes;Hombres;De 20 a 24 años;Defunciones teóricas;2024;138,179134
04 Balears, Illes;Hombres;De 20 a 24 años;Población estacionaria;2024;496.025,585
04 Balears, Illes;Hombres;De 20 a 24 años;Tiempo por vivir;2024;6.117.592,1523
04 Balears, Illes;Hombres;De 20 a 24 años;Esperanza de vida;2024;61,618516
04 Balears, Illes;Hombres;De 25 a 29 años;Tasa de mortalidad;2024;0,321286
04 Balears, Illes;Hombres;De 25 a 29 años;Promedio de años vividos el último año de vida;2024;0,722737
04 Balears, Illes;Hombres;De 25 a 29 años;Riesgo de muerte;2024;1,605717
04 Balears, Illes;Hombres;De 25 a 29 años;Supervivientes;2024;99.143,539359
04 Balears, Illes;Hombres;De 25 a 29 años;Defunciones teóricas;2024;159,196436
04 Balears, Illes;Hombres;De 25 a 29 años;Población estacionaria;2024;495.497,00008
04 Balears, Illes;Hombres;De 25 a 29 años;Tiempo por vivir;2024;5.621.566,5673
04 Balears, Illes;Hombres;De 25 a 29 años;Esperanza de vida;2024;56,70129
04 Balears, Illes;Hombres;De 30 a 34 años;Tasa de mortalidad;2024;0,567391
04 Balears, Illes;Hombres;De 30 a 34 años;Promedio de años vividos el último año de vida;2024;0,553859
04 Balears, Illes;Hombres;De 30 a 34 años;Riesgo de muerte;2024;2,833367
04 Balears, Illes;Hombres;De 30 a 34 años;Supervivientes;2024;98.984,342923
04 Balears, Illes;Hombres;De 30 a 34 años;Defunciones teóricas;2024;280,458964
04 Balears, Illes;Hombres;De 30 a 34 años;Población estacionaria;2024;494.296,09289
04 Balears, Illes;Hombres;De 30 a 34 años;Tiempo por vivir;2024;5.126.069,5672
04 Balears, Illes;Hombres;De 30 a 34 años;Esperanza de vida;2024;51,786671
04 Balears, Illes;Hombres;De 35 a 39 años;Tasa de mortalidad;2024;0,926185
04 Balears, Illes;Hombres;De 35 a 39 años;Promedio de años vividos el último año de vida;2024;0,535282
04 Balears, Illes;Hombres;De 35 a 39 años;Riesgo de muerte;2024;4,620978
04 Balears, Illes;Hombres;De 35 a 39 años;Supervivientes;2024;98.703,883959
04 Balears, Illes;Hombres;De 35 a 39 años;Defunciones teóricas;2024;456,108522
04 Balears, Illes;Hombres;De 35 a 39 años;Población estacionaria;2024;492.459,60957
04 Balears, Illes;Hombres;De 35 a 39 años;Tiempo por vivir;2024;4.631.773,4744
04 Balears, Illes;Hombres;De 35 a 39 años;Esperanza de vida;2024;46,92595
04 Balears, Illes;Hombres;De 40 a 44 años;Tasa de mortalidad;2024;0,886742
04 Balears, Illes;Hombres;De 40 a 44 años;Promedio de años vividos el último año de vida;2024;0,548037
04 Balears, Illes;Hombres;De 40 a 44 años;Riesgo de muerte;2024;4,424845
04 Balears, Illes;Hombres;De 40 a 44 años;Supervivientes;2024;98.247,775437
04 Balears, Illes;Hombres;De 40 a 44 años;Defunciones teóricas;2024;434,731203
04 Balears, Illes;Hombres;De 40 a 44 años;Población estacionaria;2024;490.256,46444
04 Balears, Illes;Hombres;De 40 a 44 años;Tiempo por vivir;2024;4.139.313,8648
04 Balears, Illes;Hombres;De 40 a 44 años;Esperanza de vida;2024;42,131375
04 Balears, Illes;Hombres;De 45 a 49 años;Tasa de mortalidad;2024;1,718201
04 Balears, Illes;Hombres;De 45 a 49 años;Promedio de años vividos el último año de vida;2024;0,546002
04 Balears, Illes;Hombres;De 45 a 49 años;Riesgo de muerte;2024;8,557627
04 Balears, Illes;Hombres;De 45 a 49 años;Supervivientes;2024;97.813,044234
04 Balears, Illes;Hombres;De 45 a 49 años;Defunciones teóricas;2024;837,047581
04 Balears, Illes;Hombres;De 45 a 49 años;Población estacionaria;2024;487.165,13315
04 Balears, Illes;Hombres;De 45 a 49 años;Tiempo por vivir;2024;3.649.057,4003
04 Balears, Illes;Hombres;De 45 a 49 años;Esperanza de vida;2024;37,30645
04 Balears, Illes;Hombres;De 50 a 54 años;Tasa de mortalidad;2024;2,724524
04 Balears, Illes;Hombres;De 50 a 54 años;Promedio de años vividos el último año de vida;2024;0,568697
04 Balears, Illes;Hombres;De 50 a 54 años;Riesgo de muerte;2024;13,54305
04 Balears, Illes;Hombres;De 50 a 54 años;Supervivientes;2024;96.975,996653
04 Balears, Illes;Hombres;De 50 a 54 años;Defunciones teóricas;2024;1.313,350819
04 Balears, Illes;Hombres;De 50 a 54 años;Población estacionaria;2024;482.047,72463
04 Balears, Illes;Hombres;De 50 a 54 años;Tiempo por vivir;2024;3.161.892,2672
04 Balears, Illes;Hombres;De 50 a 54 años;Esperanza de vida;2024;32,604896
04 Balears, Illes;Hombres;De 55 a 59 años;Tasa de mortalidad;2024;4,749594
04 Balears, Illes;Hombres;De 55 a 59 años;Promedio de años vividos el último año de vida;2024;0,548158
04 Balears, Illes;Hombres;De 55 a 59 años;Riesgo de muerte;2024;23,49585
04 Balears, Illes;Hombres;De 55 a 59 años;Supervivientes;2024;95.662,645834
04 Balears, Illes;Hombres;De 55 a 59 años;Defunciones teóricas;2024;2.247,67514
04 Balears, Illes;Hombres;De 55 a 59 años;Población estacionaria;2024;473.235,25396
04 Balears, Illes;Hombres;De 55 a 59 años;Tiempo por vivir;2024;2.679.844,5426
04 Balears, Illes;Hombres;De 55 a 59 años;Esperanza de vida;2024;28,01349
04 Balears, Illes;Hombres;De 60 a 64 años;Tasa de mortalidad;2024;8,296287
04 Balears, Illes;Hombres;De 60 a 64 años;Promedio de años vividos el último año de vida;2024;0,546891
04 Balears, Illes;Hombres;De 60 a 64 años;Riesgo de muerte;2024;40,716152
04 Balears, Illes;Hombres;De 60 a 64 años;Supervivientes;2024;93.414,970695
04 Balears, Illes;Hombres;De 60 a 64 años;Defunciones teóricas;2024;3.803,49811
04 Balears, Illes;Hombres;De 60 a 64 años;Población estacionaria;2024;458.457,85749
04 Balears, Illes;Hombres;De 60 a 64 años;Tiempo por vivir;2024;2.206.609,2886
04 Balears, Illes;Hombres;De 60 a 64 años;Esperanza de vida;2024;23,621581
04 Balears, Illes;Hombres;De 65 a 69 años;Tasa de mortalidad;2024;13,494358
04 Balears, Illes;Hombres;De 65 a 69 años;Promedio de años vividos el último año de vida;2024;0,523298
04 Balears, Illes;Hombres;De 65 a 69 años;Riesgo de muerte;2024;65,369256
04 Balears, Illes;Hombres;De 65 a 69 años;Supervivientes;2024;89.611,472585
04 Balears, Illes;Hombres;De 65 a 69 años;Defunciones teóricas;2024;5.857,835255
04 Balears, Illes;Hombres;De 65 a 69 años;Población estacionaria;2024;434.095,14889
04 Balears, Illes;Hombres;De 65 a 69 años;Tiempo por vivir;2024;1.748.151,4311
04 Balears, Illes;Hombres;De 65 a 69 años;Esperanza de vida;2024;19,508121
04 Balears, Illes;Hombres;De 70 a 74 años;Tasa de mortalidad;2024;20,5958
04 Balears, Illes;Hombres;De 70 a 74 años;Promedio de años vividos el último año de vida;2024;0,526583
04 Balears, Illes;Hombres;De 70 a 74 años;Riesgo de muerte;2024;98,191951
04 Balears, Illes;Hombres;De 70 a 74 años;Supervivientes;2024;83.753,637329
04 Balears, Illes;Hombres;De 70 a 74 años;Defunciones teóricas;2024;8.223,933025
04 Balears, Illes;Hombres;De 70 a 74 años;Población estacionaria;2024;399.301,45141
04 Balears, Illes;Hombres;De 70 a 74 años;Tiempo por vivir;2024;1.314.056,2822
04 Balears, Illes;Hombres;De 70 a 74 años;Esperanza de vida;2024;15,689543
04 Balears, Illes;Hombres;De 75 a 79 años;Tasa de mortalidad;2024;35,368903
04 Balears, Illes;Hombres;De 75 a 79 años;Promedio de años vividos el último año de vida;2024;0,532974
04 Balears, Illes;Hombres;De 75 a 79 años;Riesgo de muerte;2024;163,353023
04 Balears, Illes;Hombres;De 75 a 79 años;Supervivientes;2024;75.529,704304
04 Balears, Illes;Hombres;De 75 a 79 años;Defunciones teóricas;2024;12.338,005489
04 Balears, Illes;Hombres;De 75 a 79 años;Población estacionaria;2024;348.837,66257
04 Balears, Illes;Hombres;De 75 a 79 años;Tiempo por vivir;2024;914.754,83081
04 Balears, Illes;Hombres;De 75 a 79 años;Esperanza de vida;2024;12,111193
04 Balears, Illes;Hombres;De 80 a 84 años;Tasa de mortalidad;2024;60,380461
04 Balears, Illes;Hombres;De 80 a 84 años;Promedio de años vividos el último año de vida;2024;0,536404
04 Balears, Illes;Hombres;De 80 a 84 años;Riesgo de muerte;2024;264,835726
04 Balears, Illes;Hombres;De 80 a 84 años;Supervivientes;2024;63.191,698815
04 Balears, Illes;Hombres;De 80 a 84 años;Defunciones teóricas;2024;16.735,419424
04 Balears, Illes;Hombres;De 80 a 84 años;Población estacionaria;2024;277.166,1411
04 Balears, Illes;Hombres;De 80 a 84 años;Tiempo por vivir;2024;565.917,16824
04 Balears, Illes;Hombres;De 80 a 84 años;Esperanza de vida;2024;8,955562
04 Balears, Illes;Hombres;De 85 a 89 años;Tasa de mortalidad;2024;113,30015
04 Balears, Illes;Hombres;De 85 a 89 años;Promedio de años vividos el último año de vida;2024;0,517614
04 Balears, Illes;Hombres;De 85 a 89 años;Riesgo de muerte;2024;444,917374
04 Balears, Illes;Hombres;De 85 a 89 años;Supervivientes;2024;46.456,279392
04 Balears, Illes;Hombres;De 85 a 89 años;Defunciones teóricas;2024;20.669,205818
04 Balears, Illes;Hombres;De 85 a 89 años;Población estacionaria;2024;182.428,75892
04 Balears, Illes;Hombres;De 85 a 89 años;Tiempo por vivir;2024;288.751,02714
04 Balears, Illes;Hombres;De 85 a 89 años;Esperanza de vida;2024;6,215544
04 Balears, Illes;Hombres;90 y más años;Tasa de mortalidad;2024;""
04 Balears, Illes;Hombres;90 y más años;Promedio de años vividos el último año de vida;2024;""
04 Balears, Illes;Hombres;90 y más años;Riesgo de muerte;2024;""
04 Balears, Illes;Hombres;90 y más años;Supervivientes;2024;""
04 Balears, Illes;Hombres;90 y más años;Defunciones teóricas;2024;""
04 Balears, Illes;Hombres;90 y más años;Población estacionaria;2024;""
04 Balears, Illes;Hombres;90 y más años;Tiempo por vivir;2024;""
04 Balears, Illes;Hombres;90 y más años;Esperanza de vida;2024;""
04 Balears, Illes;Hombres;De 90 a 94 años;Tasa de mortalidad;2024;196,407099
04 Balears, Illes;Hombres;De 90 a 94 años;Promedio de años vividos el último año de vida;2024;0,450884
04 Balears, Illes;Hombres;De 90 a 94 años;Riesgo de muerte;2024;637,995469
04 Balears, Illes;Hombres;De 90 a 94 años;Supervivientes;2024;25.787,073573
04 Balears, Illes;Hombres;De 90 a 94 años;Defunciones teóricas;2024;16.452,036109
04 Balears, Illes;Hombres;De 90 a 94 años;Población estacionaria;2024;83.764,976731
04 Balears, Illes;Hombres;De 90 a 94 años;Tiempo por vivir;2024;106.322,26822
04 Balears, Illes;Hombres;De 90 a 94 años;Esperanza de vida;2024;4,123084
04 Balears, Illes;Hombres;95 y más años;Tasa de mortalidad;2024;322,893692
04 Balears, Illes;Hombres;95 y más años;Promedio de años vividos el último año de vida;2024;2,416411
04 Balears, Illes;Hombres;95 y más años;Riesgo de muerte;2024;1.000
04 Balears, Illes;Hombres;95 y más años;Supervivientes;2024;9.335,037464
04 Balears, Illes;Hombres;95 y más años;Defunciones teóricas;2024;9.335,037464
04 Balears, Illes;Hombres;95 y más años;Población estacionaria;2024;22.557,291484
04 Balears, Illes;Hombres;95 y más años;Tiempo por vivir;2024;22.557,291484
04 Balears, Illes;Hombres;95 y más años;Esperanza de vida;2024;2,416411
04 Balears, Illes;Mujeres;0 años;Tasa de mortalidad;2024;4,163854
04 Balears, Illes;Mujeres;0 años;Promedio de años vividos el último año de vida;2024;0,053127
04 Balears, Illes;Mujeres;0 años;Riesgo de muerte;2024;4,147502
04 Balears, Illes;Mujeres;0 años;Supervivientes;2024;100.000
04 Balears, Illes;Mujeres;0 años;Defunciones teóricas;2024;414,750199
04 Balears, Illes;Mujeres;0 años;Población estacionaria;2024;99.607,284192
04 Balears, Illes;Mujeres;0 años;Tiempo por vivir;2024;8.581.148,7087
04 Balears, Illes;Mujeres;0 años;Esperanza de vida;2024;85,811487
04 Balears, Illes;Mujeres;De 1 a 4 años;Tasa de mortalidad;2024;0
04 Balears, Illes;Mujeres;De 1 a 4 años;Promedio de años vividos el último año de vida;2024;0
04 Balears, Illes;Mujeres;De 1 a 4 años;Riesgo de muerte;2024;0
04 Balears, Illes;Mujeres;De 1 a 4 años;Supervivientes;2024;99.585,249801
04 Balears, Illes;Mujeres;De 1 a 4 años;Defunciones teóricas;2024;0
04 Balears, Illes;Mujeres;De 1 a 4 años;Población estacionaria;2024;398.340,9992
04 Balears, Illes;Mujeres;De 1 a 4 años;Tiempo por vivir;2024;8.481.541,4245
04 Balears, Illes;Mujeres;De 1 a 4 años;Esperanza de vida;2024;85,168651
04 Balears, Illes;Mujeres;De 5 a 9 años;Tasa de mortalidad;2024;0,11355
04 Balears, Illes;Mujeres;De 5 a 9 años;Promedio de años vividos el último año de vida;2024;0,220427
04 Balears, Illes;Mujeres;De 5 a 9 años;Riesgo de muerte;2024;0,567497
04 Balears, Illes;Mujeres;De 5 a 9 años;Supervivientes;2024;99.585,249801
04 Balears, Illes;Mujeres;De 5 a 9 años;Defunciones teóricas;2024;56,514281
04 Balears, Illes;Mujeres;De 5 a 9 años;Población estacionaria;2024;497.705,96386
04 Balears, Illes;Mujeres;De 5 a 9 años;Tiempo por vivir;2024;8.083.200,4253
04 Balears, Illes;Mujeres;De 5 a 9 años;Esperanza de vida;2024;81,168651
04 Balears, Illes;Mujeres;De 10 a 14 años;Tasa de mortalidad;2024;0,068092
04 Balears, Illes;Mujeres;De 10 a 14 años;Promedio de años vividos el último año de vida;2024;0,193202
04 Balears, Illes;Mujeres;De 10 a 14 años;Riesgo de muerte;2024;0,340369
04 Balears, Illes;Mujeres;De 10 a 14 años;Supervivientes;2024;99.528,73552
04 Balears, Illes;Mujeres;De 10 a 14 años;Defunciones teóricas;2024;33,876448
04 Balears, Illes;Mujeres;De 10 a 14 años;Población estacionaria;2024;497.507,0204
04 Balears, Illes;Mujeres;De 10 a 14 años;Tiempo por vivir;2024;7.585.494,4614
04 Balears, Illes;Mujeres;De 10 a 14 años;Esperanza de vida;2024;76,214115
04 Balears, Illes;Mujeres;De 15 a 19 años;Tasa de mortalidad;2024;0,095319
04 Balears, Illes;Mujeres;De 15 a 19 años;Promedio de años vividos el último año de vida;2024;0,385552
04 Balears, Illes;Mujeres;De 15 a 19 años;Riesgo de muerte;2024;0,476457
04 Balears, Illes;Mujeres;De 15 a 19 años;Supervivientes;2024;99.494,859071
04 Balears, Illes;Mujeres;De 15 a 19 años;Defunciones teóricas;2024;47,405041
04 Balears, Illes;Mujeres;De 15 a 19 años;Población estacionaria;2024;497.328,65571
04 Balears, Illes;Mujeres;De 15 a 19 años;Tiempo por vivir;2024;7.087.987,441
04 Balears, Illes;Mujeres;De 15 a 19 años;Esperanza de vida;2024;71,239735
04 Balears, Illes;Mujeres;De 20 a 24 años;Tasa de mortalidad;2024;0,201271
04 Balears, Illes;Mujeres;De 20 a 24 años;Promedio de años vividos el último año de vida;2024;0,58729
04 Balears, Illes;Mujeres;De 20 a 24 años;Riesgo de muerte;2024;1,005939
04 Balears, Illes;Mujeres;De 20 a 24 años;Supervivientes;2024;99.447,454031
04 Balears, Illes;Mujeres;De 20 a 24 años;Defunciones teóricas;2024;100,038101
04 Balears, Illes;Mujeres;De 20 a 24 años;Población estacionaria;2024;497.030,83645
04 Balears, Illes;Mujeres;De 20 a 24 años;Tiempo por vivir;2024;6.590.658,7853
04 Balears, Illes;Mujeres;De 20 a 24 años;Esperanza de vida;2024;66,272775
04 Balears, Illes;Mujeres;De 25 a 29 años;Tasa de mortalidad;2024;0,1038
04 Balears, Illes;Mujeres;De 25 a 29 años;Promedio de años vividos el último año de vida;2024;0,426811
04 Balears, Illes;Mujeres;De 25 a 29 años;Riesgo de muerte;2024;0,518846
04 Balears, Illes;Mujeres;De 25 a 29 años;Supervivientes;2024;99.347,41593
04 Balears, Illes;Mujeres;De 25 a 29 años;Defunciones teóricas;2024;51,546033
04 Balears, Illes;Mujeres;De 25 a 29 años;Población estacionaria;2024;496.589,35165
04 Balears, Illes;Mujeres;De 25 a 29 años;Tiempo por vivir;2024;6.093.627,9489
04 Balears, Illes;Mujeres;De 25 a 29 años;Esperanza de vida;2024;61,336552
04 Balears, Illes;Mujeres;De 30 a 34 años;Tasa de mortalidad;2024;0,209715
04 Balears, Illes;Mujeres;De 30 a 34 años;Promedio de años vividos el último año de vida;2024;0,47679
04 Balears, Illes;Mujeres;De 30 a 34 años;Riesgo de muerte;2024;1,048002
04 Balears, Illes;Mujeres;De 30 a 34 años;Supervivientes;2024;99.295,869897
04 Balears, Illes;Mujeres;De 30 a 34 años;Defunciones teóricas;2024;104,062302
04 Balears, Illes;Mujeres;De 30 a 34 años;Población estacionaria;2024;496.207,11723
04 Balears, Illes;Mujeres;De 30 a 34 años;Tiempo por vivir;2024;5.597.038,5972
04 Balears, Illes;Mujeres;De 30 a 34 años;Esperanza de vida;2024;56,367285
04 Balears, Illes;Mujeres;De 35 a 39 años;Tasa de mortalidad;2024;0,153427
04 Balears, Illes;Mujeres;De 35 a 39 años;Promedio de años vividos el último año de vida;2024;0,637087
04 Balears, Illes;Mujeres;De 35 a 39 años;Riesgo de muerte;2024;0,766922
04 Balears, Illes;Mujeres;De 35 a 39 años;Supervivientes;2024;99.191,807595
04 Balears, Illes;Mujeres;De 35 a 39 años;Defunciones teóricas;2024;76,072338
04 Balears, Illes;Mujeres;De 35 a 39 años;Población estacionaria;2024;495.820,99972
04 Balears, Illes;Mujeres;De 35 a 39 años;Tiempo por vivir;2024;5.100.831,48
04 Balears, Illes;Mujeres;De 35 a 39 años;Esperanza de vida;2024;51,423919
04 Balears, Illes;Mujeres;De 40 a 44 años;Tasa de mortalidad;2024;0,737336
04 Balears, Illes;Mujeres;De 40 a 44 años;Promedio de años vividos el último año de vida;2024;0,521822
04 Balears, Illes;Mujeres;De 40 a 44 años;Riesgo de muerte;2024;3,680194
04 Balears, Illes;Mujeres;De 40 a 44 años;Supervivientes;2024;99.115,735257
04 Balears, Illes;Mujeres;De 40 a 44 años;Defunciones teóricas;2024;364,76514
04 Balears, Illes;Mujeres;De 40 a 44 años;Población estacionaria;2024;494.706,56317
04 Balears, Illes;Mujeres;De 40 a 44 años;Tiempo por vivir;2024;4.605.010,4803
04 Balears, Illes;Mujeres;De 40 a 44 años;Esperanza de vida;2024;46,460943
04 Balears, Illes;Mujeres;De 45 a 49 años;Tasa de mortalidad;2024;0,974445
04 Balears, Illes;Mujeres;De 45 a 49 años;Promedio de años vividos el último año de vida;2024;0,523772
04 Balears, Illes;Mujeres;De 45 a 49 años;Riesgo de muerte;2024;4,860946
04 Balears, Illes;Mujeres;De 45 a 49 años;Supervivientes;2024;98.750,970116
04 Balears, Illes;Mujeres;De 45 a 49 años;Defunciones teóricas;2024;480,023168
04 Balears, Illes;Mujeres;De 45 a 49 años;Población estacionaria;2024;492.611,84743
04 Balears, Illes;Mujeres;De 45 a 49 años;Tiempo por vivir;2024;4.110.303,9171
04 Balears, Illes;Mujeres;De 45 a 49 años;Esperanza de vida;2024;41,622922
04 Balears, Illes;Mujeres;De 50 a 54 años;Tasa de mortalidad;2024;1,181782
04 Balears, Illes;Mujeres;De 50 a 54 años;Promedio de años vividos el último año de vida;2024;0,530146
04 Balears, Illes;Mujeres;De 50 a 54 años;Riesgo de muerte;2024;5,892548
04 Balears, Illes;Mujeres;De 50 a 54 años;Supervivientes;2024;98.270,946948
04 Balears, Illes;Mujeres;De 50 a 54 años;Defunciones teóricas;2024;579,066304
04 Balears, Illes;Mujeres;De 50 a 54 años;Población estacionaria;2024;489.994,35234
04 Balears, Illes;Mujeres;De 50 a 54 años;Tiempo por vivir;2024;3.617.692,0697
04 Balears, Illes;Mujeres;De 50 a 54 años;Esperanza de vida;2024;36,813445
04 Balears, Illes;Mujeres;De 55 a 59 años;Tasa de mortalidad;2024;2,323678
04 Balears, Illes;Mujeres;De 55 a 59 años;Promedio de años vividos el último año de vida;2024;0,524935
04 Balears, Illes;Mujeres;De 55 a 59 años;Riesgo de muerte;2024;11,554614
04 Balears, Illes;Mujeres;De 55 a 59 años;Supervivientes;2024;97.691,880644
04 Balears, Illes;Mujeres;De 55 a 59 años;Defunciones teóricas;2024;1.128,791988
04 Balears, Illes;Mujeres;De 55 a 59 años;Población estacionaria;2024;485.778,15275
04 Balears, Illes;Mujeres;De 55 a 59 años;Tiempo por vivir;2024;3.127.697,7173
04 Balears, Illes;Mujeres;De 55 a 59 años;Esperanza de vida;2024;32,015943
04 Balears, Illes;Mujeres;De 60 a 64 años;Tasa de mortalidad;2024;4,405127
04 Balears, Illes;Mujeres;De 60 a 64 años;Promedio de años vividos el último año de vida;2024;0,576004
04 Balears, Illes;Mujeres;De 60 a 64 años;Riesgo de muerte;2024;21,821847
04 Balears, Illes;Mujeres;De 60 a 64 años;Supervivientes;2024;96.563,088657
04 Balears, Illes;Mujeres;De 60 a 64 años;Defunciones teóricas;2024;2.107,184988
04 Balears, Illes;Mujeres;De 60 a 64 años;Población estacionaria;2024;478.348,2483
04 Balears, Illes;Mujeres;De 60 a 64 años;Tiempo por vivir;2024;2.641.919,5646
04 Balears, Illes;Mujeres;De 60 a 64 años;Esperanza de vida;2024;27,359518
04 Balears, Illes;Mujeres;De 65 a 69 años;Tasa de mortalidad;2024;6,763136
04 Balears, Illes;Mujeres;De 65 a 69 años;Promedio de años vividos el último año de vida;2024;0,537172
04 Balears, Illes;Mujeres;De 65 a 69 años;Riesgo de muerte;2024;33,294592
04 Balears, Illes;Mujeres;De 65 a 69 años;Supervivientes;2024;94.455,903668
04 Balears, Illes;Mujeres;De 65 a 69 años;Defunciones teóricas;2024;3.144,87073
04 Balears, Illes;Mujeres;De 65 a 69 años;Población estacionaria;2024;465.001,84723
04 Balears, Illes;Mujeres;De 65 a 69 años;Tiempo por vivir;2024;2.163.571,3163
04 Balears, Illes;Mujeres;De 65 a 69 años;Esperanza de vida;2024;22,905623
04 Balears, Illes;Mujeres;De 70 a 74 años;Tasa de mortalidad;2024;10,094555
04 Balears, Illes;Mujeres;De 70 a 74 años;Promedio de años vividos el último año de vida;2024;0,515083
04 Balears, Illes;Mujeres;De 70 a 74 años;Riesgo de muerte;2024;49,266964
04 Balears, Illes;Mujeres;De 70 a 74 años;Supervivientes;2024;91.311,032938
04 Balears, Illes;Mujeres;De 70 a 74 años;Defunciones teóricas;2024;4.498,617338
04 Balears, Illes;Mujeres;De 70 a 74 años;Población estacionaria;2024;445.647,89194
04 Balears, Illes;Mujeres;De 70 a 74 años;Tiempo por vivir;2024;1.698.569,469
04 Balears, Illes;Mujeres;De 70 a 74 años;Esperanza de vida;2024;18,602018
04 Balears, Illes;Mujeres;De 75 a 79 años;Tasa de mortalidad;2024;20,697002
04 Balears, Illes;Mujeres;De 75 a 79 años;Promedio de años vividos el último año de vida;2024;0,541535
04 Balears, Illes;Mujeres;De 75 a 79 años;Riesgo de muerte;2024;98,797629
04 Balears, Illes;Mujeres;De 75 a 79 años;Supervivientes;2024;86.812,4156
04 Balears, Illes;Mujeres;De 75 a 79 años;Defunciones teóricas;2024;8.576,860868
04 Balears, Illes;Mujeres;De 75 a 79 años;Población estacionaria;2024;414.401,12599
04 Balears, Illes;Mujeres;De 75 a 79 años;Tiempo por vivir;2024;1.252.921,5771
04 Balears, Illes;Mujeres;De 75 a 79 años;Esperanza de vida;2024;14,432516
04 Balears, Illes;Mujeres;De 80 a 84 años;Tasa de mortalidad;2024;37,515762
04 Balears, Illes;Mujeres;De 80 a 84 años;Promedio de años vividos el último año de vida;2024;0,528755
04 Balears, Illes;Mujeres;De 80 a 84 años;Riesgo de muerte;2024;172,344325
04 Balears, Illes;Mujeres;De 80 a 84 años;Supervivientes;2024;78.235,554731
04 Balears, Illes;Mujeres;De 80 a 84 años;Defunciones teóricas;2024;13.483,453851
04 Balears, Illes;Mujeres;De 80 a 84 años;Población estacionaria;2024;359.407,70658
04 Balears, Illes;Mujeres;De 80 a 84 años;Tiempo por vivir;2024;838.520,4511
04 Balears, Illes;Mujeres;De 80 a 84 años;Esperanza de vida;2024;10,717895
04 Balears, Illes;Mujeres;De 85 a 89 años;Tasa de mortalidad;2024;80,18959
04 Balears, Illes;Mujeres;De 85 a 89 años;Promedio de años vividos el último año de vida;2024;0,524277
04 Balears, Illes;Mujeres;De 85 a 89 años;Riesgo de muerte;2024;336,721633
04 Balears, Illes;Mujeres;De 85 a 89 años;Supervivientes;2024;64.752,100881
04 Balears, Illes;Mujeres;De 85 a 89 años;Defunciones teóricas;2024;21.803,433177
04 Balears, Illes;Mujeres;De 85 a 89 años;Población estacionaria;2024;271.898,54794
04 Balears, Illes;Mujeres;De 85 a 89 años;Tiempo por vivir;2024;479.112,74452
04 Balears, Illes;Mujeres;De 85 a 89 años;Esperanza de vida;2024;7,399185
04 Balears, Illes;Mujeres;90 y más años;Tasa de mortalidad;2024;""
04 Balears, Illes;Mujeres;90 y más años;Promedio de años vividos el último año de vida;2024;""
04 Balears, Illes;Mujeres;90 y más años;Riesgo de muerte;2024;""
04 Balears, Illes;Mujeres;90 y más años;Supervivientes;2024;""
04 Balears, Illes;Mujeres;90 y más años;Defunciones teóricas;2024;""
04 Balears, Illes;Mujeres;90 y más años;Población estacionaria;2024;""
04 Balears, Illes;Mujeres;90 y más años;Tiempo por vivir;2024;""
04 Balears, Illes;Mujeres;90 y más años;Esperanza de vida;2024;""
04 Balears, Illes;Mujeres;De 90 a 94 años;Tasa de mortalidad;2024;161,915914
04 Balears, Illes;Mujeres;De 90 a 94 años;Promedio de años vividos el último año de vida;2024;0,49585
04 Balears, Illes;Mujeres;De 90 a 94 años;Riesgo de muerte;2024;574,924485
04 Balears, Illes;Mujeres;De 90 a 94 años;Supervivientes;2024;42.948,667703
04 Balears, Illes;Mujeres;De 90 a 94 años;Defunciones teóricas;2024;24.692,240659
04 Balears, Illes;Mujeres;De 90 a 94 años;Población estacionaria;2024;152.500,3936
04 Balears, Illes;Mujeres;De 90 a 94 años;Tiempo por vivir;2024;207.214,19658
04 Balears, Illes;Mujeres;De 90 a 94 años;Esperanza de vida;2024;4,824694
04 Balears, Illes;Mujeres;95 y más años;Tasa de mortalidad;2024;321,186994
04 Balears, Illes;Mujeres;95 y más años;Promedio de años vividos el último año de vida;2024;2,996961
04 Balears, Illes;Mujeres;95 y más años;Riesgo de muerte;2024;1.000
04 Balears, Illes;Mujeres;95 y más años;Supervivientes;2024;18.256,427044
04 Balears, Illes;Mujeres;95 y más años;Defunciones teóricas;2024;18.256,427044
04 Balears, Illes;Mujeres;95 y más años;Población estacionaria;2024;54.713,802981
04 Balears, Illes;Mujeres;95 y más años;Tiempo por vivir;2024;54.713,802981
04 Balears, Illes;Mujeres;95 y más años;Esperanza de vida;2024;2,996961
05 Canarias;Ambos sexos;0 años;Tasa de mortalidad;2024;3,039279
05 Canarias;Ambos sexos;0 años;Promedio de años vividos el último año de vida;2024;0,109441
05 Canarias;Ambos sexos;0 años;Riesgo de muerte;2024;3,031075
05 Canarias;Ambos sexos;0 años;Supervivientes;2024;100.000
05 Canarias;Ambos sexos;0 años;Defunciones teóricas;2024;303,107473
05 Canarias;Ambos sexos;0 años;Población estacionaria;2024;99.730,065036
05 Canarias;Ambos sexos;0 años;Tiempo por vivir;2024;8.278.920,5647
05 Canarias;Ambos sexos;0 años;Esperanza de vida;2024;82,789206
05 Canarias;Ambos sexos;De 1 a 4 años;Tasa de mortalidad;2024;0,194665
05 Canarias;Ambos sexos;De 1 a 4 años;Promedio de años vividos el último año de vida;2024;0,29804
05 Canarias;Ambos sexos;De 1 a 4 años;Riesgo de muerte;2024;0,778236
05 Canarias;Ambos sexos;De 1 a 4 años;Supervivientes;2024;99.696,892527
05 Canarias;Ambos sexos;De 1 a 4 años;Defunciones teóricas;2024;77,587757
05 Canarias;Ambos sexos;De 1 a 4 años;Población estacionaria;2024;398.569,71604
05 Canarias;Ambos sexos;De 1 a 4 años;Tiempo por vivir;2024;8.179.190,4997
05 Canarias;Ambos sexos;De 1 a 4 años;Esperanza de vida;2024;82,040576
05 Canarias;Ambos sexos;De 5 a 9 años;Tasa de mortalidad;2024;0,042903
05 Canarias;Ambos sexos;De 5 a 9 años;Promedio de años vividos el último año de vida;2024;0,797248
05 Canarias;Ambos sexos;De 5 a 9 años;Riesgo de muerte;2024;0,214506
05 Canarias;Ambos sexos;De 5 a 9 años;Supervivientes;2024;99.619,30477
05 Canarias;Ambos sexos;De 5 a 9 años;Defunciones teóricas;2024;21,36892
05 Canarias;Ambos sexos;De 5 a 9 años;Población estacionaria;2024;498.074,86091
05 Canarias;Ambos sexos;De 5 a 9 años;Tiempo por vivir;2024;7.780.620,7837
05 Canarias;Ambos sexos;De 5 a 9 años;Esperanza de vida;2024;78,103544
05 Canarias;Ambos sexos;De 10 a 14 años;Tasa de mortalidad;2024;0,088274
05 Canarias;Ambos sexos;De 10 a 14 años;Promedio de años vividos el último año de vida;2024;0,609028
05 Canarias;Ambos sexos;De 10 a 14 años;Riesgo de muerte;2024;0,441296
05 Canarias;Ambos sexos;De 10 a 14 años;Supervivientes;2024;99.597,93585
05 Canarias;Ambos sexos;De 10 a 14 años;Defunciones teóricas;2024;43,952142
05 Canarias;Ambos sexos;De 10 a 14 años;Población estacionaria;2024;497.903,75895
05 Canarias;Ambos sexos;De 10 a 14 años;Tiempo por vivir;2024;7.282.545,9227
05 Canarias;Ambos sexos;De 10 a 14 años;Esperanza de vida;2024;73,119446
05 Canarias;Ambos sexos;De 15 a 19 años;Tasa de mortalidad;2024;0,158344
05 Canarias;Ambos sexos;De 15 a 19 años;Promedio de años vividos el último año de vida;2024;0,627651
05 Canarias;Ambos sexos;De 15 a 19 años;Riesgo de muerte;2024;0,791485
05 Canarias;Ambos sexos;De 15 a 19 años;Supervivientes;2024;99.553,983708
05 Canarias;Ambos sexos;De 15 a 19 años;Defunciones teóricas;2024;78,795454
05 Canarias;Ambos sexos;De 15 a 19 años;Población estacionaria;2024;497.623,22132
05 Canarias;Ambos sexos;De 15 a 19 años;Tiempo por vivir;2024;6.784.642,1638
05 Canarias;Ambos sexos;De 15 a 19 años;Esperanza de vida;2024;68,150383
05 Canarias;Ambos sexos;De 20 a 24 años;Tasa de mortalidad;2024;0,25038
05 Canarias;Ambos sexos;De 20 a 24 años;Promedio de años vividos el último año de vida;2024;0,487688
05 Canarias;Ambos sexos;De 20 a 24 años;Riesgo de muerte;2024;1,251098
05 Canarias;Ambos sexos;De 20 a 24 años;Supervivientes;2024;99.475,188254
05 Canarias;Ambos sexos;De 20 a 24 años;Defunciones teóricas;2024;124,453225
05 Canarias;Ambos sexos;De 20 a 24 años;Población estacionaria;2024;497.057,14697
05 Canarias;Ambos sexos;De 20 a 24 años;Tiempo por vivir;2024;6.287.018,9425
05 Canarias;Ambos sexos;De 20 a 24 años;Esperanza de vida;2024;63,20188
05 Canarias;Ambos sexos;De 25 a 29 años;Tasa de mortalidad;2024;0,346666
05 Canarias;Ambos sexos;De 25 a 29 años;Promedio de años vividos el último año de vida;2024;0,534043
05 Canarias;Ambos sexos;De 25 a 29 años;Riesgo de muerte;2024;1,73193
05 Canarias;Ambos sexos;De 25 a 29 años;Supervivientes;2024;99.350,735029
05 Canarias;Ambos sexos;De 25 a 29 años;Defunciones teóricas;2024;172,068487
05 Canarias;Ambos sexos;De 25 a 29 años;Población estacionaria;2024;496.352,79268
05 Canarias;Ambos sexos;De 25 a 29 años;Tiempo por vivir;2024;5.789.961,7955
05 Canarias;Ambos sexos;De 25 a 29 años;Esperanza de vida;2024;58,277997
05 Canarias;Ambos sexos;De 30 a 34 años;Tasa de mortalidad;2024;0,418045
05 Canarias;Ambos sexos;De 30 a 34 años;Promedio de años vividos el último año de vida;2024;0,545169
05 Canarias;Ambos sexos;De 30 a 34 años;Riesgo de muerte;2024;2,088242
05 Canarias;Ambos sexos;De 30 a 34 años;Supervivientes;2024;99.178,666542
05 Canarias;Ambos sexos;De 30 a 34 años;Defunciones teóricas;2024;207,10904
05 Canarias;Ambos sexos;De 30 a 34 años;Población estacionaria;2024;495.422,33419
05 Canarias;Ambos sexos;De 30 a 34 años;Tiempo por vivir;2024;5.293.609,0028
05 Canarias;Ambos sexos;De 30 a 34 años;Esperanza de vida;2024;53,374472
05 Canarias;Ambos sexos;De 35 a 39 años;Tasa de mortalidad;2024;0,740172
05 Canarias;Ambos sexos;De 35 a 39 años;Promedio de años vividos el último año de vida;2024;0,574059
05 Canarias;Ambos sexos;De 35 a 39 años;Riesgo de muerte;2024;3,695038
05 Canarias;Ambos sexos;De 35 a 39 años;Supervivientes;2024;98.971,557502
05 Canarias;Ambos sexos;De 35 a 39 años;Defunciones teóricas;2024;365,703627
05 Canarias;Ambos sexos;De 35 a 39 años;Población estacionaria;2024;494.078,94672
05 Canarias;Ambos sexos;De 35 a 39 años;Tiempo por vivir;2024;4.798.186,6686
05 Canarias;Ambos sexos;De 35 a 39 años;Esperanza de vida;2024;48,48046
05 Canarias;Ambos sexos;De 40 a 44 años;Tasa de mortalidad;2024;1,023657
05 Canarias;Ambos sexos;De 40 a 44 años;Promedio de años vividos el último año de vida;2024;0,542557
05 Canarias;Ambos sexos;De 40 a 44 años;Riesgo de muerte;2024;5,106329
05 Canarias;Ambos sexos;De 40 a 44 años;Supervivientes;2024;98.605,853876
05 Canarias;Ambos sexos;De 40 a 44 años;Defunciones teóricas;2024;503,51397
05 Canarias;Ambos sexos;De 40 a 44 años;Población estacionaria;2024;491.877,62521
05 Canarias;Ambos sexos;De 40 a 44 años;Tiempo por vivir;2024;4.304.107,7219
05 Canarias;Ambos sexos;De 40 a 44 años;Esperanza de vida;2024;43,649617
05 Canarias;Ambos sexos;De 45 a 49 años;Tasa de mortalidad;2024;1,482085
05 Canarias;Ambos sexos;De 45 a 49 años;Promedio de años vividos el último año de vida;2024;0,525281
05 Canarias;Ambos sexos;De 45 a 49 años;Riesgo de muerte;2024;7,384446
05 Canarias;Ambos sexos;De 45 a 49 años;Supervivientes;2024;98.102,339905
05 Canarias;Ambos sexos;De 45 a 49 años;Defunciones teóricas;2024;724,431422
05 Canarias;Ambos sexos;De 45 a 49 años;Población estacionaria;2024;488.792,19377
05 Canarias;Ambos sexos;De 45 a 49 años;Tiempo por vivir;2024;3.812.230,0967
05 Canarias;Ambos sexos;De 45 a 49 años;Esperanza de vida;2024;38,859726
05 Canarias;Ambos sexos;De 50 a 54 años;Tasa de mortalidad;2024;2,442693
05 Canarias;Ambos sexos;De 50 a 54 años;Promedio de años vividos el último año de vida;2024;0,528622
05 Canarias;Ambos sexos;De 50 a 54 años;Riesgo de muerte;2024;12,143552
05 Canarias;Ambos sexos;De 50 a 54 años;Supervivientes;2024;97.377,908484
05 Canarias;Ambos sexos;De 50 a 54 años;Defunciones teóricas;2024;1.182,513689
05 Canarias;Ambos sexos;De 50 a 54 años;Población estacionaria;2024;484.102,48579
05 Canarias;Ambos sexos;De 50 a 54 años;Tiempo por vivir;2024;3.323.437,9029
05 Canarias;Ambos sexos;De 50 a 54 años;Esperanza de vida;2024;34,12928
05 Canarias;Ambos sexos;De 55 a 59 años;Tasa de mortalidad;2024;4,434648
05 Canarias;Ambos sexos;De 55 a 59 años;Promedio de años vividos el último año de vida;2024;0,54139
05 Canarias;Ambos sexos;De 55 a 59 años;Riesgo de muerte;2024;21,950035
05 Canarias;Ambos sexos;De 55 a 59 años;Supervivientes;2024;96.195,394795
05 Canarias;Ambos sexos;De 55 a 59 años;Defunciones teóricas;2024;2.111,49224
05 Canarias;Ambos sexos;De 55 a 59 años;Población estacionaria;2024;476.135,21253
05 Canarias;Ambos sexos;De 55 a 59 años;Tiempo por vivir;2024;2.839.335,4171
05 Canarias;Ambos sexos;De 55 a 59 años;Esperanza de vida;2024;29,516334
05 Canarias;Ambos sexos;De 60 a 64 años;Tasa de mortalidad;2024;7,181758
05 Canarias;Ambos sexos;De 60 a 64 años;Promedio de años vividos el último año de vida;2024;0,52991
05 Canarias;Ambos sexos;De 60 a 64 años;Riesgo de muerte;2024;35,3127
05 Canarias;Ambos sexos;De 60 a 64 años;Supervivientes;2024;94.083,902555
05 Canarias;Ambos sexos;De 60 a 64 años;Defunciones teóricas;2024;3.322,356633
05 Canarias;Ambos sexos;De 60 a 64 años;Población estacionaria;2024;462.610,4721
05 Canarias;Ambos sexos;De 60 a 64 años;Tiempo por vivir;2024;2.363.200,2046
05 Canarias;Ambos sexos;De 60 a 64 años;Esperanza de vida;2024;25,118008
05 Canarias;Ambos sexos;De 65 a 69 años;Tasa de mortalidad;2024;11,781682
05 Canarias;Ambos sexos;De 65 a 69 años;Promedio de años vividos el último año de vida;2024;0,54302
05 Canarias;Ambos sexos;De 65 a 69 años;Riesgo de muerte;2024;57,364167
05 Canarias;Ambos sexos;De 65 a 69 años;Supervivientes;2024;90.761,545922
05 Canarias;Ambos sexos;De 65 a 69 años;Defunciones teóricas;2024;5.206,460499
05 Canarias;Ambos sexos;De 65 a 69 años;Población estacionaria;2024;441.911,49559
05 Canarias;Ambos sexos;De 65 a 69 años;Tiempo por vivir;2024;1.900.589,7325
05 Canarias;Ambos sexos;De 65 a 69 años;Esperanza de vida;2024;20,940473
05 Canarias;Ambos sexos;De 70 a 74 años;Tasa de mortalidad;2024;17,196513
05 Canarias;Ambos sexos;De 70 a 74 años;Promedio de años vividos el último año de vida;2024;0,534947
05 Canarias;Ambos sexos;De 70 a 74 años;Riesgo de muerte;2024;82,676621
05 Canarias;Ambos sexos;De 70 a 74 años;Supervivientes;2024;85.555,085423
05 Canarias;Ambos sexos;De 70 a 74 años;Defunciones teóricas;2024;7.073,405355
05 Canarias;Ambos sexos;De 70 a 74 años;Población estacionaria;2024;411.327,88944
05 Canarias;Ambos sexos;De 70 a 74 años;Tiempo por vivir;2024;1.458.678,2369
05 Canarias;Ambos sexos;De 70 a 74 años;Esperanza de vida;2024;17,04958
05 Canarias;Ambos sexos;De 75 a 79 años;Tasa de mortalidad;2024;27,103369
05 Canarias;Ambos sexos;De 75 a 79 años;Promedio de años vividos el último año de vida;2024;0,529476
05 Canarias;Ambos sexos;De 75 a 79 años;Riesgo de muerte;2024;127,393727
05 Canarias;Ambos sexos;De 75 a 79 años;Supervivientes;2024;78.481,680068
05 Canarias;Ambos sexos;De 75 a 79 años;Defunciones teóricas;2024;9.998,073763
05 Canarias;Ambos sexos;De 75 a 79 años;Población estacionaria;2024;368.886,75162
05 Canarias;Ambos sexos;De 75 a 79 años;Tiempo por vivir;2024;1.047.350,3475
05 Canarias;Ambos sexos;De 75 a 79 años;Esperanza de vida;2024;13,345157
05 Canarias;Ambos sexos;De 80 a 84 años;Tasa de mortalidad;2024;48,985389
05 Canarias;Ambos sexos;De 80 a 84 años;Promedio de años vividos el último año de vida;2024;0,520428
05 Canarias;Ambos sexos;De 80 a 84 años;Riesgo de muerte;2024;219,18182
05 Canarias;Ambos sexos;De 80 a 84 años;Supervivientes;2024;68.483,606305
05 Canarias;Ambos sexos;De 80 a 84 años;Defunciones teóricas;2024;15.010,361462
05 Canarias;Ambos sexos;De 80 a 84 años;Población estacionaria;2024;306.425,27898
05 Canarias;Ambos sexos;De 80 a 84 años;Tiempo por vivir;2024;678.463,59586
05 Canarias;Ambos sexos;De 80 a 84 años;Esperanza de vida;2024;9,906949
05 Canarias;Ambos sexos;De 85 a 89 años;Tasa de mortalidad;2024;92,80931
05 Canarias;Ambos sexos;De 85 a 89 años;Promedio de años vividos el último año de vida;2024;0,510732
05 Canarias;Ambos sexos;De 85 a 89 años;Riesgo de muerte;2024;378,18273
05 Canarias;Ambos sexos;De 85 a 89 años;Supervivientes;2024;53.473,244843
05 Canarias;Ambos sexos;De 85 a 89 años;Defunciones teóricas;2024;20.222,657726
05 Canarias;Ambos sexos;De 85 a 89 años;Población estacionaria;2024;217.894,70975
05 Canarias;Ambos sexos;De 85 a 89 años;Tiempo por vivir;2024;372.038,31687
05 Canarias;Ambos sexos;De 85 a 89 años;Esperanza de vida;2024;6,957467
05 Canarias;Ambos sexos;90 y más años;Tasa de mortalidad;2024;""
05 Canarias;Ambos sexos;90 y más años;Promedio de años vividos el último año de vida;2024;""
05 Canarias;Ambos sexos;90 y más años;Riesgo de muerte;2024;""
05 Canarias;Ambos sexos;90 y más años;Supervivientes;2024;""
05 Canarias;Ambos sexos;90 y más años;Defunciones teóricas;2024;""
05 Canarias;Ambos sexos;90 y más años;Población estacionaria;2024;""
05 Canarias;Ambos sexos;90 y más años;Tiempo por vivir;2024;""
05 Canarias;Ambos sexos;90 y más años;Esperanza de vida;2024;""
05 Canarias;Ambos sexos;De 90 a 94 años;Tasa de mortalidad;2024;163,897156
05 Canarias;Ambos sexos;De 90 a 94 años;Promedio de años vividos el último año de vida;2024;0,479915
05 Canarias;Ambos sexos;De 90 a 94 años;Riesgo de muerte;2024;574,592839
05 Canarias;Ambos sexos;De 90 a 94 años;Supervivientes;2024;33.250,587117
05 Canarias;Ambos sexos;De 90 a 94 años;Defunciones teóricas;2024;19.105,549234
05 Canarias;Ambos sexos;De 90 a 94 años;Población estacionaria;2024;116.570,35212
05 Canarias;Ambos sexos;De 90 a 94 años;Tiempo por vivir;2024;154.143,60713
05 Canarias;Ambos sexos;De 90 a 94 años;Esperanza de vida;2024;4,635816
05 Canarias;Ambos sexos;95 y más años;Tasa de mortalidad;2024;258,654577
05 Canarias;Ambos sexos;95 y más años;Promedio de años vividos el último año de vida;2024;2,656285
05 Canarias;Ambos sexos;95 y más años;Riesgo de muerte;2024;1.000
05 Canarias;Ambos sexos;95 y más años;Supervivientes;2024;14.145,037883
05 Canarias;Ambos sexos;95 y más años;Defunciones teóricas;2024;14.145,037883
05 Canarias;Ambos sexos;95 y más años;Población estacionaria;2024;37.573,25501
05 Canarias;Ambos sexos;95 y más años;Tiempo por vivir;2024;37.573,25501
05 Canarias;Ambos sexos;95 y más años;Esperanza de vida;2024;2,656285
05 Canarias;Hombres;0 años;Tasa de mortalidad;2024;2,464482
05 Canarias;Hombres;0 años;Promedio de años vividos el último año de vida;2024;0,116029
05 Canarias;Hombres;0 años;Riesgo de muerte;2024;2,459124
05 Canarias;Hombres;0 años;Supervivientes;2024;100.000
05 Canarias;Hombres;0 años;Defunciones teóricas;2024;245,912434
05 Canarias;Hombres;0 años;Población estacionaria;2024;99.782,620575
05 Canarias;Hombres;0 años;Tiempo por vivir;2024;8.054.373,3644
05 Canarias;Hombres;0 años;Esperanza de vida;2024;80,543734
05 Canarias;Hombres;De 1 a 4 años;Tasa de mortalidad;2024;0,225108
05 Canarias;Hombres;De 1 a 4 años;Promedio de años vividos el último año de vida;2024;0,353622
05 Canarias;Hombres;De 1 a 4 años;Riesgo de muerte;2024;0,899909
05 Canarias;Hombres;De 1 a 4 años;Supervivientes;2024;99.754,087566
05 Canarias;Hombres;De 1 a 4 años;Defunciones teóricas;2024;89,769638
05 Canarias;Hombres;De 1 a 4 años;Población estacionaria;2024;398.784,24979
05 Canarias;Hombres;De 1 a 4 años;Tiempo por vivir;2024;7.954.590,7439
05 Canarias;Hombres;De 1 a 4 años;Esperanza de vida;2024;79,742003
05 Canarias;Hombres;De 5 a 9 años;Tasa de mortalidad;2024;0,062182
05 Canarias;Hombres;De 5 a 9 años;Promedio de años vividos el último año de vida;2024;0,880874
05 Canarias;Hombres;De 5 a 9 años;Riesgo de muerte;2024;0,310899
05 Canarias;Hombres;De 5 a 9 años;Supervivientes;2024;99.664,317928
05 Canarias;Hombres;De 5 a 9 años;Defunciones teóricas;2024;30,985524
05 Canarias;Hombres;De 5 a 9 años;Población estacionaria;2024;498.303,13378
05 Canarias;Hombres;De 5 a 9 años;Tiempo por vivir;2024;7.555.806,4941
05 Canarias;Hombres;De 5 a 9 años;Esperanza de vida;2024;75,812554
05 Canarias;Hombres;De 10 a 14 años;Tasa de mortalidad;2024;0,018083
05 Canarias;Hombres;De 10 a 14 años;Promedio de años vividos el último año de vida;2024;0,901093
05 Canarias;Hombres;De 10 a 14 años;Riesgo de muerte;2024;0,090415
05 Canarias;Hombres;De 10 a 14 años;Supervivientes;2024;99.633,332404
05 Canarias;Hombres;De 10 a 14 años;Defunciones teóricas;2024;9,008316
05 Canarias;Hombres;De 10 a 14 años;Población estacionaria;2024;498.162,20709
05 Canarias;Hombres;De 10 a 14 años;Tiempo por vivir;2024;7.057.503,3603
05 Canarias;Hombres;De 10 a 14 años;Esperanza de vida;2024;70,834762
05 Canarias;Hombres;De 15 a 19 años;Tasa de mortalidad;2024;0,207251
05 Canarias;Hombres;De 15 a 19 años;Promedio de años vividos el último año de vida;2024;0,606179
05 Canarias;Hombres;De 15 a 19 años;Riesgo de muerte;2024;1,03583
05 Canarias;Hombres;De 15 a 19 años;Supervivientes;2024;99.624,324088
05 Canarias;Hombres;De 15 a 19 años;Defunciones teóricas;2024;103,193898
05 Canarias;Hombres;De 15 a 19 años;Población estacionaria;2024;497.918,42069
05 Canarias;Hombres;De 15 a 19 años;Tiempo por vivir;2024;6.559.341,1532
05 Canarias;Hombres;De 15 a 19 años;Esperanza de vida;2024;65,840759
05 Canarias;Hombres;De 20 a 24 años;Tasa de mortalidad;2024;0,322875
05 Canarias;Hombres;De 20 a 24 años;Promedio de años vividos el último año de vida;2024;0,489753
05 Canarias;Hombres;De 20 a 24 años;Riesgo de muerte;2024;1,613048
05 Canarias;Hombres;De 20 a 24 años;Supervivientes;2024;99.521,13019
05 Canarias;Hombres;De 20 a 24 años;Defunciones teóricas;2024;160,532407
05 Canarias;Hombres;De 20 a 24 años;Población estacionaria;2024;497.196,09479
05 Canarias;Hombres;De 20 a 24 años;Tiempo por vivir;2024;6.061.422,7325
05 Canarias;Hombres;De 20 a 24 años;Esperanza de vida;2024;60,905887
05 Canarias;Hombres;De 25 a 29 años;Tasa de mortalidad;2024;0,484381
05 Canarias;Hombres;De 25 a 29 años;Promedio de años vividos el último año de vida;2024;0,539376
05 Canarias;Hombres;De 25 a 29 años;Riesgo de muerte;2024;2,419207
05 Canarias;Hombres;De 25 a 29 años;Supervivientes;2024;99.360,597783
05 Canarias;Hombres;De 25 a 29 años;Defunciones teóricas;2024;240,373813
05 Canarias;Hombres;De 25 a 29 años;Población estacionaria;2024;496.249,37911
05 Canarias;Hombres;De 25 a 29 años;Tiempo por vivir;2024;5.564.226,6377
05 Canarias;Hombres;De 25 a 29 años;Esperanza de vida;2024;56,000334
05 Canarias;Hombres;De 30 a 34 años;Tasa de mortalidad;2024;0,54234
05 Canarias;Hombres;De 30 a 34 años;Promedio de años vividos el último año de vida;2024;0,536997
05 Canarias;Hombres;De 30 a 34 años;Riesgo de muerte;2024;2,708297
05 Canarias;Hombres;De 30 a 34 años;Supervivientes;2024;99.120,22397
05 Canarias;Hombres;De 30 a 34 años;Defunciones teóricas;2024;268,447052
05 Canarias;Hombres;De 30 a 34 años;Población estacionaria;2024;494.979,6607
05 Canarias;Hombres;De 30 a 34 años;Tiempo por vivir;2024;5.067.977,2586
05 Canarias;Hombres;De 30 a 34 años;Esperanza de vida;2024;51,129599
05 Canarias;Hombres;De 35 a 39 años;Tasa de mortalidad;2024;0,924424
05 Canarias;Hombres;De 35 a 39 años;Promedio de años vividos el último año de vida;2024;0,569914
05 Canarias;Hombres;De 35 a 39 años;Riesgo de muerte;2024;4,61295
05 Canarias;Hombres;De 35 a 39 años;Supervivientes;2024;98.851,776919
05 Canarias;Hombres;De 35 a 39 años;Defunciones teóricas;2024;455,998277
05 Canarias;Hombres;De 35 a 39 años;Población estacionaria;2024;493.278,29276
05 Canarias;Hombres;De 35 a 39 años;Tiempo por vivir;2024;4.572.997,5979
05 Canarias;Hombres;De 35 a 39 años;Esperanza de vida;2024;46,261157
05 Canarias;Hombres;De 40 a 44 años;Tasa de mortalidad;2024;1,321214
05 Canarias;Hombres;De 40 a 44 años;Promedio de años vividos el último año de vida;2024;0,519417
05 Canarias;Hombres;De 40 a 44 años;Riesgo de muerte;2024;6,585165
05 Canarias;Hombres;De 40 a 44 años;Supervivientes;2024;98.395,778641
05 Canarias;Hombres;De 40 a 44 años;Defunciones teóricas;2024;647,952438
05 Canarias;Hombres;De 40 a 44 años;Población estacionaria;2024;490.421,91907
05 Canarias;Hombres;De 40 a 44 años;Tiempo por vivir;2024;4.079.719,3051
05 Canarias;Hombres;De 40 a 44 años;Esperanza de vida;2024;41,462341
05 Canarias;Hombres;De 45 a 49 años;Tasa de mortalidad;2024;1,684746
05 Canarias;Hombres;De 45 a 49 años;Promedio de años vividos el último año de vida;2024;0,522997
05 Canarias;Hombres;De 45 a 49 años;Riesgo de muerte;2024;8,39002
05 Canarias;Hombres;De 45 a 49 años;Supervivientes;2024;97.747,826203
05 Canarias;Hombres;De 45 a 49 años;Defunciones teóricas;2024;820,106205
05 Canarias;Hombres;De 45 a 49 años;Población estacionaria;2024;486.783,16416
05 Canarias;Hombres;De 45 a 49 años;Tiempo por vivir;2024;3.589.297,3861
05 Canarias;Hombres;De 45 a 49 años;Esperanza de vida;2024;36,719971
05 Canarias;Hombres;De 50 a 54 años;Tasa de mortalidad;2024;3,085487
05 Canarias;Hombres;De 50 a 54 años;Promedio de años vividos el último año de vida;2024;0,519897
05 Canarias;Hombres;De 50 a 54 años;Riesgo de muerte;2024;15,314008
05 Canarias;Hombres;De 50 a 54 años;Supervivientes;2024;96.927,719998
05 Canarias;Hombres;De 50 a 54 años;Defunciones teóricas;2024;1.484,351863
05 Canarias;Hombres;De 50 a 54 años;Población estacionaria;2024;481.075,39402
05 Canarias;Hombres;De 50 a 54 años;Tiempo por vivir;2024;3.102.514,2219
05 Canarias;Hombres;De 50 a 54 años;Esperanza de vida;2024;32,008534
05 Canarias;Hombres;De 55 a 59 años;Tasa de mortalidad;2024;5,627228
05 Canarias;Hombres;De 55 a 59 años;Promedio de años vividos el último año de vida;2024;0,543721
05 Canarias;Hombres;De 55 a 59 años;Riesgo de muerte;2024;27,779509
05 Canarias;Hombres;De 55 a 59 años;Supervivientes;2024;95.443,368135
05 Canarias;Hombres;De 55 a 59 años;Defunciones teóricas;2024;2.651,36987
05 Canarias;Hombres;De 55 a 59 años;Población estacionaria;2024;471.168,0202
05 Canarias;Hombres;De 55 a 59 años;Tiempo por vivir;2024;2.621.438,8279
05 Canarias;Hombres;De 55 a 59 años;Esperanza de vida;2024;27,465909
05 Canarias;Hombres;De 60 a 64 años;Tasa de mortalidad;2024;9,527564
05 Canarias;Hombres;De 60 a 64 años;Promedio de años vividos el último año de vida;2024;0,522839
05 Canarias;Hombres;De 60 a 64 años;Riesgo de muerte;2024;46,579036
05 Canarias;Hombres;De 60 a 64 años;Supervivientes;2024;92.791,998265
05 Canarias;Hombres;De 60 a 64 años;Defunciones teóricas;2024;4.322,16183
05 Canarias;Hombres;De 60 a 64 años;Población estacionaria;2024;453.648,15912
05 Canarias;Hombres;De 60 a 64 años;Tiempo por vivir;2024;2.150.270,8077
05 Canarias;Hombres;De 60 a 64 años;Esperanza de vida;2024;23,17302
05 Canarias;Hombres;De 65 a 69 años;Tasa de mortalidad;2024;15,319552
05 Canarias;Hombres;De 65 a 69 años;Promedio de años vividos el último año de vida;2024;0,538756
05 Canarias;Hombres;De 65 a 69 años;Riesgo de muerte;2024;73,983892
05 Canarias;Hombres;De 65 a 69 años;Supervivientes;2024;88.469,836435
05 Canarias;Hombres;De 65 a 69 años;Defunciones teóricas;2024;6.545,342816
05 Canarias;Hombres;De 65 a 69 años;Población estacionaria;2024;427.254,18163
05 Canarias;Hombres;De 65 a 69 años;Tiempo por vivir;2024;1.696.622,6486
05 Canarias;Hombres;De 65 a 69 años;Esperanza de vida;2024;19,177414
05 Canarias;Hombres;De 70 a 74 años;Tasa de mortalidad;2024;23,18892
05 Canarias;Hombres;De 70 a 74 años;Promedio de años vividos el último año de vida;2024;0,538475
05 Canarias;Hombres;De 70 a 74 años;Riesgo de muerte;2024;110,055388
05 Canarias;Hombres;De 70 a 74 años;Supervivientes;2024;81.924,493619
05 Canarias;Hombres;De 70 a 74 años;Defunciones teóricas;2024;9.016,231904
05 Canarias;Hombres;De 70 a 74 años;Población estacionaria;2024;388.816,38347
05 Canarias;Hombres;De 70 a 74 años;Tiempo por vivir;2024;1.269.368,4669
05 Canarias;Hombres;De 70 a 74 años;Esperanza de vida;2024;15,494371
05 Canarias;Hombres;De 75 a 79 años;Tasa de mortalidad;2024;36,034279
05 Canarias;Hombres;De 75 a 79 años;Promedio de años vividos el último año de vida;2024;0,521333
05 Canarias;Hombres;De 75 a 79 años;Riesgo de muerte;2024;165,866697
05 Canarias;Hombres;De 75 a 79 años;Supervivientes;2024;72.908,261716
05 Canarias;Hombres;De 75 a 79 años;Defunciones teóricas;2024;12.093,052527
05 Canarias;Hombres;De 75 a 79 años;Población estacionaria;2024;335.598,56896
05 Canarias;Hombres;De 75 a 79 años;Tiempo por vivir;2024;880.552,08347
05 Canarias;Hombres;De 75 a 79 años;Esperanza de vida;2024;12,077535
05 Canarias;Hombres;De 80 a 84 años;Tasa de mortalidad;2024;61,343602
05 Canarias;Hombres;De 80 a 84 años;Promedio de años vividos el último año de vida;2024;0,508841
05 Canarias;Hombres;De 80 a 84 años;Riesgo de muerte;2024;266,561267
05 Canarias;Hombres;De 80 a 84 años;Supervivientes;2024;60.815,209189
05 Canarias;Hombres;De 80 a 84 años;Defunciones teóricas;2024;16.210,979186
05 Canarias;Hombres;De 80 a 84 años;Población estacionaria;2024;264.265,20059
05 Canarias;Hombres;De 80 a 84 años;Tiempo por vivir;2024;544.953,51451
05 Canarias;Hombres;De 80 a 84 años;Esperanza de vida;2024;8,96081
05 Canarias;Hombres;De 85 a 89 años;Tasa de mortalidad;2024;113,105436
05 Canarias;Hombres;De 85 a 89 años;Promedio de años vividos el último año de vida;2024;0,509327
05 Canarias;Hombres;De 85 a 89 años;Riesgo de muerte;2024;442,686571
05 Canarias;Hombres;De 85 a 89 años;Supervivientes;2024;44.604,230002
05 Canarias;Hombres;De 85 a 89 años;Defunciones teóricas;2024;19.745,693645
05 Canarias;Hombres;De 85 a 89 años;Población estacionaria;2024;174.577,75964
05 Canarias;Hombres;De 85 a 89 años;Tiempo por vivir;2024;280.688,31392
05 Canarias;Hombres;De 85 a 89 años;Esperanza de vida;2024;6,292863
05 Canarias;Hombres;90 y más años;Tasa de mortalidad;2024;""
05 Canarias;Hombres;90 y más años;Promedio de años vividos el último año de vida;2024;""
05 Canarias;Hombres;90 y más años;Riesgo de muerte;2024;""
05 Canarias;Hombres;90 y más años;Supervivientes;2024;""
05 Canarias;Hombres;90 y más años;Defunciones teóricas;2024;""
05 Canarias;Hombres;90 y más años;Población estacionaria;2024;""
05 Canarias;Hombres;90 y más años;Tiempo por vivir;2024;""
05 Canarias;Hombres;90 y más años;Esperanza de vida;2024;""
05 Canarias;Hombres;De 90 a 94 años;Tasa de mortalidad;2024;185,404106
05 Canarias;Hombres;De 90 a 94 años;Promedio de años vividos el último año de vida;2024;0,463717
05 Canarias;Hombres;De 90 a 94 años;Riesgo de muerte;2024;619,19226
05 Canarias;Hombres;De 90 a 94 años;Supervivientes;2024;24.858,536358
05 Canarias;Hombres;De 90 a 94 años;Defunciones teóricas;2024;15.392,213299
05 Canarias;Hombres;De 90 a 94 años;Población estacionaria;2024;83.019,807994
05 Canarias;Hombres;De 90 a 94 años;Tiempo por vivir;2024;106.110,55429
05 Canarias;Hombres;De 90 a 94 años;Esperanza de vida;2024;4,268576
05 Canarias;Hombres;95 y más años;Tasa de mortalidad;2024;258,381371
05 Canarias;Hombres;95 y más años;Promedio de años vividos el último año de vida;2024;2,439252
05 Canarias;Hombres;95 y más años;Riesgo de muerte;2024;1.000
05 Canarias;Hombres;95 y más años;Supervivientes;2024;9.466,323059
05 Canarias;Hombres;95 y más años;Defunciones teóricas;2024;9.466,323059
05 Canarias;Hombres;95 y más años;Población estacionaria;2024;23.090,746292
05 Canarias;Hombres;95 y más años;Tiempo por vivir;2024;23.090,746292
05 Canarias;Hombres;95 y más años;Esperanza de vida;2024;2,439252
05 Canarias;Mujeres;0 años;Tasa de mortalidad;2024;3,646819
05 Canarias;Mujeres;0 años;Promedio de años vividos el último año de vida;2024;0,104736
05 Canarias;Mujeres;0 años;Riesgo de muerte;2024;3,634952
05 Canarias;Mujeres;0 años;Supervivientes;2024;100.000
05 Canarias;Mujeres;0 años;Defunciones teóricas;2024;363,495172
05 Canarias;Mujeres;0 años;Población estacionaria;2024;99.674,575816
05 Canarias;Mujeres;0 años;Tiempo por vivir;2024;8.498.945,4273
05 Canarias;Mujeres;0 años;Esperanza de vida;2024;84,989454
05 Canarias;Mujeres;De 1 a 4 años;Tasa de mortalidad;2024;0,16265
05 Canarias;Mujeres;De 1 a 4 años;Promedio de años vividos el último año de vida;2024;0,216908
05 Canarias;Mujeres;De 1 a 4 años;Riesgo de muerte;2024;0,650268
05 Canarias;Mujeres;De 1 a 4 años;Supervivientes;2024;99.636,504828
05 Canarias;Mujeres;De 1 a 4 años;Defunciones teóricas;2024;64,790442
05 Canarias;Mujeres;De 1 a 4 años;Población estacionaria;2024;398.343,07182
05 Canarias;Mujeres;De 1 a 4 años;Tiempo por vivir;2024;8.399.270,8515
05 Canarias;Mujeres;De 1 a 4 años;Esperanza de vida;2024;84,299132
05 Canarias;Mujeres;De 5 a 9 años;Tasa de mortalidad;2024;0,022862
05 Canarias;Mujeres;De 5 a 9 años;Promedio de años vividos el último año de vida;2024;0,559016
05 Canarias;Mujeres;De 5 a 9 años;Riesgo de muerte;2024;0,114305
05 Canarias;Mujeres;De 5 a 9 años;Supervivientes;2024;99.571,714386
05 Canarias;Mujeres;De 5 a 9 años;Defunciones teóricas;2024;11,381576
05 Canarias;Mujeres;De 5 a 9 años;Población estacionaria;2024;497.833,47649
05 Canarias;Mujeres;De 5 a 9 años;Tiempo por vivir;2024;8.000.927,7797
05 Canarias;Mujeres;De 5 a 9 años;Esperanza de vida;2024;80,35342
05 Canarias;Mujeres;De 10 a 14 años;Tasa de mortalidad;2024;0,16246
05 Canarias;Mujeres;De 10 a 14 años;Promedio de años vividos el último año de vida;2024;0,575025
05 Canarias;Mujeres;De 10 a 14 años;Riesgo de muerte;2024;0,812022
05 Canarias;Mujeres;De 10 a 14 años;Supervivientes;2024;99.560,33281
05 Canarias;Mujeres;De 10 a 14 años;Defunciones teóricas;2024;80,845176
05 Canarias;Mujeres;De 10 a 14 años;Población estacionaria;2024;497.629,87828
05 Canarias;Mujeres;De 10 a 14 años;Tiempo por vivir;2024;7.503.094,3032
05 Canarias;Mujeres;De 10 a 14 años;Esperanza de vida;2024;75,362286
05 Canarias;Mujeres;De 15 a 19 años;Tasa de mortalidad;2024;0,104498
05 Canarias;Mujeres;De 15 a 19 años;Promedio de años vividos el último año de vida;2024;0,674803
05 Canarias;Mujeres;De 15 a 19 años;Riesgo de muerte;2024;0,522403
05 Canarias;Mujeres;De 15 a 19 años;Supervivientes;2024;99.479,487633
05 Canarias;Mujeres;De 15 a 19 años;Defunciones teóricas;2024;51,968418
05 Canarias;Mujeres;De 15 a 19 años;Población estacionaria;2024;497.312,93821
05 Canarias;Mujeres;De 15 a 19 años;Tiempo por vivir;2024;7.005.464,4249
05 Canarias;Mujeres;De 15 a 19 años;Esperanza de vida;2024;70,421195
05 Canarias;Mujeres;De 20 a 24 años;Tasa de mortalidad;2024;0,174906
05 Canarias;Mujeres;De 20 a 24 años;Promedio de años vividos el último año de vida;2024;0,483705
05 Canarias;Mujeres;De 20 a 24 años;Riesgo de muerte;2024;0,874133
05 Canarias;Mujeres;De 20 a 24 años;Supervivientes;2024;99.427,519216
05 Canarias;Mujeres;De 20 a 24 años;Defunciones teóricas;2024;86,912908
05 Canarias;Mujeres;De 20 a 24 años;Población estacionaria;2024;496.913,23247
05 Canarias;Mujeres;De 20 a 24 años;Tiempo por vivir;2024;6.508.151,4867
05 Canarias;Mujeres;De 20 a 24 años;Esperanza de vida;2024;65,456239
05 Canarias;Mujeres;De 25 a 29 años;Tasa de mortalidad;2024;0,209927
05 Canarias;Mujeres;De 25 a 29 años;Promedio de años vividos el último año de vida;2024;0,520272
05 Canarias;Mujeres;De 25 a 29 años;Riesgo de muerte;2024;1,049106
05 Canarias;Mujeres;De 25 a 29 años;Supervivientes;2024;99.340,606308
05 Canarias;Mujeres;De 25 a 29 años;Defunciones teóricas;2024;104,218811
05 Canarias;Mujeres;De 25 a 29 años;Población estacionaria;2024;496.453,04814
05 Canarias;Mujeres;De 25 a 29 años;Tiempo por vivir;2024;6.011.238,2542
05 Canarias;Mujeres;De 25 a 29 años;Esperanza de vida;2024;60,511391
05 Canarias;Mujeres;De 30 a 34 años;Tasa de mortalidad;2024;0,292793
05 Canarias;Mujeres;De 30 a 34 años;Promedio de años vividos el último año de vida;2024;0,560834
05 Canarias;Mujeres;De 30 a 34 años;Riesgo de muerte;2024;1,463026
05 Canarias;Mujeres;De 30 a 34 años;Supervivientes;2024;99.236,387497
05 Canarias;Mujeres;De 30 a 34 años;Defunciones teóricas;2024;145,185413
05 Canarias;Mujeres;De 30 a 34 años;Población estacionaria;2024;495.863,1353
05 Canarias;Mujeres;De 30 a 34 años;Tiempo por vivir;2024;5.514.785,2061
05 Canarias;Mujeres;De 30 a 34 años;Esperanza de vida;2024;55,572208
05 Canarias;Mujeres;De 35 a 39 años;Tasa de mortalidad;2024;0,558824
05 Canarias;Mujeres;De 35 a 39 años;Promedio de años vividos el último año de vida;2024;0,581313
05 Canarias;Mujeres;De 35 a 39 años;Riesgo de muerte;2024;2,790857
05 Canarias;Mujeres;De 35 a 39 años;Supervivientes;2024;99.091,202084
05 Canarias;Mujeres;De 35 a 39 años;Defunciones teóricas;2024;276,549386
05 Canarias;Mujeres;De 35 a 39 años;Población estacionaria;2024;494.877,07259
05 Canarias;Mujeres;De 35 a 39 años;Tiempo por vivir;2024;5.018.922,0708
05 Canarias;Mujeres;De 35 a 39 años;Esperanza de vida;2024;50,649523
05 Canarias;Mujeres;De 40 a 44 años;Tasa de mortalidad;2024;0,731043
05 Canarias;Mujeres;De 40 a 44 años;Promedio de años vividos el último año de vida;2024;0,582768
05 Canarias;Mujeres;De 40 a 44 años;Riesgo de muerte;2024;3,649651
05 Canarias;Mujeres;De 40 a 44 años;Supervivientes;2024;98.814,652698
05 Canarias;Mujeres;De 40 a 44 años;Defunciones teóricas;2024;360,639031
05 Canarias;Mujeres;De 40 a 44 años;Población estacionaria;2024;493.320,9123
05 Canarias;Mujeres;De 40 a 44 años;Tiempo por vivir;2024;4.524.044,9982
05 Canarias;Mujeres;De 40 a 44 años;Esperanza de vida;2024;45,783139
05 Canarias;Mujeres;De 45 a 49 años;Tasa de mortalidad;2024;1,27639
05 Canarias;Mujeres;De 45 a 49 años;Promedio de años vividos el último año de vida;2024;0,527882
05 Canarias;Mujeres;De 45 a 49 años;Riesgo de muerte;2024;6,362779
05 Canarias;Mujeres;De 45 a 49 años;Supervivientes;2024;98.454,013667
05 Canarias;Mujeres;De 45 a 49 años;Defunciones teóricas;2024;626,441149
05 Canarias;Mujeres;De 45 a 49 años;Población estacionaria;2024;490.791,29627
05 Canarias;Mujeres;De 45 a 49 años;Tiempo por vivir;2024;4.030.724,0859
05 Canarias;Mujeres;De 45 a 49 años;Esperanza de vida;2024;40,94017
05 Canarias;Mujeres;De 50 a 54 años;Tasa de mortalidad;2024;1,787794
05 Canarias;Mujeres;De 50 a 54 años;Promedio de años vividos el último año de vida;2024;0,543952
05 Canarias;Mujeres;De 50 a 54 años;Riesgo de muerte;2024;8,902679
05 Canarias;Mujeres;De 50 a 54 años;Supervivientes;2024;97.827,572519
05 Canarias;Mujeres;De 50 a 54 años;Defunciones teóricas;2024;870,927503
05 Canarias;Mujeres;De 50 a 54 años;Población estacionaria;2024;487.151,93688
05 Canarias;Mujeres;De 50 a 54 años;Tiempo por vivir;2024;3.539.932,7896
05 Canarias;Mujeres;De 50 a 54 años;Esperanza de vida;2024;36,18543
05 Canarias;Mujeres;De 55 a 59 años;Tasa de mortalidad;2024;3,25731
05 Canarias;Mujeres;De 55 a 59 años;Promedio de años vividos el último año de vida;2024;0,538012
05 Canarias;Mujeres;De 55 a 59 años;Riesgo de muerte;2024;16,164921
05 Canarias;Mujeres;De 55 a 59 años;Supervivientes;2024;96.956,645016
05 Canarias;Mujeres;De 55 a 59 años;Defunciones teóricas;2024;1.567,296553
05 Canarias;Mujeres;De 55 a 59 años;Población estacionaria;2024;481.162,86088
05 Canarias;Mujeres;De 55 a 59 años;Tiempo por vivir;2024;3.052.780,8527
05 Canarias;Mujeres;De 55 a 59 años;Esperanza de vida;2024;31,486041
05 Canarias;Mujeres;De 60 a 64 años;Tasa de mortalidad;2024;4,921359
05 Canarias;Mujeres;De 60 a 64 años;Promedio de años vividos el último año de vida;2024;0,544093
05 Canarias;Mujeres;De 60 a 64 años;Riesgo de muerte;2024;24,333811
05 Canarias;Mujeres;De 60 a 64 años;Supervivientes;2024;95.389,348462
05 Canarias;Mujeres;De 60 a 64 años;Defunciones teóricas;2024;2.321,186352
05 Canarias;Mujeres;De 60 a 64 años;Población estacionaria;2024;471.655,52095
05 Canarias;Mujeres;De 60 a 64 años;Tiempo por vivir;2024;2.571.617,9919
05 Canarias;Mujeres;De 60 a 64 años;Esperanza de vida;2024;26,959173
05 Canarias;Mujeres;De 65 a 69 años;Tasa de mortalidad;2024;8,476607
05 Canarias;Mujeres;De 65 a 69 años;Promedio de años vividos el último año de vida;2024;0,551104
05 Canarias;Mujeres;De 65 a 69 años;Riesgo de muerte;2024;41,591728
05 Canarias;Mujeres;De 65 a 69 años;Supervivientes;2024;93.068,16211
05 Canarias;Mujeres;De 65 a 69 años;Defunciones teóricas;2024;3.870,865688
05 Canarias;Mujeres;De 65 a 69 años;Población estacionaria;2024;456.652,7393
05 Canarias;Mujeres;De 65 a 69 años;Tiempo por vivir;2024;2.099.962,4709
05 Canarias;Mujeres;De 65 a 69 años;Esperanza de vida;2024;22,563704
05 Canarias;Mujeres;De 70 a 74 años;Tasa de mortalidad;2024;11,849586
05 Canarias;Mujeres;De 70 a 74 años;Promedio de años vividos el último año de vida;2024;0,527774
05 Canarias;Mujeres;De 70 a 74 años;Riesgo de muerte;2024;57,635382
05 Canarias;Mujeres;De 70 a 74 años;Supervivientes;2024;89.197,296422
05 Canarias;Mujeres;De 70 a 74 años;Defunciones teóricas;2024;5.140,920255
05 Canarias;Mujeres;De 70 a 74 años;Población estacionaria;2024;433.848,09203
05 Canarias;Mujeres;De 70 a 74 años;Tiempo por vivir;2024;1.643.309,7316
05 Canarias;Mujeres;De 70 a 74 años;Esperanza de vida;2024;18,423313
05 Canarias;Mujeres;De 75 a 79 años;Tasa de mortalidad;2024;19,678726
05 Canarias;Mujeres;De 75 a 79 años;Promedio de años vividos el último año de vida;2024;0,54245
05 Canarias;Mujeres;De 75 a 79 años;Riesgo de muerte;2024;94,154782
05 Canarias;Mujeres;De 75 a 79 años;Supervivientes;2024;84.056,376168
05 Canarias;Mujeres;De 75 a 79 años;Defunciones teóricas;2024;7.914,309777
05 Canarias;Mujeres;De 75 a 79 años;Población estacionaria;2024;402.175,91505
05 Canarias;Mujeres;De 75 a 79 años;Tiempo por vivir;2024;1.209.461,6396
05 Canarias;Mujeres;De 75 a 79 años;Esperanza de vida;2024;14,388696
05 Canarias;Mujeres;De 80 a 84 años;Tasa de mortalidad;2024;39,806561
05 Canarias;Mujeres;De 80 a 84 años;Promedio de años vividos el último año de vida;2024;0,535041
05 Canarias;Mujeres;De 80 a 84 años;Riesgo de muerte;2024;182,174027
05 Canarias;Mujeres;De 80 a 84 años;Supervivientes;2024;76.142,06639
05 Canarias;Mujeres;De 80 a 84 años;Defunciones teóricas;2024;13.871,106881
05 Canarias;Mujeres;De 80 a 84 años;Población estacionaria;2024;348.462,8305
05 Canarias;Mujeres;De 80 a 84 años;Tiempo por vivir;2024;807.285,72454
05 Canarias;Mujeres;De 80 a 84 años;Esperanza de vida;2024;10,602362
05 Canarias;Mujeres;De 85 a 89 años;Tasa de mortalidad;2024;80,731698
05 Canarias;Mujeres;De 85 a 89 años;Promedio de años vividos el último año de vida;2024;0,512615
05 Canarias;Mujeres;De 85 a 89 años;Riesgo de muerte;2024;337,299246
05 Canarias;Mujeres;De 85 a 89 años;Supervivientes;2024;62.270,959509
05 Canarias;Mujeres;De 85 a 89 años;Defunciones teóricas;2024;21.003,947668
05 Canarias;Mujeres;De 85 a 89 años;Población estacionaria;2024;260.169,77437
05 Canarias;Mujeres;De 85 a 89 años;Tiempo por vivir;2024;458.822,89403
05 Canarias;Mujeres;De 85 a 89 años;Esperanza de vida;2024;7,368168
05 Canarias;Mujeres;90 y más años;Tasa de mortalidad;2024;""
05 Canarias;Mujeres;90 y más años;Promedio de años vividos el último año de vida;2024;""
05 Canarias;Mujeres;90 y más años;Riesgo de muerte;2024;""
05 Canarias;Mujeres;90 y más años;Supervivientes;2024;""
05 Canarias;Mujeres;90 y más años;Defunciones teóricas;2024;""
05 Canarias;Mujeres;90 y más años;Población estacionaria;2024;""
05 Canarias;Mujeres;90 y más años;Tiempo por vivir;2024;""
05 Canarias;Mujeres;90 y más años;Esperanza de vida;2024;""
05 Canarias;Mujeres;De 90 a 94 años;Tasa de mortalidad;2024;153,953925
05 Canarias;Mujeres;De 90 a 94 años;Promedio de años vividos el último año de vida;2024;0,489505
05 Canarias;Mujeres;De 90 a 94 años;Riesgo de muerte;2024;552,612859
05 Canarias;Mujeres;De 90 a 94 años;Supervivientes;2024;41.267,011841
05 Canarias;Mujeres;De 90 a 94 años;Defunciones teóricas;2024;22.804,681386
05 Canarias;Mujeres;De 90 a 94 años;Población estacionaria;2024;148.126,66467
05 Canarias;Mujeres;De 90 a 94 años;Tiempo por vivir;2024;198.653,11966
05 Canarias;Mujeres;De 90 a 94 años;Esperanza de vida;2024;4,813848
05 Canarias;Mujeres;95 y más años;Tasa de mortalidad;2024;258,755992
05 Canarias;Mujeres;95 y más años;Promedio de años vividos el último año de vida;2024;2,736732
05 Canarias;Mujeres;95 y más años;Riesgo de muerte;2024;1.000
05 Canarias;Mujeres;95 y más años;Supervivientes;2024;18.462,330455
05 Canarias;Mujeres;95 y más años;Defunciones teóricas;2024;18.462,330455
05 Canarias;Mujeres;95 y más años;Población estacionaria;2024;50.526,45499
05 Canarias;Mujeres;95 y más años;Tiempo por vivir;2024;50.526,45499
05 Canarias;Mujeres;95 y más años;Esperanza de vida;2024;2,736732
06 Cantabria;Ambos sexos;0 años;Tasa de mortalidad;2024;3,964371
06 Cantabria;Ambos sexos;0 años;Promedio de años vividos el último año de vida;2024;0,134107
06 Cantabria;Ambos sexos;0 años;Riesgo de muerte;2024;3,950809
06 Cantabria;Ambos sexos;0 años;Supervivientes;2024;100.000
06 Cantabria;Ambos sexos;0 años;Defunciones teóricas;2024;395,080919
06 Cantabria;Ambos sexos;0 años;Población estacionaria;2024;99.657,902383
06 Cantabria;Ambos sexos;0 años;Tiempo por vivir;2024;8.388.574,5089
06 Cantabria;Ambos sexos;0 años;Esperanza de vida;2024;83,885745
06 Cantabria;Ambos sexos;De 1 a 4 años;Tasa de mortalidad;2024;0,207912
06 Cantabria;Ambos sexos;De 1 a 4 años;Promedio de años vividos el último año de vida;2024;0,647744
06 Cantabria;Ambos sexos;De 1 a 4 años;Riesgo de muerte;2024;0,831404
06 Cantabria;Ambos sexos;De 1 a 4 años;Supervivientes;2024;99.604,919081
06 Cantabria;Ambos sexos;De 1 a 4 años;Defunciones teóricas;2024;82,811919
06 Cantabria;Ambos sexos;De 1 a 4 años;Población estacionaria;2024;398.302,99233
06 Cantabria;Ambos sexos;De 1 a 4 años;Tiempo por vivir;2024;8.288.916,6065
06 Cantabria;Ambos sexos;De 1 a 4 años;Esperanza de vida;2024;83,217944
06 Cantabria;Ambos sexos;De 5 a 9 años;Tasa de mortalidad;2024;0,087674
06 Cantabria;Ambos sexos;De 5 a 9 años;Promedio de años vividos el último año de vida;2024;0,406235
06 Cantabria;Ambos sexos;De 5 a 9 años;Riesgo de muerte;2024;0,438254
06 Cantabria;Ambos sexos;De 5 a 9 años;Supervivientes;2024;99.522,107162
06 Cantabria;Ambos sexos;De 5 a 9 años;Defunciones teóricas;2024;43,61592
06 Cantabria;Ambos sexos;De 5 a 9 años;Población estacionaria;2024;497.481,04771
06 Cantabria;Ambos sexos;De 5 a 9 años;Tiempo por vivir;2024;7.890.613,6142
06 Cantabria;Ambos sexos;De 5 a 9 años;Esperanza de vida;2024;79,285034
06 Cantabria;Ambos sexos;De 10 a 14 años;Tasa de mortalidad;2024;0,033155
06 Cantabria;Ambos sexos;De 10 a 14 años;Promedio de años vividos el último año de vida;2024;0,939891
06 Cantabria;Ambos sexos;De 10 a 14 años;Riesgo de muerte;2024;0,165772
06 Cantabria;Ambos sexos;De 10 a 14 años;Supervivientes;2024;99.478,491242
06 Cantabria;Ambos sexos;De 10 a 14 años;Defunciones teóricas;2024;16,490776
06 Cantabria;Ambos sexos;De 10 a 14 años;Población estacionaria;2024;497.387,49997
06 Cantabria;Ambos sexos;De 10 a 14 años;Tiempo por vivir;2024;7.393.132,5665
06 Cantabria;Ambos sexos;De 10 a 14 años;Esperanza de vida;2024;74,318905
06 Cantabria;Ambos sexos;De 15 a 19 años;Tasa de mortalidad;2024;0,132898
06 Cantabria;Ambos sexos;De 15 a 19 años;Promedio de años vividos el último año de vida;2024;0,646005
06 Cantabria;Ambos sexos;De 15 a 19 años;Riesgo de muerte;2024;0,664332
06 Cantabria;Ambos sexos;De 15 a 19 años;Supervivientes;2024;99.462,000466
06 Cantabria;Ambos sexos;De 15 a 19 años;Defunciones teóricas;2024;66,075801
06 Cantabria;Ambos sexos;De 15 a 19 años;Población estacionaria;2024;497.193,04967
06 Cantabria;Ambos sexos;De 15 a 19 años;Tiempo por vivir;2024;6.895.745,0665
06 Cantabria;Ambos sexos;De 15 a 19 años;Esperanza de vida;2024;69,330448
06 Cantabria;Ambos sexos;De 20 a 24 años;Tasa de mortalidad;2024;0,137189
06 Cantabria;Ambos sexos;De 20 a 24 años;Promedio de años vividos el último año de vida;2024;0,339651
06 Cantabria;Ambos sexos;De 20 a 24 años;Riesgo de muerte;2024;0,685634
06 Cantabria;Ambos sexos;De 20 a 24 años;Supervivientes;2024;99.395,924664
06 Cantabria;Ambos sexos;De 20 a 24 años;Defunciones teóricas;2024;68,149197
06 Cantabria;Ambos sexos;De 20 a 24 años;Población estacionaria;2024;496.754,61207
06 Cantabria;Ambos sexos;De 20 a 24 años;Tiempo por vivir;2024;6.398.552,0168
06 Cantabria;Ambos sexos;De 20 a 24 años;Esperanza de vida;2024;64,37439
06 Cantabria;Ambos sexos;De 25 a 29 años;Tasa de mortalidad;2024;0,314275
06 Cantabria;Ambos sexos;De 25 a 29 años;Promedio de años vividos el último año de vida;2024;0,496216
06 Cantabria;Ambos sexos;De 25 a 29 años;Riesgo de muerte;2024;1,570133
06 Cantabria;Ambos sexos;De 25 a 29 años;Supervivientes;2024;99.327,775467
06 Cantabria;Ambos sexos;De 25 a 29 años;Defunciones teóricas;2024;155,957852
06 Cantabria;Ambos sexos;De 25 a 29 años;Población estacionaria;2024;496.246,03224
06 Cantabria;Ambos sexos;De 25 a 29 años;Tiempo por vivir;2024;5.901.797,4048
06 Cantabria;Ambos sexos;De 25 a 29 años;Esperanza de vida;2024;59,417392
06 Cantabria;Ambos sexos;De 30 a 34 años;Tasa de mortalidad;2024;0,390985
06 Cantabria;Ambos sexos;De 30 a 34 años;Promedio de años vividos el último año de vida;2024;0,492697
06 Cantabria;Ambos sexos;De 30 a 34 años;Riesgo de muerte;2024;1,952986
06 Cantabria;Ambos sexos;De 30 a 34 años;Supervivientes;2024;99.171,817616
06 Cantabria;Ambos sexos;De 30 a 34 años;Defunciones teóricas;2024;193,681199
06 Cantabria;Ambos sexos;De 30 a 34 años;Población estacionaria;2024;495.367,81241
06 Cantabria;Ambos sexos;De 30 a 34 años;Tiempo por vivir;2024;5.405.551,3725
06 Cantabria;Ambos sexos;De 30 a 34 años;Esperanza de vida;2024;54,506931
06 Cantabria;Ambos sexos;De 35 a 39 años;Tasa de mortalidad;2024;0,674637
06 Cantabria;Ambos sexos;De 35 a 39 años;Promedio de años vividos el último año de vida;2024;0,577518
06 Cantabria;Ambos sexos;De 35 a 39 años;Riesgo de muerte;2024;3,368385
06 Cantabria;Ambos sexos;De 35 a 39 años;Supervivientes;2024;98.978,136417
06 Cantabria;Ambos sexos;De 35 a 39 años;Defunciones teóricas;2024;333,39647
06 Cantabria;Ambos sexos;De 35 a 39 años;Población estacionaria;2024;494.186,41248
06 Cantabria;Ambos sexos;De 35 a 39 años;Tiempo por vivir;2024;4.910.183,5601
06 Cantabria;Ambos sexos;De 35 a 39 años;Esperanza de vida;2024;49,60877
06 Cantabria;Ambos sexos;De 40 a 44 años;Tasa de mortalidad;2024;0,874829
06 Cantabria;Ambos sexos;De 40 a 44 años;Promedio de años vividos el último año de vida;2024;0,607888
06 Cantabria;Ambos sexos;De 40 a 44 años;Riesgo de muerte;2024;4,366654
06 Cantabria;Ambos sexos;De 40 a 44 años;Supervivientes;2024;98.644,739947
06 Cantabria;Ambos sexos;De 40 a 44 años;Defunciones teóricas;2024;430,747476
06 Cantabria;Ambos sexos;De 40 a 44 años;Población estacionaria;2024;492.379,19443
06 Cantabria;Ambos sexos;De 40 a 44 años;Tiempo por vivir;2024;4.415.997,1476
06 Cantabria;Ambos sexos;De 40 a 44 años;Esperanza de vida;2024;44,766676
06 Cantabria;Ambos sexos;De 45 a 49 años;Tasa de mortalidad;2024;1,105245
06 Cantabria;Ambos sexos;De 45 a 49 años;Promedio de años vividos el último año de vida;2024;0,549743
06 Cantabria;Ambos sexos;De 45 a 49 años;Riesgo de muerte;2024;5,512508
06 Cantabria;Ambos sexos;De 45 a 49 años;Supervivientes;2024;98.213,992471
06 Cantabria;Ambos sexos;De 45 a 49 años;Defunciones teóricas;2024;541,405463
06 Cantabria;Ambos sexos;De 45 a 49 años;Población estacionaria;2024;489.851,10478
06 Cantabria;Ambos sexos;De 45 a 49 años;Tiempo por vivir;2024;3.923.617,9532
06 Cantabria;Ambos sexos;De 45 a 49 años;Esperanza de vida;2024;39,949684
06 Cantabria;Ambos sexos;De 50 a 54 años;Tasa de mortalidad;2024;2,386407
06 Cantabria;Ambos sexos;De 50 a 54 años;Promedio de años vividos el último año de vida;2024;0,520376
06 Cantabria;Ambos sexos;De 50 a 54 años;Riesgo de muerte;2024;11,864138
06 Cantabria;Ambos sexos;De 50 a 54 años;Supervivientes;2024;97.672,587007
06 Cantabria;Ambos sexos;De 50 a 54 años;Defunciones teóricas;2024;1.158,801011
06 Cantabria;Ambos sexos;De 50 a 54 años;Población estacionaria;2024;485.583,99279
06 Cantabria;Ambos sexos;De 50 a 54 años;Tiempo por vivir;2024;3.433.766,8484
06 Cantabria;Ambos sexos;De 50 a 54 años;Esperanza de vida;2024;35,155891
06 Cantabria;Ambos sexos;De 55 a 59 años;Tasa de mortalidad;2024;3,59394
06 Cantabria;Ambos sexos;De 55 a 59 años;Promedio de años vividos el último año de vida;2024;0,538225
06 Cantabria;Ambos sexos;De 55 a 59 años;Riesgo de muerte;2024;17,821817
06 Cantabria;Ambos sexos;De 55 a 59 años;Supervivientes;2024;96.513,785996
06 Cantabria;Ambos sexos;De 55 a 59 años;Defunciones teóricas;2024;1.720,051053
06 Cantabria;Ambos sexos;De 55 a 59 años;Población estacionaria;2024;478.597,54904
06 Cantabria;Ambos sexos;De 55 a 59 años;Tiempo por vivir;2024;2.948.182,8556
06 Cantabria;Ambos sexos;De 55 a 59 años;Esperanza de vida;2024;30,546754
06 Cantabria;Ambos sexos;De 60 a 64 años;Tasa de mortalidad;2024;6,594219
06 Cantabria;Ambos sexos;De 60 a 64 años;Promedio de años vividos el último año de vida;2024;0,519708
06 Cantabria;Ambos sexos;De 60 a 64 años;Riesgo de muerte;2024;32,45711
06 Cantabria;Ambos sexos;De 60 a 64 años;Supervivientes;2024;94.793,734943
06 Cantabria;Ambos sexos;De 60 a 64 años;Defunciones teóricas;2024;3.076,73066
06 Cantabria;Ambos sexos;De 60 a 64 años;Población estacionaria;2024;466.580,02898
06 Cantabria;Ambos sexos;De 60 a 64 años;Tiempo por vivir;2024;2.469.585,3066
06 Cantabria;Ambos sexos;De 60 a 64 años;Esperanza de vida;2024;26,0522
06 Cantabria;Ambos sexos;De 65 a 69 años;Tasa de mortalidad;2024;10,112163
06 Cantabria;Ambos sexos;De 65 a 69 años;Promedio de años vividos el último año de vida;2024;0,526287
06 Cantabria;Ambos sexos;De 65 a 69 años;Riesgo de muerte;2024;49,378143
06 Cantabria;Ambos sexos;De 65 a 69 años;Supervivientes;2024;91.717,004283
06 Cantabria;Ambos sexos;De 65 a 69 años;Defunciones teóricas;2024;4.528,815322
06 Cantabria;Ambos sexos;De 65 a 69 años;Población estacionaria;2024;447.858,23332
06 Cantabria;Ambos sexos;De 65 a 69 años;Tiempo por vivir;2024;2.003.005,2776
06 Cantabria;Ambos sexos;De 65 a 69 años;Esperanza de vida;2024;21,838974
06 Cantabria;Ambos sexos;De 70 a 74 años;Tasa de mortalidad;2024;14,492942
06 Cantabria;Ambos sexos;De 70 a 74 años;Promedio de años vividos el último año de vida;2024;0,547766
06 Cantabria;Ambos sexos;De 70 a 74 años;Riesgo de muerte;2024;70,165324
06 Cantabria;Ambos sexos;De 70 a 74 años;Supervivientes;2024;87.188,188961
06 Cantabria;Ambos sexos;De 70 a 74 años;Defunciones teóricas;2024;6.117,587541
06 Cantabria;Ambos sexos;De 70 a 74 años;Población estacionaria;2024;422.108,04347
06 Cantabria;Ambos sexos;De 70 a 74 años;Tiempo por vivir;2024;1.555.147,0443
06 Cantabria;Ambos sexos;De 70 a 74 años;Esperanza de vida;2024;17,836671
06 Cantabria;Ambos sexos;De 75 a 79 años;Tasa de mortalidad;2024;25,564958
06 Cantabria;Ambos sexos;De 75 a 79 años;Promedio de años vividos el último año de vida;2024;0,541575
06 Cantabria;Ambos sexos;De 75 a 79 años;Riesgo de muerte;2024;120,749131
06 Cantabria;Ambos sexos;De 75 a 79 años;Supervivientes;2024;81.070,60142
06 Cantabria;Ambos sexos;De 75 a 79 años;Defunciones teóricas;2024;9.789,20468
06 Cantabria;Ambos sexos;De 75 a 79 años;Población estacionaria;2024;382.914,94608
06 Cantabria;Ambos sexos;De 75 a 79 años;Tiempo por vivir;2024;1.133.039,0008
06 Cantabria;Ambos sexos;De 75 a 79 años;Esperanza de vida;2024;13,975954
06 Cantabria;Ambos sexos;De 80 a 84 años;Tasa de mortalidad;2024;41,515799
06 Cantabria;Ambos sexos;De 80 a 84 años;Promedio de años vividos el último año de vida;2024;0,521058
06 Cantabria;Ambos sexos;De 80 a 84 años;Riesgo de muerte;2024;188,808006
06 Cantabria;Ambos sexos;De 80 a 84 años;Supervivientes;2024;71.281,39674
06 Cantabria;Ambos sexos;De 80 a 84 años;Defunciones teóricas;2024;13.458,498398
06 Cantabria;Ambos sexos;De 80 a 84 años;Población estacionaria;2024;324.177,75147
06 Cantabria;Ambos sexos;De 80 a 84 años;Tiempo por vivir;2024;750.124,05472
06 Cantabria;Ambos sexos;De 80 a 84 años;Esperanza de vida;2024;10,52342
06 Cantabria;Ambos sexos;De 85 a 89 años;Tasa de mortalidad;2024;81,392114
06 Cantabria;Ambos sexos;De 85 a 89 años;Promedio de años vividos el último año de vida;2024;0,512412
06 Cantabria;Ambos sexos;De 85 a 89 años;Riesgo de muerte;2024;339,578397
06 Cantabria;Ambos sexos;De 85 a 89 años;Supervivientes;2024;57.822,898342
06 Cantabria;Ambos sexos;De 85 a 89 años;Defunciones teóricas;2024;19.635,407158
06 Cantabria;Ambos sexos;De 85 a 89 años;Población estacionaria;2024;241.244,5905
06 Cantabria;Ambos sexos;De 85 a 89 años;Tiempo por vivir;2024;425.946,30325
06 Cantabria;Ambos sexos;De 85 a 89 años;Esperanza de vida;2024;7,366395
06 Cantabria;Ambos sexos;90 y más años;Tasa de mortalidad;2024;""
06 Cantabria;Ambos sexos;90 y más años;Promedio de años vividos el último año de vida;2024;""
06 Cantabria;Ambos sexos;90 y más años;Riesgo de muerte;2024;""
06 Cantabria;Ambos sexos;90 y más años;Supervivientes;2024;""
06 Cantabria;Ambos sexos;90 y más años;Defunciones teóricas;2024;""
06 Cantabria;Ambos sexos;90 y más años;Población estacionaria;2024;""
06 Cantabria;Ambos sexos;90 y más años;Tiempo por vivir;2024;""
06 Cantabria;Ambos sexos;90 y más años;Esperanza de vida;2024;""
06 Cantabria;Ambos sexos;De 90 a 94 años;Tasa de mortalidad;2024;155,405322
06 Cantabria;Ambos sexos;De 90 a 94 años;Promedio de años vividos el último año de vida;2024;0,480235
06 Cantabria;Ambos sexos;De 90 a 94 años;Riesgo de muerte;2024;553,488526
06 Cantabria;Ambos sexos;De 90 a 94 años;Supervivientes;2024;38.187,491184
06 Cantabria;Ambos sexos;De 90 a 94 años;Defunciones teóricas;2024;21.136,338197
06 Cantabria;Ambos sexos;De 90 a 94 años;Población estacionaria;2024;136.007,81432
06 Cantabria;Ambos sexos;De 90 a 94 años;Tiempo por vivir;2024;184.701,71276
06 Cantabria;Ambos sexos;De 90 a 94 años;Esperanza de vida;2024;4,836707
06 Cantabria;Ambos sexos;95 y más años;Tasa de mortalidad;2024;286,778307
06 Cantabria;Ambos sexos;95 y más años;Promedio de años vividos el último año de vida;2024;2,855754
06 Cantabria;Ambos sexos;95 y más años;Riesgo de muerte;2024;1.000
06 Cantabria;Ambos sexos;95 y más años;Supervivientes;2024;17.051,152987
06 Cantabria;Ambos sexos;95 y más años;Defunciones teóricas;2024;17.051,152987
06 Cantabria;Ambos sexos;95 y más años;Población estacionaria;2024;48.693,898437
06 Cantabria;Ambos sexos;95 y más años;Tiempo por vivir;2024;48.693,898437
06 Cantabria;Ambos sexos;95 y más años;Esperanza de vida;2024;2,855754
06 Cantabria;Hombres;0 años;Tasa de mortalidad;2024;5,102779
06 Cantabria;Hombres;0 años;Promedio de años vividos el último año de vida;2024;0,034153
06 Cantabria;Hombres;0 años;Riesgo de muerte;2024;5,077753
06 Cantabria;Hombres;0 años;Supervivientes;2024;100.000
06 Cantabria;Hombres;0 años;Defunciones teóricas;2024;507,775309
06 Cantabria;Hombres;0 años;Población estacionaria;2024;99.509,566743
06 Cantabria;Hombres;0 años;Tiempo por vivir;2024;8.101.464,1027
06 Cantabria;Hombres;0 años;Esperanza de vida;2024;81,014641
06 Cantabria;Hombres;De 1 a 4 años;Tasa de mortalidad;2024;0
06 Cantabria;Hombres;De 1 a 4 años;Promedio de años vividos el último año de vida;2024;0
06 Cantabria;Hombres;De 1 a 4 años;Riesgo de muerte;2024;0
06 Cantabria;Hombres;De 1 a 4 años;Supervivientes;2024;99.492,224691
06 Cantabria;Hombres;De 1 a 4 años;Defunciones teóricas;2024;0
06 Cantabria;Hombres;De 1 a 4 años;Población estacionaria;2024;397.968,89876
06 Cantabria;Hombres;De 1 a 4 años;Tiempo por vivir;2024;8.001.954,536
06 Cantabria;Hombres;De 1 a 4 años;Esperanza de vida;2024;80,427939
06 Cantabria;Hombres;De 5 a 9 años;Tasa de mortalidad;2024;0,171496
06 Cantabria;Hombres;De 5 a 9 años;Promedio de años vividos el último año de vida;2024;0,406203
06 Cantabria;Hombres;De 5 a 9 años;Riesgo de muerte;2024;0,857043
06 Cantabria;Hombres;De 5 a 9 años;Supervivientes;2024;99.492,224691
06 Cantabria;Hombres;De 5 a 9 años;Defunciones teóricas;2024;85,269079
06 Cantabria;Hombres;De 5 a 9 años;Población estacionaria;2024;497.207,96097
06 Cantabria;Hombres;De 5 a 9 años;Tiempo por vivir;2024;7.603.985,6372
06 Cantabria;Hombres;De 5 a 9 años;Esperanza de vida;2024;76,427939
06 Cantabria;Hombres;De 10 a 14 años;Tasa de mortalidad;2024;0,064666
06 Cantabria;Hombres;De 10 a 14 años;Promedio de años vividos el último año de vida;2024;0,939891
06 Cantabria;Hombres;De 10 a 14 años;Riesgo de muerte;2024;0,323324
06 Cantabria;Hombres;De 10 a 14 años;Supervivientes;2024;99.406,955611
06 Cantabria;Hombres;De 10 a 14 años;Defunciones teóricas;2024;32,140667
06 Cantabria;Hombres;De 10 a 14 años;Población estacionaria;2024;497.025,11829
06 Cantabria;Hombres;De 10 a 14 años;Tiempo por vivir;2024;7.106.777,6762
06 Cantabria;Hombres;De 10 a 14 años;Esperanza de vida;2024;71,491755
06 Cantabria;Hombres;De 15 a 19 años;Tasa de mortalidad;2024;0,194781
06 Cantabria;Hombres;De 15 a 19 años;Promedio de años vividos el último año de vida;2024;0,693336
06 Cantabria;Hombres;De 15 a 19 años;Riesgo de muerte;2024;0,973617
06 Cantabria;Hombres;De 15 a 19 años;Supervivientes;2024;99.374,814944
06 Cantabria;Hombres;De 15 a 19 años;Defunciones teóricas;2024;96,752978
06 Cantabria;Hombres;De 15 a 19 años;Población estacionaria;2024;496.725,72137
06 Cantabria;Hombres;De 15 a 19 años;Tiempo por vivir;2024;6.609.752,5579
06 Cantabria;Hombres;De 15 a 19 años;Esperanza de vida;2024;66,513357
06 Cantabria;Hombres;De 20 a 24 años;Tasa de mortalidad;2024;0,268557
06 Cantabria;Hombres;De 20 a 24 años;Promedio de años vividos el último año de vida;2024;0,340352
06 Cantabria;Hombres;De 20 a 24 años;Riesgo de muerte;2024;1,341597
06 Cantabria;Hombres;De 20 a 24 años;Supervivientes;2024;99.278,061966
06 Cantabria;Hombres;De 20 a 24 años;Defunciones teóricas;2024;133,191135
06 Cantabria;Hombres;De 20 a 24 años;Población estacionaria;2024;495.951,0132
06 Cantabria;Hombres;De 20 a 24 años;Tiempo por vivir;2024;6.113.026,8366
06 Cantabria;Hombres;De 20 a 24 años;Esperanza de vida;2024;61,5748
06 Cantabria;Hombres;De 25 a 29 años;Tasa de mortalidad;2024;0,534156
06 Cantabria;Hombres;De 25 a 29 años;Promedio de años vividos el último año de vida;2024;0,439587
06 Cantabria;Hombres;De 25 a 29 años;Riesgo de muerte;2024;2,666788
06 Cantabria;Hombres;De 25 a 29 años;Supervivientes;2024;99.144,870831
06 Cantabria;Hombres;De 25 a 29 años;Defunciones teóricas;2024;264,398304
06 Cantabria;Hombres;De 25 a 29 años;Población estacionaria;2024;494.983,49316
06 Cantabria;Hombres;De 25 a 29 años;Tiempo por vivir;2024;5.617.075,8234
06 Cantabria;Hombres;De 25 a 29 años;Esperanza de vida;2024;56,655234
06 Cantabria;Hombres;De 30 a 34 años;Tasa de mortalidad;2024;0,498689
06 Cantabria;Hombres;De 30 a 34 años;Promedio de años vividos el último año de vida;2024;0,461635
06 Cantabria;Hombres;De 30 a 34 años;Riesgo de muerte;2024;2,490104
06 Cantabria;Hombres;De 30 a 34 años;Supervivientes;2024;98.880,472528
06 Cantabria;Hombres;De 30 a 34 años;Defunciones teóricas;2024;246,222651
06 Cantabria;Hombres;De 30 a 34 años;Población estacionaria;2024;493.739,57482
06 Cantabria;Hombres;De 30 a 34 años;Tiempo por vivir;2024;5.122.092,3302
06 Cantabria;Hombres;De 30 a 34 años;Esperanza de vida;2024;51,800848
06 Cantabria;Hombres;De 35 a 39 años;Tasa de mortalidad;2024;1,055113
06 Cantabria;Hombres;De 35 a 39 años;Promedio de años vividos el último año de vida;2024;0,641584
06 Cantabria;Hombres;De 35 a 39 años;Riesgo de muerte;2024;5,265606
06 Cantabria;Hombres;De 35 a 39 años;Supervivientes;2024;98.634,249876
06 Cantabria;Hombres;De 35 a 39 años;Defunciones teóricas;2024;519,369106
06 Cantabria;Hombres;De 35 a 39 años;Población estacionaria;2024;492.240,49779
06 Cantabria;Hombres;De 35 a 39 años;Tiempo por vivir;2024;4.628.352,7554
06 Cantabria;Hombres;De 35 a 39 años;Esperanza de vida;2024;46,924398
06 Cantabria;Hombres;De 40 a 44 años;Tasa de mortalidad;2024;1,062574
06 Cantabria;Hombres;De 40 a 44 años;Promedio de años vividos el último año de vida;2024;0,678688
06 Cantabria;Hombres;De 40 a 44 años;Riesgo de muerte;2024;5,303814
06 Cantabria;Hombres;De 40 a 44 años;Supervivientes;2024;98.114,880771
06 Cantabria;Hombres;De 40 a 44 años;Defunciones teóricas;2024;520,383096
06 Cantabria;Hombres;De 40 a 44 años;Población estacionaria;2024;489.738,37599
06 Cantabria;Hombres;De 40 a 44 años;Tiempo por vivir;2024;4.136.112,2576
06 Cantabria;Hombres;De 40 a 44 años;Esperanza de vida;2024;42,15581
06 Cantabria;Hombres;De 45 a 49 años;Tasa de mortalidad;2024;1,317868
06 Cantabria;Hombres;De 45 a 49 años;Promedio de años vividos el último año de vida;2024;0,554503
06 Cantabria;Hombres;De 45 a 49 años;Riesgo de muerte;2024;6,570056
06 Cantabria;Hombres;De 45 a 49 años;Supervivientes;2024;97.594,497674
06 Cantabria;Hombres;De 45 a 49 años;Defunciones teóricas;2024;641,201276
06 Cantabria;Hombres;De 45 a 49 años;Población estacionaria;2024;486.544,22165
06 Cantabria;Hombres;De 45 a 49 años;Tiempo por vivir;2024;3.646.373,8816
06 Cantabria;Hombres;De 45 a 49 años;Esperanza de vida;2024;37,362494
06 Cantabria;Hombres;De 50 a 54 años;Tasa de mortalidad;2024;2,95804
06 Cantabria;Hombres;De 50 a 54 años;Promedio de años vividos el último año de vida;2024;0,548579
06 Cantabria;Hombres;De 50 a 54 años;Riesgo de muerte;2024;14,692109
06 Cantabria;Hombres;De 50 a 54 años;Supervivientes;2024;96.953,296398
06 Cantabria;Hombres;De 50 a 54 años;Defunciones teóricas;2024;1.424,448371
06 Cantabria;Hombres;De 50 a 54 años;Población estacionaria;2024;481.551,35021
06 Cantabria;Hombres;De 50 a 54 años;Tiempo por vivir;2024;3.159.829,66
06 Cantabria;Hombres;De 50 a 54 años;Esperanza de vida;2024;32,591256
06 Cantabria;Hombres;De 55 a 59 años;Tasa de mortalidad;2024;4,840673
06 Cantabria;Hombres;De 55 a 59 años;Promedio de años vividos el último año de vida;2024;0,554366
06 Cantabria;Hombres;De 55 a 59 años;Riesgo de muerte;2024;23,945097
06 Cantabria;Hombres;De 55 a 59 años;Supervivientes;2024;95.528,848027
06 Cantabria;Hombres;De 55 a 59 años;Defunciones teóricas;2024;2.287,447525
06 Cantabria;Hombres;De 55 a 59 años;Población estacionaria;2024;472.547,42281
06 Cantabria;Hombres;De 55 a 59 años;Tiempo por vivir;2024;2.678.278,3097
06 Cantabria;Hombres;De 55 a 59 años;Esperanza de vida;2024;28,03633
06 Cantabria;Hombres;De 60 a 64 años;Tasa de mortalidad;2024;9,169037
06 Cantabria;Hombres;De 60 a 64 años;Promedio de años vividos el último año de vida;2024;0,510294
06 Cantabria;Hombres;De 60 a 64 años;Riesgo de muerte;2024;44,838531
06 Cantabria;Hombres;De 60 a 64 años;Supervivientes;2024;93.241,400502
06 Cantabria;Hombres;De 60 a 64 años;Defunciones teóricas;2024;4.180,807445
06 Cantabria;Hombres;De 60 a 64 años;Población estacionaria;2024;455.970,17088
06 Cantabria;Hombres;De 60 a 64 años;Tiempo por vivir;2024;2.205.730,8869
06 Cantabria;Hombres;De 60 a 64 años;Esperanza de vida;2024;23,656132
06 Cantabria;Hombres;De 65 a 69 años;Tasa de mortalidad;2024;13,294066
06 Cantabria;Hombres;De 65 a 69 años;Promedio de años vividos el último año de vida;2024;0,529746
06 Cantabria;Hombres;De 65 a 69 años;Riesgo de muerte;2024;64,45558
06 Cantabria;Hombres;De 65 a 69 años;Supervivientes;2024;89.060,593057
06 Cantabria;Hombres;De 65 a 69 años;Defunciones teóricas;2024;5.740,452137
06 Cantabria;Hombres;De 65 a 69 años;Población estacionaria;2024;431.805,603
06 Cantabria;Hombres;De 65 a 69 años;Tiempo por vivir;2024;1.749.760,7161
06 Cantabria;Hombres;De 65 a 69 años;Esperanza de vida;2024;19,646857
06 Cantabria;Hombres;De 70 a 74 años;Tasa de mortalidad;2024;19,593681
06 Cantabria;Hombres;De 70 a 74 años;Promedio de años vividos el último año de vida;2024;0,53209
06 Cantabria;Hombres;De 70 a 74 años;Riesgo de muerte;2024;93,674332
06 Cantabria;Hombres;De 70 a 74 años;Supervivientes;2024;83.320,14092
06 Cantabria;Hombres;De 70 a 74 años;Defunciones teóricas;2024;7.804,958532
06 Cantabria;Hombres;De 70 a 74 años;Población estacionaria;2024;398.340,60221
06 Cantabria;Hombres;De 70 a 74 años;Tiempo por vivir;2024;1.317.955,1131
06 Cantabria;Hombres;De 70 a 74 años;Esperanza de vida;2024;15,817965
06 Cantabria;Hombres;De 75 a 79 años;Tasa de mortalidad;2024;36,265767
06 Cantabria;Hombres;De 75 a 79 años;Promedio de años vividos el último año de vida;2024;0,542037
06 Cantabria;Hombres;De 75 a 79 años;Riesgo de muerte;2024;167,425496
06 Cantabria;Hombres;De 75 a 79 años;Supervivientes;2024;75.515,182388
06 Cantabria;Hombres;De 75 a 79 años;Defunciones teóricas;2024;12.643,166845
06 Cantabria;Hombres;De 75 a 79 años;Población estacionaria;2024;348.625,38486
06 Cantabria;Hombres;De 75 a 79 años;Tiempo por vivir;2024;919.614,51086
06 Cantabria;Hombres;De 75 a 79 años;Esperanza de vida;2024;12,177876
06 Cantabria;Hombres;De 80 a 84 años;Tasa de mortalidad;2024;57,973178
06 Cantabria;Hombres;De 80 a 84 años;Promedio de años vividos el último año de vida;2024;0,517415
06 Cantabria;Hombres;De 80 a 84 años;Riesgo de muerte;2024;254,294004
06 Cantabria;Hombres;De 80 a 84 años;Supervivientes;2024;62.872,015543
06 Cantabria;Hombres;De 80 a 84 años;Defunciones teóricas;2024;15.987,976546
06 Cantabria;Hombres;De 80 a 84 años;Población estacionaria;2024;275.782,30152
06 Cantabria;Hombres;De 80 a 84 años;Tiempo por vivir;2024;570.989,126
06 Cantabria;Hombres;De 80 a 84 años;Esperanza de vida;2024;9,081769
06 Cantabria;Hombres;De 85 a 89 años;Tasa de mortalidad;2024;106,85882
06 Cantabria;Hombres;De 85 a 89 años;Promedio de años vividos el último año de vida;2024;0,506207
06 Cantabria;Hombres;De 85 a 89 años;Riesgo de muerte;2024;422,75759
06 Cantabria;Hombres;De 85 a 89 años;Supervivientes;2024;46.884,038997
06 Cantabria;Hombres;De 85 a 89 años;Defunciones teóricas;2024;19.820,583343
06 Cantabria;Hombres;De 85 a 89 años;Población estacionaria;2024;185.483,83095
06 Cantabria;Hombres;De 85 a 89 años;Tiempo por vivir;2024;295.206,82448
06 Cantabria;Hombres;De 85 a 89 años;Esperanza de vida;2024;6,296531
06 Cantabria;Hombres;90 y más años;Tasa de mortalidad;2024;""
06 Cantabria;Hombres;90 y más años;Promedio de años vividos el último año de vida;2024;""
06 Cantabria;Hombres;90 y más años;Riesgo de muerte;2024;""
06 Cantabria;Hombres;90 y más años;Supervivientes;2024;""
06 Cantabria;Hombres;90 y más años;Defunciones teóricas;2024;""
06 Cantabria;Hombres;90 y más años;Población estacionaria;2024;""
06 Cantabria;Hombres;90 y más años;Tiempo por vivir;2024;""
06 Cantabria;Hombres;90 y más años;Esperanza de vida;2024;""
06 Cantabria;Hombres;De 90 a 94 años;Tasa de mortalidad;2024;196,12564
06 Cantabria;Hombres;De 90 a 94 años;Promedio de años vividos el último año de vida;2024;0,46774
06 Cantabria;Hombres;De 90 a 94 años;Riesgo de muerte;2024;644,323818
06 Cantabria;Hombres;De 90 a 94 años;Supervivientes;2024;27.063,455654
06 Cantabria;Hombres;De 90 a 94 años;Defunciones teóricas;2024;17.437,629083
06 Cantabria;Hombres;De 90 a 94 años;Población estacionaria;2024;88.910,501943
06 Cantabria;Hombres;De 90 a 94 años;Tiempo por vivir;2024;109.722,99353
06 Cantabria;Hombres;De 90 a 94 años;Esperanza de vida;2024;4,054286
06 Cantabria;Hombres;95 y más años;Tasa de mortalidad;2024;349,604191
06 Cantabria;Hombres;95 y más años;Promedio de años vividos el último año de vida;2024;2,162151
06 Cantabria;Hombres;95 y más años;Riesgo de muerte;2024;1.000
06 Cantabria;Hombres;95 y más años;Supervivientes;2024;9.625,826571
06 Cantabria;Hombres;95 y más años;Defunciones teóricas;2024;9.625,826571
06 Cantabria;Hombres;95 y más años;Población estacionaria;2024;20.812,491583
06 Cantabria;Hombres;95 y más años;Tiempo por vivir;2024;20.812,491583
06 Cantabria;Hombres;95 y más años;Esperanza de vida;2024;2,162151
06 Cantabria;Mujeres;0 años;Tasa de mortalidad;2024;2,74125
06 Cantabria;Mujeres;0 años;Promedio de años vividos el último año de vida;2024;0,334016
06 Cantabria;Mujeres;0 años;Riesgo de muerte;2024;2,736254
06 Cantabria;Mujeres;0 años;Supervivientes;2024;100.000
06 Cantabria;Mujeres;0 años;Defunciones teóricas;2024;273,625425
06 Cantabria;Mujeres;0 años;Población estacionaria;2024;99.817,769953
06 Cantabria;Mujeres;0 años;Tiempo por vivir;2024;8.662.039,9822
06 Cantabria;Mujeres;0 años;Esperanza de vida;2024;86,6204
06 Cantabria;Mujeres;De 1 a 4 años;Tasa de mortalidad;2024;0,427876
06 Cantabria;Mujeres;De 1 a 4 años;Promedio de años vividos el último año de vida;2024;0,648661
06 Cantabria;Mujeres;De 1 a 4 años;Riesgo de muerte;2024;1,710475
06 Cantabria;Mujeres;De 1 a 4 años;Supervivientes;2024;99.726,374575
06 Cantabria;Mujeres;De 1 a 4 años;Defunciones teóricas;2024;170,579479
06 Cantabria;Mujeres;De 1 a 4 años;Población estacionaria;2024;398.665,77359
06 Cantabria;Mujeres;De 1 a 4 años;Tiempo por vivir;2024;8.562.222,2122
06 Cantabria;Mujeres;De 1 a 4 años;Esperanza de vida;2024;85,857149
06 Cantabria;Mujeres;De 5 a 9 años;Tasa de mortalidad;2024;0
06 Cantabria;Mujeres;De 5 a 9 años;Promedio de años vividos el último año de vida;2024;0
06 Cantabria;Mujeres;De 5 a 9 años;Riesgo de muerte;2024;0
06 Cantabria;Mujeres;De 5 a 9 años;Supervivientes;2024;99.555,795096
06 Cantabria;Mujeres;De 5 a 9 años;Defunciones teóricas;2024;0
06 Cantabria;Mujeres;De 5 a 9 años;Población estacionaria;2024;497.778,97548
06 Cantabria;Mujeres;De 5 a 9 años;Tiempo por vivir;2024;8.163.556,4386
06 Cantabria;Mujeres;De 5 a 9 años;Esperanza de vida;2024;81,999812
06 Cantabria;Mujeres;De 10 a 14 años;Tasa de mortalidad;2024;0
06 Cantabria;Mujeres;De 10 a 14 años;Promedio de años vividos el último año de vida;2024;0
06 Cantabria;Mujeres;De 10 a 14 años;Riesgo de muerte;2024;0
06 Cantabria;Mujeres;De 10 a 14 años;Supervivientes;2024;99.555,795096
06 Cantabria;Mujeres;De 10 a 14 años;Defunciones teóricas;2024;0
06 Cantabria;Mujeres;De 10 a 14 años;Población estacionaria;2024;497.778,97548
06 Cantabria;Mujeres;De 10 a 14 años;Tiempo por vivir;2024;7.665.777,4631
06 Cantabria;Mujeres;De 10 a 14 años;Esperanza de vida;2024;76,999812
06 Cantabria;Mujeres;De 15 a 19 años;Tasa de mortalidad;2024;0,069168
06 Cantabria;Mujeres;De 15 a 19 años;Promedio de años vividos el último año de vida;2024;0,510929
06 Cantabria;Mujeres;De 15 a 19 años;Riesgo de muerte;2024;0,345781
06 Cantabria;Mujeres;De 15 a 19 años;Supervivientes;2024;99.555,795096
06 Cantabria;Mujeres;De 15 a 19 años;Defunciones teóricas;2024;34,424549
06 Cantabria;Mujeres;De 15 a 19 años;Población estacionaria;2024;497.694,79523
06 Cantabria;Mujeres;De 15 a 19 años;Tiempo por vivir;2024;7.167.998,4877
06 Cantabria;Mujeres;De 15 a 19 años;Esperanza de vida;2024;71,999812
06 Cantabria;Mujeres;De 20 a 24 años;Tasa de mortalidad;2024;0
06 Cantabria;Mujeres;De 20 a 24 años;Promedio de años vividos el último año de vida;2024;0
06 Cantabria;Mujeres;De 20 a 24 años;Riesgo de muerte;2024;0
06 Cantabria;Mujeres;De 20 a 24 años;Supervivientes;2024;99.521,370547
06 Cantabria;Mujeres;De 20 a 24 años;Defunciones teóricas;2024;0
06 Cantabria;Mujeres;De 20 a 24 años;Población estacionaria;2024;497.606,85274
06 Cantabria;Mujeres;De 20 a 24 años;Tiempo por vivir;2024;6.670.303,6924
06 Cantabria;Mujeres;De 20 a 24 años;Esperanza de vida;2024;67,023833
06 Cantabria;Mujeres;De 25 a 29 años;Tasa de mortalidad;2024;0,080521
06 Cantabria;Mujeres;De 25 a 29 años;Promedio de años vividos el último año de vida;2024;0,900546
06 Cantabria;Mujeres;De 25 a 29 años;Riesgo de muerte;2024;0,402589
06 Cantabria;Mujeres;De 25 a 29 años;Supervivientes;2024;99.521,370547
06 Cantabria;Mujeres;De 25 a 29 años;Defunciones teóricas;2024;40,066198
06 Cantabria;Mujeres;De 25 a 29 años;Población estacionaria;2024;497.586,92911
06 Cantabria;Mujeres;De 25 a 29 años;Tiempo por vivir;2024;6.172.696,8397
06 Cantabria;Mujeres;De 25 a 29 años;Esperanza de vida;2024;62,023833
06 Cantabria;Mujeres;De 30 a 34 años;Tasa de mortalidad;2024;0,284466
06 Cantabria;Mujeres;De 30 a 34 años;Promedio de años vividos el último año de vida;2024;0,555079
06 Cantabria;Mujeres;De 30 a 34 años;Riesgo de muerte;2024;1,421431
06 Cantabria;Mujeres;De 30 a 34 años;Supervivientes;2024;99.481,304349
06 Cantabria;Mujeres;De 30 a 34 años;Defunciones teóricas;2024;141,405783
06 Cantabria;Mujeres;De 30 a 34 años;Población estacionaria;2024;497.091,94942
06 Cantabria;Mujeres;De 30 a 34 años;Tiempo por vivir;2024;5.675.109,9106
06 Cantabria;Mujeres;De 30 a 34 años;Esperanza de vida;2024;57,046999
06 Cantabria;Mujeres;De 35 a 39 años;Tasa de mortalidad;2024;0,302881
06 Cantabria;Mujeres;De 35 a 39 años;Promedio de años vividos el último año de vida;2024;0,36161
06 Cantabria;Mujeres;De 35 a 39 años;Riesgo de muerte;2024;1,51294
06 Cantabria;Mujeres;De 35 a 39 años;Supervivientes;2024;99.339,898566
06 Cantabria;Mujeres;De 35 a 39 años;Defunciones teóricas;2024;150,295298
06 Cantabria;Mujeres;De 35 a 39 años;Población estacionaria;2024;496.219,75766
06 Cantabria;Mujeres;De 35 a 39 años;Tiempo por vivir;2024;5.178.017,9612
06 Cantabria;Mujeres;De 35 a 39 años;Esperanza de vida;2024;52,124253
06 Cantabria;Mujeres;De 40 a 44 años;Tasa de mortalidad;2024;0,690005
06 Cantabria;Mujeres;De 40 a 44 años;Promedio de años vividos el último año de vida;2024;0,499711
06 Cantabria;Mujeres;De 40 a 44 años;Riesgo de muerte;2024;3,444083
06 Cantabria;Mujeres;De 40 a 44 años;Supervivientes;2024;99.189,603268
06 Cantabria;Mujeres;De 40 a 44 años;Defunciones teóricas;2024;341,617219
06 Cantabria;Mujeres;De 40 a 44 años;Población estacionaria;2024;495.093,47998
06 Cantabria;Mujeres;De 40 a 44 años;Tiempo por vivir;2024;4.681.798,2035
06 Cantabria;Mujeres;De 40 a 44 años;Esperanza de vida;2024;47,200493
06 Cantabria;Mujeres;De 45 a 49 años;Tasa de mortalidad;2024;0,894864
06 Cantabria;Mujeres;De 45 a 49 años;Promedio de años vividos el último año de vida;2024;0,54264
06 Cantabria;Mujeres;De 45 a 49 años;Riesgo de muerte;2024;4,465184
06 Cantabria;Mujeres;De 45 a 49 años;Supervivientes;2024;98.847,98605
06 Cantabria;Mujeres;De 45 a 49 años;Defunciones teóricas;2024;441,374486
06 Cantabria;Mujeres;De 45 a 49 años;Población estacionaria;2024;493.230,59568
06 Cantabria;Mujeres;De 45 a 49 años;Tiempo por vivir;2024;4.186.704,7235
06 Cantabria;Mujeres;De 45 a 49 años;Esperanza de vida;2024;42,354983
06 Cantabria;Mujeres;De 50 a 54 años;Tasa de mortalidad;2024;1,824115
06 Cantabria;Mujeres;De 50 a 54 años;Promedio de años vividos el último año de vida;2024;0,476239
06 Cantabria;Mujeres;De 50 a 54 años;Riesgo de muerte;2024;9,077215
06 Cantabria;Mujeres;De 50 a 54 años;Supervivientes;2024;98.406,611563
06 Cantabria;Mujeres;De 50 a 54 años;Defunciones teóricas;2024;893,257939
06 Cantabria;Mujeres;De 50 a 54 años;Población estacionaria;2024;489.693,78892
06 Cantabria;Mujeres;De 50 a 54 años;Tiempo por vivir;2024;3.693.474,1278
06 Cantabria;Mujeres;De 50 a 54 años;Esperanza de vida;2024;37,532784
06 Cantabria;Mujeres;De 55 a 59 años;Tasa de mortalidad;2024;2,387676
06 Cantabria;Mujeres;De 55 a 59 años;Promedio de años vividos el último año de vida;2024;0,508841
06 Cantabria;Mujeres;De 55 a 59 años;Riesgo de muerte;2024;11,868785
06 Cantabria;Mujeres;De 55 a 59 años;Supervivientes;2024;97.513,353625
06 Cantabria;Mujeres;De 55 a 59 años;Defunciones teóricas;2024;1.157,365044
06 Cantabria;Mujeres;De 55 a 59 años;Población estacionaria;2024;484.724,51611
06 Cantabria;Mujeres;De 55 a 59 años;Tiempo por vivir;2024;3.203.780,3389
06 Cantabria;Mujeres;De 55 a 59 años;Esperanza de vida;2024;32,854786
06 Cantabria;Mujeres;De 60 a 64 años;Tasa de mortalidad;2024;4,177344
06 Cantabria;Mujeres;De 60 a 64 años;Promedio de años vividos el último año de vida;2024;0,539048
06 Cantabria;Mujeres;De 60 a 64 años;Riesgo de muerte;2024;20,687544
06 Cantabria;Mujeres;De 60 a 64 años;Supervivientes;2024;96.355,988581
06 Cantabria;Mujeres;De 60 a 64 años;Defunciones teóricas;2024;1.993,368775
06 Cantabria;Mujeres;De 60 a 64 años;Población estacionaria;2024;477.185,70892
06 Cantabria;Mujeres;De 60 a 64 años;Tiempo por vivir;2024;2.719.055,8228
06 Cantabria;Mujeres;De 60 a 64 años;Esperanza de vida;2024;28,218857
06 Cantabria;Mujeres;De 65 a 69 años;Tasa de mortalidad;2024;7,17144
06 Cantabria;Mujeres;De 65 a 69 años;Promedio de años vividos el último año de vida;2024;0,5204
06 Cantabria;Mujeres;De 65 a 69 años;Riesgo de muerte;2024;35,250984
06 Cantabria;Mujeres;De 65 a 69 años;Supervivientes;2024;94.362,619806
06 Cantabria;Mujeres;De 65 a 69 años;Defunciones teóricas;2024;3.326,37522
06 Cantabria;Mujeres;De 65 a 69 años;Población estacionaria;2024;463.836,44512
06 Cantabria;Mujeres;De 65 a 69 años;Tiempo por vivir;2024;2.241.870,1139
06 Cantabria;Mujeres;De 65 a 69 años;Esperanza de vida;2024;23,758032
06 Cantabria;Mujeres;De 70 a 74 años;Tasa de mortalidad;2024;10,06754
06 Cantabria;Mujeres;De 70 a 74 años;Promedio de años vividos el último año de vida;2024;0,573047
06 Cantabria;Mujeres;De 70 a 74 años;Riesgo de muerte;2024;49,278609
06 Cantabria;Mujeres;De 70 a 74 años;Supervivientes;2024;91.036,244586
06 Cantabria;Mujeres;De 70 a 74 años;Defunciones teóricas;2024;4.486,139517
06 Cantabria;Mujeres;De 70 a 74 años;Población estacionaria;2024;445.604,35927
06 Cantabria;Mujeres;De 70 a 74 años;Tiempo por vivir;2024;1.778.033,6688
06 Cantabria;Mujeres;De 70 a 74 años;Esperanza de vida;2024;19,531052
06 Cantabria;Mujeres;De 75 a 79 años;Tasa de mortalidad;2024;17,044498
06 Cantabria;Mujeres;De 75 a 79 años;Promedio de años vividos el último año de vida;2024;0,542772
06 Cantabria;Mujeres;De 75 a 79 años;Riesgo de muerte;2024;82,026246
06 Cantabria;Mujeres;De 75 a 79 años;Supervivientes;2024;86.550,105069
06 Cantabria;Mujeres;De 75 a 79 años;Defunciones teóricas;2024;7.099,380245
06 Cantabria;Mujeres;De 75 a 79 años;Población estacionaria;2024;416.520,35664
06 Cantabria;Mujeres;De 75 a 79 años;Tiempo por vivir;2024;1.332.429,3095
06 Cantabria;Mujeres;De 75 a 79 años;Esperanza de vida;2024;15,39489
06 Cantabria;Mujeres;De 80 a 84 años;Tasa de mortalidad;2024;30,180059
06 Cantabria;Mujeres;De 80 a 84 años;Promedio de años vividos el último año de vida;2024;0,529418
06 Cantabria;Mujeres;De 80 a 84 años;Riesgo de muerte;2024;140,895198
06 Cantabria;Mujeres;De 80 a 84 años;Supervivientes;2024;79.450,724824
06 Cantabria;Mujeres;De 80 a 84 años;Defunciones teóricas;2024;11.194,225637
06 Cantabria;Mujeres;De 80 a 84 años;Población estacionaria;2024;370.914,63265
06 Cantabria;Mujeres;De 80 a 84 años;Tiempo por vivir;2024;915.908,95286
06 Cantabria;Mujeres;De 80 a 84 años;Esperanza de vida;2024;11,528013
06 Cantabria;Mujeres;De 85 a 89 años;Tasa de mortalidad;2024;67,379021
06 Cantabria;Mujeres;De 85 a 89 años;Promedio de años vividos el último año de vida;2024;0,518121
06 Cantabria;Mujeres;De 85 a 89 años;Riesgo de muerte;2024;289,841434
06 Cantabria;Mujeres;De 85 a 89 años;Supervivientes;2024;68.256,499188
06 Cantabria;Mujeres;De 85 a 89 años;Defunciones teóricas;2024;19.783,561609
06 Cantabria;Mujeres;De 85 a 89 años;Población estacionaria;2024;293.616,04308
06 Cantabria;Mujeres;De 85 a 89 años;Tiempo por vivir;2024;544.994,32021
06 Cantabria;Mujeres;De 85 a 89 años;Esperanza de vida;2024;7,984504
06 Cantabria;Mujeres;90 y más años;Tasa de mortalidad;2024;""
06 Cantabria;Mujeres;90 y más años;Promedio de años vividos el último año de vida;2024;""
06 Cantabria;Mujeres;90 y más años;Riesgo de muerte;2024;""
06 Cantabria;Mujeres;90 y más años;Supervivientes;2024;""
06 Cantabria;Mujeres;90 y más años;Defunciones teóricas;2024;""
06 Cantabria;Mujeres;90 y más años;Población estacionaria;2024;""
06 Cantabria;Mujeres;90 y más años;Tiempo por vivir;2024;""
06 Cantabria;Mujeres;90 y más años;Esperanza de vida;2024;""
06 Cantabria;Mujeres;De 90 a 94 años;Tasa de mortalidad;2024;138,903106
06 Cantabria;Mujeres;De 90 a 94 años;Promedio de años vividos el último año de vida;2024;0,487705
06 Cantabria;Mujeres;De 90 a 94 años;Riesgo de muerte;2024;512,25631
06 Cantabria;Mujeres;De 90 a 94 años;Supervivientes;2024;48.472,937579
06 Cantabria;Mujeres;De 90 a 94 años;Defunciones teóricas;2024;24.830,568152
06 Cantabria;Mujeres;De 90 a 94 años;Población estacionaria;2024;178.761,79235
06 Cantabria;Mujeres;De 90 a 94 años;Tiempo por vivir;2024;251.378,27713
06 Cantabria;Mujeres;De 90 a 94 años;Esperanza de vida;2024;5,185951
06 Cantabria;Mujeres;95 y más años;Tasa de mortalidad;2024;271,59965
06 Cantabria;Mujeres;95 y más años;Promedio de años vividos el último año de vida;2024;3,071455
06 Cantabria;Mujeres;95 y más años;Riesgo de muerte;2024;1.000
06 Cantabria;Mujeres;95 y más años;Supervivientes;2024;23.642,369427
06 Cantabria;Mujeres;95 y más años;Defunciones teóricas;2024;23.642,369427
06 Cantabria;Mujeres;95 y más años;Población estacionaria;2024;72.616,484783
06 Cantabria;Mujeres;95 y más años;Tiempo por vivir;2024;72.616,484783
06 Cantabria;Mujeres;95 y más años;Esperanza de vida;2024;3,071455
07 Castilla y León;Ambos sexos;0 años;Tasa de mortalidad;2024;2,676362
07 Castilla y León;Ambos sexos;0 años;Promedio de años vividos el último año de vida;2024;0,111861
07 Castilla y León;Ambos sexos;0 años;Riesgo de muerte;2024;2,670016
07 Castilla y León;Ambos sexos;0 años;Supervivientes;2024;100.000
07 Castilla y León;Ambos sexos;0 años;Defunciones teóricas;2024;267,001556
07 Castilla y León;Ambos sexos;0 años;Población estacionaria;2024;99.762,865542
07 Castilla y León;Ambos sexos;0 años;Tiempo por vivir;2024;8.466.564,7142
07 Castilla y León;Ambos sexos;0 años;Esperanza de vida;2024;84,665647
07 Castilla y León;Ambos sexos;De 1 a 4 años;Tasa de mortalidad;2024;0,145214
07 Castilla y León;Ambos sexos;De 1 a 4 años;Promedio de años vividos el último año de vida;2024;0,274428
07 Castilla y León;Ambos sexos;De 1 a 4 años;Riesgo de muerte;2024;0,580613
07 Castilla y León;Ambos sexos;De 1 a 4 años;Supervivientes;2024;99.732,998444
07 Castilla y León;Ambos sexos;De 1 a 4 años;Defunciones teóricas;2024;57,906241
07 Castilla y León;Ambos sexos;De 1 a 4 años;Población estacionaria;2024;398.763,93318
07 Castilla y León;Ambos sexos;De 1 a 4 años;Tiempo por vivir;2024;8.366.801,8487
07 Castilla y León;Ambos sexos;De 1 a 4 años;Esperanza de vida;2024;83,892011
07 Castilla y León;Ambos sexos;De 5 a 9 años;Tasa de mortalidad;2024;0,065647
07 Castilla y León;Ambos sexos;De 5 a 9 años;Promedio de años vividos el último año de vida;2024;0,61847
07 Castilla y León;Ambos sexos;De 5 a 9 años;Riesgo de muerte;2024;0,328195
07 Castilla y León;Ambos sexos;De 5 a 9 años;Supervivientes;2024;99.675,092204
07 Castilla y León;Ambos sexos;De 5 a 9 años;Defunciones teóricas;2024;32,712872
07 Castilla y León;Ambos sexos;De 5 a 9 años;Población estacionaria;2024;498.313,05626
07 Castilla y León;Ambos sexos;De 5 a 9 años;Tiempo por vivir;2024;7.968.037,9155
07 Castilla y León;Ambos sexos;De 5 a 9 años;Esperanza de vida;2024;79,940111
07 Castilla y León;Ambos sexos;De 10 a 14 años;Tasa de mortalidad;2024;0,096616
07 Castilla y León;Ambos sexos;De 10 a 14 años;Promedio de años vividos el último año de vida;2024;0,410584
07 Castilla y León;Ambos sexos;De 10 a 14 años;Riesgo de muerte;2024;0,482942
07 Castilla y León;Ambos sexos;De 10 a 14 años;Supervivientes;2024;99.642,379331
07 Castilla y León;Ambos sexos;De 10 a 14 años;Defunciones teóricas;2024;48,1215
07 Castilla y León;Ambos sexos;De 10 a 14 años;Población estacionaria;2024;498.070,07864
07 Castilla y León;Ambos sexos;De 10 a 14 años;Tiempo por vivir;2024;7.469.724,8592
07 Castilla y León;Ambos sexos;De 10 a 14 años;Esperanza de vida;2024;74,96534
07 Castilla y León;Ambos sexos;De 15 a 19 años;Tasa de mortalidad;2024;0,162593
07 Castilla y León;Ambos sexos;De 15 a 19 años;Promedio de años vividos el último año de vida;2024;0,503931
07 Castilla y León;Ambos sexos;De 15 a 19 años;Riesgo de muerte;2024;0,812637
07 Castilla y León;Ambos sexos;De 15 a 19 años;Supervivientes;2024;99.594,257831
07 Castilla y León;Ambos sexos;De 15 a 19 años;Defunciones teóricas;2024;80,933996
07 Castilla y León;Ambos sexos;De 15 a 19 años;Población estacionaria;2024;497.770,54493
07 Castilla y León;Ambos sexos;De 15 a 19 años;Tiempo por vivir;2024;6.971.654,7806
07 Castilla y León;Ambos sexos;De 15 a 19 años;Esperanza de vida;2024;70,00057
07 Castilla y León;Ambos sexos;De 20 a 24 años;Tasa de mortalidad;2024;0,29656
07 Castilla y León;Ambos sexos;De 20 a 24 años;Promedio de años vividos el último año de vida;2024;0,482403
07 Castilla y León;Ambos sexos;De 20 a 24 años;Riesgo de muerte;2024;1,481662
07 Castilla y León;Ambos sexos;De 20 a 24 años;Supervivientes;2024;99.513,323835
07 Castilla y León;Ambos sexos;De 20 a 24 años;Defunciones teóricas;2024;147,445139
07 Castilla y León;Ambos sexos;De 20 a 24 años;Población estacionaria;2024;497.185,03312
07 Castilla y León;Ambos sexos;De 20 a 24 años;Tiempo por vivir;2024;6.473.884,2356
07 Castilla y León;Ambos sexos;De 20 a 24 años;Esperanza de vida;2024;65,055452
07 Castilla y León;Ambos sexos;De 25 a 29 años;Tasa de mortalidad;2024;0,242991
07 Castilla y León;Ambos sexos;De 25 a 29 años;Promedio de años vividos el último año de vida;2024;0,379747
07 Castilla y León;Ambos sexos;De 25 a 29 años;Riesgo de muerte;2024;1,214041
07 Castilla y León;Ambos sexos;De 25 a 29 años;Supervivientes;2024;99.365,878697
07 Castilla y León;Ambos sexos;De 25 a 29 años;Defunciones teóricas;2024;120,634258
07 Castilla y León;Ambos sexos;De 25 a 29 años;Población estacionaria;2024;496.455,27494
07 Castilla y León;Ambos sexos;De 25 a 29 años;Tiempo por vivir;2024;5.976.699,2025
07 Castilla y León;Ambos sexos;De 25 a 29 años;Esperanza de vida;2024;60,148406
07 Castilla y León;Ambos sexos;De 30 a 34 años;Tasa de mortalidad;2024;0,454094
07 Castilla y León;Ambos sexos;De 30 a 34 años;Promedio de años vividos el último año de vida;2024;0,5511
07 Castilla y León;Ambos sexos;De 30 a 34 años;Riesgo de muerte;2024;2,26816
07 Castilla y León;Ambos sexos;De 30 a 34 años;Supervivientes;2024;99.245,244438
07 Castilla y León;Ambos sexos;De 30 a 34 años;Defunciones teóricas;2024;225,104067
07 Castilla y León;Ambos sexos;De 30 a 34 años;Población estacionaria;2024;495.720,97574
07 Castilla y León;Ambos sexos;De 30 a 34 años;Tiempo por vivir;2024;5.480.243,9276
07 Castilla y León;Ambos sexos;De 30 a 34 años;Esperanza de vida;2024;55,219209
07 Castilla y León;Ambos sexos;De 35 a 39 años;Tasa de mortalidad;2024;0,499186
07 Castilla y León;Ambos sexos;De 35 a 39 años;Promedio de años vividos el último año de vida;2024;0,54207
07 Castilla y León;Ambos sexos;De 35 a 39 años;Riesgo de muerte;2024;2,493083
07 Castilla y León;Ambos sexos;De 35 a 39 años;Supervivientes;2024;99.020,140371
07 Castilla y León;Ambos sexos;De 35 a 39 años;Defunciones teóricas;2024;246,865395
07 Castilla y León;Ambos sexos;De 35 a 39 años;Población estacionaria;2024;494.535,46617
07 Castilla y León;Ambos sexos;De 35 a 39 años;Tiempo por vivir;2024;4.984.522,9519
07 Castilla y León;Ambos sexos;De 35 a 39 años;Esperanza de vida;2024;50,338476
07 Castilla y León;Ambos sexos;De 40 a 44 años;Tasa de mortalidad;2024;0,735401
07 Castilla y León;Ambos sexos;De 40 a 44 años;Promedio de años vividos el último año de vida;2024;0,542046
07 Castilla y León;Ambos sexos;De 40 a 44 años;Riesgo de muerte;2024;3,670826
07 Castilla y León;Ambos sexos;De 40 a 44 años;Supervivientes;2024;98.773,274977
07 Castilla y León;Ambos sexos;De 40 a 44 años;Defunciones teóricas;2024;362,579495
07 Castilla y León;Ambos sexos;De 40 a 44 años;Población estacionaria;2024;493.036,15122
07 Castilla y León;Ambos sexos;De 40 a 44 años;Tiempo por vivir;2024;4.489.987,4857
07 Castilla y León;Ambos sexos;De 40 a 44 años;Esperanza de vida;2024;45,457514
07 Castilla y León;Ambos sexos;De 45 a 49 años;Tasa de mortalidad;2024;1,285247
07 Castilla y León;Ambos sexos;De 45 a 49 años;Promedio de años vividos el último año de vida;2024;0,565367
07 Castilla y León;Ambos sexos;De 45 a 49 años;Riesgo de muerte;2024;6,408338
07 Castilla y León;Ambos sexos;De 45 a 49 años;Supervivientes;2024;98.410,695481
07 Castilla y León;Ambos sexos;De 45 a 49 años;Defunciones teóricas;2024;630,648973
07 Castilla y León;Ambos sexos;De 45 a 49 años;Población estacionaria;2024;490.682,97468
07 Castilla y León;Ambos sexos;De 45 a 49 años;Tiempo por vivir;2024;3.996.951,3345
07 Castilla y León;Ambos sexos;De 45 a 49 años;Esperanza de vida;2024;40,61501
07 Castilla y León;Ambos sexos;De 50 a 54 años;Tasa de mortalidad;2024;2,324162
07 Castilla y León;Ambos sexos;De 50 a 54 años;Promedio de años vividos el último año de vida;2024;0,554332
07 Castilla y León;Ambos sexos;De 50 a 54 años;Riesgo de muerte;2024;11,560938
07 Castilla y León;Ambos sexos;De 50 a 54 años;Supervivientes;2024;97.780,046508
07 Castilla y León;Ambos sexos;De 50 a 54 años;Defunciones teóricas;2024;1.130,429007
07 Castilla y León;Ambos sexos;De 50 a 54 años;Población estacionaria;2024;486.381,25005
07 Castilla y León;Ambos sexos;De 50 a 54 años;Tiempo por vivir;2024;3.506.268,3598
07 Castilla y León;Ambos sexos;De 50 a 54 años;Esperanza de vida;2024;35,858731
07 Castilla y León;Ambos sexos;De 55 a 59 años;Tasa de mortalidad;2024;3,627443
07 Castilla y León;Ambos sexos;De 55 a 59 años;Promedio de años vividos el último año de vida;2024;0,558382
07 Castilla y León;Ambos sexos;De 55 a 59 años;Riesgo de muerte;2024;17,993094
07 Castilla y León;Ambos sexos;De 55 a 59 años;Supervivientes;2024;96.649,617501
07 Castilla y León;Ambos sexos;De 55 a 59 años;Defunciones teóricas;2024;1.739,02569
07 Castilla y León;Ambos sexos;De 55 a 59 años;Población estacionaria;2024;479.408,15998
07 Castilla y León;Ambos sexos;De 55 a 59 años;Tiempo por vivir;2024;3.019.887,1097
07 Castilla y León;Ambos sexos;De 55 a 59 años;Esperanza de vida;2024;31,245722
07 Castilla y León;Ambos sexos;De 60 a 64 años;Tasa de mortalidad;2024;5,845134
07 Castilla y León;Ambos sexos;De 60 a 64 años;Promedio de años vividos el último año de vida;2024;0,528514
07 Castilla y León;Ambos sexos;De 60 a 64 años;Riesgo de muerte;2024;28,828428
07 Castilla y León;Ambos sexos;De 60 a 64 años;Supervivientes;2024;94.910,591811
07 Castilla y León;Ambos sexos;De 60 a 64 años;Defunciones teóricas;2024;2.736,123159
07 Castilla y León;Ambos sexos;De 60 a 64 años;Población estacionaria;2024;468.102,74438
07 Castilla y León;Ambos sexos;De 60 a 64 años;Tiempo por vivir;2024;2.540.478,9498
07 Castilla y León;Ambos sexos;De 60 a 64 años;Esperanza de vida;2024;26,767075
07 Castilla y León;Ambos sexos;De 65 a 69 años;Tasa de mortalidad;2024;8,85602
07 Castilla y León;Ambos sexos;De 65 a 69 años;Promedio de años vividos el último año de vida;2024;0,519982
07 Castilla y León;Ambos sexos;De 65 a 69 años;Riesgo de muerte;2024;43,358505
07 Castilla y León;Ambos sexos;De 65 a 69 años;Supervivientes;2024;92.174,468652
07 Castilla y León;Ambos sexos;De 65 a 69 años;Defunciones teóricas;2024;3.996,547141
07 Castilla y León;Ambos sexos;De 65 a 69 años;Población estacionaria;2024;451.280,27722
07 Castilla y León;Ambos sexos;De 65 a 69 años;Tiempo por vivir;2024;2.072.376,2054
07 Castilla y León;Ambos sexos;De 65 a 69 años;Esperanza de vida;2024;22,483191
07 Castilla y León;Ambos sexos;De 70 a 74 años;Tasa de mortalidad;2024;13,71065
07 Castilla y León;Ambos sexos;De 70 a 74 años;Promedio de años vividos el último año de vida;2024;0,539386
07 Castilla y León;Ambos sexos;De 70 a 74 años;Riesgo de muerte;2024;66,454833
07 Castilla y León;Ambos sexos;De 70 a 74 años;Supervivientes;2024;88.177,921511
07 Castilla y León;Ambos sexos;De 70 a 74 años;Defunciones teóricas;2024;5.859,849086
07 Castilla y León;Ambos sexos;De 70 a 74 años;Población estacionaria;2024;427.393,97687
07 Castilla y León;Ambos sexos;De 70 a 74 años;Tiempo por vivir;2024;1.621.095,9282
07 Castilla y León;Ambos sexos;De 70 a 74 años;Esperanza de vida;2024;18,384374
07 Castilla y León;Ambos sexos;De 75 a 79 años;Tasa de mortalidad;2024;22,003305
07 Castilla y León;Ambos sexos;De 75 a 79 años;Promedio de años vividos el último año de vida;2024;0,533036
07 Castilla y León;Ambos sexos;De 75 a 79 años;Riesgo de muerte;2024;104,640741
07 Castilla y León;Ambos sexos;De 75 a 79 años;Supervivientes;2024;82.318,072425
07 Castilla y León;Ambos sexos;De 75 a 79 años;Defunciones teóricas;2024;8.613,824129
07 Castilla y León;Ambos sexos;De 75 a 79 años;Población estacionaria;2024;391.478,64954
07 Castilla y León;Ambos sexos;De 75 a 79 años;Tiempo por vivir;2024;1.193.701,9513
07 Castilla y León;Ambos sexos;De 75 a 79 años;Esperanza de vida;2024;14,501092
07 Castilla y León;Ambos sexos;De 80 a 84 años;Tasa de mortalidad;2024;38,958464
07 Castilla y León;Ambos sexos;De 80 a 84 años;Promedio de años vividos el último año de vida;2024;0,529252
07 Castilla y León;Ambos sexos;De 80 a 84 años;Riesgo de muerte;2024;178,430583
07 Castilla y León;Ambos sexos;De 80 a 84 años;Supervivientes;2024;73.704,248296
07 Castilla y León;Ambos sexos;De 80 a 84 años;Defunciones teóricas;2024;13.151,091996
07 Castilla y León;Ambos sexos;De 80 a 84 años;Población estacionaria;2024;337.567,00043
07 Castilla y León;Ambos sexos;De 80 a 84 años;Tiempo por vivir;2024;802.223,30175
07 Castilla y León;Ambos sexos;De 80 a 84 años;Esperanza de vida;2024;10,884356
07 Castilla y León;Ambos sexos;De 85 a 89 años;Tasa de mortalidad;2024;74,19988
07 Castilla y León;Ambos sexos;De 85 a 89 años;Promedio de años vividos el último año de vida;2024;0,527923
07 Castilla y León;Ambos sexos;De 85 a 89 años;Riesgo de muerte;2024;315,706454
07 Castilla y León;Ambos sexos;De 85 a 89 años;Supervivientes;2024;60.553,1563
07 Castilla y León;Ambos sexos;De 85 a 89 años;Defunciones teóricas;2024;19.117,02224
07 Castilla y León;Ambos sexos;De 85 a 89 años;Población estacionaria;2024;257.642,22478
07 Castilla y León;Ambos sexos;De 85 a 89 años;Tiempo por vivir;2024;464.656,30132
07 Castilla y León;Ambos sexos;De 85 a 89 años;Esperanza de vida;2024;7,673527
07 Castilla y León;Ambos sexos;90 y más años;Tasa de mortalidad;2024;""
07 Castilla y León;Ambos sexos;90 y más años;Promedio de años vividos el último año de vida;2024;""
07 Castilla y León;Ambos sexos;90 y más años;Riesgo de muerte;2024;""
07 Castilla y León;Ambos sexos;90 y más años;Supervivientes;2024;""
07 Castilla y León;Ambos sexos;90 y más años;Defunciones teóricas;2024;""
07 Castilla y León;Ambos sexos;90 y más años;Población estacionaria;2024;""
07 Castilla y León;Ambos sexos;90 y más años;Tiempo por vivir;2024;""
07 Castilla y León;Ambos sexos;90 y más años;Esperanza de vida;2024;""
07 Castilla y León;Ambos sexos;De 90 a 94 años;Tasa de mortalidad;2024;148,800461
07 Castilla y León;Ambos sexos;De 90 a 94 años;Promedio de años vividos el último año de vida;2024;0,487869
07 Castilla y León;Ambos sexos;De 90 a 94 años;Riesgo de muerte;2024;538,731439
07 Castilla y León;Ambos sexos;De 90 a 94 años;Supervivientes;2024;41.436,13406
07 Castilla y León;Ambos sexos;De 90 a 94 años;Defunciones teóricas;2024;22.322,948146
07 Castilla y León;Ambos sexos;De 90 a 94 años;Población estacionaria;2024;150.019,3482
07 Castilla y León;Ambos sexos;De 90 a 94 años;Tiempo por vivir;2024;207.014,07655
07 Castilla y León;Ambos sexos;De 90 a 94 años;Esperanza de vida;2024;4,99598
07 Castilla y León;Ambos sexos;95 y más años;Tasa de mortalidad;2024;276,98136
07 Castilla y León;Ambos sexos;95 y más años;Promedio de años vividos el último año de vida;2024;2,981959
07 Castilla y León;Ambos sexos;95 y más años;Riesgo de muerte;2024;1.000
07 Castilla y León;Ambos sexos;95 y más años;Supervivientes;2024;19.113,185914
07 Castilla y León;Ambos sexos;95 y más años;Defunciones teóricas;2024;19.113,185914
07 Castilla y León;Ambos sexos;95 y más años;Población estacionaria;2024;56.994,728343
07 Castilla y León;Ambos sexos;95 y más años;Tiempo por vivir;2024;56.994,728343
07 Castilla y León;Ambos sexos;95 y más años;Esperanza de vida;2024;2,981959
07 Castilla y León;Hombres;0 años;Tasa de mortalidad;2024;3,180138
07 Castilla y León;Hombres;0 años;Promedio de años vividos el último año de vida;2024;0,094588
07 Castilla y León;Hombres;0 años;Riesgo de muerte;2024;3,171008
07 Castilla y León;Hombres;0 años;Supervivientes;2024;100.000
07 Castilla y León;Hombres;0 años;Defunciones teóricas;2024;317,100793
07 Castilla y León;Hombres;0 años;Población estacionaria;2024;99.712,892998
07 Castilla y León;Hombres;0 años;Tiempo por vivir;2024;8.207.858,5272
07 Castilla y León;Hombres;0 años;Esperanza de vida;2024;82,078585
07 Castilla y León;Hombres;De 1 a 4 años;Tasa de mortalidad;2024;0,139056
07 Castilla y León;Hombres;De 1 a 4 años;Promedio de años vividos el último año de vida;2024;0,282814
07 Castilla y León;Hombres;De 1 a 4 años;Riesgo de muerte;2024;0,556001
07 Castilla y León;Hombres;De 1 a 4 años;Supervivientes;2024;99.682,899207
07 Castilla y León;Hombres;De 1 a 4 años;Defunciones teóricas;2024;55,42384
07 Castilla y León;Hombres;De 1 a 4 años;Población estacionaria;2024;398.572,59996
07 Castilla y León;Hombres;De 1 a 4 años;Tiempo por vivir;2024;8.108.145,6342
07 Castilla y León;Hombres;De 1 a 4 años;Esperanza de vida;2024;81,339384
07 Castilla y León;Hombres;De 5 a 9 años;Tasa de mortalidad;2024;0,063387
07 Castilla y León;Hombres;De 5 a 9 años;Promedio de años vividos el último año de vida;2024;0,626735
07 Castilla y León;Hombres;De 5 a 9 años;Riesgo de muerte;2024;0,316896
07 Castilla y León;Hombres;De 5 a 9 años;Supervivientes;2024;99.627,475367
07 Castilla y León;Hombres;De 5 a 9 años;Defunciones teóricas;2024;31,571515
07 Castilla y León;Hombres;De 5 a 9 años;Población estacionaria;2024;498.078,45416
07 Castilla y León;Hombres;De 5 a 9 años;Tiempo por vivir;2024;7.709.573,0342
07 Castilla y León;Hombres;De 5 a 9 años;Esperanza de vida;2024;77,384005
07 Castilla y León;Hombres;De 10 a 14 años;Tasa de mortalidad;2024;0,055901
07 Castilla y León;Hombres;De 10 a 14 años;Promedio de años vividos el último año de vida;2024;0,485406
07 Castilla y León;Hombres;De 10 a 14 años;Riesgo de muerte;2024;0,279465
07 Castilla y León;Hombres;De 10 a 14 años;Supervivientes;2024;99.595,903852
07 Castilla y León;Hombres;De 10 a 14 años;Defunciones teóricas;2024;27,833579
07 Castilla y León;Hombres;De 10 a 14 años;Población estacionaria;2024;497.907,90433
07 Castilla y León;Hombres;De 10 a 14 años;Tiempo por vivir;2024;7.211.494,5801
07 Castilla y León;Hombres;De 10 a 14 años;Esperanza de vida;2024;72,407542
07 Castilla y León;Hombres;De 15 a 19 años;Tasa de mortalidad;2024;0,227575
07 Castilla y León;Hombres;De 15 a 19 años;Promedio de años vividos el último año de vida;2024;0,506071
07 Castilla y León;Hombres;De 15 a 19 años;Riesgo de muerte;2024;1,137237
07 Castilla y León;Hombres;De 15 a 19 años;Supervivientes;2024;99.568,070273
07 Castilla y León;Hombres;De 15 a 19 años;Defunciones teóricas;2024;113,232474
07 Castilla y León;Hombres;De 15 a 19 años;Población estacionaria;2024;497.560,7074
07 Castilla y León;Hombres;De 15 a 19 años;Tiempo por vivir;2024;6.713.586,6757
07 Castilla y León;Hombres;De 15 a 19 años;Esperanza de vida;2024;67,427104
07 Castilla y León;Hombres;De 20 a 24 años;Tasa de mortalidad;2024;0,34832
07 Castilla y León;Hombres;De 20 a 24 años;Promedio de años vividos el último año de vida;2024;0,427416
07 Castilla y León;Hombres;De 20 a 24 años;Riesgo de muerte;2024;1,739866
07 Castilla y León;Hombres;De 20 a 24 años;Supervivientes;2024;99.454,837799
07 Castilla y León;Hombres;De 20 a 24 años;Defunciones teóricas;2024;173,038103
07 Castilla y León;Hombres;De 20 a 24 años;Población estacionaria;2024;496.778,7946
07 Castilla y León;Hombres;De 20 a 24 años;Tiempo por vivir;2024;6.216.025,9683
07 Castilla y León;Hombres;De 20 a 24 años;Esperanza de vida;2024;62,500991
07 Castilla y León;Hombres;De 25 a 29 años;Tasa de mortalidad;2024;0,342484
07 Castilla y León;Hombres;De 25 a 29 años;Promedio de años vividos el último año de vida;2024;0,338825
07 Castilla y León;Hombres;De 25 a 29 años;Riesgo de muerte;2024;1,710485
07 Castilla y León;Hombres;De 25 a 29 años;Supervivientes;2024;99.281,799696
07 Castilla y León;Hombres;De 25 a 29 años;Defunciones teóricas;2024;169,819993
07 Castilla y León;Hombres;De 25 a 29 años;Población estacionaria;2024;495.847,59456
07 Castilla y León;Hombres;De 25 a 29 años;Tiempo por vivir;2024;5.719.247,1737
07 Castilla y León;Hombres;De 25 a 29 años;Esperanza de vida;2024;57,6062
07 Castilla y León;Hombres;De 30 a 34 años;Tasa de mortalidad;2024;0,559226
07 Castilla y León;Hombres;De 30 a 34 años;Promedio de años vividos el último año de vida;2024;0,530414
07 Castilla y León;Hombres;De 30 a 34 años;Riesgo de muerte;2024;2,792466
07 Castilla y León;Hombres;De 30 a 34 años;Supervivientes;2024;99.111,979704
07 Castilla y León;Hombres;De 30 a 34 años;Defunciones teóricas;2024;276,766797
07 Castilla y León;Hombres;De 30 a 34 años;Población estacionaria;2024;494.910,06894
07 Castilla y León;Hombres;De 30 a 34 años;Tiempo por vivir;2024;5.223.399,5792
07 Castilla y León;Hombres;De 30 a 34 años;Esperanza de vida;2024;52,702
07 Castilla y León;Hombres;De 35 a 39 años;Tasa de mortalidad;2024;0,663278
07 Castilla y León;Hombres;De 35 a 39 años;Promedio de años vividos el último año de vida;2024;0,553487
07 Castilla y León;Hombres;De 35 a 39 años;Riesgo de muerte;2024;3,311486
07 Castilla y León;Hombres;De 35 a 39 años;Supervivientes;2024;98.835,212906
07 Castilla y León;Hombres;De 35 a 39 años;Defunciones teóricas;2024;327,291399
07 Castilla y León;Hombres;De 35 a 39 años;Población estacionaria;2024;493.445,3647
07 Castilla y León;Hombres;De 35 a 39 años;Tiempo por vivir;2024;4.728.489,5102
07 Castilla y León;Hombres;De 35 a 39 años;Esperanza de vida;2024;47,842154
07 Castilla y León;Hombres;De 40 a 44 años;Tasa de mortalidad;2024;0,864853
07 Castilla y León;Hombres;De 40 a 44 años;Promedio de años vividos el último año de vida;2024;0,509638
07 Castilla y León;Hombres;De 40 a 44 años;Riesgo de muerte;2024;4,315113
07 Castilla y León;Hombres;De 40 a 44 años;Supervivientes;2024;98.507,921507
07 Castilla y León;Hombres;De 40 a 44 años;Defunciones teóricas;2024;425,072846
07 Castilla y León;Hombres;De 40 a 44 años;Población estacionaria;2024;491.497,40929
07 Castilla y León;Hombres;De 40 a 44 años;Tiempo por vivir;2024;4.235.044,1455
07 Castilla y León;Hombres;De 40 a 44 años;Esperanza de vida;2024;42,991915
07 Castilla y León;Hombres;De 45 a 49 años;Tasa de mortalidad;2024;1,484263
07 Castilla y León;Hombres;De 45 a 49 años;Promedio de años vividos el último año de vida;2024;0,571659
07 Castilla y León;Hombres;De 45 a 49 años;Riesgo de muerte;2024;7,397799
07 Castilla y León;Hombres;De 45 a 49 años;Supervivientes;2024;98.082,84866
07 Castilla y León;Hombres;De 45 a 49 años;Defunciones teóricas;2024;725,597218
07 Castilla y León;Hombres;De 45 a 49 años;Población estacionaria;2024;488.860,22692
07 Castilla y León;Hombres;De 45 a 49 años;Tiempo por vivir;2024;3.743.546,7362
07 Castilla y León;Hombres;De 45 a 49 años;Esperanza de vida;2024;38,16719
07 Castilla y León;Hombres;De 50 a 54 años;Tasa de mortalidad;2024;2,872403
07 Castilla y León;Hombres;De 50 a 54 años;Promedio de años vividos el último año de vida;2024;0,569325
07 Castilla y León;Hombres;De 50 a 54 años;Riesgo de muerte;2024;14,273727
07 Castilla y León;Hombres;De 50 a 54 años;Supervivientes;2024;97.357,251443
07 Castilla y León;Hombres;De 50 a 54 años;Defunciones teóricas;2024;1.389,650818
07 Castilla y León;Hombres;De 50 a 54 años;Población estacionaria;2024;483.793,81968
07 Castilla y León;Hombres;De 50 a 54 años;Tiempo por vivir;2024;3.254.686,5093
07 Castilla y León;Hombres;De 50 a 54 años;Esperanza de vida;2024;33,430345
07 Castilla y León;Hombres;De 55 a 59 años;Tasa de mortalidad;2024;4,911615
07 Castilla y León;Hombres;De 55 a 59 años;Promedio de años vividos el último año de vida;2024;0,543353
07 Castilla y León;Hombres;De 55 a 59 años;Riesgo de muerte;2024;24,285728
07 Castilla y León;Hombres;De 55 a 59 años;Supervivientes;2024;95.967,600625
07 Castilla y León;Hombres;De 55 a 59 años;Defunciones teóricas;2024;2.330,643047
07 Castilla y León;Hombres;De 55 a 59 años;Población estacionaria;2024;474.516,59752
07 Castilla y León;Hombres;De 55 a 59 años;Tiempo por vivir;2024;2.770.892,6896
07 Castilla y León;Hombres;De 55 a 59 años;Esperanza de vida;2024;28,87321
07 Castilla y León;Hombres;De 60 a 64 años;Tasa de mortalidad;2024;8,004882
07 Castilla y León;Hombres;De 60 a 64 años;Promedio de años vividos el último año de vida;2024;0,529843
07 Castilla y León;Hombres;De 60 a 64 años;Riesgo de muerte;2024;39,28515
07 Castilla y León;Hombres;De 60 a 64 años;Supervivientes;2024;93.636,957578
07 Castilla y León;Hombres;De 60 a 64 años;Defunciones teóricas;2024;3.678,541881
07 Castilla y León;Hombres;De 60 a 64 años;Población estacionaria;2024;459.537,32882
07 Castilla y León;Hombres;De 60 a 64 años;Tiempo por vivir;2024;2.296.376,0921
07 Castilla y León;Hombres;De 60 a 64 años;Esperanza de vida;2024;24,524249
07 Castilla y León;Hombres;De 65 a 69 años;Tasa de mortalidad;2024;11,791052
07 Castilla y León;Hombres;De 65 a 69 años;Promedio de años vividos el último año de vida;2024;0,5132
07 Castilla y León;Hombres;De 65 a 69 años;Riesgo de muerte;2024;57,310486
07 Castilla y León;Hombres;De 65 a 69 años;Supervivientes;2024;89.958,415697
07 Castilla y León;Hombres;De 65 a 69 años;Defunciones teóricas;2024;5.155,560491
07 Castilla y León;Hombres;De 65 a 69 años;Población estacionaria;2024;437.243,45355
07 Castilla y León;Hombres;De 65 a 69 años;Tiempo por vivir;2024;1.836.838,7633
07 Castilla y León;Hombres;De 65 a 69 años;Esperanza de vida;2024;20,418754
07 Castilla y León;Hombres;De 70 a 74 años;Tasa de mortalidad;2024;18,772109
07 Castilla y León;Hombres;De 70 a 74 años;Promedio de años vividos el último año de vida;2024;0,538173
07 Castilla y León;Hombres;De 70 a 74 años;Riesgo de muerte;2024;89,960976
07 Castilla y León;Hombres;De 70 a 74 años;Supervivientes;2024;84.802,855207
07 Castilla y León;Hombres;De 70 a 74 años;Defunciones teóricas;2024;7.628,947609
07 Castilla y León;Hombres;De 70 a 74 años;Población estacionaria;2024;406.398,00427
07 Castilla y León;Hombres;De 70 a 74 años;Tiempo por vivir;2024;1.399.595,3097
07 Castilla y León;Hombres;De 70 a 74 años;Esperanza de vida;2024;16,504106
07 Castilla y León;Hombres;De 75 a 79 años;Tasa de mortalidad;2024;31,1845
07 Castilla y León;Hombres;De 75 a 79 años;Promedio de años vividos el último año de vida;2024;0,536142
07 Castilla y León;Hombres;De 75 a 79 años;Riesgo de muerte;2024;145,405885
07 Castilla y León;Hombres;De 75 a 79 años;Supervivientes;2024;77.173,907598
07 Castilla y León;Hombres;De 75 a 79 años;Defunciones teóricas;2024;11.221,540349
07 Castilla y León;Hombres;De 75 a 79 años;Población estacionaria;2024;359.843,52075
07 Castilla y León;Hombres;De 75 a 79 años;Tiempo por vivir;2024;993.197,30547
07 Castilla y León;Hombres;De 75 a 79 años;Esperanza de vida;2024;12,8696
07 Castilla y León;Hombres;De 80 a 84 años;Tasa de mortalidad;2024;52,282376
07 Castilla y León;Hombres;De 80 a 84 años;Promedio de años vividos el último año de vida;2024;0,525557
07 Castilla y León;Hombres;De 80 a 84 años;Riesgo de muerte;2024;232,567663
07 Castilla y León;Hombres;De 80 a 84 años;Supervivientes;2024;65.952,367249
07 Castilla y León;Hombres;De 80 a 84 años;Defunciones teóricas;2024;15.338,38794
07 Castilla y León;Hombres;De 80 a 84 años;Población estacionaria;2024;293.375,87872
07 Castilla y León;Hombres;De 80 a 84 años;Tiempo por vivir;2024;633.353,78472
07 Castilla y León;Hombres;De 80 a 84 años;Esperanza de vida;2024;9,6032
07 Castilla y León;Hombres;De 85 a 89 años;Tasa de mortalidad;2024;97,135908
07 Castilla y León;Hombres;De 85 a 89 años;Promedio de años vividos el último año de vida;2024;0,504048
07 Castilla y León;Hombres;De 85 a 89 años;Riesgo de muerte;2024;391,401317
07 Castilla y León;Hombres;De 85 a 89 años;Supervivientes;2024;50.613,979309
07 Castilla y León;Hombres;De 85 a 89 años;Defunciones teóricas;2024;19.810,378154
07 Castilla y León;Hombres;De 85 a 89 años;Población estacionaria;2024;203.944,95331
07 Castilla y León;Hombres;De 85 a 89 años;Tiempo por vivir;2024;339.977,906
07 Castilla y León;Hombres;De 85 a 89 años;Esperanza de vida;2024;6,717075
07 Castilla y León;Hombres;90 y más años;Tasa de mortalidad;2024;""
07 Castilla y León;Hombres;90 y más años;Promedio de años vividos el último año de vida;2024;""
07 Castilla y León;Hombres;90 y más años;Riesgo de muerte;2024;""
07 Castilla y León;Hombres;90 y más años;Supervivientes;2024;""
07 Castilla y León;Hombres;90 y más años;Defunciones teóricas;2024;""
07 Castilla y León;Hombres;90 y más años;Población estacionaria;2024;""
07 Castilla y León;Hombres;90 y más años;Tiempo por vivir;2024;""
07 Castilla y León;Hombres;90 y más años;Esperanza de vida;2024;""
07 Castilla y León;Hombres;De 90 a 94 años;Tasa de mortalidad;2024;180,796332
07 Castilla y León;Hombres;De 90 a 94 años;Promedio de años vividos el último año de vida;2024;0,474135
07 Castilla y León;Hombres;De 90 a 94 años;Riesgo de muerte;2024;612,714285
07 Castilla y León;Hombres;De 90 a 94 años;Supervivientes;2024;30.803,601156
07 Castilla y León;Hombres;De 90 a 94 años;Defunciones teóricas;2024;18.873,806456
07 Castilla y León;Hombres;De 90 a 94 años;Población estacionaria;2024;104.392,64041
07 Castilla y León;Hombres;De 90 a 94 años;Tiempo por vivir;2024;136.032,95269
07 Castilla y León;Hombres;De 90 a 94 años;Esperanza de vida;2024;4,416138
07 Castilla y León;Hombres;95 y más años;Tasa de mortalidad;2024;325,783851
07 Castilla y León;Hombres;95 y más años;Promedio de años vividos el último año de vida;2024;2,652209
07 Castilla y León;Hombres;95 y más años;Riesgo de muerte;2024;1.000
07 Castilla y León;Hombres;95 y más años;Supervivientes;2024;11.929,7947
07 Castilla y León;Hombres;95 y más años;Defunciones teóricas;2024;11.929,7947
07 Castilla y León;Hombres;95 y más años;Población estacionaria;2024;31.640,312284
07 Castilla y León;Hombres;95 y más años;Tiempo por vivir;2024;31.640,312284
07 Castilla y León;Hombres;95 y más años;Esperanza de vida;2024;2,652209
07 Castilla y León;Mujeres;0 años;Tasa de mortalidad;2024;2,131034
07 Castilla y León;Mujeres;0 años;Promedio de años vividos el último año de vida;2024;0,139765
07 Castilla y León;Mujeres;0 años;Riesgo de muerte;2024;2,127135
07 Castilla y León;Mujeres;0 años;Supervivientes;2024;100.000
07 Castilla y León;Mujeres;0 años;Defunciones teóricas;2024;212,713451
07 Castilla y León;Mujeres;0 años;Población estacionaria;2024;99.817,016361
07 Castilla y León;Mujeres;0 años;Tiempo por vivir;2024;8.727.808,7987
07 Castilla y León;Mujeres;0 años;Esperanza de vida;2024;87,278088
07 Castilla y León;Mujeres;De 1 a 4 años;Tasa de mortalidad;2024;0,152142
07 Castilla y León;Mujeres;De 1 a 4 años;Promedio de años vividos el último año de vida;2024;0,266986
07 Castilla y León;Mujeres;De 1 a 4 años;Riesgo de muerte;2024;0,608296
07 Castilla y León;Mujeres;De 1 a 4 años;Supervivientes;2024;99.787,286549
07 Castilla y León;Mujeres;De 1 a 4 años;Defunciones teóricas;2024;60,700192
07 Castilla y León;Mujeres;De 1 a 4 años;Población estacionaria;2024;398.971,16973
07 Castilla y León;Mujeres;De 1 a 4 años;Tiempo por vivir;2024;8.627.991,7824
07 Castilla y León;Mujeres;De 1 a 4 años;Esperanza de vida;2024;86,463838
07 Castilla y León;Mujeres;De 5 a 9 años;Tasa de mortalidad;2024;0,06799
07 Castilla y León;Mujeres;De 5 a 9 años;Promedio de años vividos el último año de vida;2024;0,610149
07 Castilla y León;Mujeres;De 5 a 9 años;Riesgo de muerte;2024;0,339903
07 Castilla y León;Mujeres;De 5 a 9 años;Supervivientes;2024;99.726,586357
07 Castilla y León;Mujeres;De 5 a 9 años;Defunciones teóricas;2024;33,897367
07 Castilla y León;Mujeres;De 5 a 9 años;Población estacionaria;2024;498.566,85709
07 Castilla y León;Mujeres;De 5 a 9 años;Tiempo por vivir;2024;8.229.020,6126
07 Castilla y León;Mujeres;De 5 a 9 años;Esperanza de vida;2024;82,515816
07 Castilla y León;Mujeres;De 10 a 14 años;Tasa de mortalidad;2024;0,140128
07 Castilla y León;Mujeres;De 10 a 14 años;Promedio de años vividos el último año de vida;2024;0,378012
07 Castilla y León;Mujeres;De 10 a 14 años;Riesgo de muerte;2024;0,700334
07 Castilla y León;Mujeres;De 10 a 14 años;Supervivientes;2024;99.692,688989
07 Castilla y León;Mujeres;De 10 a 14 años;Defunciones teóricas;2024;69,818214
07 Castilla y León;Mujeres;De 10 a 14 años;Población estacionaria;2024;498.246,31453
07 Castilla y León;Mujeres;De 10 a 14 años;Tiempo por vivir;2024;7.730.453,7555
07 Castilla y León;Mujeres;De 10 a 14 años;Esperanza de vida;2024;77,542835
07 Castilla y León;Mujeres;De 15 a 19 años;Tasa de mortalidad;2024;0,093266
07 Castilla y León;Mujeres;De 15 a 19 años;Promedio de años vividos el último año de vida;2024;0,497545
07 Castilla y León;Mujeres;De 15 a 19 años;Riesgo de muerte;2024;0,46622
07 Castilla y León;Mujeres;De 15 a 19 años;Supervivientes;2024;99.622,870776
07 Castilla y León;Mujeres;De 15 a 19 años;Defunciones teóricas;2024;46,446176
07 Castilla y León;Mujeres;De 15 a 19 años;Población estacionaria;2024;497.997,66828
07 Castilla y León;Mujeres;De 15 a 19 años;Tiempo por vivir;2024;7.232.207,441
07 Castilla y León;Mujeres;De 15 a 19 años;Esperanza de vida;2024;72,595855
07 Castilla y León;Mujeres;De 20 a 24 años;Tasa de mortalidad;2024;0,242469
07 Castilla y León;Mujeres;De 20 a 24 años;Promedio de años vividos el último año de vida;2024;0,565696
07 Castilla y León;Mujeres;De 20 a 24 años;Riesgo de muerte;2024;1,211705
07 Castilla y León;Mujeres;De 20 a 24 años;Supervivientes;2024;99.576,4246
07 Castilla y León;Mujeres;De 20 a 24 años;Defunciones teóricas;2024;120,657207
07 Castilla y León;Mujeres;De 20 a 24 años;Población estacionaria;2024;497.620,11317
07 Castilla y León;Mujeres;De 20 a 24 años;Tiempo por vivir;2024;6.734.209,7727
07 Castilla y León;Mujeres;De 20 a 24 años;Esperanza de vida;2024;67,628556
07 Castilla y León;Mujeres;De 25 a 29 años;Tasa de mortalidad;2024;0,135981
07 Castilla y León;Mujeres;De 25 a 29 años;Promedio de años vividos el último año de vida;2024;0,49091
07 Castilla y León;Mujeres;De 25 a 29 años;Riesgo de muerte;2024;0,679669
07 Castilla y León;Mujeres;De 25 a 29 años;Supervivientes;2024;99.455,767393
07 Castilla y León;Mujeres;De 25 a 29 años;Defunciones teóricas;2024;67,597013
07 Castilla y León;Mujeres;De 25 a 29 años;Población estacionaria;2024;497.106,77201
07 Castilla y León;Mujeres;De 25 a 29 años;Tiempo por vivir;2024;6.236.589,6596
07 Castilla y León;Mujeres;De 25 a 29 años;Esperanza de vida;2024;62,707169
07 Castilla y León;Mujeres;De 30 a 34 años;Tasa de mortalidad;2024;0,341845
07 Castilla y León;Mujeres;De 30 a 34 años;Promedio de años vividos el último año de vida;2024;0,588419
07 Castilla y León;Mujeres;De 30 a 34 años;Riesgo de muerte;2024;1,708024
07 Castilla y León;Mujeres;De 30 a 34 años;Supervivientes;2024;99.388,17038
07 Castilla y León;Mujeres;De 30 a 34 años;Defunciones teóricas;2024;169,757397
07 Castilla y León;Mujeres;De 30 a 34 años;Población estacionaria;2024;496.591,50691
07 Castilla y León;Mujeres;De 30 a 34 años;Tiempo por vivir;2024;5.739.482,8875
07 Castilla y León;Mujeres;De 30 a 34 años;Esperanza de vida;2024;57,748149
07 Castilla y León;Mujeres;De 35 a 39 años;Tasa de mortalidad;2024;0,329067
07 Castilla y León;Mujeres;De 35 a 39 años;Promedio de años vividos el último año de vida;2024;0,518682
07 Castilla y León;Mujeres;De 35 a 39 años;Riesgo de muerte;2024;1,644034
07 Castilla y León;Mujeres;De 35 a 39 años;Supervivientes;2024;99.218,412983
07 Castilla y León;Mujeres;De 35 a 39 años;Defunciones teóricas;2024;163,118446
07 Castilla y León;Mujeres;De 35 a 39 años;Población estacionaria;2024;495.699,50583
07 Castilla y León;Mujeres;De 35 a 39 años;Tiempo por vivir;2024;5.242.891,3806
07 Castilla y León;Mujeres;De 35 a 39 años;Esperanza de vida;2024;52,841919
07 Castilla y León;Mujeres;De 40 a 44 años;Tasa de mortalidad;2024;0,60355
07 Castilla y León;Mujeres;De 40 a 44 años;Promedio de años vividos el último año de vida;2024;0,589075
07 Castilla y León;Mujeres;De 40 a 44 años;Riesgo de muerte;2024;3,01401
07 Castilla y León;Mujeres;De 40 a 44 años;Supervivientes;2024;99.055,294537
07 Castilla y León;Mujeres;De 40 a 44 años;Defunciones teóricas;2024;298,553661
07 Castilla y León;Mujeres;De 40 a 44 años;Población estacionaria;2024;494.663,05636
07 Castilla y León;Mujeres;De 40 a 44 años;Tiempo por vivir;2024;4.747.191,8748
07 Castilla y León;Mujeres;De 40 a 44 años;Esperanza de vida;2024;47,924666
07 Castilla y León;Mujeres;De 45 a 49 años;Tasa de mortalidad;2024;1,082326
07 Castilla y León;Mujeres;De 45 a 49 años;Promedio de años vividos el último año de vida;2024;0,556521
07 Castilla y León;Mujeres;De 45 a 49 años;Riesgo de muerte;2024;5,398673
07 Castilla y León;Mujeres;De 45 a 49 años;Supervivientes;2024;98.756,740877
07 Castilla y León;Mujeres;De 45 a 49 años;Defunciones teóricas;2024;533,15532
07 Castilla y León;Mujeres;De 45 a 49 años;Población estacionaria;2024;492.601,48719
07 Castilla y León;Mujeres;De 45 a 49 años;Tiempo por vivir;2024;4.252.528,8184
07 Castilla y León;Mujeres;De 45 a 49 años;Esperanza de vida;2024;43,060644
07 Castilla y León;Mujeres;De 50 a 54 años;Tasa de mortalidad;2024;1,768955
07 Castilla y León;Mujeres;De 50 a 54 años;Promedio de años vividos el último año de vida;2024;0,52987
07 Castilla y León;Mujeres;De 50 a 54 años;Riesgo de muerte;2024;8,808148
07 Castilla y León;Mujeres;De 50 a 54 años;Supervivientes;2024;98.223,585556
07 Castilla y León;Mujeres;De 50 a 54 años;Defunciones teóricas;2024;865,167871
07 Castilla y León;Mujeres;De 50 a 54 años;Población estacionaria;2024;489.084,22086
07 Castilla y León;Mujeres;De 50 a 54 años;Tiempo por vivir;2024;3.759.927,3313
07 Castilla y León;Mujeres;De 50 a 54 años;Esperanza de vida;2024;38,279272
07 Castilla y León;Mujeres;De 55 a 59 años;Tasa de mortalidad;2024;2,355447
07 Castilla y León;Mujeres;De 55 a 59 años;Promedio de años vividos el último año de vida;2024;0,589801
07 Castilla y León;Mujeres;De 55 a 59 años;Riesgo de muerte;2024;11,720613
07 Castilla y León;Mujeres;De 55 a 59 años;Supervivientes;2024;97.358,417685
07 Castilla y León;Mujeres;De 55 a 59 años;Defunciones teóricas;2024;1.141,100354
07 Castilla y León;Mujeres;De 55 a 59 años;Población estacionaria;2024;484.451,69658
07 Castilla y León;Mujeres;De 55 a 59 años;Tiempo por vivir;2024;3.270.843,1104
07 Castilla y León;Mujeres;De 55 a 59 años;Esperanza de vida;2024;33,595894
07 Castilla y León;Mujeres;De 60 a 64 años;Tasa de mortalidad;2024;3,693058
07 Castilla y León;Mujeres;De 60 a 64 años;Promedio de años vividos el último año de vida;2024;0,524303
07 Castilla y León;Mujeres;De 60 a 64 años;Riesgo de muerte;2024;18,304504
07 Castilla y León;Mujeres;De 60 a 64 años;Supervivientes;2024;96.217,317331
07 Castilla y León;Mujeres;De 60 a 64 años;Defunciones teóricas;2024;1.761,210292
07 Castilla y León;Mujeres;De 60 a 64 años;Población estacionaria;2024;476.897,57323
07 Castilla y León;Mujeres;De 60 a 64 años;Tiempo por vivir;2024;2.786.391,4138
07 Castilla y León;Mujeres;De 60 a 64 años;Esperanza de vida;2024;28,959355
07 Castilla y León;Mujeres;De 65 a 69 años;Tasa de mortalidad;2024;5,926189
07 Castilla y León;Mujeres;De 65 a 69 años;Promedio de años vividos el último año de vida;2024;0,532563
07 Castilla y León;Mujeres;De 65 a 69 años;Riesgo de muerte;2024;29,226143
07 Castilla y León;Mujeres;De 65 a 69 años;Supervivientes;2024;94.456,107039
07 Castilla y León;Mujeres;De 65 a 69 años;Defunciones teóricas;2024;2.760,58773
07 Castilla y León;Mujeres;De 65 a 69 años;Población estacionaria;2024;465.828,53696
07 Castilla y León;Mujeres;De 65 a 69 años;Tiempo por vivir;2024;2.309.493,8406
07 Castilla y León;Mujeres;De 65 a 69 años;Esperanza de vida;2024;24,450445
07 Castilla y León;Mujeres;De 70 a 74 años;Tasa de mortalidad;2024;8,859844
07 Castilla y León;Mujeres;De 70 a 74 años;Promedio de años vividos el último año de vida;2024;0,543619
07 Castilla y León;Mujeres;De 70 a 74 años;Riesgo de muerte;2024;43,421356
07 Castilla y León;Mujeres;De 70 a 74 años;Supervivientes;2024;91.695,519309
07 Castilla y León;Mujeres;De 70 a 74 años;Defunciones teóricas;2024;3.981,543826
07 Castilla y León;Mujeres;De 70 a 74 años;Población estacionaria;2024;449.392,08185
07 Castilla y León;Mujeres;De 70 a 74 años;Tiempo por vivir;2024;1.843.665,3036
07 Castilla y León;Mujeres;De 70 a 74 años;Esperanza de vida;2024;20,106384
07 Castilla y León;Mujeres;De 75 a 79 años;Tasa de mortalidad;2024;14,132588
07 Castilla y León;Mujeres;De 75 a 79 años;Promedio de años vividos el último año de vida;2024;0,529676
07 Castilla y León;Mujeres;De 75 a 79 años;Riesgo de muerte;2024;68,390029
07 Castilla y León;Mujeres;De 75 a 79 años;Supervivientes;2024;87.713,975483
07 Castilla y León;Mujeres;De 75 a 79 años;Defunciones teóricas;2024;5.998,761353
07 Castilla y León;Mujeres;De 75 a 79 años;Población estacionaria;2024;424.463,05645
07 Castilla y León;Mujeres;De 75 a 79 años;Tiempo por vivir;2024;1.394.273,2218
07 Castilla y León;Mujeres;De 75 a 79 años;Esperanza de vida;2024;15,895679
07 Castilla y León;Mujeres;De 80 a 84 años;Tasa de mortalidad;2024;28,908707
07 Castilla y León;Mujeres;De 80 a 84 años;Promedio de años vividos el último año de vida;2024;0,536517
07 Castilla y León;Mujeres;De 80 a 84 años;Riesgo de muerte;2024;135,46805
07 Castilla y León;Mujeres;De 80 a 84 años;Supervivientes;2024;81.715,21413
07 Castilla y León;Mujeres;De 80 a 84 años;Defunciones teóricas;2024;11.069,800682
07 Castilla y León;Mujeres;De 80 a 84 años;Población estacionaria;2024;382.922,72344
07 Castilla y León;Mujeres;De 80 a 84 años;Tiempo por vivir;2024;969.810,16532
07 Castilla y León;Mujeres;De 80 a 84 años;Esperanza de vida;2024;11,868171
07 Castilla y León;Mujeres;De 85 a 89 años;Tasa de mortalidad;2024;60,189978
07 Castilla y León;Mujeres;De 85 a 89 años;Promedio de años vividos el último año de vida;2024;0,55214
07 Castilla y León;Mujeres;De 85 a 89 años;Riesgo de muerte;2024;265,204677
07 Castilla y León;Mujeres;De 85 a 89 años;Supervivientes;2024;70.645,413448
07 Castilla y León;Mujeres;De 85 a 89 años;Defunciones teóricas;2024;18.735,494071
07 Castilla y León;Mujeres;De 85 a 89 años;Población estacionaria;2024;311.272,65416
07 Castilla y León;Mujeres;De 85 a 89 años;Tiempo por vivir;2024;586.887,44188
07 Castilla y León;Mujeres;De 85 a 89 años;Esperanza de vida;2024;8,307509
07 Castilla y León;Mujeres;90 y más años;Tasa de mortalidad;2024;""
07 Castilla y León;Mujeres;90 y más años;Promedio de años vividos el último año de vida;2024;""
07 Castilla y León;Mujeres;90 y más años;Riesgo de muerte;2024;""
07 Castilla y León;Mujeres;90 y más años;Supervivientes;2024;""
07 Castilla y León;Mujeres;90 y más años;Defunciones teóricas;2024;""
07 Castilla y León;Mujeres;90 y más años;Población estacionaria;2024;""
07 Castilla y León;Mujeres;90 y más años;Tiempo por vivir;2024;""
07 Castilla y León;Mujeres;90 y más años;Esperanza de vida;2024;""
07 Castilla y León;Mujeres;De 90 a 94 años;Tasa de mortalidad;2024;133,19903
07 Castilla y León;Mujeres;De 90 a 94 años;Promedio de años vividos el último año de vida;2024;0,497047
07 Castilla y León;Mujeres;De 90 a 94 años;Riesgo de muerte;2024;498,886132
07 Castilla y León;Mujeres;De 90 a 94 años;Supervivientes;2024;51.909,919377
07 Castilla y León;Mujeres;De 90 a 94 años;Defunciones teóricas;2024;25.897,13889
07 Castilla y León;Mujeres;De 90 a 94 años;Población estacionaria;2024;194.424,381
07 Castilla y León;Mujeres;De 90 a 94 años;Tiempo por vivir;2024;275.614,78772
07 Castilla y León;Mujeres;De 90 a 94 años;Esperanza de vida;2024;5,309482
07 Castilla y León;Mujeres;95 y más años;Tasa de mortalidad;2024;260,506073
07 Castilla y León;Mujeres;95 y más años;Promedio de años vividos el último año de vida;2024;3,121174
07 Castilla y León;Mujeres;95 y más años;Riesgo de muerte;2024;1.000
07 Castilla y León;Mujeres;95 y más años;Supervivientes;2024;26.012,780487
07 Castilla y León;Mujeres;95 y más años;Defunciones teóricas;2024;26.012,780487
07 Castilla y León;Mujeres;95 y más años;Población estacionaria;2024;81.190,406719
07 Castilla y León;Mujeres;95 y más años;Tiempo por vivir;2024;81.190,406719
07 Castilla y León;Mujeres;95 y más años;Esperanza de vida;2024;3,121174
08 Castilla - La Mancha;Ambos sexos;0 años;Tasa de mortalidad;2024;2,85012
08 Castilla - La Mancha;Ambos sexos;0 años;Promedio de años vividos el último año de vida;2024;0,083367
08 Castilla - La Mancha;Ambos sexos;0 años;Riesgo de muerte;2024;2,842694
08 Castilla - La Mancha;Ambos sexos;0 años;Supervivientes;2024;100.000
08 Castilla - La Mancha;Ambos sexos;0 años;Defunciones teóricas;2024;284,269367
08 Castilla - La Mancha;Ambos sexos;0 años;Población estacionaria;2024;99.739,429218
08 Castilla - La Mancha;Ambos sexos;0 años;Tiempo por vivir;2024;8.385.326,5177
08 Castilla - La Mancha;Ambos sexos;0 años;Esperanza de vida;2024;83,853265
08 Castilla - La Mancha;Ambos sexos;De 1 a 4 años;Tasa de mortalidad;2024;0,1579
08 Castilla - La Mancha;Ambos sexos;De 1 a 4 años;Promedio de años vividos el último año de vida;2024;0,446428
08 Castilla - La Mancha;Ambos sexos;De 1 a 4 años;Riesgo de muerte;2024;0,631381
08 Castilla - La Mancha;Ambos sexos;De 1 a 4 años;Supervivientes;2024;99.715,730633
08 Castilla - La Mancha;Ambos sexos;De 1 a 4 años;Defunciones teóricas;2024;62,958613
08 Castilla - La Mancha;Ambos sexos;De 1 a 4 años;Población estacionaria;2024;398.723,51391
08 Castilla - La Mancha;Ambos sexos;De 1 a 4 años;Tiempo por vivir;2024;8.285.587,0884
08 Castilla - La Mancha;Ambos sexos;De 1 a 4 años;Esperanza de vida;2024;83,092076
08 Castilla - La Mancha;Ambos sexos;De 5 a 9 años;Tasa de mortalidad;2024;0,050764
08 Castilla - La Mancha;Ambos sexos;De 5 a 9 años;Promedio de años vividos el último año de vida;2024;0,471825
08 Castilla - La Mancha;Ambos sexos;De 5 a 9 años;Riesgo de muerte;2024;0,253786
08 Castilla - La Mancha;Ambos sexos;De 5 a 9 años;Supervivientes;2024;99.652,77202
08 Castilla - La Mancha;Ambos sexos;De 5 a 9 años;Defunciones teóricas;2024;25,29051
08 Castilla - La Mancha;Ambos sexos;De 5 a 9 años;Población estacionaria;2024;498.197,07101
08 Castilla - La Mancha;Ambos sexos;De 5 a 9 años;Tiempo por vivir;2024;7.886.863,5745
08 Castilla - La Mancha;Ambos sexos;De 5 a 9 años;Esperanza de vida;2024;79,143444
08 Castilla - La Mancha;Ambos sexos;De 10 a 14 años;Tasa de mortalidad;2024;0,097711
08 Castilla - La Mancha;Ambos sexos;De 10 a 14 años;Promedio de años vividos el último año de vida;2024;0,460419
08 Castilla - La Mancha;Ambos sexos;De 10 a 14 años;Riesgo de muerte;2024;0,488426
08 Castilla - La Mancha;Ambos sexos;De 10 a 14 años;Supervivientes;2024;99.627,48151
08 Castilla - La Mancha;Ambos sexos;De 10 a 14 años;Defunciones teóricas;2024;48,660612
08 Castilla - La Mancha;Ambos sexos;De 10 a 14 años;Población estacionaria;2024;498.006,12575
08 Castilla - La Mancha;Ambos sexos;De 10 a 14 años;Tiempo por vivir;2024;7.388.666,5035
08 Castilla - La Mancha;Ambos sexos;De 10 a 14 años;Esperanza de vida;2024;74,162936
08 Castilla - La Mancha;Ambos sexos;De 15 a 19 años;Tasa de mortalidad;2024;0,159658
08 Castilla - La Mancha;Ambos sexos;De 15 a 19 años;Promedio de años vividos el último año de vida;2024;0,513716
08 Castilla - La Mancha;Ambos sexos;De 15 a 19 años;Riesgo de muerte;2024;0,797982
08 Castilla - La Mancha;Ambos sexos;De 15 a 19 años;Supervivientes;2024;99.578,820898
08 Castilla - La Mancha;Ambos sexos;De 15 a 19 años;Defunciones teóricas;2024;79,462076
08 Castilla - La Mancha;Ambos sexos;De 15 a 19 años;Población estacionaria;2024;497.700,89871
08 Castilla - La Mancha;Ambos sexos;De 15 a 19 años;Tiempo por vivir;2024;6.890.660,3778
08 Castilla - La Mancha;Ambos sexos;De 15 a 19 años;Esperanza de vida;2024;69,198052
08 Castilla - La Mancha;Ambos sexos;De 20 a 24 años;Tasa de mortalidad;2024;0,208167
08 Castilla - La Mancha;Ambos sexos;De 20 a 24 años;Promedio de años vividos el último año de vida;2024;0,487358
08 Castilla - La Mancha;Ambos sexos;De 20 a 24 años;Riesgo de muerte;2024;1,040278
08 Castilla - La Mancha;Ambos sexos;De 20 a 24 años;Supervivientes;2024;99.499,358822
08 Castilla - La Mancha;Ambos sexos;De 20 a 24 años;Defunciones teóricas;2024;103,506988
08 Castilla - La Mancha;Ambos sexos;De 20 a 24 años;Población estacionaria;2024;497.231,48377
08 Castilla - La Mancha;Ambos sexos;De 20 a 24 años;Tiempo por vivir;2024;6.392.959,4791
08 Castilla - La Mancha;Ambos sexos;De 20 a 24 años;Esperanza de vida;2024;64,251263
08 Castilla - La Mancha;Ambos sexos;De 25 a 29 años;Tasa de mortalidad;2024;0,339555
08 Castilla - La Mancha;Ambos sexos;De 25 a 29 años;Promedio de años vividos el último año de vida;2024;0,458723
08 Castilla - La Mancha;Ambos sexos;De 25 a 29 años;Riesgo de muerte;2024;1,696217
08 Castilla - La Mancha;Ambos sexos;De 25 a 29 años;Supervivientes;2024;99.395,851835
08 Castilla - La Mancha;Ambos sexos;De 25 a 29 años;Defunciones teóricas;2024;168,5969
08 Castilla - La Mancha;Ambos sexos;De 25 a 29 años;Población estacionaria;2024;496.522,9709
08 Castilla - La Mancha;Ambos sexos;De 25 a 29 años;Tiempo por vivir;2024;5.895.727,9953
08 Castilla - La Mancha;Ambos sexos;De 25 a 29 años;Esperanza de vida;2024;59,315634
08 Castilla - La Mancha;Ambos sexos;De 30 a 34 años;Tasa de mortalidad;2024;0,40453
08 Castilla - La Mancha;Ambos sexos;De 30 a 34 años;Promedio de años vividos el último año de vida;2024;0,540615
08 Castilla - La Mancha;Ambos sexos;De 30 a 34 años;Riesgo de muerte;2024;2,020772
08 Castilla - La Mancha;Ambos sexos;De 30 a 34 años;Supervivientes;2024;99.227,254935
08 Castilla - La Mancha;Ambos sexos;De 30 a 34 años;Defunciones teóricas;2024;200,51563
08 Castilla - La Mancha;Ambos sexos;De 30 a 34 años;Población estacionaria;2024;495.675,70579
08 Castilla - La Mancha;Ambos sexos;De 30 a 34 años;Tiempo por vivir;2024;5.399.205,0244
08 Castilla - La Mancha;Ambos sexos;De 30 a 34 años;Esperanza de vida;2024;54,41252
08 Castilla - La Mancha;Ambos sexos;De 35 a 39 años;Tasa de mortalidad;2024;0,519643
08 Castilla - La Mancha;Ambos sexos;De 35 a 39 años;Promedio de años vividos el último año de vida;2024;0,491582
08 Castilla - La Mancha;Ambos sexos;De 35 a 39 años;Riesgo de muerte;2024;2,594787
08 Castilla - La Mancha;Ambos sexos;De 35 a 39 años;Supervivientes;2024;99.026,739305
08 Castilla - La Mancha;Ambos sexos;De 35 a 39 años;Defunciones teóricas;2024;256,95328
08 Castilla - La Mancha;Ambos sexos;De 35 a 39 años;Población estacionaria;2024;494.480,49871
08 Castilla - La Mancha;Ambos sexos;De 35 a 39 años;Tiempo por vivir;2024;4.903.529,3186
08 Castilla - La Mancha;Ambos sexos;De 35 a 39 años;Esperanza de vida;2024;49,517225
08 Castilla - La Mancha;Ambos sexos;De 40 a 44 años;Tasa de mortalidad;2024;0,850632
08 Castilla - La Mancha;Ambos sexos;De 40 a 44 años;Promedio de años vividos el último año de vida;2024;0,528919
08 Castilla - La Mancha;Ambos sexos;De 40 a 44 años;Riesgo de muerte;2024;4,244656
08 Castilla - La Mancha;Ambos sexos;De 40 a 44 años;Supervivientes;2024;98.769,786025
08 Castilla - La Mancha;Ambos sexos;De 40 a 44 años;Defunciones teóricas;2024;419,24375
08 Castilla - La Mancha;Ambos sexos;De 40 a 44 años;Población estacionaria;2024;492.861,44216
08 Castilla - La Mancha;Ambos sexos;De 40 a 44 años;Tiempo por vivir;2024;4.409.048,8199
08 Castilla - La Mancha;Ambos sexos;De 40 a 44 años;Esperanza de vida;2024;44,639651
08 Castilla - La Mancha;Ambos sexos;De 45 a 49 años;Tasa de mortalidad;2024;1,210886
08 Castilla - La Mancha;Ambos sexos;De 45 a 49 años;Promedio de años vividos el último año de vida;2024;0,533646
08 Castilla - La Mancha;Ambos sexos;De 45 a 49 años;Riesgo de muerte;2024;6,037384
08 Castilla - La Mancha;Ambos sexos;De 45 a 49 años;Supervivientes;2024;98.350,542275
08 Castilla - La Mancha;Ambos sexos;De 45 a 49 años;Defunciones teóricas;2024;593,779956
08 Castilla - La Mancha;Ambos sexos;De 45 a 49 años;Población estacionaria;2024;490.368,1527
08 Castilla - La Mancha;Ambos sexos;De 45 a 49 años;Tiempo por vivir;2024;3.916.187,3777
08 Castilla - La Mancha;Ambos sexos;De 45 a 49 años;Esperanza de vida;2024;39,818666
08 Castilla - La Mancha;Ambos sexos;De 50 a 54 años;Tasa de mortalidad;2024;2,163635
08 Castilla - La Mancha;Ambos sexos;De 50 a 54 años;Promedio de años vividos el último año de vida;2024;0,547625
08 Castilla - La Mancha;Ambos sexos;De 50 a 54 años;Riesgo de muerte;2024;10,76549
08 Castilla - La Mancha;Ambos sexos;De 50 a 54 años;Supervivientes;2024;97.756,762318
08 Castilla - La Mancha;Ambos sexos;De 50 a 54 años;Defunciones teóricas;2024;1.052,399458
08 Castilla - La Mancha;Ambos sexos;De 50 a 54 años;Población estacionaria;2024;486.403,41504
08 Castilla - La Mancha;Ambos sexos;De 50 a 54 años;Tiempo por vivir;2024;3.425.819,225
08 Castilla - La Mancha;Ambos sexos;De 50 a 54 años;Esperanza de vida;2024;35,04432
08 Castilla - La Mancha;Ambos sexos;De 55 a 59 años;Tasa de mortalidad;2024;3,715281
08 Castilla - La Mancha;Ambos sexos;De 55 a 59 años;Promedio de años vividos el último año de vida;2024;0,537782
08 Castilla - La Mancha;Ambos sexos;De 55 a 59 años;Riesgo de muerte;2024;18,41826
08 Castilla - La Mancha;Ambos sexos;De 55 a 59 años;Supervivientes;2024;96.704,36286
08 Castilla - La Mancha;Ambos sexos;De 55 a 59 años;Defunciones teóricas;2024;1.781,126136
08 Castilla - La Mancha;Ambos sexos;De 55 a 59 años;Población estacionaria;2024;479.405,46823
08 Castilla - La Mancha;Ambos sexos;De 55 a 59 años;Tiempo por vivir;2024;2.939.415,81
08 Castilla - La Mancha;Ambos sexos;De 55 a 59 años;Esperanza de vida;2024;30,395897
08 Castilla - La Mancha;Ambos sexos;De 60 a 64 años;Tasa de mortalidad;2024;6,051074
08 Castilla - La Mancha;Ambos sexos;De 60 a 64 años;Promedio de años vividos el último año de vida;2024;0,537029
08 Castilla - La Mancha;Ambos sexos;De 60 a 64 años;Riesgo de muerte;2024;29,837425
08 Castilla - La Mancha;Ambos sexos;De 60 a 64 años;Supervivientes;2024;94.923,236724
08 Castilla - La Mancha;Ambos sexos;De 60 a 64 años;Defunciones teóricas;2024;2.832,264973
08 Castilla - La Mancha;Ambos sexos;De 60 a 64 años;Población estacionaria;2024;468.059,89718
08 Castilla - La Mancha;Ambos sexos;De 60 a 64 años;Tiempo por vivir;2024;2.460.010,3418
08 Castilla - La Mancha;Ambos sexos;De 60 a 64 años;Esperanza de vida;2024;25,915787
08 Castilla - La Mancha;Ambos sexos;De 65 a 69 años;Tasa de mortalidad;2024;9,614872
08 Castilla - La Mancha;Ambos sexos;De 65 a 69 años;Promedio de años vividos el último año de vida;2024;0,52014
08 Castilla - La Mancha;Ambos sexos;De 65 a 69 años;Riesgo de muerte;2024;46,990342
08 Castilla - La Mancha;Ambos sexos;De 65 a 69 años;Supervivientes;2024;92.090,971751
08 Castilla - La Mancha;Ambos sexos;De 65 a 69 años;Defunciones teóricas;2024;4.327,38626
08 Castilla - La Mancha;Ambos sexos;De 65 a 69 años;Población estacionaria;2024;450.072,15612
08 Castilla - La Mancha;Ambos sexos;De 65 a 69 años;Tiempo por vivir;2024;1.991.950,4446
08 Castilla - La Mancha;Ambos sexos;De 65 a 69 años;Esperanza de vida;2024;21,630247
08 Castilla - La Mancha;Ambos sexos;De 70 a 74 años;Tasa de mortalidad;2024;14,257817
08 Castilla - La Mancha;Ambos sexos;De 70 a 74 años;Promedio de años vividos el último año de vida;2024;0,518499
08 Castilla - La Mancha;Ambos sexos;De 70 a 74 años;Riesgo de muerte;2024;68,923244
08 Castilla - La Mancha;Ambos sexos;De 70 a 74 años;Supervivientes;2024;87.763,585491
08 Castilla - La Mancha;Ambos sexos;De 70 a 74 años;Defunciones teóricas;2024;6.048,951028
08 Castilla - La Mancha;Ambos sexos;De 70 a 74 años;Población estacionaria;2024;424.255,05294
08 Castilla - La Mancha;Ambos sexos;De 70 a 74 años;Tiempo por vivir;2024;1.541.878,2885
08 Castilla - La Mancha;Ambos sexos;De 70 a 74 años;Esperanza de vida;2024;17,568543
08 Castilla - La Mancha;Ambos sexos;De 75 a 79 años;Tasa de mortalidad;2024;24,535372
08 Castilla - La Mancha;Ambos sexos;De 75 a 79 años;Promedio de años vividos el último año de vida;2024;0,538852
08 Castilla - La Mancha;Ambos sexos;De 75 a 79 años;Riesgo de muerte;2024;116,108357
08 Castilla - La Mancha;Ambos sexos;De 75 a 79 años;Supervivientes;2024;81.714,634463
08 Castilla - La Mancha;Ambos sexos;De 75 a 79 años;Defunciones teóricas;2024;9.487,751942
08 Castilla - La Mancha;Ambos sexos;De 75 a 79 años;Población estacionaria;2024;386.696,88914
08 Castilla - La Mancha;Ambos sexos;De 75 a 79 años;Tiempo por vivir;2024;1.117.623,2355
08 Castilla - La Mancha;Ambos sexos;De 75 a 79 años;Esperanza de vida;2024;13,677149
08 Castilla - La Mancha;Ambos sexos;De 80 a 84 años;Tasa de mortalidad;2024;45,025219
08 Castilla - La Mancha;Ambos sexos;De 80 a 84 años;Promedio de años vividos el último año de vida;2024;0,527192
08 Castilla - La Mancha;Ambos sexos;De 80 a 84 años;Riesgo de muerte;2024;203,468596
08 Castilla - La Mancha;Ambos sexos;De 80 a 84 años;Supervivientes;2024;72.226,882521
08 Castilla - La Mancha;Ambos sexos;De 80 a 84 años;Defunciones teóricas;2024;14.695,902384
08 Castilla - La Mancha;Ambos sexos;De 80 a 84 años;Población estacionaria;2024;326.392,6879
08 Castilla - La Mancha;Ambos sexos;De 80 a 84 años;Tiempo por vivir;2024;730.926,34639
08 Castilla - La Mancha;Ambos sexos;De 80 a 84 años;Esperanza de vida;2024;10,119866
08 Castilla - La Mancha;Ambos sexos;De 85 a 89 años;Tasa de mortalidad;2024;88,145212
08 Castilla - La Mancha;Ambos sexos;De 85 a 89 años;Promedio de años vividos el último año de vida;2024;0,513887
08 Castilla - La Mancha;Ambos sexos;De 85 a 89 años;Riesgo de muerte;2024;362,963731
08 Castilla - La Mancha;Ambos sexos;De 85 a 89 años;Supervivientes;2024;57.530,980137
08 Castilla - La Mancha;Ambos sexos;De 85 a 89 años;Defunciones teóricas;2024;20.881,659204
08 Castilla - La Mancha;Ambos sexos;De 85 a 89 años;Población estacionaria;2024;236.900,66305
08 Castilla - La Mancha;Ambos sexos;De 85 a 89 años;Tiempo por vivir;2024;404.533,65848
08 Castilla - La Mancha;Ambos sexos;De 85 a 89 años;Esperanza de vida;2024;7,031579
08 Castilla - La Mancha;Ambos sexos;90 y más años;Tasa de mortalidad;2024;""
08 Castilla - La Mancha;Ambos sexos;90 y más años;Promedio de años vividos el último año de vida;2024;""
08 Castilla - La Mancha;Ambos sexos;90 y más años;Riesgo de muerte;2024;""
08 Castilla - La Mancha;Ambos sexos;90 y más años;Supervivientes;2024;""
08 Castilla - La Mancha;Ambos sexos;90 y más años;Defunciones teóricas;2024;""
08 Castilla - La Mancha;Ambos sexos;90 y más años;Población estacionaria;2024;""
08 Castilla - La Mancha;Ambos sexos;90 y más años;Tiempo por vivir;2024;""
08 Castilla - La Mancha;Ambos sexos;90 y más años;Esperanza de vida;2024;""
08 Castilla - La Mancha;Ambos sexos;De 90 a 94 años;Tasa de mortalidad;2024;171,627217
08 Castilla - La Mancha;Ambos sexos;De 90 a 94 años;Promedio de años vividos el último año de vida;2024;0,4768
08 Castilla - La Mancha;Ambos sexos;De 90 a 94 años;Riesgo de muerte;2024;592,236021
08 Castilla - La Mancha;Ambos sexos;De 90 a 94 años;Supervivientes;2024;36.649,320932
08 Castilla - La Mancha;Ambos sexos;De 90 a 94 años;Defunciones teóricas;2024;21.705,048006
08 Castilla - La Mancha;Ambos sexos;De 90 a 94 años;Población estacionaria;2024;126.466,23506
08 Castilla - La Mancha;Ambos sexos;De 90 a 94 años;Tiempo por vivir;2024;167.632,99544
08 Castilla - La Mancha;Ambos sexos;De 90 a 94 años;Esperanza de vida;2024;4,573973
08 Castilla - La Mancha;Ambos sexos;95 y más años;Tasa de mortalidad;2024;296,042281
08 Castilla - La Mancha;Ambos sexos;95 y más años;Promedio de años vividos el último año de vida;2024;2,754685
08 Castilla - La Mancha;Ambos sexos;95 y más años;Riesgo de muerte;2024;1.000
08 Castilla - La Mancha;Ambos sexos;95 y más años;Supervivientes;2024;14.944,272926
08 Castilla - La Mancha;Ambos sexos;95 y más años;Defunciones teóricas;2024;14.944,272926
08 Castilla - La Mancha;Ambos sexos;95 y más años;Población estacionaria;2024;41.166,760374
08 Castilla - La Mancha;Ambos sexos;95 y más años;Tiempo por vivir;2024;41.166,760374
08 Castilla - La Mancha;Ambos sexos;95 y más años;Esperanza de vida;2024;2,754685
08 Castilla - La Mancha;Hombres;0 años;Tasa de mortalidad;2024;3,647683
08 Castilla - La Mancha;Hombres;0 años;Promedio de años vividos el último año de vida;2024;0,093301
08 Castilla - La Mancha;Hombres;0 años;Riesgo de muerte;2024;3,635659
08 Castilla - La Mancha;Hombres;0 años;Supervivientes;2024;100.000
08 Castilla - La Mancha;Hombres;0 años;Defunciones teóricas;2024;363,565859
08 Castilla - La Mancha;Hombres;0 años;Población estacionaria;2024;99.670,355181
08 Castilla - La Mancha;Hombres;0 años;Tiempo por vivir;2024;8.143.234,2888
08 Castilla - La Mancha;Hombres;0 años;Esperanza de vida;2024;81,432343
08 Castilla - La Mancha;Hombres;De 1 a 4 años;Tasa de mortalidad;2024;0,184914
08 Castilla - La Mancha;Hombres;De 1 a 4 años;Promedio de años vividos el último año de vida;2024;0,390292
08 Castilla - La Mancha;Hombres;De 1 a 4 años;Riesgo de muerte;2024;0,739324
08 Castilla - La Mancha;Hombres;De 1 a 4 años;Supervivientes;2024;99.636,434141
08 Castilla - La Mancha;Hombres;De 1 a 4 años;Defunciones teóricas;2024;73,663584
08 Castilla - La Mancha;Hombres;De 1 a 4 años;Población estacionaria;2024;398.366,0836
08 Castilla - La Mancha;Hombres;De 1 a 4 años;Tiempo por vivir;2024;8.043.563,9337
08 Castilla - La Mancha;Hombres;De 1 a 4 años;Esperanza de vida;2024;80,729143
08 Castilla - La Mancha;Hombres;De 5 a 9 años;Tasa de mortalidad;2024;0,076866
08 Castilla - La Mancha;Hombres;De 5 a 9 años;Promedio de años vividos el último año de vida;2024;0,569253
08 Castilla - La Mancha;Hombres;De 5 a 9 años;Riesgo de muerte;2024;0,384267
08 Castilla - La Mancha;Hombres;De 5 a 9 años;Supervivientes;2024;99.562,770557
08 Castilla - La Mancha;Hombres;De 5 a 9 años;Defunciones teóricas;2024;38,258732
08 Castilla - La Mancha;Hombres;De 5 a 9 años;Población estacionaria;2024;497.731,45365
08 Castilla - La Mancha;Hombres;De 5 a 9 años;Tiempo por vivir;2024;7.645.197,8501
08 Castilla - La Mancha;Hombres;De 5 a 9 años;Esperanza de vida;2024;76,787717
08 Castilla - La Mancha;Hombres;De 10 a 14 años;Tasa de mortalidad;2024;0,121437
08 Castilla - La Mancha;Hombres;De 10 a 14 años;Promedio de años vividos el último año de vida;2024;0,443285
08 Castilla - La Mancha;Hombres;De 10 a 14 años;Riesgo de muerte;2024;0,606981
08 Castilla - La Mancha;Hombres;De 10 a 14 años;Supervivientes;2024;99.524,511825
08 Castilla - La Mancha;Hombres;De 10 a 14 años;Defunciones teóricas;2024;60,409509
08 Castilla - La Mancha;Hombres;De 10 a 14 años;Población estacionaria;2024;497.454,40477
08 Castilla - La Mancha;Hombres;De 10 a 14 años;Tiempo por vivir;2024;7.147.466,3964
08 Castilla - La Mancha;Hombres;De 10 a 14 años;Esperanza de vida;2024;71,816141
08 Castilla - La Mancha;Hombres;De 15 a 19 años;Tasa de mortalidad;2024;0,195337
08 Castilla - La Mancha;Hombres;De 15 a 19 años;Promedio de años vividos el último año de vida;2024;0,576128
08 Castilla - La Mancha;Hombres;De 15 a 19 años;Riesgo de muerte;2024;0,976283
08 Castilla - La Mancha;Hombres;De 15 a 19 años;Supervivientes;2024;99.464,102316
08 Castilla - La Mancha;Hombres;De 15 a 19 años;Defunciones teóricas;2024;97,105079
08 Castilla - La Mancha;Hombres;De 15 a 19 años;Población estacionaria;2024;497.114,71093
08 Castilla - La Mancha;Hombres;De 15 a 19 años;Tiempo por vivir;2024;6.650.011,9916
08 Castilla - La Mancha;Hombres;De 15 a 19 años;Esperanza de vida;2024;66,858413
08 Castilla - La Mancha;Hombres;De 20 a 24 años;Tasa de mortalidad;2024;0,248334
08 Castilla - La Mancha;Hombres;De 20 a 24 años;Promedio de años vividos el último año de vida;2024;0,475573
08 Castilla - La Mancha;Hombres;De 20 a 24 años;Riesgo de muerte;2024;1,24086
08 Castilla - La Mancha;Hombres;De 20 a 24 años;Supervivientes;2024;99.366,997237
08 Castilla - La Mancha;Hombres;De 20 a 24 años;Defunciones teóricas;2024;123,300561
08 Castilla - La Mancha;Hombres;De 20 a 24 años;Población estacionaria;2024;496.511,67569
08 Castilla - La Mancha;Hombres;De 20 a 24 años;Tiempo por vivir;2024;6.152.897,2807
08 Castilla - La Mancha;Hombres;De 20 a 24 años;Esperanza de vida;2024;61,920934
08 Castilla - La Mancha;Hombres;De 25 a 29 años;Tasa de mortalidad;2024;0,507662
08 Castilla - La Mancha;Hombres;De 25 a 29 años;Promedio de años vividos el último año de vida;2024;0,458538
08 Castilla - La Mancha;Hombres;De 25 a 29 años;Riesgo de muerte;2024;2,534824
08 Castilla - La Mancha;Hombres;De 25 a 29 años;Supervivientes;2024;99.243,696676
08 Castilla - La Mancha;Hombres;De 25 a 29 años;Defunciones teóricas;2024;251,56533
08 Castilla - La Mancha;Hombres;De 25 a 29 años;Población estacionaria;2024;495.537,41852
08 Castilla - La Mancha;Hombres;De 25 a 29 años;Tiempo por vivir;2024;5.656.385,605
08 Castilla - La Mancha;Hombres;De 25 a 29 años;Esperanza de vida;2024;56,99491
08 Castilla - La Mancha;Hombres;De 30 a 34 años;Tasa de mortalidad;2024;0,445047
08 Castilla - La Mancha;Hombres;De 30 a 34 años;Promedio de años vividos el último año de vida;2024;0,518205
08 Castilla - La Mancha;Hombres;De 30 a 34 años;Riesgo de muerte;2024;2,222853
08 Castilla - La Mancha;Hombres;De 30 a 34 años;Supervivientes;2024;98.992,131346
08 Castilla - La Mancha;Hombres;De 30 a 34 años;Defunciones teóricas;2024;220,044999
08 Castilla - La Mancha;Hombres;De 30 a 34 años;Población estacionaria;2024;494.430,57391
08 Castilla - La Mancha;Hombres;De 30 a 34 años;Tiempo por vivir;2024;5.160.848,1865
08 Castilla - La Mancha;Hombres;De 30 a 34 años;Esperanza de vida;2024;52,133923
08 Castilla - La Mancha;Hombres;De 35 a 39 años;Tasa de mortalidad;2024;0,662959
08 Castilla - La Mancha;Hombres;De 35 a 39 años;Promedio de años vividos el último año de vida;2024;0,474321
08 Castilla - La Mancha;Hombres;De 35 a 39 años;Riesgo de muerte;2024;3,30903
08 Castilla - La Mancha;Hombres;De 35 a 39 años;Supervivientes;2024;98.772,086347
08 Castilla - La Mancha;Hombres;De 35 a 39 años;Defunciones teóricas;2024;326,839824
08 Castilla - La Mancha;Hombres;De 35 a 39 años;Población estacionaria;2024;493.001,36823
08 Castilla - La Mancha;Hombres;De 35 a 39 años;Tiempo por vivir;2024;4.666.417,6126
08 Castilla - La Mancha;Hombres;De 35 a 39 años;Esperanza de vida;2024;47,244295
08 Castilla - La Mancha;Hombres;De 40 a 44 años;Tasa de mortalidad;2024;1,001119
08 Castilla - La Mancha;Hombres;De 40 a 44 años;Promedio de años vividos el último año de vida;2024;0,527008
08 Castilla - La Mancha;Hombres;De 40 a 44 años;Riesgo de muerte;2024;4,993772
08 Castilla - La Mancha;Hombres;De 40 a 44 años;Supervivientes;2024;98.445,246523
08 Castilla - La Mancha;Hombres;De 40 a 44 años;Defunciones teóricas;2024;491,613148
08 Castilla - La Mancha;Hombres;De 40 a 44 años;Población estacionaria;2024;491.063,58749
08 Castilla - La Mancha;Hombres;De 40 a 44 años;Tiempo por vivir;2024;4.173.416,2443
08 Castilla - La Mancha;Hombres;De 40 a 44 años;Esperanza de vida;2024;42,393273
08 Castilla - La Mancha;Hombres;De 45 a 49 años;Tasa de mortalidad;2024;1,526315
08 Castilla - La Mancha;Hombres;De 45 a 49 años;Promedio de años vividos el último año de vida;2024;0,568805
08 Castilla - La Mancha;Hombres;De 45 a 49 años;Riesgo de muerte;2024;7,606544
08 Castilla - La Mancha;Hombres;De 45 a 49 años;Supervivientes;2024;97.953,633375
08 Castilla - La Mancha;Hombres;De 45 a 49 años;Defunciones teóricas;2024;745,08859
08 Castilla - La Mancha;Hombres;De 45 a 49 años;Población estacionaria;2024;488.161,77462
08 Castilla - La Mancha;Hombres;De 45 a 49 años;Tiempo por vivir;2024;3.682.352,6569
08 Castilla - La Mancha;Hombres;De 45 a 49 años;Esperanza de vida;2024;37,592813
08 Castilla - La Mancha;Hombres;De 50 a 54 años;Tasa de mortalidad;2024;2,656518
08 Castilla - La Mancha;Hombres;De 50 a 54 años;Promedio de años vividos el último año de vida;2024;0,548575
08 Castilla - La Mancha;Hombres;De 50 a 54 años;Riesgo de muerte;2024;13,203422
08 Castilla - La Mancha;Hombres;De 50 a 54 años;Supervivientes;2024;97.208,544785
08 Castilla - La Mancha;Hombres;De 50 a 54 años;Defunciones teóricas;2024;1.283,485456
08 Castilla - La Mancha;Hombres;De 50 a 54 años;Población estacionaria;2024;483.145,7339
08 Castilla - La Mancha;Hombres;De 50 a 54 años;Tiempo por vivir;2024;3.194.190,8822
08 Castilla - La Mancha;Hombres;De 50 a 54 años;Esperanza de vida;2024;32,859157
08 Castilla - La Mancha;Hombres;De 55 a 59 años;Tasa de mortalidad;2024;5,021921
08 Castilla - La Mancha;Hombres;De 55 a 59 años;Promedio de años vividos el último año de vida;2024;0,532593
08 Castilla - La Mancha;Hombres;De 55 a 59 años;Riesgo de muerte;2024;24,818326
08 Castilla - La Mancha;Hombres;De 55 a 59 años;Supervivientes;2024;95.925,059328
08 Castilla - La Mancha;Hombres;De 55 a 59 años;Defunciones teóricas;2024;2.380,699387
08 Castilla - La Mancha;Hombres;De 55 a 59 años;Población estacionaria;2024;474.061,5168
08 Castilla - La Mancha;Hombres;De 55 a 59 años;Tiempo por vivir;2024;2.711.045,1483
08 Castilla - La Mancha;Hombres;De 55 a 59 años;Esperanza de vida;2024;28,262116
08 Castilla - La Mancha;Hombres;De 60 a 64 años;Tasa de mortalidad;2024;8,194894
08 Castilla - La Mancha;Hombres;De 60 a 64 años;Promedio de años vividos el último año de vida;2024;0,540242
08 Castilla - La Mancha;Hombres;De 60 a 64 años;Riesgo de muerte;2024;40,216852
08 Castilla - La Mancha;Hombres;De 60 a 64 años;Supervivientes;2024;93.544,359941
08 Castilla - La Mancha;Hombres;De 60 a 64 años;Defunciones teóricas;2024;3.762,059692
08 Castilla - La Mancha;Hombres;De 60 a 64 años;Población estacionaria;2024;459.073,61075
08 Castilla - La Mancha;Hombres;De 60 a 64 años;Tiempo por vivir;2024;2.236.983,6315
08 Castilla - La Mancha;Hombres;De 60 a 64 años;Esperanza de vida;2024;23,913613
08 Castilla - La Mancha;Hombres;De 65 a 69 años;Tasa de mortalidad;2024;13,296905
08 Castilla - La Mancha;Hombres;De 65 a 69 años;Promedio de años vividos el último año de vida;2024;0,517466
08 Castilla - La Mancha;Hombres;De 65 a 69 años;Riesgo de muerte;2024;64,417932
08 Castilla - La Mancha;Hombres;De 65 a 69 años;Supervivientes;2024;89.782,300249
08 Castilla - La Mancha;Hombres;De 65 a 69 años;Defunciones teóricas;2024;5.783,590157
08 Castilla - La Mancha;Hombres;De 65 a 69 años;Población estacionaria;2024;434.957,6075
08 Castilla - La Mancha;Hombres;De 65 a 69 años;Tiempo por vivir;2024;1.777.910,0208
08 Castilla - La Mancha;Hombres;De 65 a 69 años;Esperanza de vida;2024;19,802456
08 Castilla - La Mancha;Hombres;De 70 a 74 años;Tasa de mortalidad;2024;20,380145
08 Castilla - La Mancha;Hombres;De 70 a 74 años;Promedio de años vividos el último año de vida;2024;0,522408
08 Castilla - La Mancha;Hombres;De 70 a 74 años;Riesgo de muerte;2024;97,171676
08 Castilla - La Mancha;Hombres;De 70 a 74 años;Supervivientes;2024;83.998,710092
08 Castilla - La Mancha;Hombres;De 70 a 74 años;Defunciones teóricas;2024;8.162,295444
08 Castilla - La Mancha;Hombres;De 70 a 74 años;Población estacionaria;2024;400.502,32554
08 Castilla - La Mancha;Hombres;De 70 a 74 años;Tiempo por vivir;2024;1.342.952,4133
08 Castilla - La Mancha;Hombres;De 70 a 74 años;Esperanza de vida;2024;15,987774
08 Castilla - La Mancha;Hombres;De 75 a 79 años;Tasa de mortalidad;2024;33,20508
08 Castilla - La Mancha;Hombres;De 75 a 79 años;Promedio de años vividos el último año de vida;2024;0,536336
08 Castilla - La Mancha;Hombres;De 75 a 79 años;Riesgo de muerte;2024;154,158302
08 Castilla - La Mancha;Hombres;De 75 a 79 años;Supervivientes;2024;75.836,414648
08 Castilla - La Mancha;Hombres;De 75 a 79 años;Defunciones teóricas;2024;11.690,8129
08 Castilla - La Mancha;Hombres;De 75 a 79 años;Población estacionaria;2024;352.079,04378
08 Castilla - La Mancha;Hombres;De 75 a 79 años;Tiempo por vivir;2024;942.450,08774
08 Castilla - La Mancha;Hombres;De 75 a 79 años;Esperanza de vida;2024;12,427408
08 Castilla - La Mancha;Hombres;De 80 a 84 años;Tasa de mortalidad;2024;56,482697
08 Castilla - La Mancha;Hombres;De 80 a 84 años;Promedio de años vividos el último año de vida;2024;0,520496
08 Castilla - La Mancha;Hombres;De 80 a 84 años;Riesgo de muerte;2024;248,730745
08 Castilla - La Mancha;Hombres;De 80 a 84 años;Supervivientes;2024;64.145,601748
08 Castilla - La Mancha;Hombres;De 80 a 84 años;Defunciones teóricas;2024;15.954,983288
08 Castilla - La Mancha;Hombres;De 80 a 84 años;Población estacionaria;2024;282.475,59093
08 Castilla - La Mancha;Hombres;De 80 a 84 años;Tiempo por vivir;2024;590.371,04396
08 Castilla - La Mancha;Hombres;De 80 a 84 años;Esperanza de vida;2024;9,203609
08 Castilla - La Mancha;Hombres;De 85 a 89 años;Tasa de mortalidad;2024;105,521823
08 Castilla - La Mancha;Hombres;De 85 a 89 años;Promedio de años vividos el último año de vida;2024;0,505353
08 Castilla - La Mancha;Hombres;De 85 a 89 años;Riesgo de muerte;2024;418,411959
08 Castilla - La Mancha;Hombres;De 85 a 89 años;Supervivientes;2024;48.190,61846
08 Castilla - La Mancha;Hombres;De 85 a 89 años;Defunciones teóricas;2024;20.163,531075
08 Castilla - La Mancha;Hombres;De 85 a 89 años;Población estacionaria;2024;191.083,99117
08 Castilla - La Mancha;Hombres;De 85 a 89 años;Tiempo por vivir;2024;307.895,45302
08 Castilla - La Mancha;Hombres;De 85 a 89 años;Esperanza de vida;2024;6,389116
08 Castilla - La Mancha;Hombres;90 y más años;Tasa de mortalidad;2024;""
08 Castilla - La Mancha;Hombres;90 y más años;Promedio de años vividos el último año de vida;2024;""
08 Castilla - La Mancha;Hombres;90 y más años;Riesgo de muerte;2024;""
08 Castilla - La Mancha;Hombres;90 y más años;Supervivientes;2024;""
08 Castilla - La Mancha;Hombres;90 y más años;Defunciones teóricas;2024;""
08 Castilla - La Mancha;Hombres;90 y más años;Población estacionaria;2024;""
08 Castilla - La Mancha;Hombres;90 y más años;Tiempo por vivir;2024;""
08 Castilla - La Mancha;Hombres;90 y más años;Esperanza de vida;2024;""
08 Castilla - La Mancha;Hombres;De 90 a 94 años;Tasa de mortalidad;2024;198,304892
08 Castilla - La Mancha;Hombres;De 90 a 94 años;Promedio de años vividos el último año de vida;2024;0,459144
08 Castilla - La Mancha;Hombres;De 90 a 94 años;Riesgo de muerte;2024;645,409597
08 Castilla - La Mancha;Hombres;De 90 a 94 años;Supervivientes;2024;28.027,087385
08 Castilla - La Mancha;Hombres;De 90 a 94 años;Defunciones teóricas;2024;18.088,951164
08 Castilla - La Mancha;Hombres;De 90 a 94 años;Población estacionaria;2024;91.217,876804
08 Castilla - La Mancha;Hombres;De 90 a 94 años;Tiempo por vivir;2024;116.811,46186
08 Castilla - La Mancha;Hombres;De 90 a 94 años;Esperanza de vida;2024;4,167806
08 Castilla - La Mancha;Hombres;95 y más años;Tasa de mortalidad;2024;310,75898
08 Castilla - La Mancha;Hombres;95 y más años;Promedio de años vividos el último año de vida;2024;2,57529
08 Castilla - La Mancha;Hombres;95 y más años;Riesgo de muerte;2024;1.000
08 Castilla - La Mancha;Hombres;95 y más años;Supervivientes;2024;9.938,136221
08 Castilla - La Mancha;Hombres;95 y más años;Defunciones teóricas;2024;9.938,136221
08 Castilla - La Mancha;Hombres;95 y más años;Población estacionaria;2024;25.593,585053
08 Castilla - La Mancha;Hombres;95 y más años;Tiempo por vivir;2024;25.593,585053
08 Castilla - La Mancha;Hombres;95 y más años;Esperanza de vida;2024;2,57529
08 Castilla - La Mancha;Mujeres;0 años;Tasa de mortalidad;2024;2,004754
08 Castilla - La Mancha;Mujeres;0 años;Promedio de años vividos el último año de vida;2024;0,064208
08 Castilla - La Mancha;Mujeres;0 años;Riesgo de muerte;2024;2,001001
08 Castilla - La Mancha;Mujeres;0 años;Supervivientes;2024;100.000
08 Castilla - La Mancha;Mujeres;0 años;Defunciones teóricas;2024;200,10005
08 Castilla - La Mancha;Mujeres;0 años;Población estacionaria;2024;99.812,747904
08 Castilla - La Mancha;Mujeres;0 años;Tiempo por vivir;2024;8.632.840,725
08 Castilla - La Mancha;Mujeres;0 años;Esperanza de vida;2024;86,328407
08 Castilla - La Mancha;Mujeres;De 1 a 4 años;Tasa de mortalidad;2024;0,12972
08 Castilla - La Mancha;Mujeres;De 1 a 4 años;Promedio de años vividos el último año de vida;2024;0,530031
08 Castilla - La Mancha;Mujeres;De 1 a 4 años;Riesgo de muerte;2024;0,518752
08 Castilla - La Mancha;Mujeres;De 1 a 4 años;Supervivientes;2024;99.799,89995
08 Castilla - La Mancha;Mujeres;De 1 a 4 años;Defunciones teóricas;2024;51,771386
08 Castilla - La Mancha;Mujeres;De 1 a 4 años;Población estacionaria;2024;399.102,27595
08 Castilla - La Mancha;Mujeres;De 1 a 4 años;Tiempo por vivir;2024;8.533.027,9771
08 Castilla - La Mancha;Mujeres;De 1 a 4 años;Esperanza de vida;2024;85,501368
08 Castilla - La Mancha;Mujeres;De 5 a 9 años;Tasa de mortalidad;2024;0,023122
08 Castilla - La Mancha;Mujeres;De 5 a 9 años;Promedio de años vividos el último año de vida;2024;0,129508
08 Castilla - La Mancha;Mujeres;De 5 a 9 años;Riesgo de muerte;2024;0,115599
08 Castilla - La Mancha;Mujeres;De 5 a 9 años;Supervivientes;2024;99.748,128564
08 Castilla - La Mancha;Mujeres;De 5 a 9 años;Defunciones teóricas;2024;11,530789
08 Castilla - La Mancha;Mujeres;De 5 a 9 años;Población estacionaria;2024;498.690,45553
08 Castilla - La Mancha;Mujeres;De 5 a 9 años;Tiempo por vivir;2024;8.133.925,7012
08 Castilla - La Mancha;Mujeres;De 5 a 9 años;Esperanza de vida;2024;81,544645
08 Castilla - La Mancha;Mujeres;De 10 a 14 años;Tasa de mortalidad;2024;0,072601
08 Castilla - La Mancha;Mujeres;De 10 a 14 años;Promedio de años vividos el último año de vida;2024;0,489843
08 Castilla - La Mancha;Mujeres;De 10 a 14 años;Riesgo de muerte;2024;0,36294
08 Castilla - La Mancha;Mujeres;De 10 a 14 años;Supervivientes;2024;99.736,597775
08 Castilla - La Mancha;Mujeres;De 10 a 14 años;Defunciones teóricas;2024;36,198388
08 Castilla - La Mancha;Mujeres;De 10 a 14 años;Población estacionaria;2024;498.590,65457
08 Castilla - La Mancha;Mujeres;De 10 a 14 años;Tiempo por vivir;2024;7.635.235,2456
08 Castilla - La Mancha;Mujeres;De 10 a 14 años;Esperanza de vida;2024;76,553997
08 Castilla - La Mancha;Mujeres;De 15 a 19 años;Tasa de mortalidad;2024;0,120796
08 Castilla - La Mancha;Mujeres;De 15 a 19 años;Promedio de años vividos el último año de vida;2024;0,403011
08 Castilla - La Mancha;Mujeres;De 15 a 19 años;Riesgo de muerte;2024;0,603762
08 Castilla - La Mancha;Mujeres;De 15 a 19 años;Supervivientes;2024;99.700,399387
08 Castilla - La Mancha;Mujeres;De 15 a 19 años;Defunciones teóricas;2024;60,195293
08 Castilla - La Mancha;Mujeres;De 15 a 19 años;Población estacionaria;2024;498.322,31715
08 Castilla - La Mancha;Mujeres;De 15 a 19 años;Tiempo por vivir;2024;7.136.644,5911
08 Castilla - La Mancha;Mujeres;De 15 a 19 años;Esperanza de vida;2024;71,580903
08 Castilla - La Mancha;Mujeres;De 20 a 24 años;Tasa de mortalidad;2024;0,164034
08 Castilla - La Mancha;Mujeres;De 20 a 24 años;Promedio de años vividos el último año de vida;2024;0,506014
08 Castilla - La Mancha;Mujeres;De 20 a 24 años;Riesgo de muerte;2024;0,819837
08 Castilla - La Mancha;Mujeres;De 20 a 24 años;Supervivientes;2024;99.640,204094
08 Castilla - La Mancha;Mujeres;De 20 a 24 años;Defunciones teóricas;2024;81,688749
08 Castilla - La Mancha;Mujeres;De 20 a 24 años;Población estacionaria;2024;497.999,2549
08 Castilla - La Mancha;Mujeres;De 20 a 24 años;Tiempo por vivir;2024;6.638.322,2739
08 Castilla - La Mancha;Mujeres;De 20 a 24 años;Esperanza de vida;2024;66,622929
08 Castilla - La Mancha;Mujeres;De 25 a 29 años;Tasa de mortalidad;2024;0,151486
08 Castilla - La Mancha;Mujeres;De 25 a 29 años;Promedio de años vividos el último año de vida;2024;0,457012
08 Castilla - La Mancha;Mujeres;De 25 a 29 años;Riesgo de muerte;2024;0,757119
08 Castilla - La Mancha;Mujeres;De 25 a 29 años;Supervivientes;2024;99.558,515345
08 Castilla - La Mancha;Mujeres;De 25 a 29 años;Defunciones teóricas;2024;75,377633
08 Castilla - La Mancha;Mujeres;De 25 a 29 años;Población estacionaria;2024;497.587,93115
08 Castilla - La Mancha;Mujeres;De 25 a 29 años;Tiempo por vivir;2024;6.140.323,019
08 Castilla - La Mancha;Mujeres;De 25 a 29 años;Esperanza de vida;2024;61,675518
08 Castilla - La Mancha;Mujeres;De 30 a 34 años;Tasa de mortalidad;2024;0,360265
08 Castilla - La Mancha;Mujeres;De 30 a 34 años;Promedio de años vividos el último año de vida;2024;0,571655
08 Castilla - La Mancha;Mujeres;De 30 a 34 años;Riesgo de muerte;2024;1,799935
08 Castilla - La Mancha;Mujeres;De 30 a 34 años;Supervivientes;2024;99.483,137712
08 Castilla - La Mancha;Mujeres;De 30 a 34 años;Defunciones teóricas;2024;179,063139
08 Castilla - La Mancha;Mujeres;De 30 a 34 años;Población estacionaria;2024;497.032,18424
08 Castilla - La Mancha;Mujeres;De 30 a 34 años;Tiempo por vivir;2024;5.642.735,0879
08 Castilla - La Mancha;Mujeres;De 30 a 34 años;Esperanza de vida;2024;56,720518
08 Castilla - La Mancha;Mujeres;De 35 a 39 años;Tasa de mortalidad;2024;0,368344
08 Castilla - La Mancha;Mujeres;De 35 a 39 años;Promedio de años vividos el último año de vida;2024;0,52634
08 Castilla - La Mancha;Mujeres;De 35 a 39 años;Riesgo de muerte;2024;1,840116
08 Castilla - La Mancha;Mujeres;De 35 a 39 años;Supervivientes;2024;99.304,074573
08 Castilla - La Mancha;Mujeres;De 35 a 39 años;Defunciones teóricas;2024;182,731035
08 Castilla - La Mancha;Mujeres;De 35 a 39 años;Población estacionaria;2024;496.087,61134
08 Castilla - La Mancha;Mujeres;De 35 a 39 años;Tiempo por vivir;2024;5.145.702,9036
08 Castilla - La Mancha;Mujeres;De 35 a 39 años;Esperanza de vida;2024;51,817641
08 Castilla - La Mancha;Mujeres;De 40 a 44 años;Tasa de mortalidad;2024;0,691862
08 Castilla - La Mancha;Mujeres;De 40 a 44 años;Promedio de años vividos el último año de vida;2024;0,531555
08 Castilla - La Mancha;Mujeres;De 40 a 44 años;Riesgo de muerte;2024;3,453713
08 Castilla - La Mancha;Mujeres;De 40 a 44 años;Supervivientes;2024;99.121,343538
08 Castilla - La Mancha;Mujeres;De 40 a 44 años;Defunciones teóricas;2024;342,336696
08 Castilla - La Mancha;Mujeres;De 40 a 44 años;Población estacionaria;2024;494.804,8884
08 Castilla - La Mancha;Mujeres;De 40 a 44 años;Tiempo por vivir;2024;4.649.615,2923
08 Castilla - La Mancha;Mujeres;De 40 a 44 años;Esperanza de vida;2024;46,908316
08 Castilla - La Mancha;Mujeres;De 45 a 49 años;Tasa de mortalidad;2024;0,875323
08 Castilla - La Mancha;Mujeres;De 45 a 49 años;Promedio de años vividos el último año de vida;2024;0,469692
08 Castilla - La Mancha;Mujeres;De 45 a 49 años;Riesgo de muerte;2024;4,366478
08 Castilla - La Mancha;Mujeres;De 45 a 49 años;Supervivientes;2024;98.779,006841
08 Castilla - La Mancha;Mujeres;De 45 a 49 años;Defunciones teóricas;2024;431,316386
08 Castilla - La Mancha;Mujeres;De 45 a 49 años;Población estacionaria;2024;492.751,38201
08 Castilla - La Mancha;Mujeres;De 45 a 49 años;Tiempo por vivir;2024;4.154.810,4039
08 Castilla - La Mancha;Mujeres;De 45 a 49 años;Esperanza de vida;2024;42,061674
08 Castilla - La Mancha;Mujeres;De 50 a 54 años;Tasa de mortalidad;2024;1,651518
08 Castilla - La Mancha;Mujeres;De 50 a 54 años;Promedio de años vividos el último año de vida;2024;0,546725
08 Castilla - La Mancha;Mujeres;De 50 a 54 años;Riesgo de muerte;2024;8,226796
08 Castilla - La Mancha;Mujeres;De 50 a 54 años;Supervivientes;2024;98.347,690456
08 Castilla - La Mancha;Mujeres;De 50 a 54 años;Defunciones teóricas;2024;809,086434
08 Castilla - La Mancha;Mujeres;De 50 a 54 años;Población estacionaria;2024;489.904,76005
08 Castilla - La Mancha;Mujeres;De 50 a 54 años;Tiempo por vivir;2024;3.662.059,0219
08 Castilla - La Mancha;Mujeres;De 50 a 54 años;Esperanza de vida;2024;37,235842
08 Castilla - La Mancha;Mujeres;De 55 a 59 años;Tasa de mortalidad;2024;2,374743
08 Castilla - La Mancha;Mujeres;De 55 a 59 años;Promedio de años vividos el último año de vida;2024;0,548701
08 Castilla - La Mancha;Mujeres;De 55 a 59 años;Riesgo de muerte;2024;11,810427
08 Castilla - La Mancha;Mujeres;De 55 a 59 años;Supervivientes;2024;97.538,604022
08 Castilla - La Mancha;Mujeres;De 55 a 59 años;Defunciones teóricas;2024;1.151,972602
08 Castilla - La Mancha;Mujeres;De 55 a 59 años;Población estacionaria;2024;485.093,60082
08 Castilla - La Mancha;Mujeres;De 55 a 59 años;Tiempo por vivir;2024;3.172.154,2618
08 Castilla - La Mancha;Mujeres;De 55 a 59 años;Esperanza de vida;2024;32,522039
08 Castilla - La Mancha;Mujeres;De 60 a 64 años;Tasa de mortalidad;2024;3,877654
08 Castilla - La Mancha;Mujeres;De 60 a 64 años;Promedio de años vividos el último año de vida;2024;0,529395
08 Castilla - La Mancha;Mujeres;De 60 a 64 años;Riesgo de muerte;2024;19,212966
08 Castilla - La Mancha;Mujeres;De 60 a 64 años;Supervivientes;2024;96.386,631419
08 Castilla - La Mancha;Mujeres;De 60 a 64 años;Defunciones teóricas;2024;1.851,873099
08 Castilla - La Mancha;Mujeres;De 60 a 64 años;Población estacionaria;2024;477.575,64964
08 Castilla - La Mancha;Mujeres;De 60 a 64 años;Tiempo por vivir;2024;2.687.060,661
08 Castilla - La Mancha;Mujeres;De 60 a 64 años;Esperanza de vida;2024;27,877939
08 Castilla - La Mancha;Mujeres;De 65 a 69 años;Tasa de mortalidad;2024;5,99346
08 Castilla - La Mancha;Mujeres;De 65 a 69 años;Promedio de años vividos el último año de vida;2024;0,527046
08 Castilla - La Mancha;Mujeres;De 65 a 69 años;Riesgo de muerte;2024;29,548505
08 Castilla - La Mancha;Mujeres;De 65 a 69 años;Supervivientes;2024;94.534,75832
08 Castilla - La Mancha;Mujeres;De 65 a 69 años;Defunciones teóricas;2024;2.793,360736
08 Castilla - La Mancha;Mujeres;De 65 a 69 años;Población estacionaria;2024;466.068,14052
08 Castilla - La Mancha;Mujeres;De 65 a 69 años;Tiempo por vivir;2024;2.209.485,0114
08 Castilla - La Mancha;Mujeres;De 65 a 69 años;Esperanza de vida;2024;23,372197
08 Castilla - La Mancha;Mujeres;De 70 a 74 años;Tasa de mortalidad;2024;8,554551
08 Castilla - La Mancha;Mujeres;De 70 a 74 años;Promedio de años vividos el último año de vida;2024;0,5102
08 Castilla - La Mancha;Mujeres;De 70 a 74 años;Riesgo de muerte;2024;41,89505
08 Castilla - La Mancha;Mujeres;De 70 a 74 años;Supervivientes;2024;91.741,397585
08 Castilla - La Mancha;Mujeres;De 70 a 74 años;Defunciones teóricas;2024;3.843,510481
08 Castilla - La Mancha;Mujeres;De 70 a 74 años;Población estacionaria;2024;449.294,23328
08 Castilla - La Mancha;Mujeres;De 70 a 74 años;Tiempo por vivir;2024;1.743.416,8709
08 Castilla - La Mancha;Mujeres;De 70 a 74 años;Esperanza de vida;2024;19,003601
08 Castilla - La Mancha;Mujeres;De 75 a 79 años;Tasa de mortalidad;2024;17,24191
08 Castilla - La Mancha;Mujeres;De 75 a 79 años;Promedio de años vividos el último año de vida;2024;0,543754
08 Castilla - La Mancha;Mujeres;De 75 a 79 años;Riesgo de muerte;2024;82,947012
08 Castilla - La Mancha;Mujeres;De 75 a 79 años;Supervivientes;2024;87.897,887104
08 Castilla - La Mancha;Mujeres;De 75 a 79 años;Defunciones teóricas;2024;7.290,867111
08 Castilla - La Mancha;Mujeres;De 75 a 79 años;Población estacionaria;2024;422.857,2786
08 Castilla - La Mancha;Mujeres;De 75 a 79 años;Tiempo por vivir;2024;1.294.122,6376
08 Castilla - La Mancha;Mujeres;De 75 a 79 años;Esperanza de vida;2024;14,723023
08 Castilla - La Mancha;Mujeres;De 80 a 84 años;Tasa de mortalidad;2024;36,688637
08 Castilla - La Mancha;Mujeres;De 80 a 84 años;Promedio de años vividos el último año de vida;2024;0,536645
08 Castilla - La Mancha;Mujeres;De 80 a 84 años;Riesgo de muerte;2024;169,072154
08 Castilla - La Mancha;Mujeres;De 80 a 84 años;Supervivientes;2024;80.607,019993
08 Castilla - La Mancha;Mujeres;De 80 a 84 años;Defunciones teóricas;2024;13.628,402493
08 Castilla - La Mancha;Mujeres;De 80 a 84 años;Población estacionaria;2024;371.461,12683
08 Castilla - La Mancha;Mujeres;De 80 a 84 años;Tiempo por vivir;2024;871.265,35897
08 Castilla - La Mancha;Mujeres;De 80 a 84 años;Esperanza de vida;2024;10,808802
08 Castilla - La Mancha;Mujeres;De 85 a 89 años;Tasa de mortalidad;2024;77,327119
08 Castilla - La Mancha;Mujeres;De 85 a 89 años;Promedio de años vividos el último año de vida;2024;0,5209
08 Castilla - La Mancha;Mujeres;De 85 a 89 años;Riesgo de muerte;2024;326,209463
08 Castilla - La Mancha;Mujeres;De 85 a 89 años;Supervivientes;2024;66.978,6175
08 Castilla - La Mancha;Mujeres;De 85 a 89 años;Defunciones teóricas;2024;21.849,058864
08 Castilla - La Mancha;Mujeres;De 85 a 89 años;Población estacionaria;2024;282.553,6373
08 Castilla - La Mancha;Mujeres;De 85 a 89 años;Tiempo por vivir;2024;499.804,23214
08 Castilla - La Mancha;Mujeres;De 85 a 89 años;Esperanza de vida;2024;7,462146
08 Castilla - La Mancha;Mujeres;90 y más años;Tasa de mortalidad;2024;""
08 Castilla - La Mancha;Mujeres;90 y más años;Promedio de años vividos el último año de vida;2024;""
08 Castilla - La Mancha;Mujeres;90 y más años;Riesgo de muerte;2024;""
08 Castilla - La Mancha;Mujeres;90 y más años;Supervivientes;2024;""
08 Castilla - La Mancha;Mujeres;90 y más años;Defunciones teóricas;2024;""
08 Castilla - La Mancha;Mujeres;90 y más años;Población estacionaria;2024;""
08 Castilla - La Mancha;Mujeres;90 y más años;Tiempo por vivir;2024;""
08 Castilla - La Mancha;Mujeres;90 y más años;Esperanza de vida;2024;""
08 Castilla - La Mancha;Mujeres;De 90 a 94 años;Tasa de mortalidad;2024;156,977615
08 Castilla - La Mancha;Mujeres;De 90 a 94 años;Promedio de años vividos el último año de vida;2024;0,488558
08 Castilla - La Mancha;Mujeres;De 90 a 94 años;Riesgo de muerte;2024;560,064504
08 Castilla - La Mancha;Mujeres;De 90 a 94 años;Supervivientes;2024;45.129,558636
08 Castilla - La Mancha;Mujeres;De 90 a 94 años;Defunciones teóricas;2024;25.275,463878
08 Castilla - La Mancha;Mujeres;De 90 a 94 años;Población estacionaria;2024;161.013,17316
08 Castilla - La Mancha;Mujeres;De 90 a 94 años;Tiempo por vivir;2024;217.250,59484
08 Castilla - La Mancha;Mujeres;De 90 a 94 años;Esperanza de vida;2024;4,813931
08 Castilla - La Mancha;Mujeres;95 y más años;Tasa de mortalidad;2024;290,080752
08 Castilla - La Mancha;Mujeres;95 y más años;Promedio de años vividos el último año de vida;2024;2,832535
08 Castilla - La Mancha;Mujeres;95 y más años;Riesgo de muerte;2024;1.000
08 Castilla - La Mancha;Mujeres;95 y más años;Supervivientes;2024;19.854,094759
08 Castilla - La Mancha;Mujeres;95 y más años;Defunciones teóricas;2024;19.854,094759
08 Castilla - La Mancha;Mujeres;95 y más años;Población estacionaria;2024;56.237,421686
08 Castilla - La Mancha;Mujeres;95 y más años;Tiempo por vivir;2024;56.237,421686
08 Castilla - La Mancha;Mujeres;95 y más años;Esperanza de vida;2024;2,832535
09 Cataluña;Ambos sexos;0 años;Tasa de mortalidad;2024;2,966054
09 Cataluña;Ambos sexos;0 años;Promedio de años vividos el último año de vida;2024;0,132369
09 Cataluña;Ambos sexos;0 años;Riesgo de muerte;2024;2,958441
09 Cataluña;Ambos sexos;0 años;Supervivientes;2024;100.000
09 Cataluña;Ambos sexos;0 años;Defunciones teóricas;2024;295,844055
09 Cataluña;Ambos sexos;0 años;Población estacionaria;2024;99.743,316649
09 Cataluña;Ambos sexos;0 años;Tiempo por vivir;2024;8.423.537,5662
09 Cataluña;Ambos sexos;0 años;Esperanza de vida;2024;84,235376
09 Cataluña;Ambos sexos;De 1 a 4 años;Tasa de mortalidad;2024;0,142415
09 Cataluña;Ambos sexos;De 1 a 4 años;Promedio de años vividos el último año de vida;2024;0,44869
09 Cataluña;Ambos sexos;De 1 a 4 años;Riesgo de muerte;2024;0,569481
09 Cataluña;Ambos sexos;De 1 a 4 años;Supervivientes;2024;99.704,155945
09 Cataluña;Ambos sexos;De 1 a 4 años;Defunciones teóricas;2024;56,77962
09 Cataluña;Ambos sexos;De 1 a 4 años;Población estacionaria;2024;398.691,41119
09 Cataluña;Ambos sexos;De 1 a 4 años;Tiempo por vivir;2024;8.323.794,2495
09 Cataluña;Ambos sexos;De 1 a 4 años;Esperanza de vida;2024;83,484928
09 Cataluña;Ambos sexos;De 5 a 9 años;Tasa de mortalidad;2024;0,114672
09 Cataluña;Ambos sexos;De 5 a 9 años;Promedio de años vividos el último año de vida;2024;0,466566
09 Cataluña;Ambos sexos;De 5 a 9 años;Riesgo de muerte;2024;0,573182
09 Cataluña;Ambos sexos;De 5 a 9 años;Supervivientes;2024;99.647,376325
09 Cataluña;Ambos sexos;De 5 a 9 años;Defunciones teóricas;2024;57,116123
09 Cataluña;Ambos sexos;De 5 a 9 años;Población estacionaria;2024;498.084,54318
09 Cataluña;Ambos sexos;De 5 a 9 años;Tiempo por vivir;2024;7.925.102,8383
09 Cataluña;Ambos sexos;De 5 a 9 años;Esperanza de vida;2024;79,531475
09 Cataluña;Ambos sexos;De 10 a 14 años;Tasa de mortalidad;2024;0,084197
09 Cataluña;Ambos sexos;De 10 a 14 años;Promedio de años vividos el último año de vida;2024;0,551292
09 Cataluña;Ambos sexos;De 10 a 14 años;Riesgo de muerte;2024;0,420903
09 Cataluña;Ambos sexos;De 10 a 14 años;Supervivientes;2024;99.590,260202
09 Cataluña;Ambos sexos;De 10 a 14 años;Defunciones teóricas;2024;41,917883
09 Cataluña;Ambos sexos;De 10 a 14 años;Población estacionaria;2024;497.857,25666
09 Cataluña;Ambos sexos;De 10 a 14 años;Tiempo por vivir;2024;7.427.018,2951
09 Cataluña;Ambos sexos;De 10 a 14 años;Esperanza de vida;2024;74,575749
09 Cataluña;Ambos sexos;De 15 a 19 años;Tasa de mortalidad;2024;0,142271
09 Cataluña;Ambos sexos;De 15 a 19 años;Promedio de años vividos el último año de vida;2024;0,548499
09 Cataluña;Ambos sexos;De 15 a 19 años;Riesgo de muerte;2024;0,711124
09 Cataluña;Ambos sexos;De 15 a 19 años;Supervivientes;2024;99.548,342319
09 Cataluña;Ambos sexos;De 15 a 19 años;Defunciones teóricas;2024;70,791256
09 Cataluña;Ambos sexos;De 15 a 19 años;Población estacionaria;2024;497.581,90002
09 Cataluña;Ambos sexos;De 15 a 19 años;Tiempo por vivir;2024;6.929.161,0385
09 Cataluña;Ambos sexos;De 15 a 19 años;Esperanza de vida;2024;69,605991
09 Cataluña;Ambos sexos;De 20 a 24 años;Tasa de mortalidad;2024;0,196574
09 Cataluña;Ambos sexos;De 20 a 24 años;Promedio de años vividos el último año de vida;2024;0,479399
09 Cataluña;Ambos sexos;De 20 a 24 años;Riesgo de muerte;2024;0,982369
09 Cataluña;Ambos sexos;De 20 a 24 años;Supervivientes;2024;99.477,551063
09 Cataluña;Ambos sexos;De 20 a 24 años;Defunciones teóricas;2024;97,723685
09 Cataluña;Ambos sexos;De 20 a 24 años;Población estacionaria;2024;497.133,38024
09 Cataluña;Ambos sexos;De 20 a 24 años;Tiempo por vivir;2024;6.431.579,1385
09 Cataluña;Ambos sexos;De 20 a 24 años;Esperanza de vida;2024;64,653573
09 Cataluña;Ambos sexos;De 25 a 29 años;Tasa de mortalidad;2024;0,244517
09 Cataluña;Ambos sexos;De 25 a 29 años;Promedio de años vividos el último año de vida;2024;0,515064
09 Cataluña;Ambos sexos;De 25 a 29 años;Riesgo de muerte;2024;1,221861
09 Cataluña;Ambos sexos;De 25 a 29 años;Supervivientes;2024;99.379,827378
09 Cataluña;Ambos sexos;De 25 a 29 años;Defunciones teóricas;2024;121,428375
09 Cataluña;Ambos sexos;De 25 a 29 años;Población estacionaria;2024;496.604,71191
09 Cataluña;Ambos sexos;De 25 a 29 años;Tiempo por vivir;2024;5.934.445,7582
09 Cataluña;Ambos sexos;De 25 a 29 años;Esperanza de vida;2024;59,714792
09 Cataluña;Ambos sexos;De 30 a 34 años;Tasa de mortalidad;2024;0,309246
09 Cataluña;Ambos sexos;De 30 a 34 años;Promedio de años vividos el último año de vida;2024;0,509063
09 Cataluña;Ambos sexos;De 30 a 34 años;Riesgo de muerte;2024;1,545057
09 Cataluña;Ambos sexos;De 30 a 34 años;Supervivientes;2024;99.258,399003
09 Cataluña;Ambos sexos;De 30 a 34 años;Defunciones teóricas;2024;153,359839
09 Cataluña;Ambos sexos;De 30 a 34 años;Población estacionaria;2024;495.915,54454
09 Cataluña;Ambos sexos;De 30 a 34 años;Tiempo por vivir;2024;5.437.841,0463
09 Cataluña;Ambos sexos;De 30 a 34 años;Esperanza de vida;2024;54,784694
09 Cataluña;Ambos sexos;De 35 a 39 años;Tasa de mortalidad;2024;0,445023
09 Cataluña;Ambos sexos;De 35 a 39 años;Promedio de años vividos el último año de vida;2024;0,550126
09 Cataluña;Ambos sexos;De 35 a 39 años;Riesgo de muerte;2024;2,222891
09 Cataluña;Ambos sexos;De 35 a 39 años;Supervivientes;2024;99.105,039164
09 Cataluña;Ambos sexos;De 35 a 39 años;Defunciones teóricas;2024;220,299656
09 Cataluña;Ambos sexos;De 35 a 39 años;Población estacionaria;2024;495.029,66051
09 Cataluña;Ambos sexos;De 35 a 39 años;Tiempo por vivir;2024;4.941.925,5018
09 Cataluña;Ambos sexos;De 35 a 39 años;Esperanza de vida;2024;49,865532
09 Cataluña;Ambos sexos;De 40 a 44 años;Tasa de mortalidad;2024;0,797863
09 Cataluña;Ambos sexos;De 40 a 44 años;Promedio de años vividos el último año de vida;2024;0,545734
09 Cataluña;Ambos sexos;De 40 a 44 años;Riesgo de muerte;2024;3,982096
09 Cataluña;Ambos sexos;De 40 a 44 años;Supervivientes;2024;98.884,739508
09 Cataluña;Ambos sexos;De 40 a 44 años;Defunciones teóricas;2024;393,768559
09 Cataluña;Ambos sexos;De 40 a 44 años;Población estacionaria;2024;493.529,31937
09 Cataluña;Ambos sexos;De 40 a 44 años;Tiempo por vivir;2024;4.446.895,8413
09 Cataluña;Ambos sexos;De 40 a 44 años;Esperanza de vida;2024;44,970497
09 Cataluña;Ambos sexos;De 45 a 49 años;Tasa de mortalidad;2024;1,236179
09 Cataluña;Ambos sexos;De 45 a 49 años;Promedio de años vividos el último año de vida;2024;0,530322
09 Cataluña;Ambos sexos;De 45 a 49 años;Riesgo de muerte;2024;6,163005
09 Cataluña;Ambos sexos;De 45 a 49 años;Supervivientes;2024;98.490,970948
09 Cataluña;Ambos sexos;De 45 a 49 años;Defunciones teóricas;2024;607,000318
09 Cataluña;Ambos sexos;De 45 a 49 años;Población estacionaria;2024;491.029,38108
09 Cataluña;Ambos sexos;De 45 a 49 años;Tiempo por vivir;2024;3.953.366,5219
09 Cataluña;Ambos sexos;De 45 a 49 años;Esperanza de vida;2024;40,13938
09 Cataluña;Ambos sexos;De 50 a 54 años;Tasa de mortalidad;2024;2,112329
09 Cataluña;Ambos sexos;De 50 a 54 años;Promedio de años vividos el último año de vida;2024;0,530917
09 Cataluña;Ambos sexos;De 50 a 54 años;Riesgo de muerte;2024;10,509578
09 Cataluña;Ambos sexos;De 50 a 54 años;Supervivientes;2024;97.883,970631
09 Cataluña;Ambos sexos;De 50 a 54 años;Defunciones teóricas;2024;1.028,719249
09 Cataluña;Ambos sexos;De 50 a 54 años;Población estacionaria;2024;487.007,07979
09 Cataluña;Ambos sexos;De 50 a 54 años;Tiempo por vivir;2024;3.462.337,1408
09 Cataluña;Ambos sexos;De 50 a 54 años;Esperanza de vida;2024;35,37185
09 Cataluña;Ambos sexos;De 55 a 59 años;Tasa de mortalidad;2024;3,756996
09 Cataluña;Ambos sexos;De 55 a 59 años;Promedio de años vividos el último año de vida;2024;0,545952
09 Cataluña;Ambos sexos;De 55 a 59 años;Riesgo de muerte;2024;18,626114
09 Cataluña;Ambos sexos;De 55 a 59 años;Supervivientes;2024;96.855,251381
09 Cataluña;Ambos sexos;De 55 a 59 años;Defunciones teóricas;2024;1.804,036983
09 Cataluña;Ambos sexos;De 55 a 59 años;Población estacionaria;2024;480.180,6619
09 Cataluña;Ambos sexos;De 55 a 59 años;Tiempo por vivir;2024;2.975.330,061
09 Cataluña;Ambos sexos;De 55 a 59 años;Esperanza de vida;2024;30,719347
09 Cataluña;Ambos sexos;De 60 a 64 años;Tasa de mortalidad;2024;6,24737
09 Cataluña;Ambos sexos;De 60 a 64 años;Promedio de años vividos el último año de vida;2024;0,534132
09 Cataluña;Ambos sexos;De 60 a 64 años;Riesgo de muerte;2024;30,788803
09 Cataluña;Ambos sexos;De 60 a 64 años;Supervivientes;2024;95.051,214399
09 Cataluña;Ambos sexos;De 60 a 64 años;Defunciones teóricas;2024;2.926,513105
09 Cataluña;Ambos sexos;De 60 a 64 años;Población estacionaria;2024;468.439,22115
09 Cataluña;Ambos sexos;De 60 a 64 años;Tiempo por vivir;2024;2.495.149,3991
09 Cataluña;Ambos sexos;De 60 a 64 años;Esperanza de vida;2024;26,250579
09 Cataluña;Ambos sexos;De 65 a 69 años;Tasa de mortalidad;2024;9,149799
09 Cataluña;Ambos sexos;De 65 a 69 años;Promedio de años vividos el último año de vida;2024;0,528787
09 Cataluña;Ambos sexos;De 65 a 69 años;Riesgo de muerte;2024;44,783572
09 Cataluña;Ambos sexos;De 65 a 69 años;Supervivientes;2024;92.124,701293
09 Cataluña;Ambos sexos;De 65 a 69 años;Defunciones teóricas;2024;4.125,673169
09 Cataluña;Ambos sexos;De 65 a 69 años;Población estacionaria;2024;450.903,14242
09 Cataluña;Ambos sexos;De 65 a 69 años;Tiempo por vivir;2024;2.026.710,178
09 Cataluña;Ambos sexos;De 65 a 69 años;Esperanza de vida;2024;21,999639
09 Cataluña;Ambos sexos;De 70 a 74 años;Tasa de mortalidad;2024;14,066698
09 Cataluña;Ambos sexos;De 70 a 74 años;Promedio de años vividos el último año de vida;2024;0,523991
09 Cataluña;Ambos sexos;De 70 a 74 años;Riesgo de muerte;2024;68,055048
09 Cataluña;Ambos sexos;De 70 a 74 años;Supervivientes;2024;87.999,028125
09 Cataluña;Ambos sexos;De 70 a 74 años;Defunciones teóricas;2024;5.988,778059
09 Cataluña;Ambos sexos;De 70 a 74 años;Población estacionaria;2024;425.741,57415
09 Cataluña;Ambos sexos;De 70 a 74 años;Tiempo por vivir;2024;1.575.807,0356
09 Cataluña;Ambos sexos;De 70 a 74 años;Esperanza de vida;2024;17,907096
09 Cataluña;Ambos sexos;De 75 a 79 años;Tasa de mortalidad;2024;22,960039
09 Cataluña;Ambos sexos;De 75 a 79 años;Promedio de años vividos el último año de vida;2024;0,536412
09 Cataluña;Ambos sexos;De 75 a 79 años;Riesgo de muerte;2024;108,999261
09 Cataluña;Ambos sexos;De 75 a 79 años;Supervivientes;2024;82.010,250066
09 Cataluña;Ambos sexos;De 75 a 79 años;Defunciones teóricas;2024;8.939,056681
09 Cataluña;Ambos sexos;De 75 a 79 años;Población estacionaria;2024;389.331,06922
09 Cataluña;Ambos sexos;De 75 a 79 años;Tiempo por vivir;2024;1.150.065,4614
09 Cataluña;Ambos sexos;De 75 a 79 años;Esperanza de vida;2024;14,023436
09 Cataluña;Ambos sexos;De 80 a 84 años;Tasa de mortalidad;2024;42,214638
09 Cataluña;Ambos sexos;De 80 a 84 años;Promedio de años vividos el último año de vida;2024;0,533189
09 Cataluña;Ambos sexos;De 80 a 84 años;Riesgo de muerte;2024;192,141264
09 Cataluña;Ambos sexos;De 80 a 84 años;Supervivientes;2024;73.071,193385
09 Cataluña;Ambos sexos;De 80 a 84 años;Defunciones teóricas;2024;14.039,991438
09 Cataluña;Ambos sexos;De 80 a 84 años;Población estacionaria;2024;332.585,85549
09 Cataluña;Ambos sexos;De 80 a 84 años;Tiempo por vivir;2024;760.734,39218
09 Cataluña;Ambos sexos;De 80 a 84 años;Esperanza de vida;2024;10,410866
09 Cataluña;Ambos sexos;De 85 a 89 años;Tasa de mortalidad;2024;83,995859
09 Cataluña;Ambos sexos;De 85 a 89 años;Promedio de años vividos el último año de vida;2024;0,52024
09 Cataluña;Ambos sexos;De 85 a 89 años;Riesgo de muerte;2024;349,548909
09 Cataluña;Ambos sexos;De 85 a 89 años;Supervivientes;2024;59.031,201948
09 Cataluña;Ambos sexos;De 85 a 89 años;Defunciones teóricas;2024;20.634,292236
09 Cataluña;Ambos sexos;De 85 a 89 años;Población estacionaria;2024;245.658,44752
09 Cataluña;Ambos sexos;De 85 a 89 años;Tiempo por vivir;2024;428.148,53669
09 Cataluña;Ambos sexos;De 85 a 89 años;Esperanza de vida;2024;7,252919
09 Cataluña;Ambos sexos;90 y más años;Tasa de mortalidad;2024;""
09 Cataluña;Ambos sexos;90 y más años;Promedio de años vividos el último año de vida;2024;""
09 Cataluña;Ambos sexos;90 y más años;Riesgo de muerte;2024;""
09 Cataluña;Ambos sexos;90 y más años;Supervivientes;2024;""
09 Cataluña;Ambos sexos;90 y más años;Defunciones teóricas;2024;""
09 Cataluña;Ambos sexos;90 y más años;Población estacionaria;2024;""
09 Cataluña;Ambos sexos;90 y más años;Tiempo por vivir;2024;""
09 Cataluña;Ambos sexos;90 y más años;Esperanza de vida;2024;""
09 Cataluña;Ambos sexos;De 90 a 94 años;Tasa de mortalidad;2024;162,231724
09 Cataluña;Ambos sexos;De 90 a 94 años;Promedio de años vividos el último año de vida;2024;0,479072
09 Cataluña;Ambos sexos;De 90 a 94 años;Riesgo de muerte;2024;570,212415
09 Cataluña;Ambos sexos;De 90 a 94 años;Supervivientes;2024;38.396,909711
09 Cataluña;Ambos sexos;De 90 a 94 años;Defunciones teóricas;2024;21.894,39461
09 Cataluña;Ambos sexos;De 90 a 94 años;Población estacionaria;2024;134.957,54164
09 Cataluña;Ambos sexos;De 90 a 94 años;Tiempo por vivir;2024;182.490,08917
09 Cataluña;Ambos sexos;De 90 a 94 años;Esperanza de vida;2024;4,752729
09 Cataluña;Ambos sexos;95 y más años;Tasa de mortalidad;2024;308,001772
09 Cataluña;Ambos sexos;95 y más años;Promedio de años vividos el último año de vida;2024;2,880321
09 Cataluña;Ambos sexos;95 y más años;Riesgo de muerte;2024;1.000
09 Cataluña;Ambos sexos;95 y más años;Supervivientes;2024;16.502,515101
09 Cataluña;Ambos sexos;95 y más años;Defunciones teóricas;2024;16.502,515101
09 Cataluña;Ambos sexos;95 y más años;Población estacionaria;2024;47.532,547533
09 Cataluña;Ambos sexos;95 y más años;Tiempo por vivir;2024;47.532,547533
09 Cataluña;Ambos sexos;95 y más años;Esperanza de vida;2024;2,880321
09 Cataluña;Hombres;0 años;Tasa de mortalidad;2024;3,411003
09 Cataluña;Hombres;0 años;Promedio de años vividos el último año de vida;2024;0,10929
09 Cataluña;Hombres;0 años;Riesgo de muerte;2024;3,400671
09 Cataluña;Hombres;0 años;Supervivientes;2024;100.000
09 Cataluña;Hombres;0 años;Defunciones teóricas;2024;340,067092
09 Cataluña;Hombres;0 años;Población estacionaria;2024;99.697,09871
09 Cataluña;Hombres;0 años;Tiempo por vivir;2024;8.163.589,0554
09 Cataluña;Hombres;0 años;Esperanza de vida;2024;81,635891
09 Cataluña;Hombres;De 1 a 4 años;Tasa de mortalidad;2024;0,180021
09 Cataluña;Hombres;De 1 a 4 años;Promedio de años vividos el último año de vida;2024;0,440486
09 Cataluña;Hombres;De 1 a 4 años;Riesgo de muerte;2024;0,719794
09 Cataluña;Hombres;De 1 a 4 años;Supervivientes;2024;99.659,932908
09 Cataluña;Hombres;De 1 a 4 años;Defunciones teóricas;2024;71,734631
09 Cataluña;Hombres;De 1 a 4 años;Población estacionaria;2024;398.479,18549
09 Cataluña;Hombres;De 1 a 4 años;Tiempo por vivir;2024;8.063.891,9567
09 Cataluña;Hombres;De 1 a 4 años;Esperanza de vida;2024;80,914082
09 Cataluña;Hombres;De 5 a 9 años;Tasa de mortalidad;2024;0,135666
09 Cataluña;Hombres;De 5 a 9 años;Promedio de años vividos el último año de vida;2024;0,368333
09 Cataluña;Hombres;De 5 a 9 años;Riesgo de muerte;2024;0,67804
09 Cataluña;Hombres;De 5 a 9 años;Supervivientes;2024;99.588,198277
09 Cataluña;Hombres;De 5 a 9 años;Defunciones teóricas;2024;67,524737
09 Cataluña;Hombres;De 5 a 9 años;Población estacionaria;2024;497.727,72569
09 Cataluña;Hombres;De 5 a 9 años;Tiempo por vivir;2024;7.665.412,7712
09 Cataluña;Hombres;De 5 a 9 años;Esperanza de vida;2024;76,971096
09 Cataluña;Hombres;De 10 a 14 años;Tasa de mortalidad;2024;0,127112
09 Cataluña;Hombres;De 10 a 14 años;Promedio de años vividos el último año de vida;2024;0,525218
09 Cataluña;Hombres;De 10 a 14 años;Riesgo de muerte;2024;0,635368
09 Cataluña;Hombres;De 10 a 14 años;Supervivientes;2024;99.520,673539
09 Cataluña;Hombres;De 10 a 14 años;Defunciones teóricas;2024;63,23222
09 Cataluña;Hombres;De 10 a 14 años;Población estacionaria;2024;497.453,25997
09 Cataluña;Hombres;De 10 a 14 años;Tiempo por vivir;2024;7.167.685,0455
09 Cataluña;Hombres;De 10 a 14 años;Esperanza de vida;2024;72,022071
09 Cataluña;Hombres;De 15 a 19 años;Tasa de mortalidad;2024;0,176607
09 Cataluña;Hombres;De 15 a 19 años;Promedio de años vividos el último año de vida;2024;0,54532
09 Cataluña;Hombres;De 15 a 19 años;Riesgo de muerte;2024;0,882681
09 Cataluña;Hombres;De 15 a 19 años;Supervivientes;2024;99.457,441319
09 Cataluña;Hombres;De 15 a 19 años;Defunciones teóricas;2024;87,789173
09 Cataluña;Hombres;De 15 a 19 años;Población estacionaria;2024;497.087,62651
09 Cataluña;Hombres;De 15 a 19 años;Tiempo por vivir;2024;6.670.231,7855
09 Cataluña;Hombres;De 15 a 19 años;Esperanza de vida;2024;67,066191
09 Cataluña;Hombres;De 20 a 24 años;Tasa de mortalidad;2024;0,276273
09 Cataluña;Hombres;De 20 a 24 años;Promedio de años vividos el último año de vida;2024;0,476495
09 Cataluña;Hombres;De 20 a 24 años;Riesgo de muerte;2024;1,380369
09 Cataluña;Hombres;De 20 a 24 años;Supervivientes;2024;99.369,652146
09 Cataluña;Hombres;De 20 a 24 años;Defunciones teóricas;2024;137,166815
09 Cataluña;Hombres;De 20 a 24 años;Población estacionaria;2024;496.489,223
09 Cataluña;Hombres;De 20 a 24 años;Tiempo por vivir;2024;6.173.144,159
09 Cataluña;Hombres;De 20 a 24 años;Esperanza de vida;2024;62,123033
09 Cataluña;Hombres;De 25 a 29 años;Tasa de mortalidad;2024;0,299034
09 Cataluña;Hombres;De 25 a 29 años;Promedio de años vividos el último año de vida;2024;0,499601
09 Cataluña;Hombres;De 25 a 29 años;Riesgo de muerte;2024;1,494055
09 Cataluña;Hombres;De 25 a 29 años;Supervivientes;2024;99.232,485332
09 Cataluña;Hombres;De 25 a 29 años;Defunciones teóricas;2024;148,258757
09 Cataluña;Hombres;De 25 a 29 años;Población estacionaria;2024;495.791,48409
09 Cataluña;Hombres;De 25 a 29 años;Tiempo por vivir;2024;5.676.654,936
09 Cataluña;Hombres;De 25 a 29 años;Esperanza de vida;2024;57,205611
09 Cataluña;Hombres;De 30 a 34 años;Tasa de mortalidad;2024;0,40845
09 Cataluña;Hombres;De 30 a 34 años;Promedio de años vividos el último año de vida;2024;0,48597
09 Cataluña;Hombres;De 30 a 34 años;Riesgo de muerte;2024;2,04011
09 Cataluña;Hombres;De 30 a 34 años;Supervivientes;2024;99.084,226575
09 Cataluña;Hombres;De 30 a 34 años;Defunciones teóricas;2024;202,142732
09 Cataluña;Hombres;De 30 a 34 años;Población estacionaria;2024;494.901,59584
09 Cataluña;Hombres;De 30 a 34 años;Tiempo por vivir;2024;5.180.863,4519
09 Cataluña;Hombres;De 30 a 34 años;Esperanza de vida;2024;52,287469
09 Cataluña;Hombres;De 35 a 39 años;Tasa de mortalidad;2024;0,574138
09 Cataluña;Hombres;De 35 a 39 años;Promedio de años vividos el último año de vida;2024;0,554298
09 Cataluña;Hombres;De 35 a 39 años;Riesgo de muerte;2024;2,86702
09 Cataluña;Hombres;De 35 a 39 años;Supervivientes;2024;98.882,083843
09 Cataluña;Hombres;De 35 a 39 años;Defunciones teóricas;2024;283,496876
09 Cataluña;Hombres;De 35 a 39 años;Población estacionaria;2024;493.778,64398
09 Cataluña;Hombres;De 35 a 39 años;Tiempo por vivir;2024;4.685.961,8561
09 Cataluña;Hombres;De 35 a 39 años;Esperanza de vida;2024;47,389392
09 Cataluña;Hombres;De 40 a 44 años;Tasa de mortalidad;2024;1,050063
09 Cataluña;Hombres;De 40 a 44 años;Promedio de años vividos el último año de vida;2024;0,541913
09 Cataluña;Hombres;De 40 a 44 años;Riesgo de muerte;2024;5,237718
09 Cataluña;Hombres;De 40 a 44 años;Supervivientes;2024;98.598,586967
09 Cataluña;Hombres;De 40 a 44 años;Defunciones teóricas;2024;516,431559
09 Cataluña;Hombres;De 40 a 44 años;Población estacionaria;2024;491.810,08249
09 Cataluña;Hombres;De 40 a 44 años;Tiempo por vivir;2024;4.192.183,2121
09 Cataluña;Hombres;De 40 a 44 años;Esperanza de vida;2024;42,51768
09 Cataluña;Hombres;De 45 a 49 años;Tasa de mortalidad;2024;1,618125
09 Cataluña;Hombres;De 45 a 49 años;Promedio de años vividos el último año de vida;2024;0,5393
09 Cataluña;Hombres;De 45 a 49 años;Riesgo de muerte;2024;8,060583
09 Cataluña;Hombres;De 45 a 49 años;Supervivientes;2024;98.082,155408
09 Cataluña;Hombres;De 45 a 49 años;Defunciones teóricas;2024;790,599327
09 Cataluña;Hombres;De 45 a 49 años;Población estacionaria;2024;488.589,63186
09 Cataluña;Hombres;De 45 a 49 años;Tiempo por vivir;2024;3.700.373,1296
09 Cataluña;Hombres;De 45 a 49 años;Esperanza de vida;2024;37,727282
09 Cataluña;Hombres;De 50 a 54 años;Tasa de mortalidad;2024;2,619255
09 Cataluña;Hombres;De 50 a 54 años;Promedio de años vividos el último año de vida;2024;0,536232
09 Cataluña;Hombres;De 50 a 54 años;Riesgo de muerte;2024;13,017212
09 Cataluña;Hombres;De 50 a 54 años;Supervivientes;2024;97.291,556081
09 Cataluña;Hombres;De 50 a 54 años;Defunciones teóricas;2024;1.266,464804
09 Cataluña;Hombres;De 50 a 54 años;Población estacionaria;2024;483.521,05174
09 Cataluña;Hombres;De 50 a 54 años;Tiempo por vivir;2024;3.211.783,4977
09 Cataluña;Hombres;De 50 a 54 años;Esperanza de vida;2024;33,011945
09 Cataluña;Hombres;De 55 a 59 años;Tasa de mortalidad;2024;4,99525
09 Cataluña;Hombres;De 55 a 59 años;Promedio de años vividos el último año de vida;2024;0,551553
09 Cataluña;Hombres;De 55 a 59 años;Riesgo de muerte;2024;24,699603
09 Cataluña;Hombres;De 55 a 59 años;Supervivientes;2024;96.025,091277
09 Cataluña;Hombres;De 55 a 59 años;Defunciones teóricas;2024;2.371,781667
09 Cataluña;Hombres;De 55 a 59 años;Población estacionaria;2024;474.807,36297
09 Cataluña;Hombres;De 55 a 59 años;Tiempo por vivir;2024;2.728.262,446
09 Cataluña;Hombres;De 55 a 59 años;Esperanza de vida;2024;28,411975
09 Cataluña;Hombres;De 60 a 64 años;Tasa de mortalidad;2024;8,586392
09 Cataluña;Hombres;De 60 a 64 años;Promedio de años vividos el último año de vida;2024;0,534581
09 Cataluña;Hombres;De 60 a 64 años;Riesgo de muerte;2024;42,090927
09 Cataluña;Hombres;De 60 a 64 años;Supervivientes;2024;93.653,309609
09 Cataluña;Hombres;De 60 a 64 años;Defunciones teóricas;2024;3.941,95464
09 Cataluña;Hombres;De 60 a 64 años;Población estacionaria;2024;459.093,25448
09 Cataluña;Hombres;De 60 a 64 años;Tiempo por vivir;2024;2.253.455,083
09 Cataluña;Hombres;De 60 a 64 años;Esperanza de vida;2024;24,061671
09 Cataluña;Hombres;De 65 a 69 años;Tasa de mortalidad;2024;12,45036
09 Cataluña;Hombres;De 65 a 69 años;Promedio de años vividos el último año de vida;2024;0,526649
09 Cataluña;Hombres;De 65 a 69 años;Riesgo de muerte;2024;60,469937
09 Cataluña;Hombres;De 65 a 69 años;Supervivientes;2024;89.711,35497
09 Cataluña;Hombres;De 65 a 69 años;Defunciones teóricas;2024;5.424,839955
09 Cataluña;Hombres;De 65 a 69 años;Población estacionaria;2024;435.717,50947
09 Cataluña;Hombres;De 65 a 69 años;Tiempo por vivir;2024;1.794.361,8285
09 Cataluña;Hombres;De 65 a 69 años;Esperanza de vida;2024;20,001502
09 Cataluña;Hombres;De 70 a 74 años;Tasa de mortalidad;2024;19,522269
09 Cataluña;Hombres;De 70 a 74 años;Promedio de años vividos el último año de vida;2024;0,521589
09 Cataluña;Hombres;De 70 a 74 años;Riesgo de muerte;2024;93,25642
09 Cataluña;Hombres;De 70 a 74 años;Supervivientes;2024;84.286,515015
09 Cataluña;Hombres;De 70 a 74 años;Defunciones teóricas;2024;7.860,258631
09 Cataluña;Hombres;De 70 a 74 años;Población estacionaria;2024;402.630,38944
09 Cataluña;Hombres;De 70 a 74 años;Tiempo por vivir;2024;1.358.644,3191
09 Cataluña;Hombres;De 70 a 74 años;Esperanza de vida;2024;16,119356
09 Cataluña;Hombres;De 75 a 79 años;Tasa de mortalidad;2024;32,065309
09 Cataluña;Hombres;De 75 a 79 años;Promedio de años vividos el último año de vida;2024;0,530713
09 Cataluña;Hombres;De 75 a 79 años;Riesgo de muerte;2024;149,107802
09 Cataluña;Hombres;De 75 a 79 años;Supervivientes;2024;76.426,256384
09 Cataluña;Hombres;De 75 a 79 años;Defunciones teóricas;2024;11.395,7511
09 Cataluña;Hombres;De 75 a 79 años;Población estacionaria;2024;355.391,8974
09 Cataluña;Hombres;De 75 a 79 años;Tiempo por vivir;2024;956.013,92963
09 Cataluña;Hombres;De 75 a 79 años;Esperanza de vida;2024;12,508972
09 Cataluña;Hombres;De 80 a 84 años;Tasa de mortalidad;2024;56,437823
09 Cataluña;Hombres;De 80 a 84 años;Promedio de años vividos el último año de vida;2024;0,520703
09 Cataluña;Hombres;De 80 a 84 años;Riesgo de muerte;2024;248,569518
09 Cataluña;Hombres;De 80 a 84 años;Supervivientes;2024;65.030,505284
09 Cataluña;Hombres;De 80 a 84 años;Defunciones teóricas;2024;16.164,601369
09 Cataluña;Hombres;De 80 a 84 años;Población estacionaria;2024;286.414,3315
09 Cataluña;Hombres;De 80 a 84 años;Tiempo por vivir;2024;600.622,03224
09 Cataluña;Hombres;De 80 a 84 años;Esperanza de vida;2024;9,236004
09 Cataluña;Hombres;De 85 a 89 años;Tasa de mortalidad;2024;103,163868
09 Cataluña;Hombres;De 85 a 89 años;Promedio de años vividos el último año de vida;2024;0,50676
09 Cataluña;Hombres;De 85 a 89 años;Riesgo de muerte;2024;411,200597
09 Cataluña;Hombres;De 85 a 89 años;Supervivientes;2024;48.865,903915
09 Cataluña;Hombres;De 85 a 89 años;Defunciones teóricas;2024;20.093,688868
09 Cataluña;Hombres;De 85 a 89 años;Población estacionaria;2024;194.774,48109
09 Cataluña;Hombres;De 85 a 89 años;Tiempo por vivir;2024;314.207,70073
09 Cataluña;Hombres;De 85 a 89 años;Esperanza de vida;2024;6,429999
09 Cataluña;Hombres;90 y más años;Tasa de mortalidad;2024;""
09 Cataluña;Hombres;90 y más años;Promedio de años vividos el último año de vida;2024;""
09 Cataluña;Hombres;90 y más años;Riesgo de muerte;2024;""
09 Cataluña;Hombres;90 y más años;Supervivientes;2024;""
09 Cataluña;Hombres;90 y más años;Defunciones teóricas;2024;""
09 Cataluña;Hombres;90 y más años;Población estacionaria;2024;""
09 Cataluña;Hombres;90 y más años;Tiempo por vivir;2024;""
09 Cataluña;Hombres;90 y más años;Esperanza de vida;2024;""
09 Cataluña;Hombres;De 90 a 94 años;Tasa de mortalidad;2024;196,016356
09 Cataluña;Hombres;De 90 a 94 años;Promedio de años vividos el último año de vida;2024;0,458685
09 Cataluña;Hombres;De 90 a 94 años;Riesgo de muerte;2024;640,35332
09 Cataluña;Hombres;De 90 a 94 años;Supervivientes;2024;28.772,215047
09 Cataluña;Hombres;De 90 a 94 años;Defunciones teóricas;2024;18.424,38344
09 Cataluña;Hombres;De 90 a 94 años;Población estacionaria;2024;93.994,112477
09 Cataluña;Hombres;De 90 a 94 años;Tiempo por vivir;2024;119.433,21964
09 Cataluña;Hombres;De 90 a 94 años;Esperanza de vida;2024;4,150991
09 Cataluña;Hombres;95 y más años;Tasa de mortalidad;2024;349,600964
09 Cataluña;Hombres;95 y más años;Promedio de años vividos el último año de vida;2024;2,4584
09 Cataluña;Hombres;95 y más años;Riesgo de muerte;2024;1.000
09 Cataluña;Hombres;95 y más años;Supervivientes;2024;10.347,831607
09 Cataluña;Hombres;95 y más años;Defunciones teóricas;2024;10.347,831607
09 Cataluña;Hombres;95 y más años;Población estacionaria;2024;25.439,107162
09 Cataluña;Hombres;95 y más años;Tiempo por vivir;2024;25.439,107162
09 Cataluña;Hombres;95 y más años;Esperanza de vida;2024;2,4584
09 Cataluña;Mujeres;0 años;Tasa de mortalidad;2024;2,497179
09 Cataluña;Mujeres;0 años;Promedio de años vividos el último año de vida;2024;0,16559
09 Cataluña;Mujeres;0 años;Riesgo de muerte;2024;2,491986
09 Cataluña;Mujeres;0 años;Supervivientes;2024;100.000
09 Cataluña;Mujeres;0 años;Defunciones teóricas;2024;249,19861
09 Cataluña;Mujeres;0 años;Población estacionaria;2024;99.792,06627
09 Cataluña;Mujeres;0 años;Tiempo por vivir;2024;8.669.154,4346
09 Cataluña;Mujeres;0 años;Esperanza de vida;2024;86,691544
09 Cataluña;Mujeres;De 1 a 4 años;Tasa de mortalidad;2024;0,102584
09 Cataluña;Mujeres;De 1 a 4 años;Promedio de años vividos el último año de vida;2024;0,4648
09 Cataluña;Mujeres;De 1 a 4 años;Riesgo de muerte;2024;0,410247
09 Cataluña;Mujeres;De 1 a 4 años;Supervivientes;2024;99.750,80139
09 Cataluña;Mujeres;De 1 a 4 años;Defunciones teóricas;2024;40,922473
09 Cataluña;Mujeres;De 1 a 4 años;Población estacionaria;2024;398.915,59866
09 Cataluña;Mujeres;De 1 a 4 años;Tiempo por vivir;2024;8.569.362,3684
09 Cataluña;Mujeres;De 1 a 4 años;Esperanza de vida;2024;85,907704
09 Cataluña;Mujeres;De 5 a 9 años;Tasa de mortalidad;2024;0,092865
09 Cataluña;Mujeres;De 5 a 9 años;Promedio de años vividos el último año de vida;2024;0,617865
09 Cataluña;Mujeres;De 5 a 9 años;Riesgo de muerte;2024;0,464241
09 Cataluña;Mujeres;De 5 a 9 años;Supervivientes;2024;99.709,878917
09 Cataluña;Mujeres;De 5 a 9 años;Defunciones teóricas;2024;46,289409
09 Cataluña;Mujeres;De 5 a 9 años;Población estacionaria;2024;498.460,95047
09 Cataluña;Mujeres;De 5 a 9 años;Tiempo por vivir;2024;8.170.446,7697
09 Cataluña;Mujeres;De 5 a 9 años;Esperanza de vida;2024;81,942199
09 Cataluña;Mujeres;De 10 a 14 años;Tasa de mortalidad;2024;0,038327
09 Cataluña;Mujeres;De 10 a 14 años;Promedio de años vividos el último año de vida;2024;0,642393
09 Cataluña;Mujeres;De 10 a 14 años;Riesgo de muerte;2024;0,191622
09 Cataluña;Mujeres;De 10 a 14 años;Supervivientes;2024;99.663,589508
09 Cataluña;Mujeres;De 10 a 14 años;Defunciones teóricas;2024;19,09773
09 Cataluña;Mujeres;De 10 a 14 años;Población estacionaria;2024;498.283,80016
09 Cataluña;Mujeres;De 10 a 14 años;Tiempo por vivir;2024;7.671.985,8193
09 Cataluña;Mujeres;De 10 a 14 años;Esperanza de vida;2024;76,978823
09 Cataluña;Mujeres;De 15 a 19 años;Tasa de mortalidad;2024;0,104854
09 Cataluña;Mujeres;De 15 a 19 años;Promedio de años vividos el último año de vida;2024;0,553716
09 Cataluña;Mujeres;De 15 a 19 años;Riesgo de muerte;2024;0,524146
09 Cataluña;Mujeres;De 15 a 19 años;Supervivientes;2024;99.644,491778
09 Cataluña;Mujeres;De 15 a 19 años;Defunciones teóricas;2024;52,228293
09 Cataluña;Mujeres;De 15 a 19 años;Población estacionaria;2024;498.105,91565
09 Cataluña;Mujeres;De 15 a 19 años;Tiempo por vivir;2024;7.173.702,0191
09 Cataluña;Mujeres;De 15 a 19 años;Esperanza de vida;2024;71,992961
09 Cataluña;Mujeres;De 20 a 24 años;Tasa de mortalidad;2024;0,109721
09 Cataluña;Mujeres;De 20 a 24 años;Promedio de años vividos el último año de vida;2024;0,489082
09 Cataluña;Mujeres;De 20 a 24 años;Riesgo de muerte;2024;0,548453
09 Cataluña;Mujeres;De 20 a 24 años;Supervivientes;2024;99.592,263485
09 Cataluña;Mujeres;De 20 a 24 años;Defunciones teóricas;2024;54,621664
09 Cataluña;Mujeres;De 20 a 24 años;Población estacionaria;2024;497.821,78156
09 Cataluña;Mujeres;De 20 a 24 años;Tiempo por vivir;2024;6.675.596,1034
09 Cataluña;Mujeres;De 20 a 24 años;Esperanza de vida;2024;67,029264
09 Cataluña;Mujeres;De 25 a 29 años;Tasa de mortalidad;2024;0,186413
09 Cataluña;Mujeres;De 25 a 29 años;Promedio de años vividos el último año de vida;2024;0,542007
09 Cataluña;Mujeres;De 25 a 29 años;Riesgo de muerte;2024;0,931666
09 Cataluña;Mujeres;De 25 a 29 años;Supervivientes;2024;99.537,641821
09 Cataluña;Mujeres;De 25 a 29 años;Defunciones teóricas;2024;92,735836
09 Cataluña;Mujeres;De 25 a 29 años;Población estacionaria;2024;497.475,84738
09 Cataluña;Mujeres;De 25 a 29 años;Tiempo por vivir;2024;6.177.774,3219
09 Cataluña;Mujeres;De 25 a 29 años;Esperanza de vida;2024;62,064704
09 Cataluña;Mujeres;De 30 a 34 años;Tasa de mortalidad;2024;0,205884
09 Cataluña;Mujeres;De 30 a 34 años;Promedio de años vividos el último año de vida;2024;0,557679
09 Cataluña;Mujeres;De 30 a 34 años;Riesgo de muerte;2024;1,02895
09 Cataluña;Mujeres;De 30 a 34 años;Supervivientes;2024;99.444,905986
09 Cataluña;Mujeres;De 30 a 34 años;Defunciones teóricas;2024;102,32381
09 Cataluña;Mujeres;De 30 a 34 años;Población estacionaria;2024;496.998,23015
09 Cataluña;Mujeres;De 30 a 34 años;Tiempo por vivir;2024;5.680.298,4745
09 Cataluña;Mujeres;De 30 a 34 años;Esperanza de vida;2024;57,120055
09 Cataluña;Mujeres;De 35 a 39 años;Tasa de mortalidad;2024;0,314671
09 Cataluña;Mujeres;De 35 a 39 años;Promedio de años vividos el último año de vida;2024;0,543027
09 Cataluña;Mujeres;De 35 a 39 años;Riesgo de muerte;2024;1,572224
09 Cataluña;Mujeres;De 35 a 39 años;Supervivientes;2024;99.342,582176
09 Cataluña;Mujeres;De 35 a 39 años;Defunciones teóricas;2024;156,188787
09 Cataluña;Mujeres;De 35 a 39 años;Población estacionaria;2024;496.356,04067
09 Cataluña;Mujeres;De 35 a 39 años;Tiempo por vivir;2024;5.183.300,2443
09 Cataluña;Mujeres;De 35 a 39 años;Esperanza de vida;2024;52,176017
09 Cataluña;Mujeres;De 40 a 44 años;Tasa de mortalidad;2024;0,542483
09 Cataluña;Mujeres;De 40 a 44 años;Promedio de años vividos el último año de vida;2024;0,552375
09 Cataluña;Mujeres;De 40 a 44 años;Riesgo de muerte;2024;2,709124
09 Cataluña;Mujeres;De 40 a 44 años;Supervivientes;2024;99.186,393389
09 Cataluña;Mujeres;De 40 a 44 años;Defunciones teóricas;2024;268,708236
09 Cataluña;Mujeres;De 40 a 44 años;Población estacionaria;2024;495.330,56441
09 Cataluña;Mujeres;De 40 a 44 años;Tiempo por vivir;2024;4.686.944,2037
09 Cataluña;Mujeres;De 40 a 44 años;Esperanza de vida;2024;47,253903
09 Cataluña;Mujeres;De 45 a 49 años;Tasa de mortalidad;2024;0,840734
09 Cataluña;Mujeres;De 45 a 49 años;Promedio de años vividos el último año de vida;2024;0,511865
09 Cataluña;Mujeres;De 45 a 49 años;Riesgo de muerte;2024;4,195063
09 Cataluña;Mujeres;De 45 a 49 años;Supervivientes;2024;98.917,685153
09 Cataluña;Mujeres;De 45 a 49 años;Defunciones teóricas;2024;414,965932
09 Cataluña;Mujeres;De 45 a 49 años;Población estacionaria;2024;493.575,6283
09 Cataluña;Mujeres;De 45 a 49 años;Tiempo por vivir;2024;4.191.613,6393
09 Cataluña;Mujeres;De 45 a 49 años;Esperanza de vida;2024;42,374765
09 Cataluña;Mujeres;De 50 a 54 años;Tasa de mortalidad;2024;1,593322
09 Cataluña;Mujeres;De 50 a 54 años;Promedio de años vividos el último año de vida;2024;0,522324
09 Cataluña;Mujeres;De 50 a 54 años;Riesgo de muerte;2024;7,936406
09 Cataluña;Mujeres;De 50 a 54 años;Supervivientes;2024;98.502,719221
09 Cataluña;Mujeres;De 50 a 54 años;Defunciones teóricas;2024;781,757591
09 Cataluña;Mujeres;De 50 a 54 años;Población estacionaria;2024;490.646,46228
09 Cataluña;Mujeres;De 50 a 54 años;Tiempo por vivir;2024;3.698.038,011
09 Cataluña;Mujeres;De 50 a 54 años;Esperanza de vida;2024;37,542497
09 Cataluña;Mujeres;De 55 a 59 años;Tasa de mortalidad;2024;2,530866
09 Cataluña;Mujeres;De 55 a 59 años;Promedio de años vividos el último año de vida;2024;0,536088
09 Cataluña;Mujeres;De 55 a 59 años;Riesgo de muerte;2024;12,580479
09 Cataluña;Mujeres;De 55 a 59 años;Supervivientes;2024;97.720,961631
09 Cataluña;Mujeres;De 55 a 59 años;Defunciones teóricas;2024;1.229,376474
09 Cataluña;Mujeres;De 55 a 59 años;Población estacionaria;2024;485.753,19613
09 Cataluña;Mujeres;De 55 a 59 años;Tiempo por vivir;2024;3.207.391,5487
09 Cataluña;Mujeres;De 55 a 59 años;Esperanza de vida;2024;32,82194
09 Cataluña;Mujeres;De 60 a 64 años;Tasa de mortalidad;2024;4,07159
09 Cataluña;Mujeres;De 60 a 64 años;Promedio de años vividos el último año de vida;2024;0,53517
09 Cataluña;Mujeres;De 60 a 64 años;Riesgo de muerte;2024;20,167108
09 Cataluña;Mujeres;De 60 a 64 años;Supervivientes;2024;96.491,585157
09 Cataluña;Mujeres;De 60 a 64 años;Defunciones teóricas;2024;1.945,956242
09 Cataluña;Mujeres;De 60 a 64 años;Población estacionaria;2024;477.935,23214
09 Cataluña;Mujeres;De 60 a 64 años;Tiempo por vivir;2024;2.721.638,3526
09 Cataluña;Mujeres;De 60 a 64 años;Esperanza de vida;2024;28,205966
09 Cataluña;Mujeres;De 65 a 69 años;Tasa de mortalidad;2024;6,237179
09 Cataluña;Mujeres;De 65 a 69 años;Promedio de años vividos el último año de vida;2024;0,533116
09 Cataluña;Mujeres;De 65 a 69 años;Riesgo de muerte;2024;30,73834
09 Cataluña;Mujeres;De 65 a 69 años;Supervivientes;2024;94.545,628914
09 Cataluña;Mujeres;De 65 a 69 años;Defunciones teóricas;2024;2.906,175717
09 Cataluña;Mujeres;De 65 a 69 años;Población estacionaria;2024;465.943,90268
09 Cataluña;Mujeres;De 65 a 69 años;Tiempo por vivir;2024;2.243.703,1204
09 Cataluña;Mujeres;De 65 a 69 años;Esperanza de vida;2024;23,731432
09 Cataluña;Mujeres;De 70 a 74 años;Tasa de mortalidad;2024;9,498019
09 Cataluña;Mujeres;De 70 a 74 años;Promedio de años vividos el último año de vida;2024;0,528767
09 Cataluña;Mujeres;De 70 a 74 años;Riesgo de muerte;2024;46,450583
09 Cataluña;Mujeres;De 70 a 74 años;Supervivientes;2024;91.639,453197
09 Cataluña;Mujeres;De 70 a 74 años;Defunciones teóricas;2024;4.256,705982
09 Cataluña;Mujeres;De 70 a 74 años;Población estacionaria;2024;448.167,77247
09 Cataluña;Mujeres;De 70 a 74 años;Tiempo por vivir;2024;1.777.759,2177
09 Cataluña;Mujeres;De 70 a 74 años;Esperanza de vida;2024;19,399496
09 Cataluña;Mujeres;De 75 a 79 años;Tasa de mortalidad;2024;15,870572
09 Cataluña;Mujeres;De 75 a 79 años;Promedio de años vividos el último año de vida;2024;0,545357
09 Cataluña;Mujeres;De 75 a 79 años;Riesgo de muerte;2024;76,589718
09 Cataluña;Mujeres;De 75 a 79 años;Supervivientes;2024;87.382,747216
09 Cataluña;Mujeres;De 75 a 79 años;Defunciones teóricas;2024;6.692,619932
09 Cataluña;Mujeres;De 75 a 79 años;Población estacionaria;2024;421.699,98332
09 Cataluña;Mujeres;De 75 a 79 años;Tiempo por vivir;2024;1.329.591,4453
09 Cataluña;Mujeres;De 75 a 79 años;Esperanza de vida;2024;15,21572
09 Cataluña;Mujeres;De 80 a 84 años;Tasa de mortalidad;2024;32,086743
09 Cataluña;Mujeres;De 80 a 84 años;Promedio de años vividos el último año de vida;2024;0,548
09 Cataluña;Mujeres;De 80 a 84 años;Riesgo de muerte;2024;149,586304
09 Cataluña;Mujeres;De 80 a 84 años;Supervivientes;2024;80.690,127283
09 Cataluña;Mujeres;De 80 a 84 años;Defunciones teóricas;2024;12.070,137878
09 Cataluña;Mujeres;De 80 a 84 años;Población estacionaria;2024;376.172,10954
09 Cataluña;Mujeres;De 80 a 84 años;Tiempo por vivir;2024;907.891,46195
09 Cataluña;Mujeres;De 80 a 84 años;Esperanza de vida;2024;11,25158
09 Cataluña;Mujeres;De 85 a 89 años;Tasa de mortalidad;2024;72,751941
09 Cataluña;Mujeres;De 85 a 89 años;Promedio de años vividos el último año de vida;2024;0,532221
09 Cataluña;Mujeres;De 85 a 89 años;Riesgo de muerte;2024;310,863465
09 Cataluña;Mujeres;De 85 a 89 años;Supervivientes;2024;68.619,989405
09 Cataluña;Mujeres;De 85 a 89 años;Defunciones teóricas;2024;21.331,447702
09 Cataluña;Mujeres;De 85 a 89 años;Población estacionaria;2024;293.207,95187
09 Cataluña;Mujeres;De 85 a 89 años;Tiempo por vivir;2024;531.719,35241
09 Cataluña;Mujeres;De 85 a 89 años;Esperanza de vida;2024;7,748753
09 Cataluña;Mujeres;90 y más años;Tasa de mortalidad;2024;""
09 Cataluña;Mujeres;90 y más años;Promedio de años vividos el último año de vida;2024;""
09 Cataluña;Mujeres;90 y más años;Riesgo de muerte;2024;""
09 Cataluña;Mujeres;90 y más años;Supervivientes;2024;""
09 Cataluña;Mujeres;90 y más años;Defunciones teóricas;2024;""
09 Cataluña;Mujeres;90 y más años;Población estacionaria;2024;""
09 Cataluña;Mujeres;90 y más años;Tiempo por vivir;2024;""
09 Cataluña;Mujeres;90 y más años;Esperanza de vida;2024;""
09 Cataluña;Mujeres;De 90 a 94 años;Tasa de mortalidad;2024;147,295671
09 Cataluña;Mujeres;De 90 a 94 años;Promedio de años vividos el último año de vida;2024;0,491869
09 Cataluña;Mujeres;De 90 a 94 años;Riesgo de muerte;2024;535,921774
09 Cataluña;Mujeres;De 90 a 94 años;Supervivientes;2024;47.288,541703
09 Cataluña;Mujeres;De 90 a 94 años;Defunciones teóricas;2024;25.342,959152
09 Cataluña;Mujeres;De 90 a 94 años;Población estacionaria;2024;172.055,01642
09 Cataluña;Mujeres;De 90 a 94 años;Tiempo por vivir;2024;238.511,40055
09 Cataluña;Mujeres;De 90 a 94 años;Esperanza de vida;2024;5,043746
09 Cataluña;Mujeres;95 y más años;Tasa de mortalidad;2024;295,668071
09 Cataluña;Mujeres;95 y más años;Promedio de años vividos el último año de vida;2024;3,028235
09 Cataluña;Mujeres;95 y más años;Riesgo de muerte;2024;1.000
09 Cataluña;Mujeres;95 y más años;Supervivientes;2024;21.945,582551
09 Cataluña;Mujeres;95 y más años;Defunciones teóricas;2024;21.945,582551
09 Cataluña;Mujeres;95 y más años;Población estacionaria;2024;66.456,384125
09 Cataluña;Mujeres;95 y más años;Tiempo por vivir;2024;66.456,384125
09 Cataluña;Mujeres;95 y más años;Esperanza de vida;2024;3,028235
10 Comunitat Valenciana;Ambos sexos;0 años;Tasa de mortalidad;2024;3,433953
10 Comunitat Valenciana;Ambos sexos;0 años;Promedio de años vividos el último año de vida;2024;0,11874
10 Comunitat Valenciana;Ambos sexos;0 años;Riesgo de muerte;2024;3,423592
10 Comunitat Valenciana;Ambos sexos;0 años;Supervivientes;2024;100.000
10 Comunitat Valenciana;Ambos sexos;0 años;Defunciones teóricas;2024;342,359226
10 Comunitat Valenciana;Ambos sexos;0 años;Población estacionaria;2024;99.698,292674
10 Comunitat Valenciana;Ambos sexos;0 años;Tiempo por vivir;2024;8.339.973,1737
10 Comunitat Valenciana;Ambos sexos;0 años;Esperanza de vida;2024;83,399732
10 Comunitat Valenciana;Ambos sexos;De 1 a 4 años;Tasa de mortalidad;2024;0,166678
10 Comunitat Valenciana;Ambos sexos;De 1 a 4 años;Promedio de años vividos el último año de vida;2024;0,448566
10 Comunitat Valenciana;Ambos sexos;De 1 a 4 años;Riesgo de muerte;2024;0,666468
10 Comunitat Valenciana;Ambos sexos;De 1 a 4 años;Supervivientes;2024;99.657,640774
10 Comunitat Valenciana;Ambos sexos;De 1 a 4 años;Defunciones teóricas;2024;66,418627
10 Comunitat Valenciana;Ambos sexos;De 1 a 4 años;Población estacionaria;2024;398.484,06116
10 Comunitat Valenciana;Ambos sexos;De 1 a 4 años;Tiempo por vivir;2024;8.240.274,881
10 Comunitat Valenciana;Ambos sexos;De 1 a 4 años;Esperanza de vida;2024;82,685831
10 Comunitat Valenciana;Ambos sexos;De 5 a 9 años;Tasa de mortalidad;2024;0,096445
10 Comunitat Valenciana;Ambos sexos;De 5 a 9 años;Promedio de años vividos el último año de vida;2024;0,413769
10 Comunitat Valenciana;Ambos sexos;De 5 a 9 años;Riesgo de muerte;2024;0,482089
10 Comunitat Valenciana;Ambos sexos;De 5 a 9 años;Supervivientes;2024;99.591,222148
10 Comunitat Valenciana;Ambos sexos;De 5 a 9 años;Defunciones teóricas;2024;48,011792
10 Comunitat Valenciana;Ambos sexos;De 5 a 9 años;Población estacionaria;2024;497.815,38081
10 Comunitat Valenciana;Ambos sexos;De 5 a 9 años;Tiempo por vivir;2024;7.841.790,8198
10 Comunitat Valenciana;Ambos sexos;De 5 a 9 años;Esperanza de vida;2024;78,739779
10 Comunitat Valenciana;Ambos sexos;De 10 a 14 años;Tasa de mortalidad;2024;0,100688
10 Comunitat Valenciana;Ambos sexos;De 10 a 14 años;Promedio de años vividos el último año de vida;2024;0,489858
10 Comunitat Valenciana;Ambos sexos;De 10 a 14 años;Riesgo de muerte;2024;0,503309
10 Comunitat Valenciana;Ambos sexos;De 10 a 14 años;Supervivientes;2024;99.543,210356
10 Comunitat Valenciana;Ambos sexos;De 10 a 14 años;Defunciones teóricas;2024;50,100996
10 Comunitat Valenciana;Ambos sexos;De 10 a 14 años;Población estacionaria;2024;497.588,25861
10 Comunitat Valenciana;Ambos sexos;De 10 a 14 años;Tiempo por vivir;2024;7.343.975,439
10 Comunitat Valenciana;Ambos sexos;De 10 a 14 años;Esperanza de vida;2024;73,776759
10 Comunitat Valenciana;Ambos sexos;De 15 a 19 años;Tasa de mortalidad;2024;0,189557
10 Comunitat Valenciana;Ambos sexos;De 15 a 19 años;Promedio de años vividos el último año de vida;2024;0,533066
10 Comunitat Valenciana;Ambos sexos;De 15 a 19 años;Riesgo de muerte;2024;0,947364
10 Comunitat Valenciana;Ambos sexos;De 15 a 19 años;Supervivientes;2024;99.493,10936
10 Comunitat Valenciana;Ambos sexos;De 15 a 19 años;Defunciones teóricas;2024;94,256217
10 Comunitat Valenciana;Ambos sexos;De 15 a 19 años;Población estacionaria;2024;497.245,48979
10 Comunitat Valenciana;Ambos sexos;De 15 a 19 años;Tiempo por vivir;2024;6.846.387,1804
10 Comunitat Valenciana;Ambos sexos;De 15 a 19 años;Esperanza de vida;2024;68,812677
10 Comunitat Valenciana;Ambos sexos;De 20 a 24 años;Tasa de mortalidad;2024;0,287638
10 Comunitat Valenciana;Ambos sexos;De 20 a 24 años;Promedio de años vividos el último año de vida;2024;0,448898
10 Comunitat Valenciana;Ambos sexos;De 20 a 24 años;Riesgo de muerte;2024;1,437052
10 Comunitat Valenciana;Ambos sexos;De 20 a 24 años;Supervivientes;2024;99.398,853143
10 Comunitat Valenciana;Ambos sexos;De 20 a 24 años;Defunciones teóricas;2024;142,841298
10 Comunitat Valenciana;Ambos sexos;De 20 a 24 años;Población estacionaria;2024;496.600,66482
10 Comunitat Valenciana;Ambos sexos;De 20 a 24 años;Tiempo por vivir;2024;6.349.141,6906
10 Comunitat Valenciana;Ambos sexos;De 20 a 24 años;Esperanza de vida;2024;63,875402
10 Comunitat Valenciana;Ambos sexos;De 25 a 29 años;Tasa de mortalidad;2024;0,30937
10 Comunitat Valenciana;Ambos sexos;De 25 a 29 años;Promedio de años vividos el último año de vida;2024;0,450376
10 Comunitat Valenciana;Ambos sexos;De 25 a 29 años;Riesgo de muerte;2024;1,545536
10 Comunitat Valenciana;Ambos sexos;De 25 a 29 años;Supervivientes;2024;99.256,011845
10 Comunitat Valenciana;Ambos sexos;De 25 a 29 años;Defunciones teóricas;2024;153,40375
10 Comunitat Valenciana;Ambos sexos;De 25 a 29 años;Población estacionaria;2024;495.858,48732
10 Comunitat Valenciana;Ambos sexos;De 25 a 29 años;Tiempo por vivir;2024;5.852.541,0258
10 Comunitat Valenciana;Ambos sexos;De 25 a 29 años;Esperanza de vida;2024;58,964096
10 Comunitat Valenciana;Ambos sexos;De 30 a 34 años;Tasa de mortalidad;2024;0,407872
10 Comunitat Valenciana;Ambos sexos;De 30 a 34 años;Promedio de años vividos el último año de vida;2024;0,504181
10 Comunitat Valenciana;Ambos sexos;De 30 a 34 años;Riesgo de muerte;2024;2,037298
10 Comunitat Valenciana;Ambos sexos;De 30 a 34 años;Supervivientes;2024;99.102,608095
10 Comunitat Valenciana;Ambos sexos;De 30 a 34 años;Defunciones teóricas;2024;201,901565
10 Comunitat Valenciana;Ambos sexos;De 30 a 34 años;Población estacionaria;2024;495.012,5076
10 Comunitat Valenciana;Ambos sexos;De 30 a 34 años;Tiempo por vivir;2024;5.356.682,5385
10 Comunitat Valenciana;Ambos sexos;De 30 a 34 años;Esperanza de vida;2024;54,051883
10 Comunitat Valenciana;Ambos sexos;De 35 a 39 años;Tasa de mortalidad;2024;0,516816
10 Comunitat Valenciana;Ambos sexos;De 35 a 39 años;Promedio de años vividos el último año de vida;2024;0,539535
10 Comunitat Valenciana;Ambos sexos;De 35 a 39 años;Riesgo de muerte;2024;2,58101
10 Comunitat Valenciana;Ambos sexos;De 35 a 39 años;Supervivientes;2024;98.900,70653
10 Comunitat Valenciana;Ambos sexos;De 35 a 39 años;Defunciones teóricas;2024;255,26375
10 Comunitat Valenciana;Ambos sexos;De 35 a 39 años;Población estacionaria;2024;493.915,83278
10 Comunitat Valenciana;Ambos sexos;De 35 a 39 años;Tiempo por vivir;2024;4.861.670,0309
10 Comunitat Valenciana;Ambos sexos;De 35 a 39 años;Esperanza de vida;2024;49,157081
10 Comunitat Valenciana;Ambos sexos;De 40 a 44 años;Tasa de mortalidad;2024;0,843544
10 Comunitat Valenciana;Ambos sexos;De 40 a 44 años;Promedio de años vividos el último año de vida;2024;0,538167
10 Comunitat Valenciana;Ambos sexos;De 40 a 44 años;Riesgo de muerte;2024;4,209521
10 Comunitat Valenciana;Ambos sexos;De 40 a 44 años;Supervivientes;2024;98.645,442779
10 Comunitat Valenciana;Ambos sexos;De 40 a 44 años;Defunciones teóricas;2024;415,25006
10 Comunitat Valenciana;Ambos sexos;De 40 a 44 años;Población estacionaria;2024;492.268,33316
10 Comunitat Valenciana;Ambos sexos;De 40 a 44 años;Tiempo por vivir;2024;4.367.754,1981
10 Comunitat Valenciana;Ambos sexos;De 40 a 44 años;Esperanza de vida;2024;44,277303
10 Comunitat Valenciana;Ambos sexos;De 45 a 49 años;Tasa de mortalidad;2024;1,429272
10 Comunitat Valenciana;Ambos sexos;De 45 a 49 años;Promedio de años vividos el último año de vida;2024;0,542715
10 Comunitat Valenciana;Ambos sexos;De 45 a 49 años;Riesgo de muerte;2024;7,123083
10 Comunitat Valenciana;Ambos sexos;De 45 a 49 años;Supervivientes;2024;98.230,192719
10 Comunitat Valenciana;Ambos sexos;De 45 a 49 años;Defunciones teóricas;2024;699,701775
10 Comunitat Valenciana;Ambos sexos;De 45 a 49 años;Población estacionaria;2024;489.551,14796
10 Comunitat Valenciana;Ambos sexos;De 45 a 49 años;Tiempo por vivir;2024;3.875.485,8649
10 Comunitat Valenciana;Ambos sexos;De 45 a 49 años;Esperanza de vida;2024;39,453103
10 Comunitat Valenciana;Ambos sexos;De 50 a 54 años;Tasa de mortalidad;2024;2,411117
10 Comunitat Valenciana;Ambos sexos;De 50 a 54 años;Promedio de años vividos el último año de vida;2024;0,533982
10 Comunitat Valenciana;Ambos sexos;De 50 a 54 años;Riesgo de muerte;2024;11,988231
10 Comunitat Valenciana;Ambos sexos;De 50 a 54 años;Supervivientes;2024;97.530,490944
10 Comunitat Valenciana;Ambos sexos;De 50 a 54 años;Defunciones teóricas;2024;1.169,218083
10 Comunitat Valenciana;Ambos sexos;De 50 a 54 años;Población estacionaria;2024;484.928,07064
10 Comunitat Valenciana;Ambos sexos;De 50 a 54 años;Tiempo por vivir;2024;3.385.934,717
10 Comunitat Valenciana;Ambos sexos;De 50 a 54 años;Esperanza de vida;2024;34,716679
10 Comunitat Valenciana;Ambos sexos;De 55 a 59 años;Tasa de mortalidad;2024;4,128834
10 Comunitat Valenciana;Ambos sexos;De 55 a 59 años;Promedio de años vividos el último año de vida;2024;0,523842
10 Comunitat Valenciana;Ambos sexos;De 55 a 59 años;Riesgo de muerte;2024;20,443217
10 Comunitat Valenciana;Ambos sexos;De 55 a 59 años;Supervivientes;2024;96.361,272861
10 Comunitat Valenciana;Ambos sexos;De 55 a 59 años;Defunciones teóricas;2024;1.969,934383
10 Comunitat Valenciana;Ambos sexos;De 55 a 59 años;Población estacionaria;2024;477.116,36747
10 Comunitat Valenciana;Ambos sexos;De 55 a 59 años;Tiempo por vivir;2024;2.901.006,6464
10 Comunitat Valenciana;Ambos sexos;De 55 a 59 años;Esperanza de vida;2024;30,105524
10 Comunitat Valenciana;Ambos sexos;De 60 a 64 años;Tasa de mortalidad;2024;6,524803
10 Comunitat Valenciana;Ambos sexos;De 60 a 64 años;Promedio de años vividos el último año de vida;2024;0,54183
10 Comunitat Valenciana;Ambos sexos;De 60 a 64 años;Riesgo de muerte;2024;32,143554
10 Comunitat Valenciana;Ambos sexos;De 60 a 64 años;Supervivientes;2024;94.391,338478
10 Comunitat Valenciana;Ambos sexos;De 60 a 64 años;Defunciones teóricas;2024;3.034,073044
10 Comunitat Valenciana;Ambos sexos;De 60 a 64 años;Población estacionaria;2024;465.006,08067
10 Comunitat Valenciana;Ambos sexos;De 60 a 64 años;Tiempo por vivir;2024;2.423.890,2789
10 Comunitat Valenciana;Ambos sexos;De 60 a 64 años;Esperanza de vida;2024;25,67916
10 Comunitat Valenciana;Ambos sexos;De 65 a 69 años;Tasa de mortalidad;2024;9,82506
10 Comunitat Valenciana;Ambos sexos;De 65 a 69 años;Promedio de años vividos el último año de vida;2024;0,527495
10 Comunitat Valenciana;Ambos sexos;De 65 a 69 años;Riesgo de muerte;2024;48,010874
10 Comunitat Valenciana;Ambos sexos;De 65 a 69 años;Supervivientes;2024;91.357,265434
10 Comunitat Valenciana;Ambos sexos;De 65 a 69 años;Defunciones teóricas;2024;4.386,142118
10 Comunitat Valenciana;Ambos sexos;De 65 a 69 años;Población estacionaria;2024;446.423,95914
10 Comunitat Valenciana;Ambos sexos;De 65 a 69 años;Tiempo por vivir;2024;1.958.884,1982
10 Comunitat Valenciana;Ambos sexos;De 65 a 69 años;Esperanza de vida;2024;21,442019
10 Comunitat Valenciana;Ambos sexos;De 70 a 74 años;Tasa de mortalidad;2024;15,333029
10 Comunitat Valenciana;Ambos sexos;De 70 a 74 años;Promedio de años vividos el último año de vida;2024;0,529113
10 Comunitat Valenciana;Ambos sexos;De 70 a 74 años;Riesgo de muerte;2024;73,993918
10 Comunitat Valenciana;Ambos sexos;De 70 a 74 años;Supervivientes;2024;86.971,123317
10 Comunitat Valenciana;Ambos sexos;De 70 a 74 años;Defunciones teóricas;2024;6.435,334178
10 Comunitat Valenciana;Ambos sexos;De 70 a 74 años;Población estacionaria;2024;419.704,04195
10 Comunitat Valenciana;Ambos sexos;De 70 a 74 años;Tiempo por vivir;2024;1.512.460,2391
10 Comunitat Valenciana;Ambos sexos;De 70 a 74 años;Esperanza de vida;2024;17,390373
10 Comunitat Valenciana;Ambos sexos;De 75 a 79 años;Tasa de mortalidad;2024;25,206159
10 Comunitat Valenciana;Ambos sexos;De 75 a 79 años;Promedio de años vividos el último año de vida;2024;0,527098
10 Comunitat Valenciana;Ambos sexos;De 75 a 79 años;Riesgo de muerte;2024;118,941834
10 Comunitat Valenciana;Ambos sexos;De 75 a 79 años;Supervivientes;2024;80.535,789139
10 Comunitat Valenciana;Ambos sexos;De 75 a 79 años;Defunciones teóricas;2024;9.579,074456
10 Comunitat Valenciana;Ambos sexos;De 75 a 79 años;Población estacionaria;2024;380.029,12166
10 Comunitat Valenciana;Ambos sexos;De 75 a 79 años;Tiempo por vivir;2024;1.092.756,1971
10 Comunitat Valenciana;Ambos sexos;De 75 a 79 años;Esperanza de vida;2024;13,568579
10 Comunitat Valenciana;Ambos sexos;De 80 a 84 años;Tasa de mortalidad;2024;45,889063
10 Comunitat Valenciana;Ambos sexos;De 80 a 84 años;Promedio de años vividos el último año de vida;2024;0,536964
10 Comunitat Valenciana;Ambos sexos;De 80 a 84 años;Riesgo de muerte;2024;207,409795
10 Comunitat Valenciana;Ambos sexos;De 80 a 84 años;Supervivientes;2024;70.956,714683
10 Comunitat Valenciana;Ambos sexos;De 80 a 84 años;Defunciones teóricas;2024;14.717,11765
10 Comunitat Valenciana;Ambos sexos;De 80 a 84 años;Población estacionaria;2024;320.710,7935
10 Comunitat Valenciana;Ambos sexos;De 80 a 84 años;Tiempo por vivir;2024;712.727,07546
10 Comunitat Valenciana;Ambos sexos;De 80 a 84 años;Esperanza de vida;2024;10,044533
10 Comunitat Valenciana;Ambos sexos;De 85 a 89 años;Tasa de mortalidad;2024;90,174395
10 Comunitat Valenciana;Ambos sexos;De 85 a 89 años;Promedio de años vividos el último año de vida;2024;0,518139
10 Comunitat Valenciana;Ambos sexos;De 85 a 89 años;Riesgo de muerte;2024;370,399859
10 Comunitat Valenciana;Ambos sexos;De 85 a 89 años;Supervivientes;2024;56.239,597033
10 Comunitat Valenciana;Ambos sexos;De 85 a 89 años;Defunciones teóricas;2024;20.831,138798
10 Comunitat Valenciana;Ambos sexos;De 85 a 89 años;Población estacionaria;2024;231.009,46503
10 Comunitat Valenciana;Ambos sexos;De 85 a 89 años;Tiempo por vivir;2024;392.016,28196
10 Comunitat Valenciana;Ambos sexos;De 85 a 89 años;Esperanza de vida;2024;6,970467
10 Comunitat Valenciana;Ambos sexos;90 y más años;Tasa de mortalidad;2024;""
10 Comunitat Valenciana;Ambos sexos;90 y más años;Promedio de años vividos el último año de vida;2024;""
10 Comunitat Valenciana;Ambos sexos;90 y más años;Riesgo de muerte;2024;""
10 Comunitat Valenciana;Ambos sexos;90 y más años;Supervivientes;2024;""
10 Comunitat Valenciana;Ambos sexos;90 y más años;Defunciones teóricas;2024;""
10 Comunitat Valenciana;Ambos sexos;90 y más años;Población estacionaria;2024;""
10 Comunitat Valenciana;Ambos sexos;90 y más años;Tiempo por vivir;2024;""
10 Comunitat Valenciana;Ambos sexos;90 y más años;Esperanza de vida;2024;""
10 Comunitat Valenciana;Ambos sexos;De 90 a 94 años;Tasa de mortalidad;2024;170,201485
10 Comunitat Valenciana;Ambos sexos;De 90 a 94 años;Promedio de años vividos el último año de vida;2024;0,471428
10 Comunitat Valenciana;Ambos sexos;De 90 a 94 años;Riesgo de muerte;2024;586,97493
10 Comunitat Valenciana;Ambos sexos;De 90 a 94 años;Supervivientes;2024;35.408,458235
10 Comunitat Valenciana;Ambos sexos;De 90 a 94 años;Defunciones teóricas;2024;20.783,87729
10 Comunitat Valenciana;Ambos sexos;De 90 a 94 años;Población estacionaria;2024;122.113,37219
10 Comunitat Valenciana;Ambos sexos;De 90 a 94 años;Tiempo por vivir;2024;161.006,81693
10 Comunitat Valenciana;Ambos sexos;De 90 a 94 años;Esperanza de vida;2024;4,547129
10 Comunitat Valenciana;Ambos sexos;95 y más años;Tasa de mortalidad;2024;292,208566
10 Comunitat Valenciana;Ambos sexos;95 y más años;Promedio de años vividos el último año de vida;2024;2,659457
10 Comunitat Valenciana;Ambos sexos;95 y más años;Riesgo de muerte;2024;1.000
10 Comunitat Valenciana;Ambos sexos;95 y más años;Supervivientes;2024;14.624,580945
10 Comunitat Valenciana;Ambos sexos;95 y más años;Defunciones teóricas;2024;14.624,580945
10 Comunitat Valenciana;Ambos sexos;95 y más años;Población estacionaria;2024;38.893,444741
10 Comunitat Valenciana;Ambos sexos;95 y más años;Tiempo por vivir;2024;38.893,444741
10 Comunitat Valenciana;Ambos sexos;95 y más años;Esperanza de vida;2024;2,659457
10 Comunitat Valenciana;Hombres;0 años;Tasa de mortalidad;2024;3,71827
10 Comunitat Valenciana;Hombres;0 años;Promedio de años vividos el último año de vida;2024;0,121062
10 Comunitat Valenciana;Hombres;0 años;Riesgo de muerte;2024;3,706157
10 Comunitat Valenciana;Hombres;0 años;Supervivientes;2024;100.000
10 Comunitat Valenciana;Hombres;0 años;Defunciones teóricas;2024;370,615747
10 Comunitat Valenciana;Hombres;0 años;Población estacionaria;2024;99.674,25187
10 Comunitat Valenciana;Hombres;0 años;Tiempo por vivir;2024;8.088.622,6861
10 Comunitat Valenciana;Hombres;0 años;Esperanza de vida;2024;80,886227
10 Comunitat Valenciana;Hombres;De 1 a 4 años;Tasa de mortalidad;2024;0,1501
10 Comunitat Valenciana;Hombres;De 1 a 4 años;Promedio de años vividos el último año de vida;2024;0,420795
10 Comunitat Valenciana;Hombres;De 1 a 4 años;Riesgo de muerte;2024;0,60019
10 Comunitat Valenciana;Hombres;De 1 a 4 años;Supervivientes;2024;99.629,384253
10 Comunitat Valenciana;Hombres;De 1 a 4 años;Defunciones teóricas;2024;59,796543
10 Comunitat Valenciana;Hombres;De 1 a 4 años;Población estacionaria;2024;398.378,99923
10 Comunitat Valenciana;Hombres;De 1 a 4 años;Tiempo por vivir;2024;7.988.948,4342
10 Comunitat Valenciana;Hombres;De 1 a 4 años;Esperanza de vida;2024;80,186669
10 Comunitat Valenciana;Hombres;De 5 a 9 años;Tasa de mortalidad;2024;0,114785
10 Comunitat Valenciana;Hombres;De 5 a 9 años;Promedio de años vividos el último año de vida;2024;0,407178
10 Comunitat Valenciana;Hombres;De 5 a 9 años;Riesgo de muerte;2024;0,573729
10 Comunitat Valenciana;Hombres;De 5 a 9 años;Supervivientes;2024;99.569,587711
10 Comunitat Valenciana;Hombres;De 5 a 9 años;Defunciones teóricas;2024;57,12596
10 Comunitat Valenciana;Hombres;De 5 a 9 años;Población estacionaria;2024;497.678,61093
10 Comunitat Valenciana;Hombres;De 5 a 9 años;Tiempo por vivir;2024;7.590.569,435
10 Comunitat Valenciana;Hombres;De 5 a 9 años;Esperanza de vida;2024;76,233814
10 Comunitat Valenciana;Hombres;De 10 a 14 años;Tasa de mortalidad;2024;0,083457
10 Comunitat Valenciana;Hombres;De 10 a 14 años;Promedio de años vividos el último año de vida;2024;0,480467
10 Comunitat Valenciana;Hombres;De 10 a 14 años;Riesgo de muerte;2024;0,417193
10 Comunitat Valenciana;Hombres;De 10 a 14 años;Supervivientes;2024;99.512,461751
10 Comunitat Valenciana;Hombres;De 10 a 14 años;Defunciones teóricas;2024;41,515909
10 Comunitat Valenciana;Hombres;De 10 a 14 años;Población estacionaria;2024;497.454,46443
10 Comunitat Valenciana;Hombres;De 10 a 14 años;Tiempo por vivir;2024;7.092.890,824
10 Comunitat Valenciana;Hombres;De 10 a 14 años;Esperanza de vida;2024;71,276408
10 Comunitat Valenciana;Hombres;De 15 a 19 años;Tasa de mortalidad;2024;0,245051
10 Comunitat Valenciana;Hombres;De 15 a 19 años;Promedio de años vividos el último año de vida;2024;0,555666
10 Comunitat Valenciana;Hombres;De 15 a 19 años;Riesgo de muerte;2024;1,224589
10 Comunitat Valenciana;Hombres;De 15 a 19 años;Supervivientes;2024;99.470,945842
10 Comunitat Valenciana;Hombres;De 15 a 19 años;Defunciones teóricas;2024;121,811049
10 Comunitat Valenciana;Hombres;De 15 a 19 años;Población estacionaria;2024;497.084,10541
10 Comunitat Valenciana;Hombres;De 15 a 19 años;Tiempo por vivir;2024;6.595.436,3596
10 Comunitat Valenciana;Hombres;De 15 a 19 años;Esperanza de vida;2024;66,305154
10 Comunitat Valenciana;Hombres;De 20 a 24 años;Tasa de mortalidad;2024;0,379499
10 Comunitat Valenciana;Hombres;De 20 a 24 años;Promedio de años vividos el último año de vida;2024;0,457438
10 Comunitat Valenciana;Hombres;De 20 a 24 años;Riesgo de muerte;2024;1,895541
10 Comunitat Valenciana;Hombres;De 20 a 24 años;Supervivientes;2024;99.349,134794
10 Comunitat Valenciana;Hombres;De 20 a 24 años;Defunciones teóricas;2024;188,32038
10 Comunitat Valenciana;Hombres;De 20 a 24 años;Población estacionaria;2024;496.234,79702
10 Comunitat Valenciana;Hombres;De 20 a 24 años;Tiempo por vivir;2024;6.098.352,2542
10 Comunitat Valenciana;Hombres;De 20 a 24 años;Esperanza de vida;2024;61,383043
10 Comunitat Valenciana;Hombres;De 25 a 29 años;Tasa de mortalidad;2024;0,447414
10 Comunitat Valenciana;Hombres;De 25 a 29 años;Promedio de años vividos el último año de vida;2024;0,444626
10 Comunitat Valenciana;Hombres;De 25 a 29 años;Riesgo de muerte;2024;2,234293
10 Comunitat Valenciana;Hombres;De 25 a 29 años;Supervivientes;2024;99.160,814414
10 Comunitat Valenciana;Hombres;De 25 a 29 años;Defunciones teóricas;2024;221,554349
10 Comunitat Valenciana;Hombres;De 25 a 29 años;Población estacionaria;2024;495.188,84447
10 Comunitat Valenciana;Hombres;De 25 a 29 años;Tiempo por vivir;2024;5.602.117,4572
10 Comunitat Valenciana;Hombres;De 25 a 29 años;Esperanza de vida;2024;56,495275
10 Comunitat Valenciana;Hombres;De 30 a 34 años;Tasa de mortalidad;2024;0,510667
10 Comunitat Valenciana;Hombres;De 30 a 34 años;Promedio de años vividos el último año de vida;2024;0,520531
10 Comunitat Valenciana;Hombres;De 30 a 34 años;Riesgo de muerte;2024;2,550213
10 Comunitat Valenciana;Hombres;De 30 a 34 años;Supervivientes;2024;98.939,260065
10 Comunitat Valenciana;Hombres;De 30 a 34 años;Defunciones teóricas;2024;252,316187
10 Comunitat Valenciana;Hombres;De 30 a 34 años;Población estacionaria;2024;494.091,41159
10 Comunitat Valenciana;Hombres;De 30 a 34 años;Tiempo por vivir;2024;5.106.928,6127
10 Comunitat Valenciana;Hombres;De 30 a 34 años;Esperanza de vida;2024;51,616806
10 Comunitat Valenciana;Hombres;De 35 a 39 años;Tasa de mortalidad;2024;0,704137
10 Comunitat Valenciana;Hombres;De 35 a 39 años;Promedio de años vividos el último año de vida;2024;0,540763
10 Comunitat Valenciana;Hombres;De 35 a 39 años;Riesgo de muerte;2024;3,515
10 Comunitat Valenciana;Hombres;De 35 a 39 años;Supervivientes;2024;98.686,943877
10 Comunitat Valenciana;Hombres;De 35 a 39 años;Defunciones teóricas;2024;346,884571
10 Comunitat Valenciana;Hombres;De 35 a 39 años;Población estacionaria;2024;492.638,20905
10 Comunitat Valenciana;Hombres;De 35 a 39 años;Tiempo por vivir;2024;4.612.837,2011
10 Comunitat Valenciana;Hombres;De 35 a 39 años;Esperanza de vida;2024;46,742122
10 Comunitat Valenciana;Hombres;De 40 a 44 años;Tasa de mortalidad;2024;1,192047
10 Comunitat Valenciana;Hombres;De 40 a 44 años;Promedio de años vividos el último año de vida;2024;0,551224
10 Comunitat Valenciana;Hombres;De 40 a 44 años;Riesgo de muerte;2024;5,944334
10 Comunitat Valenciana;Hombres;De 40 a 44 años;Supervivientes;2024;98.340,059306
10 Comunitat Valenciana;Hombres;De 40 a 44 años;Defunciones teóricas;2024;584,566131
10 Comunitat Valenciana;Hombres;De 40 a 44 años;Población estacionaria;2024;490.388,60037
10 Comunitat Valenciana;Hombres;De 40 a 44 años;Tiempo por vivir;2024;4.120.198,9921
10 Comunitat Valenciana;Hombres;De 40 a 44 años;Esperanza de vida;2024;41,897463
10 Comunitat Valenciana;Hombres;De 45 a 49 años;Tasa de mortalidad;2024;1,795453
10 Comunitat Valenciana;Hombres;De 45 a 49 años;Promedio de años vividos el último año de vida;2024;0,543243
10 Comunitat Valenciana;Hombres;De 45 a 49 años;Riesgo de muerte;2024;8,940605
10 Comunitat Valenciana;Hombres;De 45 a 49 años;Supervivientes;2024;97.755,493175
10 Comunitat Valenciana;Hombres;De 45 a 49 años;Defunciones teóricas;2024;873,993257
10 Comunitat Valenciana;Hombres;De 45 a 49 años;Población estacionaria;2024;486.781,45138
10 Comunitat Valenciana;Hombres;De 45 a 49 años;Tiempo por vivir;2024;3.629.810,3917
10 Comunitat Valenciana;Hombres;De 45 a 49 años;Esperanza de vida;2024;37,131523
10 Comunitat Valenciana;Hombres;De 50 a 54 años;Tasa de mortalidad;2024;3,116912
10 Comunitat Valenciana;Hombres;De 50 a 54 años;Promedio de años vividos el último año de vida;2024;0,542084
10 Comunitat Valenciana;Hombres;De 50 a 54 años;Riesgo de muerte;2024;15,47413
10 Comunitat Valenciana;Hombres;De 50 a 54 años;Supervivientes;2024;96.881,499917
10 Comunitat Valenciana;Hombres;De 50 a 54 años;Defunciones teóricas;2024;1.499,156956
10 Comunitat Valenciana;Hombres;De 50 a 54 años;Población estacionaria;2024;480.975,05847
10 Comunitat Valenciana;Hombres;De 50 a 54 años;Tiempo por vivir;2024;3.143.028,9403
10 Comunitat Valenciana;Hombres;De 50 a 54 años;Esperanza de vida;2024;32,441993
10 Comunitat Valenciana;Hombres;De 55 a 59 años;Tasa de mortalidad;2024;5,581528
10 Comunitat Valenciana;Hombres;De 55 a 59 años;Promedio de años vividos el último año de vida;2024;0,52976
10 Comunitat Valenciana;Hombres;De 55 a 59 años;Riesgo de muerte;2024;27,546143
10 Comunitat Valenciana;Hombres;De 55 a 59 años;Supervivientes;2024;95.382,342961
10 Comunitat Valenciana;Hombres;De 55 a 59 años;Defunciones teóricas;2024;2.627,415689
10 Comunitat Valenciana;Hombres;De 55 a 59 años;Población estacionaria;2024;470.734,13767
10 Comunitat Valenciana;Hombres;De 55 a 59 años;Tiempo por vivir;2024;2.662.053,8818
10 Comunitat Valenciana;Hombres;De 55 a 59 años;Esperanza de vida;2024;27,909294
10 Comunitat Valenciana;Hombres;De 60 a 64 años;Tasa de mortalidad;2024;8,93011
10 Comunitat Valenciana;Hombres;De 60 a 64 años;Promedio de años vividos el último año de vida;2024;0,542219
10 Comunitat Valenciana;Hombres;De 60 a 64 años;Riesgo de muerte;2024;43,756165
10 Comunitat Valenciana;Hombres;De 60 a 64 años;Supervivientes;2024;92.754,927272
10 Comunitat Valenciana;Hombres;De 60 a 64 años;Defunciones teóricas;2024;4.058,599902
10 Comunitat Valenciana;Hombres;De 60 a 64 años;Población estacionaria;2024;454.484,89185
10 Comunitat Valenciana;Hombres;De 60 a 64 años;Tiempo por vivir;2024;2.191.319,7442
10 Comunitat Valenciana;Hombres;De 60 a 64 años;Esperanza de vida;2024;23,624834
10 Comunitat Valenciana;Hombres;De 65 a 69 años;Tasa de mortalidad;2024;13,575093
10 Comunitat Valenciana;Hombres;De 65 a 69 años;Promedio de años vividos el último año de vida;2024;0,527227
10 Comunitat Valenciana;Hombres;De 65 a 69 años;Riesgo de muerte;2024;65,765084
10 Comunitat Valenciana;Hombres;De 65 a 69 años;Supervivientes;2024;88.696,32737
10 Comunitat Valenciana;Hombres;De 65 a 69 años;Defunciones teóricas;2024;5.833,12141
10 Comunitat Valenciana;Hombres;De 65 a 69 años;Población estacionaria;2024;429.692,92814
10 Comunitat Valenciana;Hombres;De 65 a 69 años;Tiempo por vivir;2024;1.736.834,8523
10 Comunitat Valenciana;Hombres;De 65 a 69 años;Esperanza de vida;2024;19,581813
10 Comunitat Valenciana;Hombres;De 70 a 74 años;Tasa de mortalidad;2024;21,18488
10 Comunitat Valenciana;Hombres;De 70 a 74 años;Promedio de años vividos el último año de vida;2024;0,523911
10 Comunitat Valenciana;Hombres;De 70 a 74 años;Riesgo de muerte;2024;100,839138
10 Comunitat Valenciana;Hombres;De 70 a 74 años;Supervivientes;2024;82.863,20596
10 Comunitat Valenciana;Hombres;De 70 a 74 años;Defunciones teóricas;2024;8.355,854297
10 Comunitat Valenciana;Hombres;De 70 a 74 años;Población estacionaria;2024;394.425,37988
10 Comunitat Valenciana;Hombres;De 70 a 74 años;Tiempo por vivir;2024;1.307.141,9242
10 Comunitat Valenciana;Hombres;De 70 a 74 años;Esperanza de vida;2024;15,774696
10 Comunitat Valenciana;Hombres;De 75 a 79 años;Tasa de mortalidad;2024;34,231946
10 Comunitat Valenciana;Hombres;De 75 a 79 años;Promedio de años vividos el último año de vida;2024;0,518882
10 Comunitat Valenciana;Hombres;De 75 a 79 años;Riesgo de muerte;2024;158,137422
10 Comunitat Valenciana;Hombres;De 75 a 79 años;Supervivientes;2024;74.507,351663
10 Comunitat Valenciana;Hombres;De 75 a 79 años;Defunciones teóricas;2024;11.782,400495
10 Comunitat Valenciana;Hombres;De 75 a 79 años;Población estacionaria;2024;344.193,12481
10 Comunitat Valenciana;Hombres;De 75 a 79 años;Tiempo por vivir;2024;912.716,5443
10 Comunitat Valenciana;Hombres;De 75 a 79 años;Esperanza de vida;2024;12,25002
10 Comunitat Valenciana;Hombres;De 80 a 84 años;Tasa de mortalidad;2024;58,280508
10 Comunitat Valenciana;Hombres;De 80 a 84 años;Promedio de años vividos el último año de vida;2024;0,525559
10 Comunitat Valenciana;Hombres;De 80 a 84 años;Riesgo de muerte;2024;256,008522
10 Comunitat Valenciana;Hombres;De 80 a 84 años;Supervivientes;2024;62.724,951168
10 Comunitat Valenciana;Hombres;De 80 a 84 años;Defunciones teóricas;2024;16.058,122019
10 Comunitat Valenciana;Hombres;De 80 a 84 años;Población estacionaria;2024;275.531,60486
10 Comunitat Valenciana;Hombres;De 80 a 84 años;Tiempo por vivir;2024;568.523,41949
10 Comunitat Valenciana;Hombres;De 80 a 84 años;Esperanza de vida;2024;9,063752
10 Comunitat Valenciana;Hombres;De 85 a 89 años;Tasa de mortalidad;2024;108,855782
10 Comunitat Valenciana;Hombres;De 85 a 89 años;Promedio de años vividos el último año de vida;2024;0,500141
10 Comunitat Valenciana;Hombres;De 85 a 89 años;Riesgo de muerte;2024;427,871066
10 Comunitat Valenciana;Hombres;De 85 a 89 años;Supervivientes;2024;46.666,829148
10 Comunitat Valenciana;Hombres;De 85 a 89 años;Defunciones teóricas;2024;19.967,385919
10 Comunitat Valenciana;Hombres;De 85 a 89 años;Población estacionaria;2024;183.429,72307
10 Comunitat Valenciana;Hombres;De 85 a 89 años;Tiempo por vivir;2024;292.991,81464
10 Comunitat Valenciana;Hombres;De 85 a 89 años;Esperanza de vida;2024;6,278374
10 Comunitat Valenciana;Hombres;90 y más años;Tasa de mortalidad;2024;""
10 Comunitat Valenciana;Hombres;90 y más años;Promedio de años vividos el último año de vida;2024;""
10 Comunitat Valenciana;Hombres;90 y más años;Riesgo de muerte;2024;""
10 Comunitat Valenciana;Hombres;90 y más años;Supervivientes;2024;""
10 Comunitat Valenciana;Hombres;90 y más años;Defunciones teóricas;2024;""
10 Comunitat Valenciana;Hombres;90 y más años;Población estacionaria;2024;""
10 Comunitat Valenciana;Hombres;90 y más años;Tiempo por vivir;2024;""
10 Comunitat Valenciana;Hombres;90 y más años;Esperanza de vida;2024;""
10 Comunitat Valenciana;Hombres;De 90 a 94 años;Tasa de mortalidad;2024;197,216965
10 Comunitat Valenciana;Hombres;De 90 a 94 años;Promedio de años vividos el último año de vida;2024;0,452875
10 Comunitat Valenciana;Hombres;De 90 a 94 años;Riesgo de muerte;2024;640,517956
10 Comunitat Valenciana;Hombres;De 90 a 94 años;Supervivientes;2024;26.699,44323
10 Comunitat Valenciana;Hombres;De 90 a 94 años;Defunciones teóricas;2024;17.101,472808
10 Comunitat Valenciana;Hombres;De 90 a 94 años;Población estacionaria;2024;86.714,004714
10 Comunitat Valenciana;Hombres;De 90 a 94 años;Tiempo por vivir;2024;109.562,09157
10 Comunitat Valenciana;Hombres;De 90 a 94 años;Esperanza de vida;2024;4,103535
10 Comunitat Valenciana;Hombres;95 y más años;Tasa de mortalidad;2024;319,847662
10 Comunitat Valenciana;Hombres;95 y más años;Promedio de años vividos el último año de vida;2024;2,380512
10 Comunitat Valenciana;Hombres;95 y más años;Riesgo de muerte;2024;1.000
10 Comunitat Valenciana;Hombres;95 y más años;Supervivientes;2024;9.597,970422
10 Comunitat Valenciana;Hombres;95 y más años;Defunciones teóricas;2024;9.597,970422
10 Comunitat Valenciana;Hombres;95 y más años;Población estacionaria;2024;22.848,086853
10 Comunitat Valenciana;Hombres;95 y más años;Tiempo por vivir;2024;22.848,086853
10 Comunitat Valenciana;Hombres;95 y más años;Esperanza de vida;2024;2,380512
10 Comunitat Valenciana;Mujeres;0 años;Tasa de mortalidad;2024;3,132342
10 Comunitat Valenciana;Mujeres;0 años;Promedio de años vividos el último año de vida;2024;0,115817
10 Comunitat Valenciana;Mujeres;0 años;Riesgo de muerte;2024;3,123691
10 Comunitat Valenciana;Mujeres;0 años;Supervivientes;2024;100.000
10 Comunitat Valenciana;Mujeres;0 años;Defunciones teóricas;2024;312,369115
10 Comunitat Valenciana;Mujeres;0 años;Población estacionaria;2024;99.723,808425
10 Comunitat Valenciana;Mujeres;0 años;Tiempo por vivir;2024;8.583.939,278
10 Comunitat Valenciana;Mujeres;0 años;Esperanza de vida;2024;85,839393
10 Comunitat Valenciana;Mujeres;De 1 a 4 años;Tasa de mortalidad;2024;0,184443
10 Comunitat Valenciana;Mujeres;De 1 a 4 años;Promedio de años vividos el último año de vida;2024;0,472375
10 Comunitat Valenciana;Mujeres;De 1 a 4 años;Riesgo de muerte;2024;0,737483
10 Comunitat Valenciana;Mujeres;De 1 a 4 años;Supervivientes;2024;99.687,630885
10 Comunitat Valenciana;Mujeres;De 1 a 4 años;Defunciones teóricas;2024;73,517957
10 Comunitat Valenciana;Mujeres;De 1 a 4 años;Población estacionaria;2024;398.595,36378
10 Comunitat Valenciana;Mujeres;De 1 a 4 años;Tiempo por vivir;2024;8.484.215,4695
10 Comunitat Valenciana;Mujeres;De 1 a 4 años;Esperanza de vida;2024;85,108006
10 Comunitat Valenciana;Mujeres;De 5 a 9 años;Tasa de mortalidad;2024;0,076987
10 Comunitat Valenciana;Mujeres;De 5 a 9 años;Promedio de años vividos el último año de vida;2024;0,424207
10 Comunitat Valenciana;Mujeres;De 5 a 9 años;Riesgo de muerte;2024;0,38485
10 Comunitat Valenciana;Mujeres;De 5 a 9 años;Supervivientes;2024;99.614,112928
10 Comunitat Valenciana;Mujeres;De 5 a 9 años;Defunciones teóricas;2024;38,336494
10 Comunitat Valenciana;Mujeres;De 5 a 9 años;Población estacionaria;2024;497.960,19523
10 Comunitat Valenciana;Mujeres;De 5 a 9 años;Tiempo por vivir;2024;8.085.620,1058
10 Comunitat Valenciana;Mujeres;De 5 a 9 años;Esperanza de vida;2024;81,169423
10 Comunitat Valenciana;Mujeres;De 10 a 14 años;Tasa de mortalidad;2024;0,119056
10 Comunitat Valenciana;Mujeres;De 10 a 14 años;Promedio de años vividos el último año de vida;2024;0,497386
10 Comunitat Valenciana;Mujeres;De 10 a 14 años;Riesgo de muerte;2024;0,595103
10 Comunitat Valenciana;Mujeres;De 10 a 14 años;Supervivientes;2024;99.575,776434
10 Comunitat Valenciana;Mujeres;De 10 a 14 años;Defunciones teóricas;2024;59,257835
10 Comunitat Valenciana;Mujeres;De 10 a 14 años;Población estacionaria;2024;497.729,96311
10 Comunitat Valenciana;Mujeres;De 10 a 14 años;Tiempo por vivir;2024;7.587.659,9105
10 Comunitat Valenciana;Mujeres;De 10 a 14 años;Esperanza de vida;2024;76,199857
10 Comunitat Valenciana;Mujeres;De 15 a 19 años;Tasa de mortalidad;2024;0,130303
10 Comunitat Valenciana;Mujeres;De 15 a 19 años;Promedio de años vividos el último año de vida;2024;0,487471
10 Comunitat Valenciana;Mujeres;De 15 a 19 años;Riesgo de muerte;2024;0,651298
10 Comunitat Valenciana;Mujeres;De 15 a 19 años;Supervivientes;2024;99.516,518599
10 Comunitat Valenciana;Mujeres;De 15 a 19 años;Defunciones teóricas;2024;64,814887
10 Comunitat Valenciana;Mujeres;De 15 a 19 años;Población estacionaria;2024;497.416,49543
10 Comunitat Valenciana;Mujeres;De 15 a 19 años;Tiempo por vivir;2024;7.089.929,9474
10 Comunitat Valenciana;Mujeres;De 15 a 19 años;Esperanza de vida;2024;71,24375
10 Comunitat Valenciana;Mujeres;De 20 a 24 años;Tasa de mortalidad;2024;0,190495
10 Comunitat Valenciana;Mujeres;De 20 a 24 años;Promedio de años vividos el último año de vida;2024;0,43151
10 Comunitat Valenciana;Mujeres;De 20 a 24 años;Riesgo de muerte;2024;0,951959
10 Comunitat Valenciana;Mujeres;De 20 a 24 años;Supervivientes;2024;99.451,703713
10 Comunitat Valenciana;Mujeres;De 20 a 24 años;Defunciones teóricas;2024;94,673968
10 Comunitat Valenciana;Mujeres;De 20 a 24 años;Población estacionaria;2024;496.989,41234
10 Comunitat Valenciana;Mujeres;De 20 a 24 años;Tiempo por vivir;2024;6.592.513,452
10 Comunitat Valenciana;Mujeres;De 20 a 24 años;Esperanza de vida;2024;66,288592
10 Comunitat Valenciana;Mujeres;De 25 a 29 años;Tasa de mortalidad;2024;0,16383
10 Comunitat Valenciana;Mujeres;De 25 a 29 años;Promedio de años vividos el último año de vida;2024;0,467203
10 Comunitat Valenciana;Mujeres;De 25 a 29 años;Riesgo de muerte;2024;0,818794
10 Comunitat Valenciana;Mujeres;De 25 a 29 años;Supervivientes;2024;99.357,029744
10 Comunitat Valenciana;Mujeres;De 25 a 29 años;Defunciones teóricas;2024;81,352976
10 Comunitat Valenciana;Mujeres;De 25 a 29 años;Población estacionaria;2024;496.568,42565
10 Comunitat Valenciana;Mujeres;De 25 a 29 años;Tiempo por vivir;2024;6.095.524,0396
10 Comunitat Valenciana;Mujeres;De 25 a 29 años;Esperanza de vida;2024;61,349701
10 Comunitat Valenciana;Mujeres;De 30 a 34 años;Tasa de mortalidad;2024;0,302562
10 Comunitat Valenciana;Mujeres;De 30 a 34 años;Promedio de años vividos el último año de vida;2024;0,476759
10 Comunitat Valenciana;Mujeres;De 30 a 34 años;Riesgo de muerte;2024;1,511611
10 Comunitat Valenciana;Mujeres;De 30 a 34 años;Supervivientes;2024;99.275,676768
10 Comunitat Valenciana;Mujeres;De 30 a 34 años;Defunciones teóricas;2024;150,066245
10 Comunitat Valenciana;Mujeres;De 30 a 34 años;Población estacionaria;2024;495.985,77989
10 Comunitat Valenciana;Mujeres;De 30 a 34 años;Tiempo por vivir;2024;5.598.955,614
10 Comunitat Valenciana;Mujeres;De 30 a 34 años;Esperanza de vida;2024;56,39806
10 Comunitat Valenciana;Mujeres;De 35 a 39 años;Tasa de mortalidad;2024;0,331139
10 Comunitat Valenciana;Mujeres;De 35 a 39 años;Promedio de años vividos el último año de vida;2024;0,538216
10 Comunitat Valenciana;Mujeres;De 35 a 39 años;Riesgo de muerte;2024;1,65443
10 Comunitat Valenciana;Mujeres;De 35 a 39 años;Supervivientes;2024;99.125,610523
10 Comunitat Valenciana;Mujeres;De 35 a 39 años;Defunciones teóricas;2024;163,996359
10 Comunitat Valenciana;Mujeres;De 35 a 39 años;Población estacionaria;2024;495.249,39786
10 Comunitat Valenciana;Mujeres;De 35 a 39 años;Tiempo por vivir;2024;5.102.969,8341
10 Comunitat Valenciana;Mujeres;De 35 a 39 años;Esperanza de vida;2024;51,479833
10 Comunitat Valenciana;Mujeres;De 40 a 44 años;Tasa de mortalidad;2024;0,493542
10 Comunitat Valenciana;Mujeres;De 40 a 44 años;Promedio de años vividos el último año de vida;2024;0,505607
10 Comunitat Valenciana;Mujeres;De 40 a 44 años;Riesgo de muerte;2024;2,464704
10 Comunitat Valenciana;Mujeres;De 40 a 44 años;Supervivientes;2024;98.961,614163
10 Comunitat Valenciana;Mujeres;De 40 a 44 años;Defunciones teóricas;2024;243,91113
10 Comunitat Valenciana;Mujeres;De 40 a 44 años;Población estacionaria;2024;494.205,13151
10 Comunitat Valenciana;Mujeres;De 40 a 44 años;Tiempo por vivir;2024;4.607.720,4362
10 Comunitat Valenciana;Mujeres;De 40 a 44 años;Esperanza de vida;2024;46,560684
10 Comunitat Valenciana;Mujeres;De 45 a 49 años;Tasa de mortalidad;2024;1,053217
10 Comunitat Valenciana;Mujeres;De 45 a 49 años;Promedio de años vividos el último año de vida;2024;0,5414
10 Comunitat Valenciana;Mujeres;De 45 a 49 años;Riesgo de muerte;2024;5,253397
10 Comunitat Valenciana;Mujeres;De 45 a 49 años;Supervivientes;2024;98.717,703033
10 Comunitat Valenciana;Mujeres;De 45 a 49 años;Defunciones teóricas;2024;518,603334
10 Comunitat Valenciana;Mujeres;De 45 a 49 años;Población estacionaria;2024;492.399,35787
10 Comunitat Valenciana;Mujeres;De 45 a 49 años;Tiempo por vivir;2024;4.113.515,3047
10 Comunitat Valenciana;Mujeres;De 45 a 49 años;Esperanza de vida;2024;41,66948
10 Comunitat Valenciana;Mujeres;De 50 a 54 años;Tasa de mortalidad;2024;1,694058
10 Comunitat Valenciana;Mujeres;De 50 a 54 años;Promedio de años vividos el último año de vida;2024;0,519293
10 Comunitat Valenciana;Mujeres;De 50 a 54 años;Riesgo de muerte;2024;8,435944
10 Comunitat Valenciana;Mujeres;De 50 a 54 años;Supervivientes;2024;98.199,0997
10 Comunitat Valenciana;Mujeres;De 50 a 54 años;Defunciones teóricas;2024;828,40207
10 Comunitat Valenciana;Mujeres;De 50 a 54 años;Población estacionaria;2024;489.004,40586
10 Comunitat Valenciana;Mujeres;De 50 a 54 años;Tiempo por vivir;2024;3.621.115,9468
10 Comunitat Valenciana;Mujeres;De 50 a 54 años;Esperanza de vida;2024;36,875246
10 Comunitat Valenciana;Mujeres;De 55 a 59 años;Tasa de mortalidad;2024;2,706934
10 Comunitat Valenciana;Mujeres;De 55 a 59 años;Promedio de años vividos el último año de vida;2024;0,512787
10 Comunitat Valenciana;Mujeres;De 55 a 59 años;Riesgo de muerte;2024;13,446003
10 Comunitat Valenciana;Mujeres;De 55 a 59 años;Supervivientes;2024;97.370,69763
10 Comunitat Valenciana;Mujeres;De 55 a 59 años;Defunciones teóricas;2024;1.309,24667
10 Comunitat Valenciana;Mujeres;De 55 a 59 años;Población estacionaria;2024;483.664,07755
10 Comunitat Valenciana;Mujeres;De 55 a 59 años;Tiempo por vivir;2024;3.132.111,541
10 Comunitat Valenciana;Mujeres;De 55 a 59 años;Esperanza de vida;2024;32,16688
10 Comunitat Valenciana;Mujeres;De 60 a 64 años;Tasa de mortalidad;2024;4,269366
10 Comunitat Valenciana;Mujeres;De 60 a 64 años;Promedio de años vividos el último año de vida;2024;0,542058
10 Comunitat Valenciana;Mujeres;De 60 a 64 años;Riesgo de muerte;2024;21,140171
10 Comunitat Valenciana;Mujeres;De 60 a 64 años;Supervivientes;2024;96.061,45096
10 Comunitat Valenciana;Mujeres;De 60 a 64 años;Defunciones teóricas;2024;2.030,755461
10 Comunitat Valenciana;Mujeres;De 60 a 64 años;Población estacionaria;2024;475.657,41519
10 Comunitat Valenciana;Mujeres;De 60 a 64 años;Tiempo por vivir;2024;2.648.447,4634
10 Comunitat Valenciana;Mujeres;De 60 a 64 años;Esperanza de vida;2024;27,570346
10 Comunitat Valenciana;Mujeres;De 65 a 69 años;Tasa de mortalidad;2024;6,442598
10 Comunitat Valenciana;Mujeres;De 65 a 69 años;Promedio de años vividos el último año de vida;2024;0,52877
10 Comunitat Valenciana;Mujeres;De 65 a 69 años;Riesgo de muerte;2024;31,731318
10 Comunitat Valenciana;Mujeres;De 65 a 69 años;Supervivientes;2024;94.030,695498
10 Comunitat Valenciana;Mujeres;De 65 a 69 años;Defunciones teóricas;2024;2.983,717911
10 Comunitat Valenciana;Mujeres;De 65 a 69 años;Población estacionaria;2024;463.123,38922
10 Comunitat Valenciana;Mujeres;De 65 a 69 años;Tiempo por vivir;2024;2.172.790,0482
10 Comunitat Valenciana;Mujeres;De 65 a 69 años;Esperanza de vida;2024;23,107242
10 Comunitat Valenciana;Mujeres;De 70 a 74 años;Tasa de mortalidad;2024;10,302287
10 Comunitat Valenciana;Mujeres;De 70 a 74 años;Promedio de años vividos el último año de vida;2024;0,539068
10 Comunitat Valenciana;Mujeres;De 70 a 74 años;Riesgo de muerte;2024;50,31675
10 Comunitat Valenciana;Mujeres;De 70 a 74 años;Supervivientes;2024;91.046,977588
10 Comunitat Valenciana;Mujeres;De 70 a 74 años;Defunciones teóricas;2024;4.581,188005
10 Comunitat Valenciana;Mujeres;De 70 a 74 años;Población estacionaria;2024;444.676,81055
10 Comunitat Valenciana;Mujeres;De 70 a 74 años;Tiempo por vivir;2024;1.709.666,659
10 Comunitat Valenciana;Mujeres;De 70 a 74 años;Esperanza de vida;2024;18,777852
10 Comunitat Valenciana;Mujeres;De 75 a 79 años;Tasa de mortalidad;2024;17,973266
10 Comunitat Valenciana;Mujeres;De 75 a 79 años;Promedio de años vividos el último año de vida;2024;0,539989
10 Comunitat Valenciana;Mujeres;De 75 a 79 años;Riesgo de muerte;2024;86,29878
10 Comunitat Valenciana;Mujeres;De 75 a 79 años;Supervivientes;2024;86.465,789582
10 Comunitat Valenciana;Mujeres;De 75 a 79 años;Defunciones teóricas;2024;7.461,892142
10 Comunitat Valenciana;Mujeres;De 75 a 79 años;Población estacionaria;2024;415.166,17355
10 Comunitat Valenciana;Mujeres;De 75 a 79 años;Tiempo por vivir;2024;1.264.989,8485
10 Comunitat Valenciana;Mujeres;De 75 a 79 años;Esperanza de vida;2024;14,629946
10 Comunitat Valenciana;Mujeres;De 80 a 84 años;Tasa de mortalidad;2024;36,935098
10 Comunitat Valenciana;Mujeres;De 80 a 84 años;Promedio de años vividos el último año de vida;2024;0,550575
10 Comunitat Valenciana;Mujeres;De 80 a 84 años;Riesgo de muerte;2024;170,52249
10 Comunitat Valenciana;Mujeres;De 80 a 84 años;Supervivientes;2024;79.003,89744
10 Comunitat Valenciana;Mujeres;De 80 a 84 años;Defunciones teóricas;2024;13.471,941348
10 Comunitat Valenciana;Mujeres;De 80 a 84 años;Población estacionaria;2024;364.746,32923
10 Comunitat Valenciana;Mujeres;De 80 a 84 años;Tiempo por vivir;2024;849.823,67492
10 Comunitat Valenciana;Mujeres;De 80 a 84 años;Esperanza de vida;2024;10,756731
10 Comunitat Valenciana;Mujeres;De 85 a 89 años;Tasa de mortalidad;2024;78,985955
10 Comunitat Valenciana;Mujeres;De 85 a 89 años;Promedio de años vividos el último año de vida;2024;0,533262
10 Comunitat Valenciana;Mujeres;De 85 a 89 años;Riesgo de muerte;2024;333,46298
10 Comunitat Valenciana;Mujeres;De 85 a 89 años;Supervivientes;2024;65.531,956092
10 Comunitat Valenciana;Mujeres;De 85 a 89 años;Defunciones teóricas;2024;21.852,481347
10 Comunitat Valenciana;Mujeres;De 85 a 89 años;Población estacionaria;2024;276.662,87343
10 Comunitat Valenciana;Mujeres;De 85 a 89 años;Tiempo por vivir;2024;485.077,34569
10 Comunitat Valenciana;Mujeres;De 85 a 89 años;Esperanza de vida;2024;7,40215
10 Comunitat Valenciana;Mujeres;90 y más años;Tasa de mortalidad;2024;""
10 Comunitat Valenciana;Mujeres;90 y más años;Promedio de años vividos el último año de vida;2024;""
10 Comunitat Valenciana;Mujeres;90 y más años;Riesgo de muerte;2024;""
10 Comunitat Valenciana;Mujeres;90 y más años;Supervivientes;2024;""
10 Comunitat Valenciana;Mujeres;90 y más años;Defunciones teóricas;2024;""
10 Comunitat Valenciana;Mujeres;90 y más años;Población estacionaria;2024;""
10 Comunitat Valenciana;Mujeres;90 y más años;Tiempo por vivir;2024;""
10 Comunitat Valenciana;Mujeres;90 y más años;Esperanza de vida;2024;""
10 Comunitat Valenciana;Mujeres;De 90 a 94 años;Tasa de mortalidad;2024;157,510183
10 Comunitat Valenciana;Mujeres;De 90 a 94 años;Promedio de años vividos el último año de vida;2024;0,482895
10 Comunitat Valenciana;Mujeres;De 90 a 94 años;Riesgo de muerte;2024;559,639481
10 Comunitat Valenciana;Mujeres;De 90 a 94 años;Supervivientes;2024;43.679,474746
10 Comunitat Valenciana;Mujeres;De 90 a 94 años;Defunciones teóricas;2024;24.444,758572
10 Comunitat Valenciana;Mujeres;De 90 a 94 años;Población estacionaria;2024;155.194,78281
10 Comunitat Valenciana;Mujeres;De 90 a 94 años;Tiempo por vivir;2024;208.414,47226
10 Comunitat Valenciana;Mujeres;De 90 a 94 años;Esperanza de vida;2024;4,771451
10 Comunitat Valenciana;Mujeres;95 y más años;Tasa de mortalidad;2024;282,799613
10 Comunitat Valenciana;Mujeres;95 y más años;Promedio de años vividos el último año de vida;2024;2,766856
10 Comunitat Valenciana;Mujeres;95 y más años;Riesgo de muerte;2024;1.000
10 Comunitat Valenciana;Mujeres;95 y más años;Supervivientes;2024;19.234,716173
10 Comunitat Valenciana;Mujeres;95 y más años;Defunciones teóricas;2024;19.234,716173
10 Comunitat Valenciana;Mujeres;95 y más años;Población estacionaria;2024;53.219,689453
10 Comunitat Valenciana;Mujeres;95 y más años;Tiempo por vivir;2024;53.219,689453
10 Comunitat Valenciana;Mujeres;95 y más años;Esperanza de vida;2024;2,766856
11 Extremadura;Ambos sexos;0 años;Tasa de mortalidad;2024;3,713133
11 Extremadura;Ambos sexos;0 años;Promedio de años vividos el último año de vida;2024;0,097923
11 Extremadura;Ambos sexos;0 años;Riesgo de muerte;2024;3,700738
11 Extremadura;Ambos sexos;0 años;Supervivientes;2024;100.000
11 Extremadura;Ambos sexos;0 años;Defunciones teóricas;2024;370,073772
11 Extremadura;Ambos sexos;0 años;Población estacionaria;2024;99.666,165146
11 Extremadura;Ambos sexos;0 años;Tiempo por vivir;2024;8.313.293,8514
11 Extremadura;Ambos sexos;0 años;Esperanza de vida;2024;83,132939
11 Extremadura;Ambos sexos;De 1 a 4 años;Tasa de mortalidad;2024;0,103334
11 Extremadura;Ambos sexos;De 1 a 4 años;Promedio de años vividos el último año de vida;2024;0,396454
11 Extremadura;Ambos sexos;De 1 a 4 años;Riesgo de muerte;2024;0,413232
11 Extremadura;Ambos sexos;De 1 a 4 años;Supervivientes;2024;99.629,926228
11 Extremadura;Ambos sexos;De 1 a 4 años;Defunciones teóricas;2024;41,170233
11 Extremadura;Ambos sexos;De 1 a 4 años;Población estacionaria;2024;398.420,31243
11 Extremadura;Ambos sexos;De 1 a 4 años;Tiempo por vivir;2024;8.213.627,6862
11 Extremadura;Ambos sexos;De 1 a 4 años;Esperanza de vida;2024;82,441371
11 Extremadura;Ambos sexos;De 5 a 9 años;Tasa de mortalidad;2024;0,066559
11 Extremadura;Ambos sexos;De 5 a 9 años;Promedio de años vividos el último año de vida;2024;0,611989
11 Extremadura;Ambos sexos;De 5 a 9 años;Riesgo de muerte;2024;0,33275
11 Extremadura;Ambos sexos;De 5 a 9 años;Supervivientes;2024;99.588,755995
11 Extremadura;Ambos sexos;De 5 a 9 años;Defunciones teóricas;2024;33,138146
11 Extremadura;Ambos sexos;De 5 a 9 años;Población estacionaria;2024;497.879,49021
11 Extremadura;Ambos sexos;De 5 a 9 años;Tiempo por vivir;2024;7.815.207,3738
11 Extremadura;Ambos sexos;De 5 a 9 años;Esperanza de vida;2024;78,474797
11 Extremadura;Ambos sexos;De 10 a 14 años;Tasa de mortalidad;2024;0,099202
11 Extremadura;Ambos sexos;De 10 a 14 años;Promedio de años vividos el último año de vida;2024;0,580578
11 Extremadura;Ambos sexos;De 10 a 14 años;Riesgo de muerte;2024;0,495909
11 Extremadura;Ambos sexos;De 10 a 14 años;Supervivientes;2024;99.555,617849
11 Extremadura;Ambos sexos;De 10 a 14 años;Defunciones teóricas;2024;49,370529
11 Extremadura;Ambos sexos;De 10 a 14 años;Población estacionaria;2024;497.674,55373
11 Extremadura;Ambos sexos;De 10 a 14 años;Tiempo por vivir;2024;7.317.327,8836
11 Extremadura;Ambos sexos;De 10 a 14 años;Esperanza de vida;2024;73,499899
11 Extremadura;Ambos sexos;De 15 a 19 años;Tasa de mortalidad;2024;0,165551
11 Extremadura;Ambos sexos;De 15 a 19 años;Promedio de años vividos el último año de vida;2024;0,614401
11 Extremadura;Ambos sexos;De 15 a 19 años;Riesgo de muerte;2024;0,82749
11 Extremadura;Ambos sexos;De 15 a 19 años;Supervivientes;2024;99.506,247321
11 Extremadura;Ambos sexos;De 15 a 19 años;Defunciones teóricas;2024;82,340469
11 Extremadura;Ambos sexos;De 15 a 19 años;Población estacionaria;2024;497.372,48471
11 Extremadura;Ambos sexos;De 15 a 19 años;Tiempo por vivir;2024;6.819.653,3298
11 Extremadura;Ambos sexos;De 15 a 19 años;Esperanza de vida;2024;68,534926
11 Extremadura;Ambos sexos;De 20 a 24 años;Tasa de mortalidad;2024;0,257542
11 Extremadura;Ambos sexos;De 20 a 24 años;Promedio de años vividos el último año de vida;2024;0,500703
11 Extremadura;Ambos sexos;De 20 a 24 años;Riesgo de muerte;2024;1,286883
11 Extremadura;Ambos sexos;De 20 a 24 años;Supervivientes;2024;99.423,906851
11 Extremadura;Ambos sexos;De 20 a 24 años;Defunciones teóricas;2024;127,946948
11 Extremadura;Ambos sexos;De 20 a 24 años;Población estacionaria;2024;496.800,11645
11 Extremadura;Ambos sexos;De 20 a 24 años;Tiempo por vivir;2024;6.322.280,8451
11 Extremadura;Ambos sexos;De 20 a 24 años;Esperanza de vida;2024;63,589141
11 Extremadura;Ambos sexos;De 25 a 29 años;Tasa de mortalidad;2024;0,304014
11 Extremadura;Ambos sexos;De 25 a 29 años;Promedio de años vividos el último año de vida;2024;0,419128
11 Extremadura;Ambos sexos;De 25 a 29 años;Riesgo de muerte;2024;1,518727
11 Extremadura;Ambos sexos;De 25 a 29 años;Supervivientes;2024;99.295,959903
11 Extremadura;Ambos sexos;De 25 a 29 años;Defunciones teóricas;2024;150,80344
11 Extremadura;Ambos sexos;De 25 a 29 años;Población estacionaria;2024;496.041,81203
11 Extremadura;Ambos sexos;De 25 a 29 años;Tiempo por vivir;2024;5.825.480,7287
11 Extremadura;Ambos sexos;De 25 a 29 años;Esperanza de vida;2024;58,667852
11 Extremadura;Ambos sexos;De 30 a 34 años;Tasa de mortalidad;2024;0,30888
11 Extremadura;Ambos sexos;De 30 a 34 años;Promedio de años vividos el último año de vida;2024;0,488672
11 Extremadura;Ambos sexos;De 30 a 34 años;Riesgo de muerte;2024;1,543181
11 Extremadura;Ambos sexos;De 30 a 34 años;Supervivientes;2024;99.145,156463
11 Extremadura;Ambos sexos;De 30 a 34 años;Defunciones teóricas;2024;152,998951
11 Extremadura;Ambos sexos;De 30 a 34 años;Población estacionaria;2024;495.334,61925
11 Extremadura;Ambos sexos;De 30 a 34 años;Tiempo por vivir;2024;5.329.438,9167
11 Extremadura;Ambos sexos;De 30 a 34 años;Esperanza de vida;2024;53,753901
11 Extremadura;Ambos sexos;De 35 a 39 años;Tasa de mortalidad;2024;0,361636
11 Extremadura;Ambos sexos;De 35 a 39 años;Promedio de años vividos el último año de vida;2024;0,487673
11 Extremadura;Ambos sexos;De 35 a 39 años;Riesgo de muerte;2024;1,806504
11 Extremadura;Ambos sexos;De 35 a 39 años;Supervivientes;2024;98.992,157512
11 Extremadura;Ambos sexos;De 35 a 39 años;Defunciones teóricas;2024;178,829749
11 Extremadura;Ambos sexos;De 35 a 39 años;Población estacionaria;2024;494.502,69081
11 Extremadura;Ambos sexos;De 35 a 39 años;Tiempo por vivir;2024;4.834.104,2974
11 Extremadura;Ambos sexos;De 35 a 39 años;Esperanza de vida;2024;48,833205
11 Extremadura;Ambos sexos;De 40 a 44 años;Tasa de mortalidad;2024;0,793019
11 Extremadura;Ambos sexos;De 40 a 44 años;Promedio de años vividos el último año de vida;2024;0,529106
11 Extremadura;Ambos sexos;De 40 a 44 años;Riesgo de muerte;2024;3,957705
11 Extremadura;Ambos sexos;De 40 a 44 años;Supervivientes;2024;98.813,327762
11 Extremadura;Ambos sexos;De 40 a 44 años;Defunciones teóricas;2024;391,073971
11 Extremadura;Ambos sexos;De 40 a 44 años;Población estacionaria;2024;493.145,86778
11 Extremadura;Ambos sexos;De 40 a 44 años;Tiempo por vivir;2024;4.339.601,6066
11 Extremadura;Ambos sexos;De 40 a 44 años;Esperanza de vida;2024;43,917169
11 Extremadura;Ambos sexos;De 45 a 49 años;Tasa de mortalidad;2024;1,480906
11 Extremadura;Ambos sexos;De 45 a 49 años;Promedio de años vividos el último año de vida;2024;0,502393
11 Extremadura;Ambos sexos;De 45 a 49 años;Riesgo de muerte;2024;7,377347
11 Extremadura;Ambos sexos;De 45 a 49 años;Supervivientes;2024;98.422,253792
11 Extremadura;Ambos sexos;De 45 a 49 años;Defunciones teóricas;2024;726,095116
11 Extremadura;Ambos sexos;De 45 a 49 años;Población estacionaria;2024;490.304,71719
11 Extremadura;Ambos sexos;De 45 a 49 años;Tiempo por vivir;2024;3.846.455,7388
11 Extremadura;Ambos sexos;De 45 a 49 años;Esperanza de vida;2024;39,081159
11 Extremadura;Ambos sexos;De 50 a 54 años;Tasa de mortalidad;2024;2,845217
11 Extremadura;Ambos sexos;De 50 a 54 años;Promedio de años vividos el último año de vida;2024;0,587142
11 Extremadura;Ambos sexos;De 50 a 54 años;Riesgo de muerte;2024;14,143017
11 Extremadura;Ambos sexos;De 50 a 54 años;Supervivientes;2024;97.696,158676
11 Extremadura;Ambos sexos;De 50 a 54 años;Defunciones teóricas;2024;1.381,718446
11 Extremadura;Ambos sexos;De 50 a 54 años;Población estacionaria;2024;485.628,52826
11 Extremadura;Ambos sexos;De 50 a 54 años;Tiempo por vivir;2024;3.356.151,0216
11 Extremadura;Ambos sexos;De 50 a 54 años;Esperanza de vida;2024;34,352948
11 Extremadura;Ambos sexos;De 55 a 59 años;Tasa de mortalidad;2024;4,274781
11 Extremadura;Ambos sexos;De 55 a 59 años;Promedio de años vividos el último año de vida;2024;0,509923
11 Extremadura;Ambos sexos;De 55 a 59 años;Riesgo de muerte;2024;21,152336
11 Extremadura;Ambos sexos;De 55 a 59 años;Supervivientes;2024;96.314,44023
11 Extremadura;Ambos sexos;De 55 a 59 años;Defunciones teóricas;2024;2.037,275403
11 Extremadura;Ambos sexos;De 55 a 59 años;Población estacionaria;2024;476.580,09361
11 Extremadura;Ambos sexos;De 55 a 59 años;Tiempo por vivir;2024;2.870.522,4934
11 Extremadura;Ambos sexos;De 55 a 59 años;Esperanza de vida;2024;29,803657
11 Extremadura;Ambos sexos;De 60 a 64 años;Tasa de mortalidad;2024;6,981462
11 Extremadura;Ambos sexos;De 60 a 64 años;Promedio de años vividos el último año de vida;2024;0,540318
11 Extremadura;Ambos sexos;De 60 a 64 años;Riesgo de muerte;2024;34,356024
11 Extremadura;Ambos sexos;De 60 a 64 años;Supervivientes;2024;94.277,164827
11 Extremadura;Ambos sexos;De 60 a 64 años;Defunciones teóricas;2024;3.238,988578
11 Extremadura;Ambos sexos;De 60 a 64 años;Población estacionaria;2024;463.941,3018
11 Extremadura;Ambos sexos;De 60 a 64 años;Tiempo por vivir;2024;2.393.942,3998
11 Extremadura;Ambos sexos;De 60 a 64 años;Esperanza de vida;2024;25,392601
11 Extremadura;Ambos sexos;De 65 a 69 años;Tasa de mortalidad;2024;10,52515
11 Extremadura;Ambos sexos;De 65 a 69 años;Promedio de años vividos el último año de vida;2024;0,533839
11 Extremadura;Ambos sexos;De 65 a 69 años;Riesgo de muerte;2024;51,365643
11 Extremadura;Ambos sexos;De 65 a 69 años;Supervivientes;2024;91.038,176249
11 Extremadura;Ambos sexos;De 65 a 69 años;Defunciones teóricas;2024;4.676,234487
11 Extremadura;Ambos sexos;De 65 a 69 años;Población estacionaria;2024;444.291,49974
11 Extremadura;Ambos sexos;De 65 a 69 años;Tiempo por vivir;2024;1.930.001,098
11 Extremadura;Ambos sexos;De 65 a 69 años;Esperanza de vida;2024;21,19991
11 Extremadura;Ambos sexos;De 70 a 74 años;Tasa de mortalidad;2024;16,058786
11 Extremadura;Ambos sexos;De 70 a 74 años;Promedio de años vividos el último año de vida;2024;0,538055
11 Extremadura;Ambos sexos;De 70 a 74 años;Riesgo de muerte;2024;77,422236
11 Extremadura;Ambos sexos;De 70 a 74 años;Supervivientes;2024;86.361,941762
11 Extremadura;Ambos sexos;De 70 a 74 años;Defunciones teóricas;2024;6.686,334645
11 Extremadura;Ambos sexos;De 70 a 74 años;Población estacionaria;2024;416.366,1239
11 Extremadura;Ambos sexos;De 70 a 74 años;Tiempo por vivir;2024;1.485.709,5982
11 Extremadura;Ambos sexos;De 70 a 74 años;Esperanza de vida;2024;17,203291
11 Extremadura;Ambos sexos;De 75 a 79 años;Tasa de mortalidad;2024;27,606178
11 Extremadura;Ambos sexos;De 75 a 79 años;Promedio de años vividos el último año de vida;2024;0,52992
11 Extremadura;Ambos sexos;De 75 a 79 años;Riesgo de muerte;2024;129,620403
11 Extremadura;Ambos sexos;De 75 a 79 años;Supervivientes;2024;79.675,607117
11 Extremadura;Ambos sexos;De 75 a 79 años;Defunciones teóricas;2024;10.327,584337
11 Extremadura;Ambos sexos;De 75 a 79 años;Población estacionaria;2024;374.104,09194
11 Extremadura;Ambos sexos;De 75 a 79 años;Tiempo por vivir;2024;1.069.343,4743
11 Extremadura;Ambos sexos;De 75 a 79 años;Esperanza de vida;2024;13,421215
11 Extremadura;Ambos sexos;De 80 a 84 años;Tasa de mortalidad;2024;47,757917
11 Extremadura;Ambos sexos;De 80 a 84 años;Promedio de años vividos el último año de vida;2024;0,539184
11 Extremadura;Ambos sexos;De 80 a 84 años;Riesgo de muerte;2024;215,118389
11 Extremadura;Ambos sexos;De 80 a 84 años;Supervivientes;2024;69.348,02278
11 Extremadura;Ambos sexos;De 80 a 84 años;Defunciones teóricas;2024;14.918,034919
11 Extremadura;Ambos sexos;De 80 a 84 años;Población estacionaria;2024;312.367,78861
11 Extremadura;Ambos sexos;De 80 a 84 años;Tiempo por vivir;2024;695.239,38238
11 Extremadura;Ambos sexos;De 80 a 84 años;Esperanza de vida;2024;10,025367
11 Extremadura;Ambos sexos;De 85 a 89 años;Tasa de mortalidad;2024;87,386719
11 Extremadura;Ambos sexos;De 85 a 89 años;Promedio de años vividos el último año de vida;2024;0,527665
11 Extremadura;Ambos sexos;De 85 a 89 años;Riesgo de muerte;2024;362,186049
11 Extremadura;Ambos sexos;De 85 a 89 años;Supervivientes;2024;54.429,987861
11 Extremadura;Ambos sexos;De 85 a 89 años;Defunciones teóricas;2024;19.713,782243
11 Extremadura;Ambos sexos;De 85 a 89 años;Población estacionaria;2024;225.592,43014
11 Extremadura;Ambos sexos;De 85 a 89 años;Tiempo por vivir;2024;382.871,59377
11 Extremadura;Ambos sexos;De 85 a 89 años;Esperanza de vida;2024;7,034203
11 Extremadura;Ambos sexos;90 y más años;Tasa de mortalidad;2024;""
11 Extremadura;Ambos sexos;90 y más años;Promedio de años vividos el último año de vida;2024;""
11 Extremadura;Ambos sexos;90 y más años;Riesgo de muerte;2024;""
11 Extremadura;Ambos sexos;90 y más años;Supervivientes;2024;""
11 Extremadura;Ambos sexos;90 y más años;Defunciones teóricas;2024;""
11 Extremadura;Ambos sexos;90 y más años;Población estacionaria;2024;""
11 Extremadura;Ambos sexos;90 y más años;Tiempo por vivir;2024;""
11 Extremadura;Ambos sexos;90 y más años;Esperanza de vida;2024;""
11 Extremadura;Ambos sexos;De 90 a 94 años;Tasa de mortalidad;2024;173,212056
11 Extremadura;Ambos sexos;De 90 a 94 años;Promedio de años vividos el último año de vida;2024;0,468848
11 Extremadura;Ambos sexos;De 90 a 94 años;Riesgo de muerte;2024;593,188012
11 Extremadura;Ambos sexos;De 90 a 94 años;Supervivientes;2024;34.716,205618
11 Extremadura;Ambos sexos;De 90 a 94 años;Defunciones teóricas;2024;20.593,237009
11 Extremadura;Ambos sexos;De 90 a 94 años;Población estacionaria;2024;118.890,32159
11 Extremadura;Ambos sexos;De 90 a 94 años;Tiempo por vivir;2024;157.279,16363
11 Extremadura;Ambos sexos;De 90 a 94 años;Esperanza de vida;2024;4,530425
11 Extremadura;Ambos sexos;95 y más años;Tasa de mortalidad;2024;299,596104
11 Extremadura;Ambos sexos;95 y más años;Promedio de años vividos el último año de vida;2024;2,718185
11 Extremadura;Ambos sexos;95 y más años;Riesgo de muerte;2024;1.000
11 Extremadura;Ambos sexos;95 y más años;Supervivientes;2024;14.122,968609
11 Extremadura;Ambos sexos;95 y más años;Defunciones teóricas;2024;14.122,968609
11 Extremadura;Ambos sexos;95 y más años;Población estacionaria;2024;38.388,842042
11 Extremadura;Ambos sexos;95 y más años;Tiempo por vivir;2024;38.388,842042
11 Extremadura;Ambos sexos;95 y más años;Esperanza de vida;2024;2,718185
11 Extremadura;Hombres;0 años;Tasa de mortalidad;2024;4,375231
11 Extremadura;Hombres;0 años;Promedio de años vividos el último año de vida;2024;0,081421
11 Extremadura;Hombres;0 años;Riesgo de muerte;2024;4,357717
11 Extremadura;Hombres;0 años;Supervivientes;2024;100.000
11 Extremadura;Hombres;0 años;Defunciones teóricas;2024;435,771697
11 Extremadura;Hombres;0 años;Población estacionaria;2024;99.599,709168
11 Extremadura;Hombres;0 años;Tiempo por vivir;2024;8.035.844,0301
11 Extremadura;Hombres;0 años;Esperanza de vida;2024;80,35844
11 Extremadura;Hombres;De 1 a 4 años;Tasa de mortalidad;2024;0,134133
11 Extremadura;Hombres;De 1 a 4 años;Promedio de años vividos el último año de vida;2024;0,347055
11 Extremadura;Hombres;De 1 a 4 años;Riesgo de muerte;2024;0,536345
11 Extremadura;Hombres;De 1 a 4 años;Supervivientes;2024;99.564,228303
11 Extremadura;Hombres;De 1 a 4 años;Defunciones teóricas;2024;53,400765
11 Extremadura;Hombres;De 1 a 4 años;Población estacionaria;2024;398.117,44208
11 Extremadura;Hombres;De 1 a 4 años;Tiempo por vivir;2024;7.936.244,3209
11 Extremadura;Hombres;De 1 a 4 años;Esperanza de vida;2024;79,709796
11 Extremadura;Hombres;De 5 a 9 años;Tasa de mortalidad;2024;0,084009
11 Extremadura;Hombres;De 5 a 9 años;Promedio de años vividos el último año de vida;2024;0,747365
11 Extremadura;Hombres;De 5 a 9 años;Riesgo de muerte;2024;0,420002
11 Extremadura;Hombres;De 5 a 9 años;Supervivientes;2024;99.510,827538
11 Extremadura;Hombres;De 5 a 9 años;Defunciones teóricas;2024;41,794738
11 Extremadura;Hombres;De 5 a 9 años;Población estacionaria;2024;497.501,34352
11 Extremadura;Hombres;De 5 a 9 años;Tiempo por vivir;2024;7.538.126,8788
11 Extremadura;Hombres;De 5 a 9 años;Esperanza de vida;2024;75,751826
11 Extremadura;Hombres;De 10 a 14 años;Tasa de mortalidad;2024;0,11379
11 Extremadura;Hombres;De 10 a 14 años;Promedio de años vividos el último año de vida;2024;0,68968
11 Extremadura;Hombres;De 10 a 14 años;Riesgo de muerte;2024;0,568847
11 Extremadura;Hombres;De 10 a 14 años;Supervivientes;2024;99.469,0328
11 Extremadura;Hombres;De 10 a 14 años;Defunciones teóricas;2024;56,582697
11 Extremadura;Hombres;De 10 a 14 años;Población estacionaria;2024;497.257,37015
11 Extremadura;Hombres;De 10 a 14 años;Tiempo por vivir;2024;7.040.625,5353
11 Extremadura;Hombres;De 10 a 14 años;Esperanza de vida;2024;70,782085
11 Extremadura;Hombres;De 15 a 19 años;Tasa de mortalidad;2024;0,251217
11 Extremadura;Hombres;De 15 a 19 años;Promedio de años vividos el último año de vida;2024;0,608288
11 Extremadura;Hombres;De 15 a 19 años;Riesgo de muerte;2024;1,255469
11 Extremadura;Hombres;De 15 a 19 años;Supervivientes;2024;99.412,450103
11 Extremadura;Hombres;De 15 a 19 años;Defunciones teóricas;2024;124,809293
11 Extremadura;Hombres;De 15 a 19 años;Población estacionaria;2024;496.817,80404
11 Extremadura;Hombres;De 15 a 19 años;Tiempo por vivir;2024;6.543.368,1651
11 Extremadura;Hombres;De 15 a 19 años;Esperanza de vida;2024;65,820409
11 Extremadura;Hombres;De 20 a 24 años;Tasa de mortalidad;2024;0,359568
11 Extremadura;Hombres;De 20 a 24 años;Promedio de años vividos el último año de vida;2024;0,502894
11 Extremadura;Hombres;De 20 a 24 años;Riesgo de muerte;2024;1,796232
11 Extremadura;Hombres;De 20 a 24 años;Supervivientes;2024;99.287,640809
11 Extremadura;Hombres;De 20 a 24 años;Defunciones teóricas;2024;178,343672
11 Extremadura;Hombres;De 20 a 24 años;Población estacionaria;2024;495.994,92542
11 Extremadura;Hombres;De 20 a 24 años;Tiempo por vivir;2024;6.046.550,3611
11 Extremadura;Hombres;De 20 a 24 años;Esperanza de vida;2024;60,899326
11 Extremadura;Hombres;De 25 a 29 años;Tasa de mortalidad;2024;0,405446
11 Extremadura;Hombres;De 25 a 29 años;Promedio de años vividos el último año de vida;2024;0,360206
11 Extremadura;Hombres;De 25 a 29 años;Riesgo de muerte;2024;2,024606
11 Extremadura;Hombres;De 25 a 29 años;Supervivientes;2024;99.109,297137
11 Extremadura;Hombres;De 25 a 29 años;Defunciones teóricas;2024;200,657305
11 Extremadura;Hombres;De 25 a 29 años;Población estacionaria;2024;494.904,58933
11 Extremadura;Hombres;De 25 a 29 años;Tiempo por vivir;2024;5.550.555,4357
11 Extremadura;Hombres;De 25 a 29 años;Esperanza de vida;2024;56,004387
11 Extremadura;Hombres;De 30 a 34 años;Tasa de mortalidad;2024;0,470143
11 Extremadura;Hombres;De 30 a 34 años;Promedio de años vividos el último año de vida;2024;0,515791
11 Extremadura;Hombres;De 30 a 34 años;Riesgo de muerte;2024;2,348041
11 Extremadura;Hombres;De 30 a 34 años;Supervivientes;2024;98.908,639832
11 Extremadura;Hombres;De 30 a 34 años;Defunciones teóricas;2024;232,241567
11 Extremadura;Hombres;De 30 a 34 años;Población estacionaria;2024;493.980,93216
11 Extremadura;Hombres;De 30 a 34 años;Tiempo por vivir;2024;5.055.650,8464
11 Extremadura;Hombres;De 30 a 34 años;Esperanza de vida;2024;51,11435
11 Extremadura;Hombres;De 35 a 39 años;Tasa de mortalidad;2024;0,401758
11 Extremadura;Hombres;De 35 a 39 años;Promedio de años vividos el último año de vida;2024;0,442986
11 Extremadura;Hombres;De 35 a 39 años;Riesgo de muerte;2024;2,006545
11 Extremadura;Hombres;De 35 a 39 años;Supervivientes;2024;98.676,398266
11 Extremadura;Hombres;De 35 a 39 años;Defunciones teóricas;2024;197,998598
11 Extremadura;Hombres;De 35 a 39 años;Población estacionaria;2024;492.830,55121
11 Extremadura;Hombres;De 35 a 39 años;Tiempo por vivir;2024;4.561.669,9142
11 Extremadura;Hombres;De 35 a 39 años;Esperanza de vida;2024;46,228581
11 Extremadura;Hombres;De 40 a 44 años;Tasa de mortalidad;2024;1,111175
11 Extremadura;Hombres;De 40 a 44 años;Promedio de años vividos el último año de vida;2024;0,544568
11 Extremadura;Hombres;De 40 a 44 años;Riesgo de muerte;2024;5,54185
11 Extremadura;Hombres;De 40 a 44 años;Supervivientes;2024;98.478,399668
11 Extremadura;Hombres;De 40 a 44 años;Defunciones teóricas;2024;545,752568
11 Extremadura;Hombres;De 40 a 44 años;Población estacionaria;2024;491.149,23281
11 Extremadura;Hombres;De 40 a 44 años;Tiempo por vivir;2024;4.068.839,363
11 Extremadura;Hombres;De 40 a 44 años;Esperanza de vida;2024;41,317074
11 Extremadura;Hombres;De 45 a 49 años;Tasa de mortalidad;2024;1,926702
11 Extremadura;Hombres;De 45 a 49 años;Promedio de años vividos el último año de vida;2024;0,499211
11 Extremadura;Hombres;De 45 a 49 años;Riesgo de muerte;2024;9,58726
11 Extremadura;Hombres;De 45 a 49 años;Supervivientes;2024;97.932,6471
11 Extremadura;Hombres;De 45 a 49 años;Defunciones teóricas;2024;938,905704
11 Extremadura;Hombres;De 45 a 49 años;Población estacionaria;2024;487.312,26748
11 Extremadura;Hombres;De 45 a 49 años;Tiempo por vivir;2024;3.577.690,1302
11 Extremadura;Hombres;De 45 a 49 años;Esperanza de vida;2024;36,53215
11 Extremadura;Hombres;De 50 a 54 años;Tasa de mortalidad;2024;3,727647
11 Extremadura;Hombres;De 50 a 54 años;Promedio de años vividos el último año de vida;2024;0,591786
11 Extremadura;Hombres;De 50 a 54 años;Riesgo de muerte;2024;18,497501
11 Extremadura;Hombres;De 50 a 54 años;Supervivientes;2024;96.993,741395
11 Extremadura;Hombres;De 50 a 54 años;Defunciones teóricas;2024;1.794,141783
11 Extremadura;Hombres;De 50 a 54 años;Población estacionaria;2024;481.306,73869
11 Extremadura;Hombres;De 50 a 54 años;Tiempo por vivir;2024;3.090.377,8627
11 Extremadura;Hombres;De 50 a 54 años;Esperanza de vida;2024;31,861621
11 Extremadura;Hombres;De 55 a 59 años;Tasa de mortalidad;2024;5,640495
11 Extremadura;Hombres;De 55 a 59 años;Promedio de años vividos el último año de vida;2024;0,511023
11 Extremadura;Hombres;De 55 a 59 años;Riesgo de muerte;2024;27,818842
11 Extremadura;Hombres;De 55 a 59 años;Supervivientes;2024;95.199,599613
11 Extremadura;Hombres;De 55 a 59 años;Defunciones teóricas;2024;2.648,342656
11 Extremadura;Hombres;De 55 a 59 años;Población estacionaria;2024;469.523,10405
11 Extremadura;Hombres;De 55 a 59 años;Tiempo por vivir;2024;2.609.071,124
11 Extremadura;Hombres;De 55 a 59 años;Esperanza de vida;2024;27,406325
11 Extremadura;Hombres;De 60 a 64 años;Tasa de mortalidad;2024;9,382913
11 Extremadura;Hombres;De 60 a 64 años;Promedio de años vividos el último año de vida;2024;0,538047
11 Extremadura;Hombres;De 60 a 64 años;Riesgo de muerte;2024;45,919385
11 Extremadura;Hombres;De 60 a 64 años;Supervivientes;2024;92.551,256956
11 Extremadura;Hombres;De 60 a 64 años;Defunciones teóricas;2024;4.249,896768
11 Extremadura;Hombres;De 60 a 64 años;Población estacionaria;2024;452.940,02549
11 Extremadura;Hombres;De 60 a 64 años;Tiempo por vivir;2024;2.139.548,02
11 Extremadura;Hombres;De 60 a 64 años;Esperanza de vida;2024;23,117439
11 Extremadura;Hombres;De 65 a 69 años;Tasa de mortalidad;2024;14,672604
11 Extremadura;Hombres;De 65 a 69 años;Promedio de años vividos el último año de vida;2024;0,519783
11 Extremadura;Hombres;De 65 a 69 años;Riesgo de muerte;2024;70,866383
11 Extremadura;Hombres;De 65 a 69 años;Supervivientes;2024;88.301,360189
11 Extremadura;Hombres;De 65 a 69 años;Defunciones teóricas;2024;6.257,598048
11 Extremadura;Hombres;De 65 a 69 años;Población estacionaria;2024;426.481,77428
11 Extremadura;Hombres;De 65 a 69 años;Tiempo por vivir;2024;1.686.607,9945
11 Extremadura;Hombres;De 65 a 69 años;Esperanza de vida;2024;19,100589
11 Extremadura;Hombres;De 70 a 74 años;Tasa de mortalidad;2024;22,828722
11 Extremadura;Hombres;De 70 a 74 años;Promedio de años vividos el último año de vida;2024;0,540808
11 Extremadura;Hombres;De 70 a 74 años;Riesgo de muerte;2024;108,458864
11 Extremadura;Hombres;De 70 a 74 años;Supervivientes;2024;82.043,762141
11 Extremadura;Hombres;De 70 a 74 años;Defunciones teóricas;2024;8.898,373225
11 Extremadura;Hombres;De 70 a 74 años;Población estacionaria;2024;389.788,50498
11 Extremadura;Hombres;De 70 a 74 años;Tiempo por vivir;2024;1.260.126,2202
11 Extremadura;Hombres;De 70 a 74 años;Esperanza de vida;2024;15,359196
11 Extremadura;Hombres;De 75 a 79 años;Tasa de mortalidad;2024;37,469741
11 Extremadura;Hombres;De 75 a 79 años;Promedio de años vividos el último año de vida;2024;0,520058
11 Extremadura;Hombres;De 75 a 79 años;Riesgo de muerte;2024;171,892727
11 Extremadura;Hombres;De 75 a 79 años;Supervivientes;2024;73.145,388916
11 Extremadura;Hombres;De 75 a 79 años;Defunciones teóricas;2024;12.573,160359
11 Extremadura;Hombres;De 75 a 79 años;Población estacionaria;2024;335.555,0339
11 Extremadura;Hombres;De 75 a 79 años;Tiempo por vivir;2024;870.337,71521
11 Extremadura;Hombres;De 75 a 79 años;Esperanza de vida;2024;11,898737
11 Extremadura;Hombres;De 80 a 84 años;Tasa de mortalidad;2024;64,977951
11 Extremadura;Hombres;De 80 a 84 años;Promedio de años vividos el último año de vida;2024;0,529502
11 Extremadura;Hombres;De 80 a 84 años;Riesgo de muerte;2024;281,811991
11 Extremadura;Hombres;De 80 a 84 años;Supervivientes;2024;60.572,228557
11 Extremadura;Hombres;De 80 a 84 años;Defunciones teóricas;2024;17.069,980331
11 Extremadura;Hombres;De 80 a 84 años;Población estacionaria;2024;262.704,19419
11 Extremadura;Hombres;De 80 a 84 años;Tiempo por vivir;2024;534.782,68131
11 Extremadura;Hombres;De 80 a 84 años;Esperanza de vida;2024;8,828843
11 Extremadura;Hombres;De 85 a 89 años;Tasa de mortalidad;2024;107,32809
11 Extremadura;Hombres;De 85 a 89 años;Promedio de años vividos el último año de vida;2024;0,511245
11 Extremadura;Hombres;De 85 a 89 años;Riesgo de muerte;2024;425,133826
11 Extremadura;Hombres;De 85 a 89 años;Supervivientes;2024;43.502,248226
11 Extremadura;Hombres;De 85 a 89 años;Defunciones teóricas;2024;18.494,277247
11 Extremadura;Hombres;De 85 a 89 años;Población estacionaria;2024;172.315,34829
11 Extremadura;Hombres;De 85 a 89 años;Tiempo por vivir;2024;272.078,48712
11 Extremadura;Hombres;De 85 a 89 años;Esperanza de vida;2024;6,254355
11 Extremadura;Hombres;90 y más años;Tasa de mortalidad;2024;""
11 Extremadura;Hombres;90 y más años;Promedio de años vividos el último año de vida;2024;""
11 Extremadura;Hombres;90 y más años;Riesgo de muerte;2024;""
11 Extremadura;Hombres;90 y más años;Supervivientes;2024;""
11 Extremadura;Hombres;90 y más años;Defunciones teóricas;2024;""
11 Extremadura;Hombres;90 y más años;Población estacionaria;2024;""
11 Extremadura;Hombres;90 y más años;Tiempo por vivir;2024;""
11 Extremadura;Hombres;90 y más años;Esperanza de vida;2024;""
11 Extremadura;Hombres;De 90 a 94 años;Tasa de mortalidad;2024;201,526094
11 Extremadura;Hombres;De 90 a 94 años;Promedio de años vividos el último año de vida;2024;0,444671
11 Extremadura;Hombres;De 90 a 94 años;Riesgo de muerte;2024;646,096368
11 Extremadura;Hombres;De 90 a 94 años;Supervivientes;2024;25.007,970978
11 Extremadura;Hombres;De 90 a 94 años;Defunciones teóricas;2024;16.157,559215
11 Extremadura;Hombres;De 90 a 94 años;Población estacionaria;2024;80.176,015414
11 Extremadura;Hombres;De 90 a 94 años;Tiempo por vivir;2024;99.763,138823
11 Extremadura;Hombres;De 90 a 94 años;Esperanza de vida;2024;3,989254
11 Extremadura;Hombres;95 y más años;Tasa de mortalidad;2024;331,804983
11 Extremadura;Hombres;95 y más años;Promedio de años vividos el último año de vida;2024;2,213131
11 Extremadura;Hombres;95 y más años;Riesgo de muerte;2024;1.000
11 Extremadura;Hombres;95 y más años;Supervivientes;2024;8.850,411764
11 Extremadura;Hombres;95 y más años;Defunciones teóricas;2024;8.850,411764
11 Extremadura;Hombres;95 y más años;Población estacionaria;2024;19.587,123408
11 Extremadura;Hombres;95 y más años;Tiempo por vivir;2024;19.587,123408
11 Extremadura;Hombres;95 y más años;Esperanza de vida;2024;2,213131
11 Extremadura;Mujeres;0 años;Tasa de mortalidad;2024;3,026206
11 Extremadura;Mujeres;0 años;Promedio de años vividos el último año de vida;2024;0,122678
11 Extremadura;Mujeres;0 años;Riesgo de muerte;2024;3,018193
11 Extremadura;Mujeres;0 años;Supervivientes;2024;100.000
11 Extremadura;Mujeres;0 años;Defunciones teóricas;2024;301,819327
11 Extremadura;Mujeres;0 años;Población estacionaria;2024;99.735,207142
11 Extremadura;Mujeres;0 años;Tiempo por vivir;2024;8.598.799,5848
11 Extremadura;Mujeres;0 años;Esperanza de vida;2024;85,987996
11 Extremadura;Mujeres;De 1 a 4 años;Tasa de mortalidad;2024;0,071508
11 Extremadura;Mujeres;De 1 a 4 años;Promedio de años vividos el último año de vida;2024;0,497951
11 Extremadura;Mujeres;De 1 a 4 años;Riesgo de muerte;2024;0,285991
11 Extremadura;Mujeres;De 1 a 4 años;Supervivientes;2024;99.698,180673
11 Extremadura;Mujeres;De 1 a 4 años;Defunciones teóricas;2024;28,512817
11 Extremadura;Mujeres;De 1 a 4 años;Población estacionaria;2024;398.735,46335
11 Extremadura;Mujeres;De 1 a 4 años;Tiempo por vivir;2024;8.499.064,3777
11 Extremadura;Mujeres;De 1 a 4 años;Esperanza de vida;2024;85,247939
11 Extremadura;Mujeres;De 5 a 9 años;Tasa de mortalidad;2024;0,048256
11 Extremadura;Mujeres;De 5 a 9 años;Promedio de años vividos el último año de vida;2024;0,363388
11 Extremadura;Mujeres;De 5 a 9 años;Riesgo de muerte;2024;0,241241
11 Extremadura;Mujeres;De 5 a 9 años;Supervivientes;2024;99.669,667856
11 Extremadura;Mujeres;De 5 a 9 años;Defunciones teóricas;2024;24,044379
11 Extremadura;Mujeres;De 5 a 9 años;Población estacionaria;2024;498.271,80457
11 Extremadura;Mujeres;De 5 a 9 años;Tiempo por vivir;2024;8.100.328,9143
11 Extremadura;Mujeres;De 5 a 9 años;Esperanza de vida;2024;81,271756
11 Extremadura;Mujeres;De 10 a 14 años;Tasa de mortalidad;2024;0,083613
11 Extremadura;Mujeres;De 10 a 14 años;Promedio de años vividos el último año de vida;2024;0,426932
11 Extremadura;Mujeres;De 10 a 14 años;Riesgo de muerte;2024;0,417964
11 Extremadura;Mujeres;De 10 a 14 años;Supervivientes;2024;99.645,623476
11 Extremadura;Mujeres;De 10 a 14 años;Defunciones teóricas;2024;41,648259
11 Extremadura;Mujeres;De 10 a 14 años;Población estacionaria;2024;498.108,78106
11 Extremadura;Mujeres;De 10 a 14 años;Tiempo por vivir;2024;7.602.057,1097
11 Extremadura;Mujeres;De 10 a 14 años;Esperanza de vida;2024;76,290928
11 Extremadura;Mujeres;De 15 a 19 años;Tasa de mortalidad;2024;0,075368
11 Extremadura;Mujeres;De 15 a 19 años;Promedio de años vividos el último año de vida;2024;0,639787
11 Extremadura;Mujeres;De 15 a 19 años;Riesgo de muerte;2024;0,376791
11 Extremadura;Mujeres;De 15 a 19 años;Supervivientes;2024;99.603,975218
11 Extremadura;Mujeres;De 15 a 19 años;Defunciones teóricas;2024;37,529845
11 Extremadura;Mujeres;De 15 a 19 años;Población estacionaria;2024;497.952,28233
11 Extremadura;Mujeres;De 15 a 19 años;Tiempo por vivir;2024;7.103.948,3287
11 Extremadura;Mujeres;De 15 a 19 años;Esperanza de vida;2024;71,321936
11 Extremadura;Mujeres;De 20 a 24 años;Tasa de mortalidad;2024;0,150668
11 Extremadura;Mujeres;De 20 a 24 años;Promedio de años vividos el último año de vida;2024;0,494644
11 Extremadura;Mujeres;De 20 a 24 años;Riesgo de muerte;2024;0,753055
11 Extremadura;Mujeres;De 20 a 24 años;Supervivientes;2024;99.566,445373
11 Extremadura;Mujeres;De 20 a 24 años;Defunciones teóricas;2024;74,979059
11 Extremadura;Mujeres;De 20 a 24 años;Población estacionaria;2024;497.642,77118
11 Extremadura;Mujeres;De 20 a 24 años;Tiempo por vivir;2024;6.605.996,0463
11 Extremadura;Mujeres;De 20 a 24 años;Esperanza de vida;2024;66,347614
11 Extremadura;Mujeres;De 25 a 29 años;Tasa de mortalidad;2024;0,196179
11 Extremadura;Mujeres;De 25 a 29 años;Promedio de años vividos el último año de vida;2024;0,547236
11 Extremadura;Mujeres;De 25 a 29 años;Riesgo de muerte;2024;0,980462
11 Extremadura;Mujeres;De 25 a 29 años;Supervivientes;2024;99.491,466314
11 Extremadura;Mujeres;De 25 a 29 años;Defunciones teóricas;2024;97,547582
11 Extremadura;Mujeres;De 25 a 29 años;Población estacionaria;2024;497.236,50125
11 Extremadura;Mujeres;De 25 a 29 años;Tiempo por vivir;2024;6.108.353,2752
11 Extremadura;Mujeres;De 25 a 29 años;Esperanza de vida;2024;61,395751
11 Extremadura;Mujeres;De 30 a 34 años;Tasa de mortalidad;2024;0,140997
11 Extremadura;Mujeres;De 30 a 34 años;Promedio de años vividos el último año de vida;2024;0,395272
11 Extremadura;Mujeres;De 30 a 34 años;Riesgo de muerte;2024;0,704683
11 Extremadura;Mujeres;De 30 a 34 años;Supervivientes;2024;99.393,918732
11 Extremadura;Mujeres;De 30 a 34 años;Defunciones teóricas;2024;70,041187
11 Extremadura;Mujeres;De 30 a 34 años;Población estacionaria;2024;496.757,8142
11 Extremadura;Mujeres;De 30 a 34 años;Tiempo por vivir;2024;5.611.116,7739
11 Extremadura;Mujeres;De 30 a 34 años;Esperanza de vida;2024;56,453321
11 Extremadura;Mujeres;De 35 a 39 años;Tasa de mortalidad;2024;0,319673
11 Extremadura;Mujeres;De 35 a 39 años;Promedio de años vividos el último año de vida;2024;0,546001
11 Extremadura;Mujeres;De 35 a 39 años;Riesgo de muerte;2024;1,597203
11 Extremadura;Mujeres;De 35 a 39 años;Supervivientes;2024;99.323,877545
11 Extremadura;Mujeres;De 35 a 39 años;Defunciones teóricas;2024;158,640444
11 Extremadura;Mujeres;De 35 a 39 años;Población estacionaria;2024;496.259,27492
11 Extremadura;Mujeres;De 35 a 39 años;Tiempo por vivir;2024;5.114.358,9597
11 Extremadura;Mujeres;De 35 a 39 años;Esperanza de vida;2024;51,491737
11 Extremadura;Mujeres;De 40 a 44 años;Tasa de mortalidad;2024;0,471456
11 Extremadura;Mujeres;De 40 a 44 años;Promedio de años vividos el último año de vida;2024;0,493577
11 Extremadura;Mujeres;De 40 a 44 años;Riesgo de muerte;2024;2,354467
11 Extremadura;Mujeres;De 40 a 44 años;Supervivientes;2024;99.165,237101
11 Extremadura;Mujeres;De 40 a 44 años;Defunciones teóricas;2024;233,481304
11 Extremadura;Mujeres;De 40 a 44 años;Población estacionaria;2024;495.234,98453
11 Extremadura;Mujeres;De 40 a 44 años;Tiempo por vivir;2024;4.618.099,6848
11 Extremadura;Mujeres;De 40 a 44 años;Esperanza de vida;2024;46,569744
11 Extremadura;Mujeres;De 45 a 49 años;Tasa de mortalidad;2024;1,031866
11 Extremadura;Mujeres;De 45 a 49 años;Promedio de años vividos el último año de vida;2024;0,507505
11 Extremadura;Mujeres;De 45 a 49 años;Riesgo de muerte;2024;5,146254
11 Extremadura;Mujeres;De 45 a 49 años;Supervivientes;2024;98.931,755797
11 Extremadura;Mujeres;De 45 a 49 años;Defunciones teóricas;2024;509,127977
11 Extremadura;Mujeres;De 45 a 49 años;Población estacionaria;2024;493.405,06363
11 Extremadura;Mujeres;De 45 a 49 años;Tiempo por vivir;2024;4.122.864,7003
11 Extremadura;Mujeres;De 45 a 49 años;Esperanza de vida;2024;41,673825
11 Extremadura;Mujeres;De 50 a 54 años;Tasa de mortalidad;2024;1,959593
11 Extremadura;Mujeres;De 50 a 54 años;Promedio de años vividos el último año de vida;2024;0,579518
11 Extremadura;Mujeres;De 50 a 54 años;Riesgo de muerte;2024;9,757765
11 Extremadura;Mujeres;De 50 a 54 años;Supervivientes;2024;98.422,62782
11 Extremadura;Mujeres;De 50 a 54 años;Defunciones teóricas;2024;960,384829
11 Extremadura;Mujeres;De 50 a 54 años;Población estacionaria;2024;490.094,01835
11 Extremadura;Mujeres;De 50 a 54 años;Tiempo por vivir;2024;3.629.459,6366
11 Extremadura;Mujeres;De 50 a 54 años;Esperanza de vida;2024;36,876272
11 Extremadura;Mujeres;De 55 a 59 años;Tasa de mortalidad;2024;2,92376
11 Extremadura;Mujeres;De 55 a 59 años;Promedio de años vividos el último año de vida;2024;0,507744
11 Extremadura;Mujeres;De 55 a 59 años;Riesgo de muerte;2024;14,514352
11 Extremadura;Mujeres;De 55 a 59 años;Supervivientes;2024;97.462,242991
11 Extremadura;Mujeres;De 55 a 59 años;Defunciones teóricas;2024;1.414,601288
11 Extremadura;Mujeres;De 55 a 59 años;Población estacionaria;2024;483.829,488
11 Extremadura;Mujeres;De 55 a 59 años;Tiempo por vivir;2024;3.139.365,6183
11 Extremadura;Mujeres;De 55 a 59 años;Esperanza de vida;2024;32,211096
11 Extremadura;Mujeres;De 60 a 64 años;Tasa de mortalidad;2024;4,541335
11 Extremadura;Mujeres;De 60 a 64 años;Promedio de años vividos el último año de vida;2024;0,542905
11 Extremadura;Mujeres;De 60 a 64 años;Riesgo de muerte;2024;22,473419
11 Extremadura;Mujeres;De 60 a 64 años;Supervivientes;2024;96.047,641702
11 Extremadura;Mujeres;De 60 a 64 años;Defunciones teóricas;2024;2.158,518925
11 Extremadura;Mujeres;De 60 a 64 años;Población estacionaria;2024;475.304,97162
11 Extremadura;Mujeres;De 60 a 64 años;Tiempo por vivir;2024;2.655.536,1303
11 Extremadura;Mujeres;De 60 a 64 años;Esperanza de vida;2024;27,648114
11 Extremadura;Mujeres;De 65 a 69 años;Tasa de mortalidad;2024;6,370069
11 Extremadura;Mujeres;De 65 a 69 años;Promedio de años vividos el último año de vida;2024;0,566777
11 Extremadura;Mujeres;De 65 a 69 años;Riesgo de muerte;2024;31,416848
11 Extremadura;Mujeres;De 65 a 69 años;Supervivientes;2024;93.889,122777
11 Extremadura;Mujeres;De 65 a 69 años;Defunciones teóricas;2024;2.949,700269
11 Extremadura;Mujeres;De 65 a 69 años;Población estacionaria;2024;463.056,2258
11 Extremadura;Mujeres;De 65 a 69 años;Tiempo por vivir;2024;2.180.231,1587
11 Extremadura;Mujeres;De 65 a 69 años;Esperanza de vida;2024;23,221339
11 Extremadura;Mujeres;De 70 a 74 años;Tasa de mortalidad;2024;9,608343
11 Extremadura;Mujeres;De 70 a 74 años;Promedio de años vividos el último año de vida;2024;0,536097
11 Extremadura;Mujeres;De 70 a 74 años;Riesgo de muerte;2024;46,994366
11 Extremadura;Mujeres;De 70 a 74 años;Supervivientes;2024;90.939,422509
11 Extremadura;Mujeres;De 70 a 74 años;Defunciones teóricas;2024;4.273,640472
11 Extremadura;Mujeres;De 70 a 74 años;Población estacionaria;2024;444.784,34631
11 Extremadura;Mujeres;De 70 a 74 años;Tiempo por vivir;2024;1.717.174,9329
11 Extremadura;Mujeres;De 70 a 74 años;Esperanza de vida;2024;18,882624
11 Extremadura;Mujeres;De 75 a 79 años;Tasa de mortalidad;2024;19,535424
11 Extremadura;Mujeres;De 75 a 79 años;Promedio de años vividos el último año de vida;2024;0,545918
11 Extremadura;Mujeres;De 75 a 79 años;Riesgo de muerte;2024;93,528799
11 Extremadura;Mujeres;De 75 a 79 años;Supervivientes;2024;86.665,782037
11 Extremadura;Mujeres;De 75 a 79 años;Defunciones teóricas;2024;8.105,746532
11 Extremadura;Mujeres;De 75 a 79 años;Población estacionaria;2024;414.925,54928
11 Extremadura;Mujeres;De 75 a 79 años;Tiempo por vivir;2024;1.272.390,5866
11 Extremadura;Mujeres;De 75 a 79 años;Esperanza de vida;2024;14,68158
11 Extremadura;Mujeres;De 80 a 84 años;Tasa de mortalidad;2024;35,734884
11 Extremadura;Mujeres;De 80 a 84 años;Promedio de años vividos el último año de vida;2024;0,553648
11 Extremadura;Mujeres;De 80 a 84 años;Riesgo de muerte;2024;165,477331
11 Extremadura;Mujeres;De 80 a 84 años;Supervivientes;2024;78.560,035505
11 Extremadura;Mujeres;De 80 a 84 años;Defunciones teóricas;2024;12.999,905032
11 Extremadura;Mujeres;De 80 a 84 años;Población estacionaria;2024;363.787,5215
11 Extremadura;Mujeres;De 80 a 84 años;Tiempo por vivir;2024;857.465,03728
11 Extremadura;Mujeres;De 80 a 84 años;Esperanza de vida;2024;10,914774
11 Extremadura;Mujeres;De 85 a 89 años;Tasa de mortalidad;2024;75,49525
11 Extremadura;Mujeres;De 85 a 89 años;Promedio de años vividos el último año de vida;2024;0,541848
11 Extremadura;Mujeres;De 85 a 89 años;Riesgo de muerte;2024;321,820145
11 Extremadura;Mujeres;De 85 a 89 años;Supervivientes;2024;65.560,130473
11 Extremadura;Mujeres;De 85 a 89 años;Defunciones teóricas;2024;21.098,570713
11 Extremadura;Mujeres;De 85 a 89 años;Población estacionaria;2024;279.468,84983
11 Extremadura;Mujeres;De 85 a 89 años;Tiempo por vivir;2024;493.677,51578
11 Extremadura;Mujeres;De 85 a 89 años;Esperanza de vida;2024;7,530148
11 Extremadura;Mujeres;90 y más años;Tasa de mortalidad;2024;""
11 Extremadura;Mujeres;90 y más años;Promedio de años vividos el último año de vida;2024;""
11 Extremadura;Mujeres;90 y más años;Riesgo de muerte;2024;""
11 Extremadura;Mujeres;90 y más años;Supervivientes;2024;""
11 Extremadura;Mujeres;90 y más años;Defunciones teóricas;2024;""
11 Extremadura;Mujeres;90 y más años;Población estacionaria;2024;""
11 Extremadura;Mujeres;90 y más años;Tiempo por vivir;2024;""
11 Extremadura;Mujeres;90 y más años;Esperanza de vida;2024;""
11 Extremadura;Mujeres;De 90 a 94 años;Tasa de mortalidad;2024;159,474262
11 Extremadura;Mujeres;De 90 a 94 años;Promedio de años vividos el último año de vida;2024;0,483711
11 Extremadura;Mujeres;De 90 a 94 años;Riesgo de muerte;2024;564,840968
11 Extremadura;Mujeres;De 90 a 94 años;Supervivientes;2024;44.461,55976
11 Extremadura;Mujeres;De 90 a 94 años;Defunciones teóricas;2024;25.113,710469
11 Extremadura;Mujeres;De 90 a 94 años;Población estacionaria;2024;157.478,14211
11 Extremadura;Mujeres;De 90 a 94 años;Tiempo por vivir;2024;214.208,66595
11 Extremadura;Mujeres;De 90 a 94 años;Esperanza de vida;2024;4,81784
11 Extremadura;Mujeres;95 y más años;Tasa de mortalidad;2024;287,762857
11 Extremadura;Mujeres;95 y más años;Promedio de años vividos el último año de vida;2024;2,932136
11 Extremadura;Mujeres;95 y más años;Riesgo de muerte;2024;1.000
11 Extremadura;Mujeres;95 y más años;Supervivientes;2024;19.347,849292
11 Extremadura;Mujeres;95 y más años;Defunciones teóricas;2024;19.347,849292
11 Extremadura;Mujeres;95 y más años;Población estacionaria;2024;56.730,523835
11 Extremadura;Mujeres;95 y más años;Tiempo por vivir;2024;56.730,523835
11 Extremadura;Mujeres;95 y más años;Esperanza de vida;2024;2,932136
12 Galicia;Ambos sexos;0 años;Tasa de mortalidad;2024;1,447918
12 Galicia;Ambos sexos;0 años;Promedio de años vividos el último año de vida;2024;0,047951
12 Galicia;Ambos sexos;0 años;Riesgo de muerte;2024;1,445925
12 Galicia;Ambos sexos;0 años;Supervivientes;2024;100.000
12 Galicia;Ambos sexos;0 años;Defunciones teóricas;2024;144,592478
12 Galicia;Ambos sexos;0 años;Población estacionaria;2024;99.862,34085
12 Galicia;Ambos sexos;0 años;Tiempo por vivir;2024;8.408.775,2647
12 Galicia;Ambos sexos;0 años;Esperanza de vida;2024;84,087753
12 Galicia;Ambos sexos;De 1 a 4 años;Tasa de mortalidad;2024;0,097899
12 Galicia;Ambos sexos;De 1 a 4 años;Promedio de años vividos el último año de vida;2024;0,372706
12 Galicia;Ambos sexos;De 1 a 4 años;Riesgo de muerte;2024;0,391499
12 Galicia;Ambos sexos;De 1 a 4 años;Supervivientes;2024;99.855,407522
12 Galicia;Ambos sexos;De 1 a 4 años;Defunciones teóricas;2024;39,093317
12 Galicia;Ambos sexos;De 1 a 4 años;Población estacionaria;2024;399.323,53805
12 Galicia;Ambos sexos;De 1 a 4 años;Tiempo por vivir;2024;8.308.912,9238
12 Galicia;Ambos sexos;De 1 a 4 años;Esperanza de vida;2024;83,209444
12 Galicia;Ambos sexos;De 5 a 9 años;Tasa de mortalidad;2024;0,061051
12 Galicia;Ambos sexos;De 5 a 9 años;Promedio de años vividos el último año de vida;2024;0,427611
12 Galicia;Ambos sexos;De 5 a 9 años;Riesgo de muerte;2024;0,305199
12 Galicia;Ambos sexos;De 5 a 9 años;Supervivientes;2024;99.816,314205
12 Galicia;Ambos sexos;De 5 a 9 años;Defunciones teóricas;2024;30,46387
12 Galicia;Ambos sexos;De 5 a 9 años;Población estacionaria;2024;498.994,3851
12 Galicia;Ambos sexos;De 5 a 9 años;Tiempo por vivir;2024;7.909.589,3858
12 Galicia;Ambos sexos;De 5 a 9 años;Esperanza de vida;2024;79,241449
12 Galicia;Ambos sexos;De 10 a 14 años;Tasa de mortalidad;2024;0,058093
12 Galicia;Ambos sexos;De 10 a 14 años;Promedio de años vividos el último año de vida;2024;0,823291
12 Galicia;Ambos sexos;De 10 a 14 años;Riesgo de muerte;2024;0,290451
12 Galicia;Ambos sexos;De 10 a 14 años;Supervivientes;2024;99.785,850335
12 Galicia;Ambos sexos;De 10 a 14 años;Defunciones teóricas;2024;28,982935
12 Galicia;Ambos sexos;De 10 a 14 años;Población estacionaria;2024;498.903,64402
12 Galicia;Ambos sexos;De 10 a 14 años;Tiempo por vivir;2024;7.410.595,0007
12 Galicia;Ambos sexos;De 10 a 14 años;Esperanza de vida;2024;74,264988
12 Galicia;Ambos sexos;De 15 a 19 años;Tasa de mortalidad;2024;0,122622
12 Galicia;Ambos sexos;De 15 a 19 años;Promedio de años vividos el último año de vida;2024;0,578987
12 Galicia;Ambos sexos;De 15 a 19 años;Riesgo de muerte;2024;0,612951
12 Galicia;Ambos sexos;De 15 a 19 años;Supervivientes;2024;99.756,8674
12 Galicia;Ambos sexos;De 15 a 19 años;Defunciones teóricas;2024;61,146036
12 Galicia;Ambos sexos;De 15 a 19 años;Población estacionaria;2024;498.655,62051
12 Galicia;Ambos sexos;De 15 a 19 años;Tiempo por vivir;2024;6.911.691,3567
12 Galicia;Ambos sexos;De 15 a 19 años;Esperanza de vida;2024;69,285369
12 Galicia;Ambos sexos;De 20 a 24 años;Tasa de mortalidad;2024;0,252899
12 Galicia;Ambos sexos;De 20 a 24 años;Promedio de años vividos el último año de vida;2024;0,593919
12 Galicia;Ambos sexos;De 20 a 24 años;Riesgo de muerte;2024;1,263845
12 Galicia;Ambos sexos;De 20 a 24 años;Supervivientes;2024;99.695,721364
12 Galicia;Ambos sexos;De 20 a 24 años;Defunciones teóricas;2024;125,999913
12 Galicia;Ambos sexos;De 20 a 24 años;Población estacionaria;2024;498.222,77566
12 Galicia;Ambos sexos;De 20 a 24 años;Tiempo por vivir;2024;6.413.035,7361
12 Galicia;Ambos sexos;De 20 a 24 años;Esperanza de vida;2024;64,326088
12 Galicia;Ambos sexos;De 25 a 29 años;Tasa de mortalidad;2024;0,307195
12 Galicia;Ambos sexos;De 25 a 29 años;Promedio de años vividos el último año de vida;2024;0,507461
12 Galicia;Ambos sexos;De 25 a 29 años;Riesgo de muerte;2024;1,534814
12 Galicia;Ambos sexos;De 25 a 29 años;Supervivientes;2024;99.569,721451
12 Galicia;Ambos sexos;De 25 a 29 años;Defunciones teóricas;2024;152,820981
12 Galicia;Ambos sexos;De 25 a 29 años;Población estacionaria;2024;497.472,25564
12 Galicia;Ambos sexos;De 25 a 29 años;Tiempo por vivir;2024;5.914.812,9605
12 Galicia;Ambos sexos;De 25 a 29 años;Esperanza de vida;2024;59,403731
12 Galicia;Ambos sexos;De 30 a 34 años;Tasa de mortalidad;2024;0,316184
12 Galicia;Ambos sexos;De 30 a 34 años;Promedio de años vividos el último año de vida;2024;0,543495
12 Galicia;Ambos sexos;De 30 a 34 años;Riesgo de muerte;2024;1,57978
12 Galicia;Ambos sexos;De 30 a 34 años;Supervivientes;2024;99.416,90047
12 Galicia;Ambos sexos;De 30 a 34 años;Defunciones teóricas;2024;157,056823
12 Galicia;Ambos sexos;De 30 a 34 años;Población estacionaria;2024;496.726,01601
12 Galicia;Ambos sexos;De 30 a 34 años;Tiempo por vivir;2024;5.417.340,7048
12 Galicia;Ambos sexos;De 30 a 34 años;Esperanza de vida;2024;54,491145
12 Galicia;Ambos sexos;De 35 a 39 años;Tasa de mortalidad;2024;0,544064
12 Galicia;Ambos sexos;De 35 a 39 años;Promedio de años vividos el último año de vida;2024;0,532261
12 Galicia;Ambos sexos;De 35 a 39 años;Riesgo de muerte;2024;2,716862
12 Galicia;Ambos sexos;De 35 a 39 años;Supervivientes;2024;99.259,843647
12 Galicia;Ambos sexos;De 35 a 39 años;Defunciones teóricas;2024;269,675311
12 Galicia;Ambos sexos;De 35 a 39 años;Población estacionaria;2024;495.668,53015
12 Galicia;Ambos sexos;De 35 a 39 años;Tiempo por vivir;2024;4.920.614,6888
12 Galicia;Ambos sexos;De 35 a 39 años;Esperanza de vida;2024;49,573065
12 Galicia;Ambos sexos;De 40 a 44 años;Tasa de mortalidad;2024;0,889953
12 Galicia;Ambos sexos;De 40 a 44 años;Promedio de años vividos el último año de vida;2024;0,513069
12 Galicia;Ambos sexos;De 40 a 44 años;Riesgo de muerte;2024;4,440144
12 Galicia;Ambos sexos;De 40 a 44 años;Supervivientes;2024;98.990,168335
12 Galicia;Ambos sexos;De 40 a 44 años;Defunciones teóricas;2024;439,530604
12 Galicia;Ambos sexos;De 40 a 44 años;Población estacionaria;2024;493.880,73724
12 Galicia;Ambos sexos;De 40 a 44 años;Tiempo por vivir;2024;4.424.946,1587
12 Galicia;Ambos sexos;De 40 a 44 años;Esperanza de vida;2024;44,700865
12 Galicia;Ambos sexos;De 45 a 49 años;Tasa de mortalidad;2024;1,424478
12 Galicia;Ambos sexos;De 45 a 49 años;Promedio de años vividos el último año de vida;2024;0,550738
12 Galicia;Ambos sexos;De 45 a 49 años;Riesgo de muerte;2024;7,099675
12 Galicia;Ambos sexos;De 45 a 49 años;Supervivientes;2024;98.550,637731
12 Galicia;Ambos sexos;De 45 a 49 años;Defunciones teóricas;2024;699,67746
12 Galicia;Ambos sexos;De 45 a 49 años;Población estacionaria;2024;491.181,49702
12 Galicia;Ambos sexos;De 45 a 49 años;Tiempo por vivir;2024;3.931.065,4214
12 Galicia;Ambos sexos;De 45 a 49 años;Esperanza de vida;2024;39,888787
12 Galicia;Ambos sexos;De 50 a 54 años;Tasa de mortalidad;2024;2,559468
12 Galicia;Ambos sexos;De 50 a 54 años;Promedio de años vividos el último año de vida;2024;0,558964
12 Galicia;Ambos sexos;De 50 a 54 años;Riesgo de muerte;2024;12,725517
12 Galicia;Ambos sexos;De 50 a 54 años;Supervivientes;2024;97.850,960271
12 Galicia;Ambos sexos;De 50 a 54 años;Defunciones teóricas;2024;1.245,20407
12 Galicia;Ambos sexos;De 50 a 54 años;Población estacionaria;2024;486.508,90406
12 Galicia;Ambos sexos;De 50 a 54 años;Tiempo por vivir;2024;3.439.883,9244
12 Galicia;Ambos sexos;De 50 a 54 años;Esperanza de vida;2024;35,15432
12 Galicia;Ambos sexos;De 55 a 59 años;Tasa de mortalidad;2024;4,263192
12 Galicia;Ambos sexos;De 55 a 59 años;Promedio de años vividos el último año de vida;2024;0,530634
12 Galicia;Ambos sexos;De 55 a 59 años;Riesgo de muerte;2024;21,104807
12 Galicia;Ambos sexos;De 55 a 59 años;Supervivientes;2024;96.605,756201
12 Galicia;Ambos sexos;De 55 a 59 años;Defunciones teóricas;2024;2.038,845869
12 Galicia;Ambos sexos;De 55 a 59 años;Población estacionaria;2024;478.243,95474
12 Galicia;Ambos sexos;De 55 a 59 años;Tiempo por vivir;2024;2.953.375,0204
12 Galicia;Ambos sexos;De 55 a 59 años;Esperanza de vida;2024;30,571419
12 Galicia;Ambos sexos;De 60 a 64 años;Tasa de mortalidad;2024;6,607079
12 Galicia;Ambos sexos;De 60 a 64 años;Promedio de años vividos el último año de vida;2024;0,525996
12 Galicia;Ambos sexos;De 60 a 64 años;Riesgo de muerte;2024;32,526073
12 Galicia;Ambos sexos;De 60 a 64 años;Supervivientes;2024;94.566,910332
12 Galicia;Ambos sexos;De 60 a 64 años;Defunciones teóricas;2024;3.075,890242
12 Galicia;Ambos sexos;De 60 a 64 años;Población estacionaria;2024;465.544,62781
12 Galicia;Ambos sexos;De 60 a 64 años;Tiempo por vivir;2024;2.475.131,0656
12 Galicia;Ambos sexos;De 60 a 64 años;Esperanza de vida;2024;26,173331
12 Galicia;Ambos sexos;De 65 a 69 años;Tasa de mortalidad;2024;9,982395
12 Galicia;Ambos sexos;De 65 a 69 años;Promedio de años vividos el último año de vida;2024;0,527273
12 Galicia;Ambos sexos;De 65 a 69 años;Riesgo de muerte;2024;48,761464
12 Galicia;Ambos sexos;De 65 a 69 años;Supervivientes;2024;91.491,02009
12 Galicia;Ambos sexos;De 65 a 69 años;Defunciones teóricas;2024;4.461,236073
12 Galicia;Ambos sexos;De 65 a 69 años;Población estacionaria;2024;446.910,37307
12 Galicia;Ambos sexos;De 65 a 69 años;Tiempo por vivir;2024;2.009.586,4378
12 Galicia;Ambos sexos;De 65 a 69 años;Esperanza de vida;2024;21,964849
12 Galicia;Ambos sexos;De 70 a 74 años;Tasa de mortalidad;2024;14,440829
12 Galicia;Ambos sexos;De 70 a 74 años;Promedio de años vividos el último año de vida;2024;0,53234
12 Galicia;Ambos sexos;De 70 a 74 años;Riesgo de muerte;2024;69,845667
12 Galicia;Ambos sexos;De 70 a 74 años;Supervivientes;2024;87.029,784017
12 Galicia;Ambos sexos;De 70 a 74 años;Defunciones teóricas;2024;6.078,653283
12 Galicia;Ambos sexos;De 70 a 74 años;Población estacionaria;2024;420.935,21679
12 Galicia;Ambos sexos;De 70 a 74 años;Tiempo por vivir;2024;1.562.676,0648
12 Galicia;Ambos sexos;De 70 a 74 años;Esperanza de vida;2024;17,955647
12 Galicia;Ambos sexos;De 75 a 79 años;Tasa de mortalidad;2024;23,764936
12 Galicia;Ambos sexos;De 75 a 79 años;Promedio de años vividos el último año de vida;2024;0,543373
12 Galicia;Ambos sexos;De 75 a 79 años;Riesgo de muerte;2024;112,709236
12 Galicia;Ambos sexos;De 75 a 79 años;Supervivientes;2024;80.951,130735
12 Galicia;Ambos sexos;De 75 a 79 años;Defunciones teóricas;2024;9.123,940063
12 Galicia;Ambos sexos;De 75 a 79 años;Población estacionaria;2024;383.924,44875
12 Galicia;Ambos sexos;De 75 a 79 años;Tiempo por vivir;2024;1.141.740,848
12 Galicia;Ambos sexos;De 75 a 79 años;Esperanza de vida;2024;14,104075
12 Galicia;Ambos sexos;De 80 a 84 años;Tasa de mortalidad;2024;41,404705
12 Galicia;Ambos sexos;De 80 a 84 años;Promedio de años vividos el último año de vida;2024;0,536027
12 Galicia;Ambos sexos;De 80 a 84 años;Riesgo de muerte;2024;188,88087
12 Galicia;Ambos sexos;De 80 a 84 años;Supervivientes;2024;71.827,190671
12 Galicia;Ambos sexos;De 80 a 84 años;Defunciones teóricas;2024;13.566,782276
12 Galicia;Ambos sexos;De 80 a 84 años;Población estacionaria;2024;327.662,81911
12 Galicia;Ambos sexos;De 80 a 84 años;Tiempo por vivir;2024;757.816,3992
12 Galicia;Ambos sexos;De 80 a 84 años;Esperanza de vida;2024;10,55055
12 Galicia;Ambos sexos;De 85 a 89 años;Tasa de mortalidad;2024;80,810946
12 Galicia;Ambos sexos;De 85 a 89 años;Promedio de años vividos el último año de vida;2024;0,520935
12 Galicia;Ambos sexos;De 85 a 89 años;Riesgo de muerte;2024;338,526676
12 Galicia;Ambos sexos;De 85 a 89 años;Supervivientes;2024;58.260,408395
12 Galicia;Ambos sexos;De 85 a 89 años;Defunciones teóricas;2024;19.722,702393
12 Galicia;Ambos sexos;De 85 a 89 años;Población estacionaria;2024;244.059,78873
12 Galicia;Ambos sexos;De 85 a 89 años;Tiempo por vivir;2024;430.153,58009
12 Galicia;Ambos sexos;De 85 a 89 años;Esperanza de vida;2024;7,383292
12 Galicia;Ambos sexos;90 y más años;Tasa de mortalidad;2024;""
12 Galicia;Ambos sexos;90 y más años;Promedio de años vividos el último año de vida;2024;""
12 Galicia;Ambos sexos;90 y más años;Riesgo de muerte;2024;""
12 Galicia;Ambos sexos;90 y más años;Supervivientes;2024;""
12 Galicia;Ambos sexos;90 y más años;Defunciones teóricas;2024;""
12 Galicia;Ambos sexos;90 y más años;Población estacionaria;2024;""
12 Galicia;Ambos sexos;90 y más años;Tiempo por vivir;2024;""
12 Galicia;Ambos sexos;90 y más años;Esperanza de vida;2024;""
12 Galicia;Ambos sexos;De 90 a 94 años;Tasa de mortalidad;2024;157,215568
12 Galicia;Ambos sexos;De 90 a 94 años;Promedio de años vividos el último año de vida;2024;0,481683
12 Galicia;Ambos sexos;De 90 a 94 años;Riesgo de muerte;2024;558,517146
12 Galicia;Ambos sexos;De 90 a 94 años;Supervivientes;2024;38.537,706002
12 Galicia;Ambos sexos;De 90 a 94 años;Defunciones teóricas;2024;21.523,969573
12 Galicia;Ambos sexos;De 90 a 94 años;Población estacionaria;2024;136.907,3679
12 Galicia;Ambos sexos;De 90 a 94 años;Tiempo por vivir;2024;186.093,79137
12 Galicia;Ambos sexos;De 90 a 94 años;Esperanza de vida;2024;4,828876
12 Galicia;Ambos sexos;95 y más años;Tasa de mortalidad;2024;285,307001
12 Galicia;Ambos sexos;95 y más años;Promedio de años vividos el último año de vida;2024;2,890983
12 Galicia;Ambos sexos;95 y más años;Riesgo de muerte;2024;1.000
12 Galicia;Ambos sexos;95 y más años;Supervivientes;2024;17.013,73643
12 Galicia;Ambos sexos;95 y más años;Defunciones teóricas;2024;17.013,73643
12 Galicia;Ambos sexos;95 y más años;Población estacionaria;2024;49.186,423465
12 Galicia;Ambos sexos;95 y más años;Tiempo por vivir;2024;49.186,423465
12 Galicia;Ambos sexos;95 y más años;Esperanza de vida;2024;2,890983
12 Galicia;Hombres;0 años;Tasa de mortalidad;2024;1,692514
12 Galicia;Hombres;0 años;Promedio de años vividos el último año de vida;2024;0,04531
12 Galicia;Hombres;0 años;Riesgo de muerte;2024;1,689784
12 Galicia;Hombres;0 años;Supervivientes;2024;100.000
12 Galicia;Hombres;0 años;Defunciones teóricas;2024;168,978385
12 Galicia;Hombres;0 años;Población estacionaria;2024;99.838,677967
12 Galicia;Hombres;0 años;Tiempo por vivir;2024;8.122.679,5946
12 Galicia;Hombres;0 años;Esperanza de vida;2024;81,226796
12 Galicia;Hombres;De 1 a 4 años;Tasa de mortalidad;2024;0,065053
12 Galicia;Hombres;De 1 a 4 años;Promedio de años vividos el último año de vida;2024;0,345779
12 Galicia;Hombres;De 1 a 4 años;Riesgo de muerte;2024;0,260166
12 Galicia;Hombres;De 1 a 4 años;Supervivientes;2024;99.831,021615
12 Galicia;Hombres;De 1 a 4 años;Defunciones teóricas;2024;25,972657
12 Galicia;Hombres;De 1 a 4 años;Población estacionaria;2024;399.256,11901
12 Galicia;Hombres;De 1 a 4 años;Tiempo por vivir;2024;8.022.840,9166
12 Galicia;Hombres;De 1 a 4 años;Esperanza de vida;2024;80,364207
12 Galicia;Hombres;De 5 a 9 años;Tasa de mortalidad;2024;0,056089
12 Galicia;Hombres;De 5 a 9 años;Promedio de años vividos el último año de vida;2024;0,571905
12 Galicia;Hombres;De 5 a 9 años;Riesgo de muerte;2024;0,280411
12 Galicia;Hombres;De 5 a 9 años;Supervivientes;2024;99.805,048959
12 Galicia;Hombres;De 5 a 9 años;Defunciones teóricas;2024;27,98641
12 Galicia;Hombres;De 5 a 9 años;Población estacionaria;2024;498.965,34053
12 Galicia;Hombres;De 5 a 9 años;Tiempo por vivir;2024;7.623.584,7976
12 Galicia;Hombres;De 5 a 9 años;Esperanza de vida;2024;76,384761
12 Galicia;Hombres;De 10 a 14 años;Tasa de mortalidad;2024;0,064111
12 Galicia;Hombres;De 10 a 14 años;Promedio de años vividos el último año de vida;2024;0,820424
12 Galicia;Hombres;De 10 a 14 años;Riesgo de muerte;2024;0,320539
12 Galicia;Hombres;De 10 a 14 años;Supervivientes;2024;99.777,062548
12 Galicia;Hombres;De 10 a 14 años;Defunciones teóricas;2024;31,982406
12 Galicia;Hombres;De 10 a 14 años;Población estacionaria;2024;498.856,59642
12 Galicia;Hombres;De 10 a 14 años;Tiempo por vivir;2024;7.124.619,4571
12 Galicia;Hombres;De 10 a 14 años;Esperanza de vida;2024;71,405384
12 Galicia;Hombres;De 15 a 19 años;Tasa de mortalidad;2024;0,127106
12 Galicia;Hombres;De 15 a 19 años;Promedio de años vividos el último año de vida;2024;0,560661
12 Galicia;Hombres;De 15 a 19 años;Riesgo de muerte;2024;0,635355
12 Galicia;Hombres;De 15 a 19 años;Supervivientes;2024;99.745,080142
12 Galicia;Hombres;De 15 a 19 años;Defunciones teóricas;2024;63,373532
12 Galicia;Hombres;De 15 a 19 años;Población estacionaria;2024;498.586,18836
12 Galicia;Hombres;De 15 a 19 años;Tiempo por vivir;2024;6.625.762,8607
12 Galicia;Hombres;De 15 a 19 años;Esperanza de vida;2024;66,426964
12 Galicia;Hombres;De 20 a 24 años;Tasa de mortalidad;2024;0,393667
12 Galicia;Hombres;De 20 a 24 años;Promedio de años vividos el último año de vida;2024;0,559897
12 Galicia;Hombres;De 20 a 24 años;Riesgo de muerte;2024;1,966631
12 Galicia;Hombres;De 20 a 24 años;Supervivientes;2024;99.681,70661
12 Galicia;Hombres;De 20 a 24 años;Defunciones teóricas;2024;196,037113
12 Galicia;Hombres;De 20 a 24 años;Población estacionaria;2024;497.977,14998
12 Galicia;Hombres;De 20 a 24 años;Tiempo por vivir;2024;6.127.176,6723
12 Galicia;Hombres;De 20 a 24 años;Esperanza de vida;2024;61,467413
12 Galicia;Hombres;De 25 a 29 años;Tasa de mortalidad;2024;0,520178
12 Galicia;Hombres;De 25 a 29 años;Promedio de años vividos el último año de vida;2024;0,529245
12 Galicia;Hombres;De 25 a 29 años;Riesgo de muerte;2024;2,597708
12 Galicia;Hombres;De 25 a 29 años;Supervivientes;2024;99.485,669497
12 Galicia;Hombres;De 25 a 29 años;Defunciones teóricas;2024;258,434753
12 Galicia;Hombres;De 25 a 29 años;Población estacionaria;2024;496.820,04998
12 Galicia;Hombres;De 25 a 29 años;Tiempo por vivir;2024;5.629.199,5223
12 Galicia;Hombres;De 25 a 29 años;Esperanza de vida;2024;56,583019
12 Galicia;Hombres;De 30 a 34 años;Tasa de mortalidad;2024;0,389849
12 Galicia;Hombres;De 30 a 34 años;Promedio de años vividos el último año de vida;2024;0,518773
12 Galicia;Hombres;De 30 a 34 años;Riesgo de muerte;2024;1,94742
12 Galicia;Hombres;De 30 a 34 años;Supervivientes;2024;99.227,234744
12 Galicia;Hombres;De 30 a 34 años;Defunciones teóricas;2024;193,237117
12 Galicia;Hombres;De 30 a 34 años;Población estacionaria;2024;495.671,21909
12 Galicia;Hombres;De 30 a 34 años;Tiempo por vivir;2024;5.132.379,4723
12 Galicia;Hombres;De 30 a 34 años;Esperanza de vida;2024;51,723496
12 Galicia;Hombres;De 35 a 39 años;Tasa de mortalidad;2024;0,690436
12 Galicia;Hombres;De 35 a 39 años;Promedio de años vividos el último año de vida;2024;0,591267
12 Galicia;Hombres;De 35 a 39 años;Riesgo de muerte;2024;3,447317
12 Galicia;Hombres;De 35 a 39 años;Supervivientes;2024;99.033,997627
12 Galicia;Hombres;De 35 a 39 años;Defunciones teóricas;2024;341,40155
12 Galicia;Hombres;De 35 a 39 años;Población estacionaria;2024;494.472,27702
12 Galicia;Hombres;De 35 a 39 años;Tiempo por vivir;2024;4.636.708,2533
12 Galicia;Hombres;De 35 a 39 años;Esperanza de vida;2024;46,819359
12 Galicia;Hombres;De 40 a 44 años;Tasa de mortalidad;2024;1,230095
12 Galicia;Hombres;De 40 a 44 años;Promedio de años vividos el último año de vida;2024;0,517991
12 Galicia;Hombres;De 40 a 44 años;Riesgo de muerte;2024;6,132294
12 Galicia;Hombres;De 40 a 44 años;Supervivientes;2024;98.692,596076
12 Galicia;Hombres;De 40 a 44 años;Defunciones teóricas;2024;605,212054
12 Galicia;Hombres;De 40 a 44 años;Población estacionaria;2024;492.004,39169
12 Galicia;Hombres;De 40 a 44 años;Tiempo por vivir;2024;4.142.235,9762
12 Galicia;Hombres;De 40 a 44 años;Esperanza de vida;2024;41,971091
12 Galicia;Hombres;De 45 a 49 años;Tasa de mortalidad;2024;1,916799
12 Galicia;Hombres;De 45 a 49 años;Promedio de años vividos el último año de vida;2024;0,561442
12 Galicia;Hombres;De 45 a 49 años;Riesgo de muerte;2024;9,54388
12 Galicia;Hombres;De 45 a 49 años;Supervivientes;2024;98.087,384022
12 Galicia;Hombres;De 45 a 49 años;Defunciones teóricas;2024;936,134224
12 Galicia;Hombres;De 45 a 49 años;Población estacionaria;2024;488.384,17543
12 Galicia;Hombres;De 45 a 49 años;Tiempo por vivir;2024;3.650.231,5845
12 Galicia;Hombres;De 45 a 49 años;Esperanza de vida;2024;37,214078
12 Galicia;Hombres;De 50 a 54 años;Tasa de mortalidad;2024;3,433461
12 Galicia;Hombres;De 50 a 54 años;Promedio de años vividos el último año de vida;2024;0,560721
12 Galicia;Hombres;De 50 a 54 años;Riesgo de muerte;2024;17,038813
12 Galicia;Hombres;De 50 a 54 años;Supervivientes;2024;97.151,249798
12 Galicia;Hombres;De 50 a 54 años;Defunciones teóricas;2024;1.655,341962
12 Galicia;Hombres;De 50 a 54 años;Población estacionaria;2024;482.120,46486
12 Galicia;Hombres;De 50 a 54 años;Tiempo por vivir;2024;3.161.847,4091
12 Galicia;Hombres;De 50 a 54 años;Esperanza de vida;2024;32,545617
12 Galicia;Hombres;De 55 a 59 años;Tasa de mortalidad;2024;5,815844
12 Galicia;Hombres;De 55 a 59 años;Promedio de años vividos el último año de vida;2024;0,532742
12 Galicia;Hombres;De 55 a 59 años;Riesgo de muerte;2024;28,689405
12 Galicia;Hombres;De 55 a 59 años;Supervivientes;2024;95.495,907835
12 Galicia;Hombres;De 55 a 59 años;Defunciones teóricas;2024;2.739,720736
12 Galicia;Hombres;De 55 a 59 años;Población estacionaria;2024;471.078,761
12 Galicia;Hombres;De 55 a 59 años;Tiempo por vivir;2024;2.679.726,9443
12 Galicia;Hombres;De 55 a 59 años;Esperanza de vida;2024;28,06117
12 Galicia;Hombres;De 60 a 64 años;Tasa de mortalidad;2024;9,523946
12 Galicia;Hombres;De 60 a 64 años;Promedio de años vividos el último año de vida;2024;0,522614
12 Galicia;Hombres;De 60 a 64 años;Riesgo de muerte;2024;46,561253
12 Galicia;Hombres;De 60 a 64 años;Supervivientes;2024;92.756,187099
12 Galicia;Hombres;De 60 a 64 años;Defunciones teóricas;2024;4.318,84431
12 Galicia;Hombres;De 60 a 64 años;Población estacionaria;2024;453.472,15622
12 Galicia;Hombres;De 60 a 64 años;Tiempo por vivir;2024;2.208.648,1833
12 Galicia;Hombres;De 60 a 64 años;Esperanza de vida;2024;23,81133
12 Galicia;Hombres;De 65 a 69 años;Tasa de mortalidad;2024;13,815563
12 Galicia;Hombres;De 65 a 69 años;Promedio de años vividos el último año de vida;2024;0,520357
12 Galicia;Hombres;De 65 a 69 años;Riesgo de muerte;2024;66,86248
12 Galicia;Hombres;De 65 a 69 años;Supervivientes;2024;88.437,34279
12 Galicia;Hombres;De 65 a 69 años;Defunciones teóricas;2024;5.913,140023
12 Galicia;Hombres;De 65 a 69 años;Población estacionaria;2024;428.005,73662
12 Galicia;Hombres;De 65 a 69 años;Tiempo por vivir;2024;1.755.176,027
12 Galicia;Hombres;De 65 a 69 años;Esperanza de vida;2024;19,846549
12 Galicia;Hombres;De 70 a 74 años;Tasa de mortalidad;2024;21,191752
12 Galicia;Hombres;De 70 a 74 años;Promedio de años vividos el último año de vida;2024;0,530404
12 Galicia;Hombres;De 70 a 74 años;Riesgo de muerte;2024;100,936386
12 Galicia;Hombres;De 70 a 74 años;Supervivientes;2024;82.524,202767
12 Galicia;Hombres;De 70 a 74 años;Defunciones teóricas;2024;8.329,694756
12 Galicia;Hombres;De 70 a 74 años;Población estacionaria;2024;393.063,06035
12 Galicia;Hombres;De 70 a 74 años;Tiempo por vivir;2024;1.327.170,2904
12 Galicia;Hombres;De 70 a 74 años;Esperanza de vida;2024;16,082195
12 Galicia;Hombres;De 75 a 79 años;Tasa de mortalidad;2024;33,5855
12 Galicia;Hombres;De 75 a 79 años;Promedio de años vividos el último año de vida;2024;0,528808
12 Galicia;Hombres;De 75 a 79 años;Riesgo de muerte;2024;155,614353
12 Galicia;Hombres;De 75 a 79 años;Supervivientes;2024;74.194,508011
12 Galicia;Hombres;De 75 a 79 años;Defunciones teóricas;2024;11.545,730362
12 Galicia;Hombres;De 75 a 79 años;Población estacionaria;2024;343.771,28409
12 Galicia;Hombres;De 75 a 79 años;Tiempo por vivir;2024;934.107,23007
12 Galicia;Hombres;De 75 a 79 años;Esperanza de vida;2024;12,589978
12 Galicia;Hombres;De 80 a 84 años;Tasa de mortalidad;2024;54,810473
12 Galicia;Hombres;De 80 a 84 años;Promedio de años vividos el último año de vida;2024;0,527039
12 Galicia;Hombres;De 80 a 84 años;Riesgo de muerte;2024;242,60664
12 Galicia;Hombres;De 80 a 84 años;Supervivientes;2024;62.648,777649
12 Galicia;Hombres;De 80 a 84 años;Defunciones teóricas;2024;15.199,009461
12 Galicia;Hombres;De 80 a 84 años;Población estacionaria;2024;277.301,19141
12 Galicia;Hombres;De 80 a 84 años;Tiempo por vivir;2024;590.335,94597
12 Galicia;Hombres;De 80 a 84 años;Esperanza de vida;2024;9,422944
12 Galicia;Hombres;De 85 a 89 años;Tasa de mortalidad;2024;100,093388
12 Galicia;Hombres;De 85 a 89 años;Promedio de años vividos el último año de vida;2024;0,501488
12 Galicia;Hombres;De 85 a 89 años;Riesgo de muerte;2024;400,53737
12 Galicia;Hombres;De 85 a 89 años;Supervivientes;2024;47.449,768188
12 Galicia;Hombres;De 85 a 89 años;Defunciones teóricas;2024;19.005,405348
12 Galicia;Hombres;De 85 a 89 años;Población estacionaria;2024;189.876,73227
12 Galicia;Hombres;De 85 a 89 años;Tiempo por vivir;2024;313.034,75457
12 Galicia;Hombres;De 85 a 89 años;Esperanza de vida;2024;6,597182
12 Galicia;Hombres;90 y más años;Tasa de mortalidad;2024;""
12 Galicia;Hombres;90 y más años;Promedio de años vividos el último año de vida;2024;""
12 Galicia;Hombres;90 y más años;Riesgo de muerte;2024;""
12 Galicia;Hombres;90 y más años;Supervivientes;2024;""
12 Galicia;Hombres;90 y más años;Defunciones teóricas;2024;""
12 Galicia;Hombres;90 y más años;Población estacionaria;2024;""
12 Galicia;Hombres;90 y más años;Tiempo por vivir;2024;""
12 Galicia;Hombres;90 y más años;Esperanza de vida;2024;""
12 Galicia;Hombres;De 90 a 94 años;Tasa de mortalidad;2024;183,186213
12 Galicia;Hombres;De 90 a 94 años;Promedio de años vividos el último año de vida;2024;0,461115
12 Galicia;Hombres;De 90 a 94 años;Riesgo de muerte;2024;613,24483
12 Galicia;Hombres;De 90 a 94 años;Supervivientes;2024;28.444,36284
12 Galicia;Hombres;De 90 a 94 años;Defunciones teóricas;2024;17.443,35846
12 Galicia;Hombres;De 90 a 94 años;Población estacionaria;2024;95.222,005075
12 Galicia;Hombres;De 90 a 94 años;Tiempo por vivir;2024;123.158,0223
12 Galicia;Hombres;De 90 a 94 años;Esperanza de vida;2024;4,329787
12 Galicia;Hombres;95 y más años;Tasa de mortalidad;2024;298,6819
12 Galicia;Hombres;95 y más años;Promedio de años vividos el último año de vida;2024;2,539406
12 Galicia;Hombres;95 y más años;Riesgo de muerte;2024;1.000
12 Galicia;Hombres;95 y más años;Supervivientes;2024;11.001,00438
12 Galicia;Hombres;95 y más años;Defunciones teóricas;2024;11.001,00438
12 Galicia;Hombres;95 y más años;Población estacionaria;2024;27.936,017221
12 Galicia;Hombres;95 y más años;Tiempo por vivir;2024;27.936,017221
12 Galicia;Hombres;95 y más años;Esperanza de vida;2024;2,539406
12 Galicia;Mujeres;0 años;Tasa de mortalidad;2024;1,189964
12 Galicia;Mujeres;0 años;Promedio de años vividos el último año de vida;2024;0,051913
12 Galicia;Mujeres;0 años;Riesgo de muerte;2024;1,188623
12 Galicia;Mujeres;0 años;Supervivientes;2024;100.000
12 Galicia;Mujeres;0 años;Defunciones teóricas;2024;118,862283
12 Galicia;Mujeres;0 años;Población estacionaria;2024;99.887,308163
12 Galicia;Mujeres;0 años;Tiempo por vivir;2024;8.685.561,1327
12 Galicia;Mujeres;0 años;Esperanza de vida;2024;86,855611
12 Galicia;Mujeres;De 1 a 4 años;Tasa de mortalidad;2024;0,132229
12 Galicia;Mujeres;De 1 a 4 años;Promedio de años vividos el último año de vida;2024;0,387259
12 Galicia;Mujeres;De 1 a 4 años;Riesgo de muerte;2024;0,528743
12 Galicia;Mujeres;De 1 a 4 años;Supervivientes;2024;99.881,137717
12 Galicia;Mujeres;De 1 a 4 años;Defunciones teóricas;2024;52,811421
12 Galicia;Mujeres;De 1 a 4 años;Población estacionaria;2024;399.395,11198
12 Galicia;Mujeres;De 1 a 4 años;Tiempo por vivir;2024;8.585.673,8245
12 Galicia;Mujeres;De 1 a 4 años;Esperanza de vida;2024;85,958911
12 Galicia;Mujeres;De 5 a 9 años;Tasa de mortalidad;2024;0,066422
12 Galicia;Mujeres;De 5 a 9 años;Promedio de años vividos el último año de vida;2024;0,296006
12 Galicia;Mujeres;De 5 a 9 años;Riesgo de muerte;2024;0,33203
12 Galicia;Mujeres;De 5 a 9 años;Supervivientes;2024;99.828,326295
12 Galicia;Mujeres;De 5 a 9 años;Defunciones teóricas;2024;33,146003
12 Galicia;Mujeres;De 5 a 9 años;Población estacionaria;2024;499.024,95856
12 Galicia;Mujeres;De 5 a 9 años;Tiempo por vivir;2024;8.186.278,7126
12 Galicia;Mujeres;De 5 a 9 años;Esperanza de vida;2024;82,003566
12 Galicia;Mujeres;De 10 a 14 años;Tasa de mortalidad;2024;0,051662
12 Galicia;Mujeres;De 10 a 14 años;Promedio de años vividos el último año de vida;2024;0,82717
12 Galicia;Mujeres;De 10 a 14 años;Riesgo de muerte;2024;0,2583
12 Galicia;Mujeres;De 10 a 14 años;Supervivientes;2024;99.795,180292
12 Galicia;Mujeres;De 10 a 14 años;Defunciones teóricas;2024;25,777113
12 Galicia;Mujeres;De 10 a 14 años;Población estacionaria;2024;498.953,62611
12 Galicia;Mujeres;De 10 a 14 años;Tiempo por vivir;2024;7.687.253,754
12 Galicia;Mujeres;De 10 a 14 años;Esperanza de vida;2024;77,030311
12 Galicia;Mujeres;De 15 a 19 años;Tasa de mortalidad;2024;0,117899
12 Galicia;Mujeres;De 15 a 19 años;Promedio de años vividos el último año de vida;2024;0,599743
12 Galicia;Mujeres;De 15 a 19 años;Riesgo de muerte;2024;0,589357
12 Galicia;Mujeres;De 15 a 19 años;Supervivientes;2024;99.769,403179
12 Galicia;Mujeres;De 15 a 19 años;Defunciones teóricas;2024;58,799802
12 Galicia;Mujeres;De 15 a 19 años;Población estacionaria;2024;498.729,34082
12 Galicia;Mujeres;De 15 a 19 años;Tiempo por vivir;2024;7.188.300,1279
12 Galicia;Mujeres;De 15 a 19 años;Esperanza de vida;2024;72,049144
12 Galicia;Mujeres;De 20 a 24 años;Tasa de mortalidad;2024;0,104469
12 Galicia;Mujeres;De 20 a 24 años;Promedio de años vividos el último año de vida;2024;0,728628
12 Galicia;Mujeres;De 20 a 24 años;Riesgo de muerte;2024;0,522269
12 Galicia;Mujeres;De 20 a 24 años;Supervivientes;2024;99.710,603377
12 Galicia;Mujeres;De 20 a 24 años;Defunciones teóricas;2024;52,075793
12 Galicia;Mujeres;De 20 a 24 años;Población estacionaria;2024;498.482,35724
12 Galicia;Mujeres;De 20 a 24 años;Tiempo por vivir;2024;6.689.570,7871
12 Galicia;Mujeres;De 20 a 24 años;Esperanza de vida;2024;67,089864
12 Galicia;Mujeres;De 25 a 29 años;Tasa de mortalidad;2024;0,087149
12 Galicia;Mujeres;De 25 a 29 años;Promedio de años vividos el último año de vida;2024;0,376957
12 Galicia;Mujeres;De 25 a 29 años;Riesgo de muerte;2024;0,435627
12 Galicia;Mujeres;De 25 a 29 años;Supervivientes;2024;99.658,527585
12 Galicia;Mujeres;De 25 a 29 años;Defunciones teóricas;2024;43,413939
12 Galicia;Mujeres;De 25 a 29 años;Población estacionaria;2024;498.157,39411
12 Galicia;Mujeres;De 25 a 29 años;Tiempo por vivir;2024;6.191.088,4298
12 Galicia;Mujeres;De 25 a 29 años;Esperanza de vida;2024;62,123017
12 Galicia;Mujeres;De 30 a 34 años;Tasa de mortalidad;2024;0,241317
12 Galicia;Mujeres;De 30 a 34 años;Promedio de años vividos el último año de vida;2024;0,586099
12 Galicia;Mujeres;De 30 a 34 años;Riesgo de muerte;2024;1,205982
12 Galicia;Mujeres;De 30 a 34 años;Supervivientes;2024;99.615,113646
12 Galicia;Mujeres;De 30 a 34 años;Defunciones teóricas;2024;120,133986
12 Galicia;Mujeres;De 30 a 34 años;Población estacionaria;2024;497.826,95017
12 Galicia;Mujeres;De 30 a 34 años;Tiempo por vivir;2024;5.692.931,0357
12 Galicia;Mujeres;De 30 a 34 años;Esperanza de vida;2024;57,14927
12 Galicia;Mujeres;De 35 a 39 años;Tasa de mortalidad;2024;0,399485
12 Galicia;Mujeres;De 35 a 39 años;Promedio de años vividos el último año de vida;2024;0,431604
12 Galicia;Mujeres;De 35 a 39 años;Riesgo de muerte;2024;1,995158
12 Galicia;Mujeres;De 35 a 39 años;Supervivientes;2024;99.494,97966
12 Galicia;Mujeres;De 35 a 39 años;Defunciones teóricas;2024;198,508212
12 Galicia;Mujeres;De 35 a 39 años;Población estacionaria;2024;496.910,74158
12 Galicia;Mujeres;De 35 a 39 años;Tiempo por vivir;2024;5.195.104,0856
12 Galicia;Mujeres;De 35 a 39 años;Esperanza de vida;2024;52,214736
12 Galicia;Mujeres;De 40 a 44 años;Tasa de mortalidad;2024;0,551916
12 Galicia;Mujeres;De 40 a 44 años;Promedio de años vividos el último año de vida;2024;0,501832
12 Galicia;Mujeres;De 40 a 44 años;Riesgo de muerte;2024;2,75579
12 Galicia;Mujeres;De 40 a 44 años;Supervivientes;2024;99.296,471448
12 Galicia;Mujeres;De 40 a 44 años;Defunciones teóricas;2024;273,640174
12 Galicia;Mujeres;De 40 a 44 años;Población estacionaria;2024;495.800,76356
12 Galicia;Mujeres;De 40 a 44 años;Tiempo por vivir;2024;4.698.193,344
12 Galicia;Mujeres;De 40 a 44 años;Esperanza de vida;2024;47,314807
12 Galicia;Mujeres;De 45 a 49 años;Tasa de mortalidad;2024;0,94046
12 Galicia;Mujeres;De 45 a 49 años;Promedio de años vividos el último año de vida;2024;0,529533
12 Galicia;Mujeres;De 45 a 49 años;Riesgo de muerte;2024;4,691918
12 Galicia;Mujeres;De 45 a 49 años;Supervivientes;2024;99.022,831274
12 Galicia;Mujeres;De 45 a 49 años;Defunciones teóricas;2024;464,607051
12 Galicia;Mujeres;De 45 a 49 años;Población estacionaria;2024;494.021,24529
12 Galicia;Mujeres;De 45 a 49 años;Tiempo por vivir;2024;4.202.392,5804
12 Galicia;Mujeres;De 45 a 49 años;Esperanza de vida;2024;42,438623
12 Galicia;Mujeres;De 50 a 54 años;Tasa de mortalidad;2024;1,714198
12 Galicia;Mujeres;De 50 a 54 años;Promedio de años vividos el último año de vida;2024;0,557612
12 Galicia;Mujeres;De 50 a 54 años;Riesgo de muerte;2024;8,538616
12 Galicia;Mujeres;De 50 a 54 años;Supervivientes;2024;98.558,224224
12 Galicia;Mujeres;De 50 a 54 años;Defunciones teóricas;2024;841,550857
12 Galicia;Mujeres;De 50 a 54 años;Población estacionaria;2024;490.929,65984
12 Galicia;Mujeres;De 50 a 54 años;Tiempo por vivir;2024;3.708.371,3351
12 Galicia;Mujeres;De 50 a 54 años;Esperanza de vida;2024;37,626199
12 Galicia;Mujeres;De 55 a 59 años;Tasa de mortalidad;2024;2,800372
12 Galicia;Mujeres;De 55 a 59 años;Promedio de años vividos el último año de vida;2024;0,527497
12 Galicia;Mujeres;De 55 a 59 años;Riesgo de muerte;2024;13,909834
12 Galicia;Mujeres;De 55 a 59 años;Supervivientes;2024;97.716,673367
12 Galicia;Mujeres;De 55 a 59 años;Defunciones teóricas;2024;1.359,222753
12 Galicia;Mujeres;De 55 a 59 años;Población estacionaria;2024;485.372,1851
12 Galicia;Mujeres;De 55 a 59 años;Tiempo por vivir;2024;3.217.441,6753
12 Galicia;Mujeres;De 55 a 59 años;Esperanza de vida;2024;32,92623
12 Galicia;Mujeres;De 60 a 64 años;Tasa de mortalidad;2024;3,904086
12 Galicia;Mujeres;De 60 a 64 años;Promedio de años vividos el último año de vida;2024;0,532137
12 Galicia;Mujeres;De 60 a 64 años;Riesgo de muerte;2024;19,343767
12 Galicia;Mujeres;De 60 a 64 años;Supervivientes;2024;96.357,450613
12 Galicia;Mujeres;De 60 a 64 años;Defunciones teóricas;2024;1.863,916077
12 Galicia;Mujeres;De 60 a 64 años;Población estacionaria;2024;477.426,96908
12 Galicia;Mujeres;De 60 a 64 años;Tiempo por vivir;2024;2.732.069,4902
12 Galicia;Mujeres;De 60 a 64 años;Esperanza de vida;2024;28,353485
12 Galicia;Mujeres;De 65 a 69 años;Tasa de mortalidad;2024;6,534614
12 Galicia;Mujeres;De 65 a 69 años;Promedio de años vividos el último año de vida;2024;0,53955
12 Galicia;Mujeres;De 65 a 69 años;Riesgo de muerte;2024;32,188813
12 Galicia;Mujeres;De 65 a 69 años;Supervivientes;2024;94.493,534536
12 Galicia;Mujeres;De 65 a 69 años;Defunciones teóricas;2024;3.041,634749
12 Galicia;Mujeres;De 65 a 69 años;Población estacionaria;2024;465.465,06504
12 Galicia;Mujeres;De 65 a 69 años;Tiempo por vivir;2024;2.254.642,5211
12 Galicia;Mujeres;De 65 a 69 años;Esperanza de vida;2024;23,860283
12 Galicia;Mujeres;De 70 a 74 años;Tasa de mortalidad;2024;8,610665
12 Galicia;Mujeres;De 70 a 74 años;Promedio de años vividos el último año de vida;2024;0,53589
12 Galicia;Mujeres;De 70 a 74 años;Riesgo de muerte;2024;42,209908
12 Galicia;Mujeres;De 70 a 74 años;Supervivientes;2024;91.451,899788
12 Galicia;Mujeres;De 70 a 74 años;Defunciones teóricas;2024;3.860,176274
12 Galicia;Mujeres;De 70 a 74 años;Población estacionaria;2024;448.301,77536
12 Galicia;Mujeres;De 70 a 74 años;Tiempo por vivir;2024;1.789.177,4561
12 Galicia;Mujeres;De 70 a 74 años;Esperanza de vida;2024;19,564137
12 Galicia;Mujeres;De 75 a 79 años;Tasa de mortalidad;2024;15,944921
12 Galicia;Mujeres;De 75 a 79 años;Promedio de años vividos el último año de vida;2024;0,568401
12 Galicia;Mujeres;De 75 a 79 años;Riesgo de muerte;2024;77,072609
12 Galicia;Mujeres;De 75 a 79 años;Supervivientes;2024;87.591,723513
12 Galicia;Mujeres;De 75 a 79 años;Defunciones teóricas;2024;6.750,92267
12 Galicia;Mujeres;De 75 a 79 años;Población estacionaria;2024;423.390,16982
12 Galicia;Mujeres;De 75 a 79 años;Tiempo por vivir;2024;1.340.875,6807
12 Galicia;Mujeres;De 75 a 79 años;Esperanza de vida;2024;15,308246
12 Galicia;Mujeres;De 80 a 84 años;Tasa de mortalidad;2024;31,976825
12 Galicia;Mujeres;De 80 a 84 años;Promedio de años vividos el último año de vida;2024;0,547914
12 Galicia;Mujeres;De 80 a 84 años;Riesgo de muerte;2024;149,106505
12 Galicia;Mujeres;De 80 a 84 años;Supervivientes;2024;80.840,800843
12 Galicia;Mujeres;De 80 a 84 años;Defunciones teóricas;2024;12.053,889296
12 Galicia;Mujeres;De 80 a 84 años;Población estacionaria;2024;376.957,03773
12 Galicia;Mujeres;De 80 a 84 años;Tiempo por vivir;2024;917.485,51089
12 Galicia;Mujeres;De 80 a 84 años;Esperanza de vida;2024;11,349288
12 Galicia;Mujeres;De 85 a 89 años;Tasa de mortalidad;2024;69,554694
12 Galicia;Mujeres;De 85 a 89 años;Promedio de años vividos el último año de vida;2024;0,537494
12 Galicia;Mujeres;De 85 a 89 años;Riesgo de muerte;2024;299,585842
12 Galicia;Mujeres;De 85 a 89 años;Supervivientes;2024;68.786,911547
12 Galicia;Mujeres;De 85 a 89 años;Defunciones teóricas;2024;20.607,584801
12 Galicia;Mujeres;De 85 a 89 años;Población estacionaria;2024;296.278,85022
12 Galicia;Mujeres;De 85 a 89 años;Tiempo por vivir;2024;540.528,47316
12 Galicia;Mujeres;De 85 a 89 años;Esperanza de vida;2024;7,858013
12 Galicia;Mujeres;90 y más años;Tasa de mortalidad;2024;""
12 Galicia;Mujeres;90 y más años;Promedio de años vividos el último año de vida;2024;""
12 Galicia;Mujeres;90 y más años;Riesgo de muerte;2024;""
12 Galicia;Mujeres;90 y más años;Supervivientes;2024;""
12 Galicia;Mujeres;90 y más años;Defunciones teóricas;2024;""
12 Galicia;Mujeres;90 y más años;Población estacionaria;2024;""
12 Galicia;Mujeres;90 y más años;Tiempo por vivir;2024;""
12 Galicia;Mujeres;90 y más años;Esperanza de vida;2024;""
12 Galicia;Mujeres;De 90 a 94 años;Tasa de mortalidad;2024;145,300118
12 Galicia;Mujeres;De 90 a 94 años;Promedio de años vividos el último año de vida;2024;0,494046
12 Galicia;Mujeres;De 90 a 94 años;Riesgo de muerte;2024;531,232508
12 Galicia;Mujeres;De 90 a 94 años;Supervivientes;2024;48.179,326746
12 Galicia;Mujeres;De 90 a 94 años;Defunciones teóricas;2024;25.594,424589
12 Galicia;Mujeres;De 90 a 94 años;Población estacionaria;2024;176.148,68392
12 Galicia;Mujeres;De 90 a 94 años;Tiempo por vivir;2024;244.249,62294
12 Galicia;Mujeres;De 90 a 94 años;Esperanza de vida;2024;5,069594
12 Galicia;Mujeres;95 y más años;Tasa de mortalidad;2024;280,858791
12 Galicia;Mujeres;95 y más años;Promedio de años vividos el último año de vida;2024;3,01533
12 Galicia;Mujeres;95 y más años;Riesgo de muerte;2024;1.000
12 Galicia;Mujeres;95 y más años;Supervivientes;2024;22.584,902157
12 Galicia;Mujeres;95 y más años;Defunciones teóricas;2024;22.584,902157
12 Galicia;Mujeres;95 y más años;Población estacionaria;2024;68.100,939018
12 Galicia;Mujeres;95 y más años;Tiempo por vivir;2024;68.100,939018
12 Galicia;Mujeres;95 y más años;Esperanza de vida;2024;3,01533
13 Madrid, Comunidad de;Ambos sexos;0 años;Tasa de mortalidad;2024;2,757295
13 Madrid, Comunidad de;Ambos sexos;0 años;Promedio de años vividos el último año de vida;2024;0,095219
13 Madrid, Comunidad de;Ambos sexos;0 años;Riesgo de muerte;2024;2,750433
13 Madrid, Comunidad de;Ambos sexos;0 años;Supervivientes;2024;100.000
13 Madrid, Comunidad de;Ambos sexos;0 años;Defunciones teóricas;2024;275,043328
13 Madrid, Comunidad de;Ambos sexos;0 años;Población estacionaria;2024;99.751,145907
13 Madrid, Comunidad de;Ambos sexos;0 años;Tiempo por vivir;2024;8.557.882,5677
13 Madrid, Comunidad de;Ambos sexos;0 años;Esperanza de vida;2024;85,578826
13 Madrid, Comunidad de;Ambos sexos;De 1 a 4 años;Tasa de mortalidad;2024;0,114185
13 Madrid, Comunidad de;Ambos sexos;De 1 a 4 años;Promedio de años vividos el último año de vida;2024;0,442161
13 Madrid, Comunidad de;Ambos sexos;De 1 a 4 años;Riesgo de muerte;2024;0,456622
13 Madrid, Comunidad de;Ambos sexos;De 1 a 4 años;Supervivientes;2024;99.724,956672
13 Madrid, Comunidad de;Ambos sexos;De 1 a 4 años;Defunciones teóricas;2024;45,536612
13 Madrid, Comunidad de;Ambos sexos;De 1 a 4 años;Población estacionaria;2024;398.798,21829
13 Madrid, Comunidad de;Ambos sexos;De 1 a 4 años;Tiempo por vivir;2024;8.458.131,4218
13 Madrid, Comunidad de;Ambos sexos;De 1 a 4 años;Esperanza de vida;2024;84,814591
13 Madrid, Comunidad de;Ambos sexos;De 5 a 9 años;Tasa de mortalidad;2024;0,062301
13 Madrid, Comunidad de;Ambos sexos;De 5 a 9 años;Promedio de años vividos el último año de vida;2024;0,477918
13 Madrid, Comunidad de;Ambos sexos;De 5 a 9 años;Riesgo de muerte;2024;0,311453
13 Madrid, Comunidad de;Ambos sexos;De 5 a 9 años;Supervivientes;2024;99.679,42006
13 Madrid, Comunidad de;Ambos sexos;De 5 a 9 años;Defunciones teóricas;2024;31,045405
13 Madrid, Comunidad de;Ambos sexos;De 5 a 9 años;Población estacionaria;2024;498.316,05899
13 Madrid, Comunidad de;Ambos sexos;De 5 a 9 años;Tiempo por vivir;2024;8.059.333,2035
13 Madrid, Comunidad de;Ambos sexos;De 5 a 9 años;Esperanza de vida;2024;80,852529
13 Madrid, Comunidad de;Ambos sexos;De 10 a 14 años;Tasa de mortalidad;2024;0,081821
13 Madrid, Comunidad de;Ambos sexos;De 10 a 14 años;Promedio de años vividos el último año de vida;2024;0,547701
13 Madrid, Comunidad de;Ambos sexos;De 10 a 14 años;Riesgo de muerte;2024;0,409027
13 Madrid, Comunidad de;Ambos sexos;De 10 a 14 años;Supervivientes;2024;99.648,374655
13 Madrid, Comunidad de;Ambos sexos;De 10 a 14 años;Defunciones teóricas;2024;40,758895
13 Madrid, Comunidad de;Ambos sexos;De 10 a 14 años;Población estacionaria;2024;498.149,69731
13 Madrid, Comunidad de;Ambos sexos;De 10 a 14 años;Tiempo por vivir;2024;7.561.017,1445
13 Madrid, Comunidad de;Ambos sexos;De 10 a 14 años;Esperanza de vida;2024;75,876974
13 Madrid, Comunidad de;Ambos sexos;De 15 a 19 años;Tasa de mortalidad;2024;0,124393
13 Madrid, Comunidad de;Ambos sexos;De 15 a 19 años;Promedio de años vividos el último año de vida;2024;0,50542
13 Madrid, Comunidad de;Ambos sexos;De 15 a 19 años;Riesgo de muerte;2024;0,621773
13 Madrid, Comunidad de;Ambos sexos;De 15 a 19 años;Supervivientes;2024;99.607,61576
13 Madrid, Comunidad de;Ambos sexos;De 15 a 19 años;Defunciones teóricas;2024;61,933369
13 Madrid, Comunidad de;Ambos sexos;De 15 a 19 años;Población estacionaria;2024;497.884,92378
13 Madrid, Comunidad de;Ambos sexos;De 15 a 19 años;Tiempo por vivir;2024;7.062.867,4472
13 Madrid, Comunidad de;Ambos sexos;De 15 a 19 años;Esperanza de vida;2024;70,906902
13 Madrid, Comunidad de;Ambos sexos;De 20 a 24 años;Tasa de mortalidad;2024;0,185872
13 Madrid, Comunidad de;Ambos sexos;De 20 a 24 años;Promedio de años vividos el último año de vida;2024;0,500581
13 Madrid, Comunidad de;Ambos sexos;De 20 a 24 años;Riesgo de muerte;2024;0,928927
13 Madrid, Comunidad de;Ambos sexos;De 20 a 24 años;Supervivientes;2024;99.545,682391
13 Madrid, Comunidad de;Ambos sexos;De 20 a 24 años;Defunciones teóricas;2024;92,47066
13 Madrid, Comunidad de;Ambos sexos;De 20 a 24 años;Población estacionaria;2024;497.497,50412
13 Madrid, Comunidad de;Ambos sexos;De 20 a 24 años;Tiempo por vivir;2024;6.564.982,5234
13 Madrid, Comunidad de;Ambos sexos;De 20 a 24 años;Esperanza de vida;2024;65,949445
13 Madrid, Comunidad de;Ambos sexos;De 25 a 29 años;Tasa de mortalidad;2024;0,230575
13 Madrid, Comunidad de;Ambos sexos;De 25 a 29 años;Promedio de años vividos el último año de vida;2024;0,536149
13 Madrid, Comunidad de;Ambos sexos;De 25 a 29 años;Riesgo de muerte;2024;1,152256
13 Madrid, Comunidad de;Ambos sexos;De 25 a 29 años;Supervivientes;2024;99.453,21173
13 Madrid, Comunidad de;Ambos sexos;De 25 a 29 años;Defunciones teóricas;2024;114,595607
13 Madrid, Comunidad de;Ambos sexos;De 25 a 29 años;Población estacionaria;2024;497.000,28219
13 Madrid, Comunidad de;Ambos sexos;De 25 a 29 años;Tiempo por vivir;2024;6.067.485,0193
13 Madrid, Comunidad de;Ambos sexos;De 25 a 29 años;Esperanza de vida;2024;61,008437
13 Madrid, Comunidad de;Ambos sexos;De 30 a 34 años;Tasa de mortalidad;2024;0,275523
13 Madrid, Comunidad de;Ambos sexos;De 30 a 34 años;Promedio de años vividos el último año de vida;2024;0,567903
13 Madrid, Comunidad de;Ambos sexos;De 30 a 34 años;Riesgo de muerte;2024;1,376794
13 Madrid, Comunidad de;Ambos sexos;De 30 a 34 años;Supervivientes;2024;99.338,616123
13 Madrid, Comunidad de;Ambos sexos;De 30 a 34 años;Defunciones teóricas;2024;136,768824
13 Madrid, Comunidad de;Ambos sexos;De 30 a 34 años;Población estacionaria;2024;496.397,59368
13 Madrid, Comunidad de;Ambos sexos;De 30 a 34 años;Tiempo por vivir;2024;5.570.484,7371
13 Madrid, Comunidad de;Ambos sexos;De 30 a 34 años;Esperanza de vida;2024;56,075723
13 Madrid, Comunidad de;Ambos sexos;De 35 a 39 años;Tasa de mortalidad;2024;0,422674
13 Madrid, Comunidad de;Ambos sexos;De 35 a 39 años;Promedio de años vividos el último año de vida;2024;0,507641
13 Madrid, Comunidad de;Ambos sexos;De 35 a 39 años;Riesgo de muerte;2024;2,111171
13 Madrid, Comunidad de;Ambos sexos;De 35 a 39 años;Supervivientes;2024;99.201,8473
13 Madrid, Comunidad de;Ambos sexos;De 35 a 39 años;Defunciones teóricas;2024;209,432088
13 Madrid, Comunidad de;Ambos sexos;De 35 a 39 años;Población estacionaria;2024;495.493,65718
13 Madrid, Comunidad de;Ambos sexos;De 35 a 39 años;Tiempo por vivir;2024;5.074.087,1435
13 Madrid, Comunidad de;Ambos sexos;De 35 a 39 años;Esperanza de vida;2024;51,14912
13 Madrid, Comunidad de;Ambos sexos;De 40 a 44 años;Tasa de mortalidad;2024;0,637264
13 Madrid, Comunidad de;Ambos sexos;De 40 a 44 años;Promedio de años vividos el último año de vida;2024;0,534741
13 Madrid, Comunidad de;Ambos sexos;De 40 a 44 años;Riesgo de muerte;2024;3,181604
13 Madrid, Comunidad de;Ambos sexos;De 40 a 44 años;Supervivientes;2024;98.992,415212
13 Madrid, Comunidad de;Ambos sexos;De 40 a 44 años;Defunciones teóricas;2024;314,954662
13 Madrid, Comunidad de;Ambos sexos;De 40 a 44 años;Población estacionaria;2024;494.229,39824
13 Madrid, Comunidad de;Ambos sexos;De 40 a 44 años;Tiempo por vivir;2024;4.578.593,4863
13 Madrid, Comunidad de;Ambos sexos;De 40 a 44 años;Esperanza de vida;2024;46,251963
13 Madrid, Comunidad de;Ambos sexos;De 45 a 49 años;Tasa de mortalidad;2024;1,020861
13 Madrid, Comunidad de;Ambos sexos;De 45 a 49 años;Promedio de años vividos el último año de vida;2024;0,535426
13 Madrid, Comunidad de;Ambos sexos;De 45 a 49 años;Riesgo de muerte;2024;5,092232
13 Madrid, Comunidad de;Ambos sexos;De 45 a 49 años;Supervivientes;2024;98.677,46055
13 Madrid, Comunidad de;Ambos sexos;De 45 a 49 años;Defunciones teóricas;2024;502,488495
13 Madrid, Comunidad de;Ambos sexos;De 45 a 49 años;Población estacionaria;2024;492.220,08653
13 Madrid, Comunidad de;Ambos sexos;De 45 a 49 años;Tiempo por vivir;2024;4.084.364,088
13 Madrid, Comunidad de;Ambos sexos;De 45 a 49 años;Esperanza de vida;2024;41,391054
13 Madrid, Comunidad de;Ambos sexos;De 50 a 54 años;Tasa de mortalidad;2024;1,766534
13 Madrid, Comunidad de;Ambos sexos;De 50 a 54 años;Promedio de años vividos el último año de vida;2024;0,528429
13 Madrid, Comunidad de;Ambos sexos;De 50 a 54 años;Riesgo de muerte;2024;8,796031
13 Madrid, Comunidad de;Ambos sexos;De 50 a 54 años;Supervivientes;2024;98.174,972054
13 Madrid, Comunidad de;Ambos sexos;De 50 a 54 años;Defunciones teóricas;2024;863,550053
13 Madrid, Comunidad de;Ambos sexos;De 50 a 54 años;Población estacionaria;2024;488.838,73564
13 Madrid, Comunidad de;Ambos sexos;De 50 a 54 años;Tiempo por vivir;2024;3.592.144,0015
13 Madrid, Comunidad de;Ambos sexos;De 50 a 54 años;Esperanza de vida;2024;36,589203
13 Madrid, Comunidad de;Ambos sexos;De 55 a 59 años;Tasa de mortalidad;2024;3,124583
13 Madrid, Comunidad de;Ambos sexos;De 55 a 59 años;Promedio de años vividos el último año de vida;2024;0,544968
13 Madrid, Comunidad de;Ambos sexos;De 55 a 59 años;Riesgo de muerte;2024;15,512635
13 Madrid, Comunidad de;Ambos sexos;De 55 a 59 años;Supervivientes;2024;97.311,422001
13 Madrid, Comunidad de;Ambos sexos;De 55 a 59 años;Defunciones teóricas;2024;1.509,556596
13 Madrid, Comunidad de;Ambos sexos;De 55 a 59 años;Población estacionaria;2024;483.122,62912
13 Madrid, Comunidad de;Ambos sexos;De 55 a 59 años;Tiempo por vivir;2024;3.103.305,2659
13 Madrid, Comunidad de;Ambos sexos;De 55 a 59 años;Esperanza de vida;2024;31,890452
13 Madrid, Comunidad de;Ambos sexos;De 60 a 64 años;Tasa de mortalidad;2024;5,262552
13 Madrid, Comunidad de;Ambos sexos;De 60 a 64 años;Promedio de años vividos el último año de vida;2024;0,542312
13 Madrid, Comunidad de;Ambos sexos;De 60 a 64 años;Riesgo de muerte;2024;25,999644
13 Madrid, Comunidad de;Ambos sexos;De 60 a 64 años;Supervivientes;2024;95.801,865405
13 Madrid, Comunidad de;Ambos sexos;De 60 a 64 años;Defunciones teóricas;2024;2.490,814435
13 Madrid, Comunidad de;Ambos sexos;De 60 a 64 años;Población estacionaria;2024;473.309,24809
13 Madrid, Comunidad de;Ambos sexos;De 60 a 64 años;Tiempo por vivir;2024;2.620.182,6367
13 Madrid, Comunidad de;Ambos sexos;De 60 a 64 años;Esperanza de vida;2024;27,350017
13 Madrid, Comunidad de;Ambos sexos;De 65 a 69 años;Tasa de mortalidad;2024;8,011435
13 Madrid, Comunidad de;Ambos sexos;De 65 a 69 años;Promedio de años vividos el último año de vida;2024;0,529806
13 Madrid, Comunidad de;Ambos sexos;De 65 a 69 años;Riesgo de muerte;2024;39,316659
13 Madrid, Comunidad de;Ambos sexos;De 65 a 69 años;Supervivientes;2024;93.311,05097
13 Madrid, Comunidad de;Ambos sexos;De 65 a 69 años;Defunciones teóricas;2024;3.668,678779
13 Madrid, Comunidad de;Ambos sexos;De 65 a 69 años;Población estacionaria;2024;457.930,30357
13 Madrid, Comunidad de;Ambos sexos;De 65 a 69 años;Tiempo por vivir;2024;2.146.873,3887
13 Madrid, Comunidad de;Ambos sexos;De 65 a 69 años;Esperanza de vida;2024;23,007708
13 Madrid, Comunidad de;Ambos sexos;De 70 a 74 años;Tasa de mortalidad;2024;11,947802
13 Madrid, Comunidad de;Ambos sexos;De 70 a 74 años;Promedio de años vividos el último año de vida;2024;0,536662
13 Madrid, Comunidad de;Ambos sexos;De 70 a 74 años;Riesgo de muerte;2024;58,13001
13 Madrid, Comunidad de;Ambos sexos;De 70 a 74 años;Supervivientes;2024;89.642,372191
13 Madrid, Comunidad de;Ambos sexos;De 70 a 74 años;Defunciones teóricas;2024;5.210,911979
13 Madrid, Comunidad de;Ambos sexos;De 70 a 74 años;Población estacionaria;2024;436.139,79941
13 Madrid, Comunidad de;Ambos sexos;De 70 a 74 años;Tiempo por vivir;2024;1.688.943,0851
13 Madrid, Comunidad de;Ambos sexos;De 70 a 74 años;Esperanza de vida;2024;18,840901
13 Madrid, Comunidad de;Ambos sexos;De 75 a 79 años;Tasa de mortalidad;2024;20,472926
13 Madrid, Comunidad de;Ambos sexos;De 75 a 79 años;Promedio de años vividos el último año de vida;2024;0,530225
13 Madrid, Comunidad de;Ambos sexos;De 75 a 79 años;Riesgo de muerte;2024;97,66794
13 Madrid, Comunidad de;Ambos sexos;De 75 a 79 años;Supervivientes;2024;84.431,460212
13 Madrid, Comunidad de;Ambos sexos;De 75 a 79 años;Defunciones teóricas;2024;8.246,246804
13 Madrid, Comunidad de;Ambos sexos;De 75 a 79 años;Población estacionaria;2024;402.787,90043
13 Madrid, Comunidad de;Ambos sexos;De 75 a 79 años;Tiempo por vivir;2024;1.252.803,2857
13 Madrid, Comunidad de;Ambos sexos;De 75 a 79 años;Esperanza de vida;2024;14,83811
13 Madrid, Comunidad de;Ambos sexos;De 80 a 84 años;Tasa de mortalidad;2024;35,733081
13 Madrid, Comunidad de;Ambos sexos;De 80 a 84 años;Promedio de años vividos el último año de vida;2024;0,533252
13 Madrid, Comunidad de;Ambos sexos;De 80 a 84 años;Riesgo de muerte;2024;164,913019
13 Madrid, Comunidad de;Ambos sexos;De 80 a 84 años;Supervivientes;2024;76.185,213408
13 Madrid, Comunidad de;Ambos sexos;De 80 a 84 años;Defunciones teóricas;2024;12.563,933561
13 Madrid, Comunidad de;Ambos sexos;De 80 a 84 años;Población estacionaria;2024;351.605,09931
13 Madrid, Comunidad de;Ambos sexos;De 80 a 84 años;Tiempo por vivir;2024;850.015,38525
13 Madrid, Comunidad de;Ambos sexos;De 80 a 84 años;Esperanza de vida;2024;11,157223
13 Madrid, Comunidad de;Ambos sexos;De 85 a 89 años;Tasa de mortalidad;2024;71,575371
13 Madrid, Comunidad de;Ambos sexos;De 85 a 89 años;Promedio de años vividos el último año de vida;2024;0,53131
13 Madrid, Comunidad de;Ambos sexos;De 85 a 89 años;Riesgo de muerte;2024;306,471431
13 Madrid, Comunidad de;Ambos sexos;De 85 a 89 años;Supervivientes;2024;63.621,279847
13 Madrid, Comunidad de;Ambos sexos;De 85 a 89 años;Defunciones teóricas;2024;19.498,104663
13 Madrid, Comunidad de;Ambos sexos;De 85 a 89 años;Población estacionaria;2024;272.413,6009
13 Madrid, Comunidad de;Ambos sexos;De 85 a 89 años;Tiempo por vivir;2024;498.410,28594
13 Madrid, Comunidad de;Ambos sexos;De 85 a 89 años;Esperanza de vida;2024;7,834019
13 Madrid, Comunidad de;Ambos sexos;90 y más años;Tasa de mortalidad;2024;""
13 Madrid, Comunidad de;Ambos sexos;90 y más años;Promedio de años vividos el último año de vida;2024;""
13 Madrid, Comunidad de;Ambos sexos;90 y más años;Riesgo de muerte;2024;""
13 Madrid, Comunidad de;Ambos sexos;90 y más años;Supervivientes;2024;""
13 Madrid, Comunidad de;Ambos sexos;90 y más años;Defunciones teóricas;2024;""
13 Madrid, Comunidad de;Ambos sexos;90 y más años;Población estacionaria;2024;""
13 Madrid, Comunidad de;Ambos sexos;90 y más años;Tiempo por vivir;2024;""
13 Madrid, Comunidad de;Ambos sexos;90 y más años;Esperanza de vida;2024;""
13 Madrid, Comunidad de;Ambos sexos;De 90 a 94 años;Tasa de mortalidad;2024;140,155596
13 Madrid, Comunidad de;Ambos sexos;De 90 a 94 años;Promedio de años vividos el último año de vida;2024;0,492704
13 Madrid, Comunidad de;Ambos sexos;De 90 a 94 años;Riesgo de muerte;2024;516,987715
13 Madrid, Comunidad de;Ambos sexos;De 90 a 94 años;Supervivientes;2024;44.123,175184
13 Madrid, Comunidad de;Ambos sexos;De 90 a 94 años;Defunciones teóricas;2024;22.811,139534
13 Madrid, Comunidad de;Ambos sexos;De 90 a 94 años;Población estacionaria;2024;162.755,82377
13 Madrid, Comunidad de;Ambos sexos;De 90 a 94 años;Tiempo por vivir;2024;225.996,68505
13 Madrid, Comunidad de;Ambos sexos;De 90 a 94 años;Esperanza de vida;2024;5,12195
13 Madrid, Comunidad de;Ambos sexos;95 y más años;Tasa de mortalidad;2024;268,825545
13 Madrid, Comunidad de;Ambos sexos;95 y más años;Promedio de años vividos el último año de vida;2024;2,967378
13 Madrid, Comunidad de;Ambos sexos;95 y más años;Riesgo de muerte;2024;1.000
13 Madrid, Comunidad de;Ambos sexos;95 y más años;Supervivientes;2024;21.312,035651
13 Madrid, Comunidad de;Ambos sexos;95 y más años;Defunciones teóricas;2024;21.312,035651
13 Madrid, Comunidad de;Ambos sexos;95 y más años;Población estacionaria;2024;63.240,861279
13 Madrid, Comunidad de;Ambos sexos;95 y más años;Tiempo por vivir;2024;63.240,861279
13 Madrid, Comunidad de;Ambos sexos;95 y más años;Esperanza de vida;2024;2,967378
13 Madrid, Comunidad de;Hombres;0 años;Tasa de mortalidad;2024;2,90363
13 Madrid, Comunidad de;Hombres;0 años;Promedio de años vividos el último año de vida;2024;0,116048
13 Madrid, Comunidad de;Hombres;0 años;Riesgo de muerte;2024;2,896196
13 Madrid, Comunidad de;Hombres;0 años;Supervivientes;2024;100.000
13 Madrid, Comunidad de;Hombres;0 años;Defunciones teóricas;2024;289,619611
13 Madrid, Comunidad de;Hombres;0 años;Población estacionaria;2024;99.743,990258
13 Madrid, Comunidad de;Hombres;0 años;Tiempo por vivir;2024;8.307.407,3471
13 Madrid, Comunidad de;Hombres;0 años;Esperanza de vida;2024;83,074073
13 Madrid, Comunidad de;Hombres;De 1 a 4 años;Tasa de mortalidad;2024;0,139003
13 Madrid, Comunidad de;Hombres;De 1 a 4 años;Promedio de años vividos el último año de vida;2024;0,425902
13 Madrid, Comunidad de;Hombres;De 1 a 4 años;Riesgo de muerte;2024;0,555837
13 Madrid, Comunidad de;Hombres;De 1 a 4 años;Supervivientes;2024;99.710,380389
13 Madrid, Comunidad de;Hombres;De 1 a 4 años;Defunciones teóricas;2024;55,422672
13 Madrid, Comunidad de;Hombres;De 1 a 4 años;Población estacionaria;2024;398.714,24943
13 Madrid, Comunidad de;Hombres;De 1 a 4 años;Tiempo por vivir;2024;8.207.663,3568
13 Madrid, Comunidad de;Hombres;De 1 a 4 años;Esperanza de vida;2024;82,315034
13 Madrid, Comunidad de;Hombres;De 5 a 9 años;Tasa de mortalidad;2024;0,078973
13 Madrid, Comunidad de;Hombres;De 5 a 9 años;Promedio de años vividos el último año de vida;2024;0,482961
13 Madrid, Comunidad de;Hombres;De 5 a 9 años;Riesgo de muerte;2024;0,394785
13 Madrid, Comunidad de;Hombres;De 5 a 9 años;Supervivientes;2024;99.654,957718
13 Madrid, Comunidad de;Hombres;De 5 a 9 años;Defunciones teóricas;2024;39,342305
13 Madrid, Comunidad de;Hombres;De 5 a 9 años;Población estacionaria;2024;498.173,08099
13 Madrid, Comunidad de;Hombres;De 5 a 9 años;Tiempo por vivir;2024;7.808.949,1074
13 Madrid, Comunidad de;Hombres;De 5 a 9 años;Esperanza de vida;2024;78,359866
13 Madrid, Comunidad de;Hombres;De 10 a 14 años;Tasa de mortalidad;2024;0,0742
13 Madrid, Comunidad de;Hombres;De 10 a 14 años;Promedio de años vividos el último año de vida;2024;0,594947
13 Madrid, Comunidad de;Hombres;De 10 a 14 años;Riesgo de muerte;2024;0,370943
13 Madrid, Comunidad de;Hombres;De 10 a 14 años;Supervivientes;2024;99.615,615413
13 Madrid, Comunidad de;Hombres;De 10 a 14 años;Defunciones teóricas;2024;36,951716
13 Madrid, Comunidad de;Hombres;De 10 a 14 años;Población estacionaria;2024;498.003,24014
13 Madrid, Comunidad de;Hombres;De 10 a 14 años;Tiempo por vivir;2024;7.310.776,0264
13 Madrid, Comunidad de;Hombres;De 10 a 14 años;Esperanza de vida;2024;73,38986
13 Madrid, Comunidad de;Hombres;De 15 a 19 años;Tasa de mortalidad;2024;0,136906
13 Madrid, Comunidad de;Hombres;De 15 a 19 años;Promedio de años vividos el último año de vida;2024;0,548951
13 Madrid, Comunidad de;Hombres;De 15 a 19 años;Riesgo de muerte;2024;0,684318
13 Madrid, Comunidad de;Hombres;De 15 a 19 años;Supervivientes;2024;99.578,663697
13 Madrid, Comunidad de;Hombres;De 15 a 19 años;Defunciones teóricas;2024;68,143458
13 Madrid, Comunidad de;Hombres;De 15 a 19 años;Población estacionaria;2024;497.739,63833
13 Madrid, Comunidad de;Hombres;De 15 a 19 años;Tiempo por vivir;2024;6.812.772,7863
13 Madrid, Comunidad de;Hombres;De 15 a 19 años;Esperanza de vida;2024;68,415989
13 Madrid, Comunidad de;Hombres;De 20 a 24 años;Tasa de mortalidad;2024;0,231352
13 Madrid, Comunidad de;Hombres;De 20 a 24 años;Promedio de años vividos el último año de vida;2024;0,52618
13 Madrid, Comunidad de;Hombres;De 20 a 24 años;Riesgo de muerte;2024;1,156128
13 Madrid, Comunidad de;Hombres;De 20 a 24 años;Supervivientes;2024;99.510,520239
13 Madrid, Comunidad de;Hombres;De 20 a 24 años;Defunciones teóricas;2024;115,046905
13 Madrid, Comunidad de;Hombres;De 20 a 24 años;Población estacionaria;2024;497.280,04383
13 Madrid, Comunidad de;Hombres;De 20 a 24 años;Tiempo por vivir;2024;6.315.033,1479
13 Madrid, Comunidad de;Hombres;De 20 a 24 años;Esperanza de vida;2024;63,46096
13 Madrid, Comunidad de;Hombres;De 25 a 29 años;Tasa de mortalidad;2024;0,299227
13 Madrid, Comunidad de;Hombres;De 25 a 29 años;Promedio de años vividos el último año de vida;2024;0,516959
13 Madrid, Comunidad de;Hombres;De 25 a 29 años;Riesgo de muerte;2024;1,495052
13 Madrid, Comunidad de;Hombres;De 25 a 29 años;Supervivientes;2024;99.395,473334
13 Madrid, Comunidad de;Hombres;De 25 a 29 años;Defunciones teóricas;2024;148,601428
13 Madrid, Comunidad de;Hombres;De 25 a 29 años;Población estacionaria;2024;496.618,46351
13 Madrid, Comunidad de;Hombres;De 25 a 29 años;Tiempo por vivir;2024;5.817.753,1041
13 Madrid, Comunidad de;Hombres;De 25 a 29 años;Esperanza de vida;2024;58,531369
13 Madrid, Comunidad de;Hombres;De 30 a 34 años;Tasa de mortalidad;2024;0,3501
13 Madrid, Comunidad de;Hombres;De 30 a 34 años;Promedio de años vividos el último año de vida;2024;0,530045
13 Madrid, Comunidad de;Hombres;De 30 a 34 años;Riesgo de muerte;2024;1,74906
13 Madrid, Comunidad de;Hombres;De 30 a 34 años;Supervivientes;2024;99.246,871906
13 Madrid, Comunidad de;Hombres;De 30 a 34 años;Defunciones teóricas;2024;173,588693
13 Madrid, Comunidad de;Hombres;De 30 a 34 años;Población estacionaria;2024;495.826,46478
13 Madrid, Comunidad de;Hombres;De 30 a 34 años;Tiempo por vivir;2024;5.321.134,6406
13 Madrid, Comunidad de;Hombres;De 30 a 34 años;Esperanza de vida;2024;53,615137
13 Madrid, Comunidad de;Hombres;De 35 a 39 años;Tasa de mortalidad;2024;0,574958
13 Madrid, Comunidad de;Hombres;De 35 a 39 años;Promedio de años vividos el último año de vida;2024;0,52123
13 Madrid, Comunidad de;Hombres;De 35 a 39 años;Riesgo de muerte;2024;2,870838
13 Madrid, Comunidad de;Hombres;De 35 a 39 años;Supervivientes;2024;99.073,283213
13 Madrid, Comunidad de;Hombres;De 35 a 39 años;Defunciones teóricas;2024;284,423383
13 Madrid, Comunidad de;Hombres;De 35 a 39 años;Población estacionaria;2024;494.685,54924
13 Madrid, Comunidad de;Hombres;De 35 a 39 años;Tiempo por vivir;2024;4.825.308,1758
13 Madrid, Comunidad de;Hombres;De 35 a 39 años;Esperanza de vida;2024;48,704434
13 Madrid, Comunidad de;Hombres;De 40 a 44 años;Tasa de mortalidad;2024;0,847588
13 Madrid, Comunidad de;Hombres;De 40 a 44 años;Promedio de años vividos el último año de vida;2024;0,531036
13 Madrid, Comunidad de;Hombres;De 40 a 44 años;Riesgo de muerte;2024;4,229536
13 Madrid, Comunidad de;Hombres;De 40 a 44 años;Supervivientes;2024;98.788,85983
13 Madrid, Comunidad de;Hombres;De 40 a 44 años;Defunciones teóricas;2024;417,83102
13 Madrid, Comunidad de;Hombres;De 40 a 44 años;Población estacionaria;2024;492.964,56012
13 Madrid, Comunidad de;Hombres;De 40 a 44 años;Tiempo por vivir;2024;4.330.622,6266
13 Madrid, Comunidad de;Hombres;De 40 a 44 años;Esperanza de vida;2024;43,837156
13 Madrid, Comunidad de;Hombres;De 45 a 49 años;Tasa de mortalidad;2024;1,221031
13 Madrid, Comunidad de;Hombres;De 45 a 49 años;Promedio de años vividos el último año de vida;2024;0,523028
13 Madrid, Comunidad de;Hombres;De 45 a 49 años;Riesgo de muerte;2024;6,08743
13 Madrid, Comunidad de;Hombres;De 45 a 49 años;Supervivientes;2024;98.371,02881
13 Madrid, Comunidad de;Hombres;De 45 a 49 años;Defunciones teóricas;2024;598,826775
13 Madrid, Comunidad de;Hombres;De 45 a 49 años;Población estacionaria;2024;490.427,0246
13 Madrid, Comunidad de;Hombres;De 45 a 49 años;Tiempo por vivir;2024;3.837.658,0664
13 Madrid, Comunidad de;Hombres;De 45 a 49 años;Esperanza de vida;2024;39,012076
13 Madrid, Comunidad de;Hombres;De 50 a 54 años;Tasa de mortalidad;2024;2,217509
13 Madrid, Comunidad de;Hombres;De 50 a 54 años;Promedio de años vividos el último año de vida;2024;0,525468
13 Madrid, Comunidad de;Hombres;De 50 a 54 años;Riesgo de muerte;2024;11,029513
13 Madrid, Comunidad de;Hombres;De 50 a 54 años;Supervivientes;2024;97.772,202035
13 Madrid, Comunidad de;Hombres;De 50 a 54 años;Defunciones teóricas;2024;1.078,379768
13 Madrid, Comunidad de;Hombres;De 50 a 54 años;Población estacionaria;2024;486.302,38091
13 Madrid, Comunidad de;Hombres;De 50 a 54 años;Tiempo por vivir;2024;3.347.231,0419
13 Madrid, Comunidad de;Hombres;De 50 a 54 años;Esperanza de vida;2024;34,234997
13 Madrid, Comunidad de;Hombres;De 55 a 59 años;Tasa de mortalidad;2024;4,205697
13 Madrid, Comunidad de;Hombres;De 55 a 59 años;Promedio de años vividos el último año de vida;2024;0,543074
13 Madrid, Comunidad de;Hombres;De 55 a 59 años;Riesgo de muerte;2024;20,828358
13 Madrid, Comunidad de;Hombres;De 55 a 59 años;Supervivientes;2024;96.693,822267
13 Madrid, Comunidad de;Hombres;De 55 a 59 años;Defunciones teóricas;2024;2.013,973559
13 Madrid, Comunidad de;Hombres;De 55 a 59 años;Población estacionaria;2024;478.867,9248
13 Madrid, Comunidad de;Hombres;De 55 a 59 años;Tiempo por vivir;2024;2.860.928,6609
13 Madrid, Comunidad de;Hombres;De 55 a 59 años;Esperanza de vida;2024;29,587502
13 Madrid, Comunidad de;Hombres;De 60 a 64 años;Tasa de mortalidad;2024;7,293304
13 Madrid, Comunidad de;Hombres;De 60 a 64 años;Promedio de años vividos el último año de vida;2024;0,536182
13 Madrid, Comunidad de;Hombres;De 60 a 64 años;Riesgo de muerte;2024;35,859988
13 Madrid, Comunidad de;Hombres;De 60 a 64 años;Supervivientes;2024;94.679,848708
13 Madrid, Comunidad de;Hombres;De 60 a 64 años;Defunciones teóricas;2024;3.395,218199
13 Madrid, Comunidad de;Hombres;De 60 a 64 años;Población estacionaria;2024;465.525,41869
13 Madrid, Comunidad de;Hombres;De 60 a 64 años;Tiempo por vivir;2024;2.382.060,7361
13 Madrid, Comunidad de;Hombres;De 60 a 64 años;Esperanza de vida;2024;25,15911
13 Madrid, Comunidad de;Hombres;De 65 a 69 años;Tasa de mortalidad;2024;11,02977
13 Madrid, Comunidad de;Hombres;De 65 a 69 años;Promedio de años vividos el último año de vida;2024;0,527373
13 Madrid, Comunidad de;Hombres;De 65 a 69 años;Riesgo de muerte;2024;53,74792
13 Madrid, Comunidad de;Hombres;De 65 a 69 años;Supervivientes;2024;91.284,630508
13 Madrid, Comunidad de;Hombres;De 65 a 69 años;Defunciones teóricas;2024;4.906,359008
13 Madrid, Comunidad de;Hombres;De 65 a 69 años;Población estacionaria;2024;444.828,75397
13 Madrid, Comunidad de;Hombres;De 65 a 69 años;Tiempo por vivir;2024;1.916.535,3174
13 Madrid, Comunidad de;Hombres;De 65 a 69 años;Esperanza de vida;2024;20,995159
13 Madrid, Comunidad de;Hombres;De 70 a 74 años;Tasa de mortalidad;2024;16,894962
13 Madrid, Comunidad de;Hombres;De 70 a 74 años;Promedio de años vividos el último año de vida;2024;0,543462
13 Madrid, Comunidad de;Hombres;De 70 a 74 años;Riesgo de muerte;2024;81,337934
13 Madrid, Comunidad de;Hombres;De 70 a 74 años;Supervivientes;2024;86.378,271501
13 Madrid, Comunidad de;Hombres;De 70 a 74 años;Defunciones teóricas;2024;7.025,830133
13 Madrid, Comunidad de;Hombres;De 70 a 74 años;Población estacionaria;2024;415.853,55216
13 Madrid, Comunidad de;Hombres;De 70 a 74 años;Tiempo por vivir;2024;1.471.706,5635
13 Madrid, Comunidad de;Hombres;De 70 a 74 años;Esperanza de vida;2024;17,037926
13 Madrid, Comunidad de;Hombres;De 75 a 79 años;Tasa de mortalidad;2024;28,198725
13 Madrid, Comunidad de;Hombres;De 75 a 79 años;Promedio de años vividos el último año de vida;2024;0,526885
13 Madrid, Comunidad de;Hombres;De 75 a 79 años;Riesgo de muerte;2024;132,176634
13 Madrid, Comunidad de;Hombres;De 75 a 79 años;Supervivientes;2024;79.352,441367
13 Madrid, Comunidad de;Hombres;De 75 a 79 años;Defunciones teóricas;2024;10.488,538616
13 Madrid, Comunidad de;Hombres;De 75 a 79 años;Población estacionaria;2024;371.950,80828
13 Madrid, Comunidad de;Hombres;De 75 a 79 años;Tiempo por vivir;2024;1.055.853,0113
13 Madrid, Comunidad de;Hombres;De 75 a 79 años;Esperanza de vida;2024;13,305867
13 Madrid, Comunidad de;Hombres;De 80 a 84 años;Tasa de mortalidad;2024;48,50892
13 Madrid, Comunidad de;Hombres;De 80 a 84 años;Promedio de años vividos el último año de vida;2024;0,527214
13 Madrid, Comunidad de;Hombres;De 80 a 84 años;Riesgo de muerte;2024;217,592839
13 Madrid, Comunidad de;Hombres;De 80 a 84 años;Supervivientes;2024;68.863,902751
13 Madrid, Comunidad de;Hombres;De 80 a 84 años;Defunciones teóricas;2024;14.984,292119
13 Madrid, Comunidad de;Hombres;De 80 a 84 años;Población estacionaria;2024;308.897,66419
13 Madrid, Comunidad de;Hombres;De 80 a 84 años;Tiempo por vivir;2024;683.902,20304
13 Madrid, Comunidad de;Hombres;De 80 a 84 años;Esperanza de vida;2024;9,931215
13 Madrid, Comunidad de;Hombres;De 85 a 89 años;Tasa de mortalidad;2024;91,334481
13 Madrid, Comunidad de;Hombres;De 85 a 89 años;Promedio de años vividos el último año de vida;2024;0,522035
13 Madrid, Comunidad de;Hombres;De 85 a 89 años;Riesgo de muerte;2024;374,852084
13 Madrid, Comunidad de;Hombres;De 85 a 89 años;Supervivientes;2024;53.879,610632
13 Madrid, Comunidad de;Hombres;De 85 a 89 años;Defunciones teóricas;2024;20.196,884327
13 Madrid, Comunidad de;Hombres;De 85 a 89 años;Población estacionaria;2024;221.130,9913
13 Madrid, Comunidad de;Hombres;De 85 a 89 años;Tiempo por vivir;2024;375.004,53885
13 Madrid, Comunidad de;Hombres;De 85 a 89 años;Esperanza de vida;2024;6,960045
13 Madrid, Comunidad de;Hombres;90 y más años;Tasa de mortalidad;2024;""
13 Madrid, Comunidad de;Hombres;90 y más años;Promedio de años vividos el último año de vida;2024;""
13 Madrid, Comunidad de;Hombres;90 y más años;Riesgo de muerte;2024;""
13 Madrid, Comunidad de;Hombres;90 y más años;Supervivientes;2024;""
13 Madrid, Comunidad de;Hombres;90 y más años;Defunciones teóricas;2024;""
13 Madrid, Comunidad de;Hombres;90 y más años;Población estacionaria;2024;""
13 Madrid, Comunidad de;Hombres;90 y más años;Tiempo por vivir;2024;""
13 Madrid, Comunidad de;Hombres;90 y más años;Esperanza de vida;2024;""
13 Madrid, Comunidad de;Hombres;De 90 a 94 años;Tasa de mortalidad;2024;167,321419
13 Madrid, Comunidad de;Hombres;De 90 a 94 años;Promedio de años vividos el último año de vida;2024;0,474696
13 Madrid, Comunidad de;Hombres;De 90 a 94 años;Riesgo de muerte;2024;581,189764
13 Madrid, Comunidad de;Hombres;De 90 a 94 años;Supervivientes;2024;33.682,726305
13 Madrid, Comunidad de;Hombres;De 90 a 94 años;Defunciones teóricas;2024;19.576,055765
13 Madrid, Comunidad de;Hombres;De 90 a 94 años;Población estacionaria;2024;116.996,71139
13 Madrid, Comunidad de;Hombres;De 90 a 94 años;Tiempo por vivir;2024;153.873,54755
13 Madrid, Comunidad de;Hombres;De 90 a 94 años;Esperanza de vida;2024;4,568322
13 Madrid, Comunidad de;Hombres;95 y más años;Tasa de mortalidad;2024;295,644018
13 Madrid, Comunidad de;Hombres;95 y más años;Promedio de años vividos el último año de vida;2024;2,614142
13 Madrid, Comunidad de;Hombres;95 y más años;Riesgo de muerte;2024;1.000
13 Madrid, Comunidad de;Hombres;95 y más años;Supervivientes;2024;14.106,67054
13 Madrid, Comunidad de;Hombres;95 y más años;Defunciones teóricas;2024;14.106,67054
13 Madrid, Comunidad de;Hombres;95 y más años;Población estacionaria;2024;36.876,836156
13 Madrid, Comunidad de;Hombres;95 y más años;Tiempo por vivir;2024;36.876,836156
13 Madrid, Comunidad de;Hombres;95 y más años;Esperanza de vida;2024;2,614142
13 Madrid, Comunidad de;Mujeres;0 años;Tasa de mortalidad;2024;2,601598
13 Madrid, Comunidad de;Mujeres;0 años;Promedio de años vividos el último año de vida;2024;0,070483
13 Madrid, Comunidad de;Mujeres;0 años;Riesgo de muerte;2024;2,595322
13 Madrid, Comunidad de;Mujeres;0 años;Supervivientes;2024;100.000
13 Madrid, Comunidad de;Mujeres;0 años;Defunciones teóricas;2024;259,532191
13 Madrid, Comunidad de;Mujeres;0 años;Población estacionaria;2024;99.758,760486
13 Madrid, Comunidad de;Mujeres;0 años;Tiempo por vivir;2024;8.773.804,8493
13 Madrid, Comunidad de;Mujeres;0 años;Esperanza de vida;2024;87,738048
13 Madrid, Comunidad de;Mujeres;De 1 a 4 años;Tasa de mortalidad;2024;0,088005
13 Madrid, Comunidad de;Mujeres;De 1 a 4 años;Promedio de años vividos el último año de vida;2024;0,469492
13 Madrid, Comunidad de;Mujeres;De 1 a 4 años;Riesgo de muerte;2024;0,351953
13 Madrid, Comunidad de;Mujeres;De 1 a 4 años;Supervivientes;2024;99.740,467809
13 Madrid, Comunidad de;Mujeres;De 1 a 4 años;Defunciones teóricas;2024;35,103942
13 Madrid, Comunidad de;Mujeres;De 1 a 4 años;Población estacionaria;2024;398.887,37953
13 Madrid, Comunidad de;Mujeres;De 1 a 4 años;Tiempo por vivir;2024;8.674.046,0888
13 Madrid, Comunidad de;Mujeres;De 1 a 4 años;Esperanza de vida;2024;86,966166
13 Madrid, Comunidad de;Mujeres;De 5 a 9 años;Tasa de mortalidad;2024;0,044733
13 Madrid, Comunidad de;Mujeres;De 5 a 9 años;Promedio de años vividos el último año de vida;2024;0,46852
13 Madrid, Comunidad de;Mujeres;De 5 a 9 años;Riesgo de muerte;2024;0,223638
13 Madrid, Comunidad de;Mujeres;De 5 a 9 años;Supervivientes;2024;99.705,363867
13 Madrid, Comunidad de;Mujeres;De 5 a 9 años;Defunciones teóricas;2024;22,297881
13 Madrid, Comunidad de;Mujeres;De 5 a 9 años;Población estacionaria;2024;498.467,56491
13 Madrid, Comunidad de;Mujeres;De 5 a 9 años;Tiempo por vivir;2024;8.275.158,7093
13 Madrid, Comunidad de;Mujeres;De 5 a 9 años;Esperanza de vida;2024;82,996124
13 Madrid, Comunidad de;Mujeres;De 10 a 14 años;Tasa de mortalidad;2024;0,089874
13 Madrid, Comunidad de;Mujeres;De 10 a 14 años;Promedio de años vividos el último año de vida;2024;0,506612
13 Madrid, Comunidad de;Mujeres;De 10 a 14 años;Riesgo de muerte;2024;0,449272
13 Madrid, Comunidad de;Mujeres;De 10 a 14 años;Supervivientes;2024;99.683,065986
13 Madrid, Comunidad de;Mujeres;De 10 a 14 años;Defunciones teóricas;2024;44,784803
13 Madrid, Comunidad de;Mujeres;De 10 a 14 años;Población estacionaria;2024;498.304,84844
13 Madrid, Comunidad de;Mujeres;De 10 a 14 años;Tiempo por vivir;2024;7.776.691,1443
13 Madrid, Comunidad de;Mujeres;De 10 a 14 años;Esperanza de vida;2024;78,014165
13 Madrid, Comunidad de;Mujeres;De 15 a 19 años;Tasa de mortalidad;2024;0,11138
13 Madrid, Comunidad de;Mujeres;De 15 a 19 años;Promedio de años vividos el último año de vida;2024;0,449511
13 Madrid, Comunidad de;Mujeres;De 15 a 19 años;Riesgo de muerte;2024;0,55673
13 Madrid, Comunidad de;Mujeres;De 15 a 19 años;Supervivientes;2024;99.638,281183
13 Madrid, Comunidad de;Mujeres;De 15 a 19 años;Defunciones teóricas;2024;55,471595
13 Madrid, Comunidad de;Mujeres;De 15 a 19 años;Población estacionaria;2024;498.038,72331
13 Madrid, Comunidad de;Mujeres;De 15 a 19 años;Tiempo por vivir;2024;7.278.386,2959
13 Madrid, Comunidad de;Mujeres;De 15 a 19 años;Esperanza de vida;2024;73,048092
13 Madrid, Comunidad de;Mujeres;De 20 a 24 años;Tasa de mortalidad;2024;0,13991
13 Madrid, Comunidad de;Mujeres;De 20 a 24 años;Promedio de años vividos el último año de vida;2024;0,458279
13 Madrid, Comunidad de;Mujeres;De 20 a 24 años;Riesgo de muerte;2024;0,699284
13 Madrid, Comunidad de;Mujeres;De 20 a 24 años;Supervivientes;2024;99.582,809589
13 Madrid, Comunidad de;Mujeres;De 20 a 24 años;Defunciones teóricas;2024;69,636655
13 Madrid, Comunidad de;Mujeres;De 20 a 24 años;Población estacionaria;2024;497.725,4298
13 Madrid, Comunidad de;Mujeres;De 20 a 24 años;Tiempo por vivir;2024;6.780.347,5726
13 Madrid, Comunidad de;Mujeres;De 20 a 24 años;Esperanza de vida;2024;68,08753
13 Madrid, Comunidad de;Mujeres;De 25 a 29 años;Tasa de mortalidad;2024;0,163409
13 Madrid, Comunidad de;Mujeres;De 25 a 29 años;Promedio de años vividos el último año de vida;2024;0,571505
13 Madrid, Comunidad de;Mujeres;De 25 a 29 años;Riesgo de muerte;2024;0,81676
13 Madrid, Comunidad de;Mujeres;De 25 a 29 años;Supervivientes;2024;99.513,172933
13 Madrid, Comunidad de;Mujeres;De 25 a 29 años;Defunciones teóricas;2024;81,278378
13 Madrid, Comunidad de;Mujeres;De 25 a 29 años;Población estacionaria;2024;497.391,72773
13 Madrid, Comunidad de;Mujeres;De 25 a 29 años;Tiempo por vivir;2024;6.282.622,1428
13 Madrid, Comunidad de;Mujeres;De 25 a 29 años;Esperanza de vida;2024;63,133573
13 Madrid, Comunidad de;Mujeres;De 30 a 34 años;Tasa de mortalidad;2024;0,202875
13 Madrid, Comunidad de;Mujeres;De 30 a 34 años;Promedio de años vividos el último año de vida;2024;0,63149
13 Madrid, Comunidad de;Mujeres;De 30 a 34 años;Riesgo de muerte;2024;1,013998
13 Madrid, Comunidad de;Mujeres;De 30 a 34 años;Supervivientes;2024;99.431,894556
13 Madrid, Comunidad de;Mujeres;De 30 a 34 años;Defunciones teóricas;2024;100,823762
13 Madrid, Comunidad de;Mujeres;De 30 a 34 años;Población estacionaria;2024;496.973,70018
13 Madrid, Comunidad de;Mujeres;De 30 a 34 años;Tiempo por vivir;2024;5.785.230,4151
13 Madrid, Comunidad de;Mujeres;De 30 a 34 años;Esperanza de vida;2024;58,182844
13 Madrid, Comunidad de;Mujeres;De 35 a 39 años;Tasa de mortalidad;2024;0,276716
13 Madrid, Comunidad de;Mujeres;De 35 a 39 años;Promedio de años vividos el último año de vida;2024;0,481342
13 Madrid, Comunidad de;Mujeres;De 35 a 39 años;Riesgo de muerte;2024;1,382589
13 Madrid, Comunidad de;Mujeres;De 35 a 39 años;Supervivientes;2024;99.331,070794
13 Madrid, Comunidad de;Mujeres;De 35 a 39 años;Defunciones teóricas;2024;137,334043
13 Madrid, Comunidad de;Mujeres;De 35 a 39 años;Población estacionaria;2024;496.299,20721
13 Madrid, Comunidad de;Mujeres;De 35 a 39 años;Tiempo por vivir;2024;5.288.256,7149
13 Madrid, Comunidad de;Mujeres;De 35 a 39 años;Esperanza de vida;2024;53,238696
13 Madrid, Comunidad de;Mujeres;De 40 a 44 años;Tasa de mortalidad;2024;0,436766
13 Madrid, Comunidad de;Mujeres;De 40 a 44 años;Promedio de años vividos el último año de vida;2024;0,541539
13 Madrid, Comunidad de;Mujeres;De 40 a 44 años;Riesgo de muerte;2024;2,181648
13 Madrid, Comunidad de;Mujeres;De 40 a 44 años;Supervivientes;2024;99.193,736751
13 Madrid, Comunidad de;Mujeres;De 40 a 44 años;Defunciones teóricas;2024;216,405837
13 Madrid, Comunidad de;Mujeres;De 40 a 44 años;Población estacionaria;2024;495.472,61552
13 Madrid, Comunidad de;Mujeres;De 40 a 44 años;Tiempo por vivir;2024;4.791.957,5077
13 Madrid, Comunidad de;Mujeres;De 40 a 44 años;Esperanza de vida;2024;48,309073
13 Madrid, Comunidad de;Mujeres;De 45 a 49 años;Tasa de mortalidad;2024;0,82951
13 Madrid, Comunidad de;Mujeres;De 45 a 49 años;Promedio de años vividos el último año de vida;2024;0,552668
13 Madrid, Comunidad de;Mujeres;De 45 a 49 años;Riesgo de muerte;2024;4,139867
13 Madrid, Comunidad de;Mujeres;De 45 a 49 años;Supervivientes;2024;98.977,330913
13 Madrid, Comunidad de;Mujeres;De 45 a 49 años;Defunciones teóricas;2024;409,753035
13 Madrid, Comunidad de;Mujeres;De 45 a 49 años;Población estacionaria;2024;493.970,17652
13 Madrid, Comunidad de;Mujeres;De 45 a 49 años;Tiempo por vivir;2024;4.296.484,8922
13 Madrid, Comunidad de;Mujeres;De 45 a 49 años;Esperanza de vida;2024;43,408777
13 Madrid, Comunidad de;Mujeres;De 50 a 54 años;Tasa de mortalidad;2024;1,340687
13 Madrid, Comunidad de;Mujeres;De 50 a 54 años;Promedio de años vividos el último año de vida;2024;0,533643
13 Madrid, Comunidad de;Mujeres;De 50 a 54 años;Riesgo de muerte;2024;6,682544
13 Madrid, Comunidad de;Mujeres;De 50 a 54 años;Supervivientes;2024;98.567,577879
13 Madrid, Comunidad de;Mujeres;De 50 a 54 años;Defunciones teóricas;2024;658,682158
13 Madrid, Comunidad de;Mujeres;De 50 a 54 años;Población estacionaria;2024;491.301,98557
13 Madrid, Comunidad de;Mujeres;De 50 a 54 años;Tiempo por vivir;2024;3.802.514,7156
13 Madrid, Comunidad de;Mujeres;De 50 a 54 años;Esperanza de vida;2024;38,577743
13 Madrid, Comunidad de;Mujeres;De 55 a 59 años;Tasa de mortalidad;2024;2,138894
13 Madrid, Comunidad de;Mujeres;De 55 a 59 años;Promedio de años vividos el último año de vida;2024;0,549248
13 Madrid, Comunidad de;Mujeres;De 55 a 59 años;Riesgo de muerte;2024;10,643164
13 Madrid, Comunidad de;Mujeres;De 55 a 59 años;Supervivientes;2024;97.908,895721
13 Madrid, Comunidad de;Mujeres;De 55 a 59 años;Defunciones teóricas;2024;1.042,060389
13 Madrid, Comunidad de;Mujeres;De 55 a 59 años;Población estacionaria;2024;487.195,92284
13 Madrid, Comunidad de;Mujeres;De 55 a 59 años;Tiempo por vivir;2024;3.311.212,7301
13 Madrid, Comunidad de;Mujeres;De 55 a 59 años;Esperanza de vida;2024;33,819325
13 Madrid, Comunidad de;Mujeres;De 60 a 64 años;Tasa de mortalidad;2024;3,48419
13 Madrid, Comunidad de;Mujeres;De 60 a 64 años;Promedio de años vividos el último año de vida;2024;0,554405
13 Madrid, Comunidad de;Mujeres;De 60 a 64 años;Riesgo de muerte;2024;17,286758
13 Madrid, Comunidad de;Mujeres;De 60 a 64 años;Supervivientes;2024;96.866,835332
13 Madrid, Comunidad de;Mujeres;De 60 a 64 años;Defunciones teóricas;2024;1.674,513577
13 Madrid, Comunidad de;Mujeres;De 60 a 64 años;Población estacionaria;2024;480.603,40172
13 Madrid, Comunidad de;Mujeres;De 60 a 64 años;Tiempo por vivir;2024;2.824.016,8072
13 Madrid, Comunidad de;Mujeres;De 60 a 64 años;Esperanza de vida;2024;29,153598
13 Madrid, Comunidad de;Mujeres;De 65 a 69 años;Tasa de mortalidad;2024;5,534405
13 Madrid, Comunidad de;Mujeres;De 65 a 69 años;Promedio de años vividos el último año de vida;2024;0,535643
13 Madrid, Comunidad de;Mujeres;De 65 a 69 años;Riesgo de muerte;2024;27,320957
13 Madrid, Comunidad de;Mujeres;De 65 a 69 años;Supervivientes;2024;95.192,321755
13 Madrid, Comunidad de;Mujeres;De 65 a 69 años;Defunciones teóricas;2024;2.600,74534
13 Madrid, Comunidad de;Mujeres;De 65 a 69 años;Población estacionaria;2024;469.923,24264
13 Madrid, Comunidad de;Mujeres;De 65 a 69 años;Tiempo por vivir;2024;2.343.413,4055
13 Madrid, Comunidad de;Mujeres;De 65 a 69 años;Esperanza de vida;2024;24,617673
13 Madrid, Comunidad de;Mujeres;De 70 a 74 años;Tasa de mortalidad;2024;8,068055
13 Madrid, Comunidad de;Mujeres;De 70 a 74 años;Promedio de años vividos el último año de vida;2024;0,524983
13 Madrid, Comunidad de;Mujeres;De 70 a 74 años;Riesgo de muerte;2024;39,581796
13 Madrid, Comunidad de;Mujeres;De 70 a 74 años;Supervivientes;2024;92.591,576415
13 Madrid, Comunidad de;Mujeres;De 70 a 74 años;Defunciones teóricas;2024;3.664,940884
13 Madrid, Comunidad de;Mujeres;De 70 a 74 años;Población estacionaria;2024;454.253,34138
13 Madrid, Comunidad de;Mujeres;De 70 a 74 años;Tiempo por vivir;2024;1.873.490,1629
13 Madrid, Comunidad de;Mujeres;De 70 a 74 años;Esperanza de vida;2024;20,233916
13 Madrid, Comunidad de;Mujeres;De 75 a 79 años;Tasa de mortalidad;2024;14,755706
13 Madrid, Comunidad de;Mujeres;De 75 a 79 años;Promedio de años vividos el último año de vida;2024;0,534778
13 Madrid, Comunidad de;Mujeres;De 75 a 79 años;Riesgo de muerte;2024;71,330231
13 Madrid, Comunidad de;Mujeres;De 75 a 79 años;Supervivientes;2024;88.926,63553
13 Madrid, Comunidad de;Mujeres;De 75 a 79 años;Defunciones teóricas;2024;6.343,157483
13 Madrid, Comunidad de;Mujeres;De 75 a 79 años;Población estacionaria;2024;429.878,28982
13 Madrid, Comunidad de;Mujeres;De 75 a 79 años;Tiempo por vivir;2024;1.419.236,8215
13 Madrid, Comunidad de;Mujeres;De 75 a 79 años;Esperanza de vida;2024;15,959637
13 Madrid, Comunidad de;Mujeres;De 80 a 84 años;Tasa de mortalidad;2024;27,029851
13 Madrid, Comunidad de;Mujeres;De 80 a 84 años;Promedio de años vividos el último año de vida;2024;0,541499
13 Madrid, Comunidad de;Mujeres;De 80 a 84 años;Riesgo de muerte;2024;127,263244
13 Madrid, Comunidad de;Mujeres;De 80 a 84 años;Supervivientes;2024;82.583,478047
13 Madrid, Comunidad de;Mujeres;De 80 a 84 años;Defunciones teóricas;2024;10.509,841303
13 Madrid, Comunidad de;Mujeres;De 80 a 84 años;Población estacionaria;2024;388.823,50803
13 Madrid, Comunidad de;Mujeres;De 80 a 84 años;Tiempo por vivir;2024;989.358,53164
13 Madrid, Comunidad de;Mujeres;De 80 a 84 años;Esperanza de vida;2024;11,980102
13 Madrid, Comunidad de;Mujeres;De 85 a 89 años;Tasa de mortalidad;2024;60,659961
13 Madrid, Comunidad de;Mujeres;De 85 a 89 años;Promedio de años vividos el último año de vida;2024;0,540211
13 Madrid, Comunidad de;Mujeres;De 85 a 89 años;Riesgo de muerte;2024;266,179966
13 Madrid, Comunidad de;Mujeres;De 85 a 89 años;Supervivientes;2024;72.073,636744
13 Madrid, Comunidad de;Mujeres;De 85 a 89 años;Defunciones teóricas;2024;19.184,558149
13 Madrid, Comunidad de;Mujeres;De 85 a 89 años;Población estacionaria;2024;316.263,9357
13 Madrid, Comunidad de;Mujeres;De 85 a 89 años;Tiempo por vivir;2024;600.535,02361
13 Madrid, Comunidad de;Mujeres;De 85 a 89 años;Esperanza de vida;2024;8,332243
13 Madrid, Comunidad de;Mujeres;90 y más años;Tasa de mortalidad;2024;""
13 Madrid, Comunidad de;Mujeres;90 y más años;Promedio de años vividos el último año de vida;2024;""
13 Madrid, Comunidad de;Mujeres;90 y más años;Riesgo de muerte;2024;""
13 Madrid, Comunidad de;Mujeres;90 y más años;Supervivientes;2024;""
13 Madrid, Comunidad de;Mujeres;90 y más años;Defunciones teóricas;2024;""
13 Madrid, Comunidad de;Mujeres;90 y más años;Población estacionaria;2024;""
13 Madrid, Comunidad de;Mujeres;90 y más años;Tiempo por vivir;2024;""
13 Madrid, Comunidad de;Mujeres;90 y más años;Esperanza de vida;2024;""
13 Madrid, Comunidad de;Mujeres;De 90 a 94 años;Tasa de mortalidad;2024;128,346105
13 Madrid, Comunidad de;Mujeres;De 90 a 94 años;Promedio de años vividos el último año de vida;2024;0,503549
13 Madrid, Comunidad de;Mujeres;De 90 a 94 años;Riesgo de muerte;2024;486,680231
13 Madrid, Comunidad de;Mujeres;De 90 a 94 años;Supervivientes;2024;52.889,078594
13 Madrid, Comunidad de;Mujeres;De 90 a 94 años;Defunciones teóricas;2024;25.740,069012
13 Madrid, Comunidad de;Mujeres;De 90 a 94 años;Población estacionaria;2024;200.552,00748
13 Madrid, Comunidad de;Mujeres;De 90 a 94 años;Tiempo por vivir;2024;284.271,08791
13 Madrid, Comunidad de;Mujeres;De 90 a 94 años;Esperanza de vida;2024;5,374854
13 Madrid, Comunidad de;Mujeres;95 y más años;Tasa de mortalidad;2024;261,028911
13 Madrid, Comunidad de;Mujeres;95 y más años;Promedio de años vividos el último año de vida;2024;3,083688
13 Madrid, Comunidad de;Mujeres;95 y más años;Riesgo de muerte;2024;1.000
13 Madrid, Comunidad de;Mujeres;95 y más años;Supervivientes;2024;27.149,009583
13 Madrid, Comunidad de;Mujeres;95 y más años;Defunciones teóricas;2024;27.149,009583
13 Madrid, Comunidad de;Mujeres;95 y más años;Población estacionaria;2024;83.719,080432
13 Madrid, Comunidad de;Mujeres;95 y más años;Tiempo por vivir;2024;83.719,080432
13 Madrid, Comunidad de;Mujeres;95 y más años;Esperanza de vida;2024;3,083688
14 Murcia, Región de;Ambos sexos;0 años;Tasa de mortalidad;2024;3,324518
14 Murcia, Región de;Ambos sexos;0 años;Promedio de años vividos el último año de vida;2024;0,130497
14 Murcia, Región de;Ambos sexos;0 años;Riesgo de muerte;2024;3,314936
14 Murcia, Región de;Ambos sexos;0 años;Supervivientes;2024;100.000
14 Murcia, Región de;Ambos sexos;0 años;Defunciones teóricas;2024;331,493571
14 Murcia, Región de;Ambos sexos;0 años;Población estacionaria;2024;99.711,765348
14 Murcia, Región de;Ambos sexos;0 años;Tiempo por vivir;2024;8.338.605,5638
14 Murcia, Región de;Ambos sexos;0 años;Esperanza de vida;2024;83,386056
14 Murcia, Región de;Ambos sexos;De 1 a 4 años;Tasa de mortalidad;2024;0,107874
14 Murcia, Región de;Ambos sexos;De 1 a 4 años;Promedio de años vividos el último año de vida;2024;0,430612
14 Murcia, Región de;Ambos sexos;De 1 a 4 años;Riesgo de muerte;2024;0,431388
14 Murcia, Región de;Ambos sexos;De 1 a 4 años;Supervivientes;2024;99.668,506429
14 Murcia, Región de;Ambos sexos;De 1 a 4 años;Defunciones teóricas;2024;42,995811
14 Murcia, Región de;Ambos sexos;De 1 a 4 años;Población estacionaria;2024;398.576,10047
14 Murcia, Región de;Ambos sexos;De 1 a 4 años;Tiempo por vivir;2024;8.238.893,7984
14 Murcia, Región de;Ambos sexos;De 1 a 4 años;Esperanza de vida;2024;82,66296
14 Murcia, Región de;Ambos sexos;De 5 a 9 años;Tasa de mortalidad;2024;0,107598
14 Murcia, Región de;Ambos sexos;De 5 a 9 años;Promedio de años vividos el último año de vida;2024;0,512958
14 Murcia, Región de;Ambos sexos;De 5 a 9 años;Riesgo de muerte;2024;0,537848
14 Murcia, Región de;Ambos sexos;De 5 a 9 años;Supervivientes;2024;99.625,510617
14 Murcia, Región de;Ambos sexos;De 5 a 9 años;Defunciones teóricas;2024;53,58336
14 Murcia, Región de;Ambos sexos;De 5 a 9 años;Población estacionaria;2024;497.997,06634
14 Murcia, Región de;Ambos sexos;De 5 a 9 años;Tiempo por vivir;2024;7.840.317,6979
14 Murcia, Región de;Ambos sexos;De 5 a 9 años;Esperanza de vida;2024;78,697892
14 Murcia, Región de;Ambos sexos;De 10 a 14 años;Tasa de mortalidad;2024;0,074676
14 Murcia, Región de;Ambos sexos;De 10 a 14 años;Promedio de años vividos el último año de vida;2024;0,519178
14 Murcia, Región de;Ambos sexos;De 10 a 14 años;Riesgo de muerte;2024;0,373314
14 Murcia, Región de;Ambos sexos;De 10 a 14 años;Supervivientes;2024;99.571,927258
14 Murcia, Región de;Ambos sexos;De 10 a 14 años;Defunciones teóricas;2024;37,17161
14 Murcia, Región de;Ambos sexos;De 10 a 14 años;Población estacionaria;2024;497.770,27157
14 Murcia, Región de;Ambos sexos;De 10 a 14 años;Tiempo por vivir;2024;7.342.320,6316
14 Murcia, Región de;Ambos sexos;De 10 a 14 años;Esperanza de vida;2024;73,738862
14 Murcia, Región de;Ambos sexos;De 15 a 19 años;Tasa de mortalidad;2024;0,224229
14 Murcia, Región de;Ambos sexos;De 15 a 19 años;Promedio de años vividos el último año de vida;2024;0,445193
14 Murcia, Región de;Ambos sexos;De 15 a 19 años;Riesgo de muerte;2024;1,120447
14 Murcia, Región de;Ambos sexos;De 15 a 19 años;Supervivientes;2024;99.534,755648
14 Murcia, Región de;Ambos sexos;De 15 a 19 años;Defunciones teóricas;2024;111,523412
14 Murcia, Región de;Ambos sexos;De 15 a 19 años;Población estacionaria;2024;497.364,40818
14 Murcia, Región de;Ambos sexos;De 15 a 19 años;Tiempo por vivir;2024;6.844.550,36
14 Murcia, Región de;Ambos sexos;De 15 a 19 años;Esperanza de vida;2024;68,765431
14 Murcia, Región de;Ambos sexos;De 20 a 24 años;Tasa de mortalidad;2024;0,210996
14 Murcia, Región de;Ambos sexos;De 20 a 24 años;Promedio de años vividos el último año de vida;2024;0,513967
14 Murcia, Región de;Ambos sexos;De 20 a 24 años;Riesgo de muerte;2024;1,054442
14 Murcia, Región de;Ambos sexos;De 20 a 24 años;Supervivientes;2024;99.423,232236
14 Murcia, Región de;Ambos sexos;De 20 a 24 años;Defunciones teóricas;2024;104,835992
14 Murcia, Región de;Ambos sexos;De 20 a 24 años;Población estacionaria;2024;496.861,39222
14 Murcia, Región de;Ambos sexos;De 20 a 24 años;Tiempo por vivir;2024;6.347.185,9518
14 Murcia, Región de;Ambos sexos;De 20 a 24 años;Esperanza de vida;2024;63,840068
14 Murcia, Región de;Ambos sexos;De 25 a 29 años;Tasa de mortalidad;2024;0,285667
14 Murcia, Región de;Ambos sexos;De 25 a 29 años;Promedio de años vividos el último año de vida;2024;0,478602
14 Murcia, Región de;Ambos sexos;De 25 a 29 años;Riesgo de muerte;2024;1,427271
14 Murcia, Región de;Ambos sexos;De 25 a 29 años;Supervivientes;2024;99.318,396244
14 Murcia, Región de;Ambos sexos;De 25 a 29 años;Defunciones teóricas;2024;141,754224
14 Murcia, Región de;Ambos sexos;De 25 a 29 años;Población estacionaria;2024;496.222,42921
14 Murcia, Región de;Ambos sexos;De 25 a 29 años;Tiempo por vivir;2024;5.850.324,5596
14 Murcia, Región de;Ambos sexos;De 25 a 29 años;Esperanza de vida;2024;58,904743
14 Murcia, Región de;Ambos sexos;De 30 a 34 años;Tasa de mortalidad;2024;0,362405
14 Murcia, Región de;Ambos sexos;De 30 a 34 años;Promedio de años vividos el último año de vida;2024;0,656304
14 Murcia, Región de;Ambos sexos;De 30 a 34 años;Riesgo de muerte;2024;1,810897
14 Murcia, Región de;Ambos sexos;De 30 a 34 años;Supervivientes;2024;99.176,64202
14 Murcia, Región de;Ambos sexos;De 30 a 34 años;Defunciones teóricas;2024;179,59873
14 Murcia, Región de;Ambos sexos;De 30 a 34 años;Población estacionaria;2024;495.574,57308
14 Murcia, Región de;Ambos sexos;De 30 a 34 años;Tiempo por vivir;2024;5.354.102,1304
14 Murcia, Región de;Ambos sexos;De 30 a 34 años;Esperanza de vida;2024;53,985515
14 Murcia, Región de;Ambos sexos;De 35 a 39 años;Tasa de mortalidad;2024;0,501084
14 Murcia, Región de;Ambos sexos;De 35 a 39 años;Promedio de años vividos el último año de vida;2024;0,575003
14 Murcia, Región de;Ambos sexos;De 35 a 39 años;Riesgo de muerte;2024;2,502755
14 Murcia, Región de;Ambos sexos;De 35 a 39 años;Supervivientes;2024;98.997,04329
14 Murcia, Región de;Ambos sexos;De 35 a 39 años;Defunciones teóricas;2024;247,765307
14 Murcia, Región de;Ambos sexos;De 35 a 39 años;Población estacionaria;2024;494.458,71863
14 Murcia, Región de;Ambos sexos;De 35 a 39 años;Tiempo por vivir;2024;4.858.527,5573
14 Murcia, Región de;Ambos sexos;De 35 a 39 años;Esperanza de vida;2024;49,077502
14 Murcia, Región de;Ambos sexos;De 40 a 44 años;Tasa de mortalidad;2024;1,048806
14 Murcia, Región de;Ambos sexos;De 40 a 44 años;Promedio de años vividos el último año de vida;2024;0,588335
14 Murcia, Región de;Ambos sexos;De 40 a 44 años;Riesgo de muerte;2024;5,232731
14 Murcia, Región de;Ambos sexos;De 40 a 44 años;Supervivientes;2024;98.749,277983
14 Murcia, Región de;Ambos sexos;De 40 a 44 años;Defunciones teóricas;2024;516,728429
14 Murcia, Región de;Ambos sexos;De 40 a 44 años;Población estacionaria;2024;492.682,79374
14 Murcia, Región de;Ambos sexos;De 40 a 44 años;Tiempo por vivir;2024;4.364.068,8387
14 Murcia, Región de;Ambos sexos;De 40 a 44 años;Esperanza de vida;2024;44,193425
14 Murcia, Región de;Ambos sexos;De 45 a 49 años;Tasa de mortalidad;2024;1,377858
14 Murcia, Región de;Ambos sexos;De 45 a 49 años;Promedio de años vividos el último año de vida;2024;0,537205
14 Murcia, Región de;Ambos sexos;De 45 a 49 años;Riesgo de muerte;2024;6,867396
14 Murcia, Región de;Ambos sexos;De 45 a 49 años;Supervivientes;2024;98.232,549554
14 Murcia, Región de;Ambos sexos;De 45 a 49 años;Defunciones teóricas;2024;674,601774
14 Murcia, Región de;Ambos sexos;De 45 a 49 años;Población estacionaria;2024;489.601,73736
14 Murcia, Región de;Ambos sexos;De 45 a 49 años;Tiempo por vivir;2024;3.871.386,045
14 Murcia, Región de;Ambos sexos;De 45 a 49 años;Esperanza de vida;2024;39,41042
14 Murcia, Región de;Ambos sexos;De 50 a 54 años;Tasa de mortalidad;2024;2,02035
14 Murcia, Región de;Ambos sexos;De 50 a 54 años;Promedio de años vividos el último año de vida;2024;0,522828
14 Murcia, Región de;Ambos sexos;De 50 a 54 años;Riesgo de muerte;2024;10,05329
14 Murcia, Región de;Ambos sexos;De 50 a 54 años;Supervivientes;2024;97.557,947781
14 Murcia, Región de;Ambos sexos;De 50 a 54 años;Defunciones teóricas;2024;980,778376
14 Murcia, Región de;Ambos sexos;De 50 a 54 años;Población estacionaria;2024;485.449,74027
14 Murcia, Región de;Ambos sexos;De 50 a 54 años;Tiempo por vivir;2024;3.381.784,3076
14 Murcia, Región de;Ambos sexos;De 50 a 54 años;Esperanza de vida;2024;34,664365
14 Murcia, Región de;Ambos sexos;De 55 a 59 años;Tasa de mortalidad;2024;4,015388
14 Murcia, Región de;Ambos sexos;De 55 a 59 años;Promedio de años vividos el último año de vida;2024;0,548536
14 Murcia, Región de;Ambos sexos;De 55 a 59 años;Riesgo de muerte;2024;19,896595
14 Murcia, Región de;Ambos sexos;De 55 a 59 años;Supervivientes;2024;96.577,169404
14 Murcia, Región de;Ambos sexos;De 55 a 59 años;Defunciones teóricas;2024;1.921,556827
14 Murcia, Región de;Ambos sexos;De 55 a 59 años;Población estacionaria;2024;478.548,28065
14 Murcia, Región de;Ambos sexos;De 55 a 59 años;Tiempo por vivir;2024;2.896.334,5673
14 Murcia, Región de;Ambos sexos;De 55 a 59 años;Esperanza de vida;2024;29,989847
14 Murcia, Región de;Ambos sexos;De 60 a 64 años;Tasa de mortalidad;2024;6,095219
14 Murcia, Región de;Ambos sexos;De 60 a 64 años;Promedio de años vividos el último año de vida;2024;0,550549
14 Murcia, Región de;Ambos sexos;De 60 a 64 años;Riesgo de muerte;2024;30,06429
14 Murcia, Región de;Ambos sexos;De 60 a 64 años;Supervivientes;2024;94.655,612578
14 Murcia, Región de;Ambos sexos;De 60 a 64 años;Defunciones teóricas;2024;2.845,753744
14 Murcia, Región de;Ambos sexos;De 60 a 64 años;Población estacionaria;2024;466.882,92587
14 Murcia, Región de;Ambos sexos;De 60 a 64 años;Tiempo por vivir;2024;2.417.786,2867
14 Murcia, Región de;Ambos sexos;De 60 a 64 años;Esperanza de vida;2024;25,542979
14 Murcia, Región de;Ambos sexos;De 65 a 69 años;Tasa de mortalidad;2024;9,870151
14 Murcia, Región de;Ambos sexos;De 65 a 69 años;Promedio de años vividos el último año de vida;2024;0,540311
14 Murcia, Región de;Ambos sexos;De 65 a 69 años;Riesgo de muerte;2024;48,256017
14 Murcia, Región de;Ambos sexos;De 65 a 69 años;Supervivientes;2024;91.809,858833
14 Murcia, Región de;Ambos sexos;De 65 a 69 años;Defunciones teóricas;2024;4.430,378078
14 Murcia, Región de;Ambos sexos;De 65 a 69 años;Población estacionaria;2024;448.866,30292
14 Murcia, Región de;Ambos sexos;De 65 a 69 años;Tiempo por vivir;2024;1.950.903,3608
14 Murcia, Región de;Ambos sexos;De 65 a 69 años;Esperanza de vida;2024;21,249389
14 Murcia, Región de;Ambos sexos;De 70 a 74 años;Tasa de mortalidad;2024;15,444323
14 Murcia, Región de;Ambos sexos;De 70 a 74 años;Promedio de años vividos el último año de vida;2024;0,518545
14 Murcia, Región de;Ambos sexos;De 70 a 74 años;Riesgo de muerte;2024;74,453529
14 Murcia, Región de;Ambos sexos;De 70 a 74 años;Supervivientes;2024;87.379,480755
14 Murcia, Región de;Ambos sexos;De 70 a 74 años;Defunciones teóricas;2024;6.505,710703
14 Murcia, Región de;Ambos sexos;De 70 a 74 años;Población estacionaria;2024;421.236,3733
14 Murcia, Región de;Ambos sexos;De 70 a 74 años;Tiempo por vivir;2024;1.502.037,0579
14 Murcia, Región de;Ambos sexos;De 70 a 74 años;Esperanza de vida;2024;17,189814
14 Murcia, Región de;Ambos sexos;De 75 a 79 años;Tasa de mortalidad;2024;25,752004
14 Murcia, Región de;Ambos sexos;De 75 a 79 años;Promedio de años vividos el último año de vida;2024;0,525867
14 Murcia, Región de;Ambos sexos;De 75 a 79 años;Riesgo de muerte;2024;121,351586
14 Murcia, Región de;Ambos sexos;De 75 a 79 años;Supervivientes;2024;80.873,770052
14 Murcia, Región de;Ambos sexos;De 75 a 79 años;Defunciones teóricas;2024;9.814,160274
14 Murcia, Región de;Ambos sexos;De 75 a 79 años;Población estacionaria;2024;381.102,77882
14 Murcia, Región de;Ambos sexos;De 75 a 79 años;Tiempo por vivir;2024;1.080.800,6846
14 Murcia, Región de;Ambos sexos;De 75 a 79 años;Esperanza de vida;2024;13,364045
14 Murcia, Región de;Ambos sexos;De 80 a 84 años;Tasa de mortalidad;2024;47,180853
14 Murcia, Región de;Ambos sexos;De 80 a 84 años;Promedio de años vividos el último año de vida;2024;0,536833
14 Murcia, Región de;Ambos sexos;De 80 a 84 años;Riesgo de muerte;2024;212,667534
14 Murcia, Región de;Ambos sexos;De 80 a 84 años;Supervivientes;2024;71.059,609778
14 Murcia, Región de;Ambos sexos;De 80 a 84 años;Defunciones teóricas;2024;15.112,071973
14 Murcia, Región de;Ambos sexos;De 80 a 84 años;Población estacionaria;2024;320.300,9474
14 Murcia, Región de;Ambos sexos;De 80 a 84 años;Tiempo por vivir;2024;699.697,90576
14 Murcia, Región de;Ambos sexos;De 80 a 84 años;Esperanza de vida;2024;9,846633
14 Murcia, Región de;Ambos sexos;De 85 a 89 años;Tasa de mortalidad;2024;94,609681
14 Murcia, Región de;Ambos sexos;De 85 a 89 años;Promedio de años vividos el último año de vida;2024;0,504162
14 Murcia, Región de;Ambos sexos;De 85 a 89 años;Riesgo de muerte;2024;383,173057
14 Murcia, Región de;Ambos sexos;De 85 a 89 años;Supervivientes;2024;55.947,537805
14 Murcia, Región de;Ambos sexos;De 85 a 89 años;Defunciones teóricas;2024;21.437,589119
14 Murcia, Región de;Ambos sexos;De 85 a 89 años;Población estacionaria;2024;226.589,80502
14 Murcia, Región de;Ambos sexos;De 85 a 89 años;Tiempo por vivir;2024;379.396,95837
14 Murcia, Región de;Ambos sexos;De 85 a 89 años;Esperanza de vida;2024;6,781299
14 Murcia, Región de;Ambos sexos;90 y más años;Tasa de mortalidad;2024;""
14 Murcia, Región de;Ambos sexos;90 y más años;Promedio de años vividos el último año de vida;2024;""
14 Murcia, Región de;Ambos sexos;90 y más años;Riesgo de muerte;2024;""
14 Murcia, Región de;Ambos sexos;90 y más años;Supervivientes;2024;""
14 Murcia, Región de;Ambos sexos;90 y más años;Defunciones teóricas;2024;""
14 Murcia, Región de;Ambos sexos;90 y más años;Población estacionaria;2024;""
14 Murcia, Región de;Ambos sexos;90 y más años;Tiempo por vivir;2024;""
14 Murcia, Región de;Ambos sexos;90 y más años;Esperanza de vida;2024;""
14 Murcia, Región de;Ambos sexos;De 90 a 94 años;Tasa de mortalidad;2024;178,086186
14 Murcia, Región de;Ambos sexos;De 90 a 94 años;Promedio de años vividos el último año de vida;2024;0,458601
14 Murcia, Región de;Ambos sexos;De 90 a 94 años;Riesgo de muerte;2024;600,798814
14 Murcia, Región de;Ambos sexos;De 90 a 94 años;Supervivientes;2024;34.509,948686
14 Murcia, Región de;Ambos sexos;De 90 a 94 años;Defunciones teóricas;2024;20.733,536243
14 Murcia, Región de;Ambos sexos;De 90 a 94 años;Población estacionaria;2024;116.424,16933
14 Murcia, Región de;Ambos sexos;De 90 a 94 años;Tiempo por vivir;2024;152.807,15335
14 Murcia, Región de;Ambos sexos;De 90 a 94 años;Esperanza de vida;2024;4,427916
14 Murcia, Región de;Ambos sexos;95 y más años;Tasa de mortalidad;2024;300,246689
14 Murcia, Región de;Ambos sexos;95 y más años;Promedio de años vividos el último año de vida;2024;2,640962
14 Murcia, Región de;Ambos sexos;95 y más años;Riesgo de muerte;2024;1.000
14 Murcia, Región de;Ambos sexos;95 y más años;Supervivientes;2024;13.776,412443
14 Murcia, Región de;Ambos sexos;95 y más años;Defunciones teóricas;2024;13.776,412443
14 Murcia, Región de;Ambos sexos;95 y más años;Población estacionaria;2024;36.382,984024
14 Murcia, Región de;Ambos sexos;95 y más años;Tiempo por vivir;2024;36.382,984024
14 Murcia, Región de;Ambos sexos;95 y más años;Esperanza de vida;2024;2,640962
14 Murcia, Región de;Hombres;0 años;Tasa de mortalidad;2024;3,389701
14 Murcia, Región de;Hombres;0 años;Promedio de años vividos el último año de vida;2024;0,143318
14 Murcia, Región de;Hombres;0 años;Riesgo de muerte;2024;3,379886
14 Murcia, Región de;Hombres;0 años;Supervivientes;2024;100.000
14 Murcia, Región de;Hombres;0 años;Defunciones teóricas;2024;337,988582
14 Murcia, Región de;Hombres;0 años;Población estacionaria;2024;99.710,451411
14 Murcia, Región de;Hombres;0 años;Tiempo por vivir;2024;8.088.487,2962
14 Murcia, Región de;Hombres;0 años;Esperanza de vida;2024;80,884873
14 Murcia, Región de;Hombres;De 1 a 4 años;Tasa de mortalidad;2024;0,141619
14 Murcia, Región de;Hombres;De 1 a 4 años;Promedio de años vividos el último año de vida;2024;0,365675
14 Murcia, Región de;Hombres;De 1 a 4 años;Riesgo de muerte;2024;0,566272
14 Murcia, Región de;Hombres;De 1 a 4 años;Supervivientes;2024;99.662,011418
14 Murcia, Región de;Hombres;De 1 a 4 años;Defunciones teóricas;2024;56,435811
14 Murcia, Región de;Hombres;De 1 a 4 años;Población estacionaria;2024;398.504,85098
14 Murcia, Región de;Hombres;De 1 a 4 años;Tiempo por vivir;2024;7.988.776,8448
14 Murcia, Región de;Hombres;De 1 a 4 años;Esperanza de vida;2024;80,158696
14 Murcia, Región de;Hombres;De 5 a 9 años;Tasa de mortalidad;2024;0,163397
14 Murcia, Región de;Hombres;De 5 a 9 años;Promedio de años vividos el último año de vida;2024;0,495865
14 Murcia, Región de;Hombres;De 5 a 9 años;Riesgo de muerte;2024;0,816651
14 Murcia, Región de;Hombres;De 5 a 9 años;Supervivientes;2024;99.605,575607
14 Murcia, Región de;Hombres;De 5 a 9 años;Defunciones teóricas;2024;81,342977
14 Murcia, Región de;Hombres;De 5 a 9 años;Población estacionaria;2024;497.822,83868
14 Murcia, Región de;Hombres;De 5 a 9 años;Tiempo por vivir;2024;7.590.271,9938
14 Murcia, Región de;Hombres;De 5 a 9 años;Esperanza de vida;2024;76,203284
14 Murcia, Región de;Hombres;De 10 a 14 años;Tasa de mortalidad;2024;0,103235
14 Murcia, Región de;Hombres;De 10 a 14 años;Promedio de años vividos el último año de vida;2024;0,506083
14 Murcia, Región de;Hombres;De 10 a 14 años;Riesgo de muerte;2024;0,516044
14 Murcia, Región de;Hombres;De 10 a 14 años;Supervivientes;2024;99.524,232631
14 Murcia, Región de;Hombres;De 10 a 14 años;Defunciones teóricas;2024;51,358836
14 Murcia, Región de;Hombres;De 10 a 14 años;Población estacionaria;2024;497.494,3282
14 Murcia, Región de;Hombres;De 10 a 14 años;Tiempo por vivir;2024;7.092.449,1552
14 Murcia, Región de;Hombres;De 10 a 14 años;Esperanza de vida;2024;71,26354
14 Murcia, Región de;Hombres;De 15 a 19 años;Tasa de mortalidad;2024;0,372626
14 Murcia, Región de;Hombres;De 15 a 19 años;Promedio de años vividos el último año de vida;2024;0,4497
14 Murcia, Región de;Hombres;De 15 a 19 años;Riesgo de muerte;2024;1,86122
14 Murcia, Región de;Hombres;De 15 a 19 años;Supervivientes;2024;99.472,873795
14 Murcia, Región de;Hombres;De 15 a 19 años;Defunciones teóricas;2024;185,140917
14 Murcia, Región de;Hombres;De 15 a 19 años;Población estacionaria;2024;496.854,95386
14 Murcia, Región de;Hombres;De 15 a 19 años;Tiempo por vivir;2024;6.594.954,8269
14 Murcia, Región de;Hombres;De 15 a 19 años;Esperanza de vida;2024;66,299028
14 Murcia, Región de;Hombres;De 20 a 24 años;Tasa de mortalidad;2024;0,280259
14 Murcia, Región de;Hombres;De 20 a 24 años;Promedio de años vividos el último año de vida;2024;0,514888
14 Murcia, Región de;Hombres;De 20 a 24 años;Riesgo de muerte;2024;1,400345
14 Murcia, Región de;Hombres;De 20 a 24 años;Supervivientes;2024;99.287,732877
14 Murcia, Región de;Hombres;De 20 a 24 años;Defunciones teóricas;2024;139,037079
14 Murcia, Región de;Hombres;De 20 a 24 años;Población estacionaria;2024;496.101,4218
14 Murcia, Región de;Hombres;De 20 a 24 años;Tiempo por vivir;2024;6.098.099,8731
14 Murcia, Región de;Hombres;De 20 a 24 años;Esperanza de vida;2024;61,418462
14 Murcia, Región de;Hombres;De 25 a 29 años;Tasa de mortalidad;2024;0,353931
14 Murcia, Región de;Hombres;De 25 a 29 años;Promedio de años vividos el último año de vida;2024;0,458367
14 Murcia, Región de;Hombres;De 25 a 29 años;Riesgo de muerte;2024;1,767962
14 Murcia, Región de;Hombres;De 25 a 29 años;Supervivientes;2024;99.148,695798
14 Murcia, Región de;Hombres;De 25 a 29 años;Defunciones teóricas;2024;175,291108
14 Murcia, Región de;Hombres;De 25 a 29 años;Población estacionaria;2024;495.268,76183
14 Murcia, Región de;Hombres;De 25 a 29 años;Tiempo por vivir;2024;5.601.998,4513
14 Murcia, Región de;Hombres;De 25 a 29 años;Esperanza de vida;2024;56,50098
14 Murcia, Región de;Hombres;De 30 a 34 años;Tasa de mortalidad;2024;0,484846
14 Murcia, Región de;Hombres;De 30 a 34 años;Promedio de años vividos el último año de vida;2024;0,675465
14 Murcia, Región de;Hombres;De 30 a 34 años;Riesgo de muerte;2024;2,422326
14 Murcia, Región de;Hombres;De 30 a 34 años;Supervivientes;2024;98.973,40469
14 Murcia, Región de;Hombres;De 30 a 34 años;Defunciones teóricas;2024;239,745897
14 Murcia, Región de;Hombres;De 30 a 34 años;Población estacionaria;2024;494.477,99417
14 Murcia, Región de;Hombres;De 30 a 34 años;Tiempo por vivir;2024;5.106.729,6894
14 Murcia, Región de;Hombres;De 30 a 34 años;Esperanza de vida;2024;51,596989
14 Murcia, Región de;Hombres;De 35 a 39 años;Tasa de mortalidad;2024;0,663838
14 Murcia, Región de;Hombres;De 35 a 39 años;Promedio de años vividos el último año de vida;2024;0,581635
14 Murcia, Región de;Hombres;De 35 a 39 años;Riesgo de muerte;2024;3,314589
14 Murcia, Región de;Hombres;De 35 a 39 años;Supervivientes;2024;98.733,658793
14 Murcia, Región de;Hombres;De 35 a 39 años;Defunciones teóricas;2024;327,261531
14 Murcia, Región de;Hombres;De 35 a 39 años;Población estacionaria;2024;492.983,71969
14 Murcia, Región de;Hombres;De 35 a 39 años;Tiempo por vivir;2024;4.612.251,6953
14 Murcia, Región de;Hombres;De 35 a 39 años;Esperanza de vida;2024;46,714077
14 Murcia, Región de;Hombres;De 40 a 44 años;Tasa de mortalidad;2024;1,379365
14 Murcia, Región de;Hombres;De 40 a 44 años;Promedio de años vividos el último año de vida;2024;0,595174
14 Murcia, Región de;Hombres;De 40 a 44 años;Riesgo de muerte;2024;6,877621
14 Murcia, Región de;Hombres;De 40 a 44 años;Supervivientes;2024;98.406,397262
14 Murcia, Región de;Hombres;De 40 a 44 años;Defunciones teóricas;2024;676,801882
14 Murcia, Región de;Hombres;De 40 a 44 años;Población estacionaria;2024;490.662,05221
14 Murcia, Región de;Hombres;De 40 a 44 años;Tiempo por vivir;2024;4.119.267,9756
14 Murcia, Región de;Hombres;De 40 a 44 años;Esperanza de vida;2024;41,859758
14 Murcia, Región de;Hombres;De 45 a 49 años;Tasa de mortalidad;2024;1,844329
14 Murcia, Región de;Hombres;De 45 a 49 años;Promedio de años vividos el último año de vida;2024;0,581569
14 Murcia, Región de;Hombres;De 45 a 49 años;Riesgo de muerte;2024;9,186198
14 Murcia, Región de;Hombres;De 45 a 49 años;Supervivientes;2024;97.729,59538
14 Murcia, Región de;Hombres;De 45 a 49 años;Defunciones teóricas;2024;897,763432
14 Murcia, Región de;Hombres;De 45 a 49 años;Población estacionaria;2024;486.769,71464
14 Murcia, Región de;Hombres;De 45 a 49 años;Tiempo por vivir;2024;3.628.605,9234
14 Murcia, Región de;Hombres;De 45 a 49 años;Esperanza de vida;2024;37,129039
14 Murcia, Región de;Hombres;De 50 a 54 años;Tasa de mortalidad;2024;2,64259
14 Murcia, Región de;Hombres;De 50 a 54 años;Promedio de años vividos el último año de vida;2024;0,558302
14 Murcia, Región de;Hombres;De 50 a 54 años;Riesgo de muerte;2024;13,136283
14 Murcia, Región de;Hombres;De 50 a 54 años;Supervivientes;2024;96.831,831948
14 Murcia, Región de;Hombres;De 50 a 54 años;Defunciones teóricas;2024;1.272,010313
14 Murcia, Región de;Hombres;De 50 a 54 años;Población estacionaria;2024;481.349,93726
14 Murcia, Región de;Hombres;De 50 a 54 años;Tiempo por vivir;2024;3.141.836,2087
14 Murcia, Región de;Hombres;De 50 a 54 años;Esperanza de vida;2024;32,446316
14 Murcia, Región de;Hombres;De 55 a 59 años;Tasa de mortalidad;2024;5,403326
14 Murcia, Región de;Hombres;De 55 a 59 años;Promedio de años vividos el último año de vida;2024;0,546209
14 Murcia, Región de;Hombres;De 55 a 59 años;Riesgo de muerte;2024;26,689419
14 Murcia, Región de;Hombres;De 55 a 59 años;Supervivientes;2024;95.559,821636
14 Murcia, Región de;Hombres;De 55 a 59 años;Defunciones teóricas;2024;2.550,436074
14 Murcia, Región de;Hombres;De 55 a 59 años;Población estacionaria;2024;472.012,28337
14 Murcia, Región de;Hombres;De 55 a 59 años;Tiempo por vivir;2024;2.660.486,2715
14 Murcia, Región de;Hombres;De 55 a 59 años;Esperanza de vida;2024;27,841055
14 Murcia, Región de;Hombres;De 60 a 64 años;Tasa de mortalidad;2024;8,158415
14 Murcia, Región de;Hombres;De 60 a 64 años;Promedio de años vividos el último año de vida;2024;0,548193
14 Murcia, Región de;Hombres;De 60 a 64 años;Riesgo de muerte;2024;40,053876
14 Murcia, Región de;Hombres;De 60 a 64 años;Supervivientes;2024;93.009,385562
14 Murcia, Región de;Hombres;De 60 a 64 años;Defunciones teóricas;2024;3.725,386411
14 Murcia, Región de;Hombres;De 60 a 64 años;Población estacionaria;2024;456.631,14533
14 Murcia, Región de;Hombres;De 60 a 64 años;Tiempo por vivir;2024;2.188.473,9881
14 Murcia, Región de;Hombres;De 60 a 64 años;Esperanza de vida;2024;23,529604
14 Murcia, Región de;Hombres;De 65 a 69 años;Tasa de mortalidad;2024;13,419064
14 Murcia, Región de;Hombres;De 65 a 69 años;Promedio de años vividos el último año de vida;2024;0,534744
14 Murcia, Región de;Hombres;De 65 a 69 años;Riesgo de muerte;2024;65,064242
14 Murcia, Región de;Hombres;De 65 a 69 años;Supervivientes;2024;89.283,999151
14 Murcia, Región de;Hombres;De 65 a 69 años;Defunciones teóricas;2024;5.809,195688
14 Murcia, Región de;Hombres;De 65 a 69 años;Población estacionaria;2024;432.906,17598
14 Murcia, Región de;Hombres;De 65 a 69 años;Tiempo por vivir;2024;1.731.842,8428
14 Murcia, Región de;Hombres;De 65 a 69 años;Esperanza de vida;2024;19,397012
14 Murcia, Región de;Hombres;De 70 a 74 años;Tasa de mortalidad;2024;21,828555
14 Murcia, Región de;Hombres;De 70 a 74 años;Promedio de años vividos el último año de vida;2024;0,516331
14 Murcia, Región de;Hombres;De 70 a 74 años;Riesgo de muerte;2024;103,670131
14 Murcia, Región de;Hombres;De 70 a 74 años;Supervivientes;2024;83.474,803462
14 Murcia, Región de;Hombres;De 70 a 74 años;Defunciones teóricas;2024;8.653,843814
14 Murcia, Región de;Hombres;De 70 a 74 años;Población estacionaria;2024;396.446,01714
14 Murcia, Región de;Hombres;De 70 a 74 años;Tiempo por vivir;2024;1.298.936,6668
14 Murcia, Región de;Hombres;De 70 a 74 años;Esperanza de vida;2024;15,560823
14 Murcia, Región de;Hombres;De 75 a 79 años;Tasa de mortalidad;2024;35,777472
14 Murcia, Región de;Hombres;De 75 a 79 años;Promedio de años vividos el último año de vida;2024;0,517536
14 Murcia, Región de;Hombres;De 75 a 79 años;Riesgo de muerte;2024;164,674814
14 Murcia, Región de;Hombres;De 75 a 79 años;Supervivientes;2024;74.820,959648
14 Murcia, Región de;Hombres;De 75 a 79 años;Defunciones teóricas;2024;12.321,127596
14 Murcia, Región de;Hombres;De 75 a 79 años;Población estacionaria;2024;344.382,28356
14 Murcia, Región de;Hombres;De 75 a 79 años;Tiempo por vivir;2024;902.490,64965
14 Murcia, Región de;Hombres;De 75 a 79 años;Esperanza de vida;2024;12,062003
14 Murcia, Región de;Hombres;De 80 a 84 años;Tasa de mortalidad;2024;60,549852
14 Murcia, Región de;Hombres;De 80 a 84 años;Promedio de años vividos el último año de vida;2024;0,531511
14 Murcia, Región de;Hombres;De 80 a 84 años;Riesgo de muerte;2024;265,142843
14 Murcia, Región de;Hombres;De 80 a 84 años;Supervivientes;2024;62.499,832052
14 Murcia, Región de;Hombres;De 80 a 84 años;Defunciones teóricas;2024;16.571,383172
14 Murcia, Región de;Hombres;De 80 a 84 años;Población estacionaria;2024;273.681,64725
14 Murcia, Región de;Hombres;De 80 a 84 años;Tiempo por vivir;2024;558.108,36609
14 Murcia, Región de;Hombres;De 80 a 84 años;Esperanza de vida;2024;8,929758
14 Murcia, Región de;Hombres;De 85 a 89 años;Tasa de mortalidad;2024;111,294744
14 Murcia, Región de;Hombres;De 85 a 89 años;Promedio de años vividos el último año de vida;2024;0,484334
14 Murcia, Región de;Hombres;De 85 a 89 años;Riesgo de muerte;2024;432,395844
14 Murcia, Región de;Hombres;De 85 a 89 años;Supervivientes;2024;45.928,44888
14 Murcia, Región de;Hombres;De 85 a 89 años;Defunciones teóricas;2024;19.859,270431
14 Murcia, Región de;Hombres;De 85 a 89 años;Población estacionaria;2024;178.438,52862
14 Murcia, Región de;Hombres;De 85 a 89 años;Tiempo por vivir;2024;284.426,71884
14 Murcia, Región de;Hombres;De 85 a 89 años;Esperanza de vida;2024;6,192822
14 Murcia, Región de;Hombres;90 y más años;Tasa de mortalidad;2024;""
14 Murcia, Región de;Hombres;90 y más años;Promedio de años vividos el último año de vida;2024;""
14 Murcia, Región de;Hombres;90 y más años;Riesgo de muerte;2024;""
14 Murcia, Región de;Hombres;90 y más años;Supervivientes;2024;""
14 Murcia, Región de;Hombres;90 y más años;Defunciones teóricas;2024;""
14 Murcia, Región de;Hombres;90 y más años;Población estacionaria;2024;""
14 Murcia, Región de;Hombres;90 y más años;Tiempo por vivir;2024;""
14 Murcia, Región de;Hombres;90 y más años;Esperanza de vida;2024;""
14 Murcia, Región de;Hombres;De 90 a 94 años;Tasa de mortalidad;2024;201,280854
14 Murcia, Región de;Hombres;De 90 a 94 años;Promedio de años vividos el último año de vida;2024;0,449855
14 Murcia, Región de;Hombres;De 90 a 94 años;Riesgo de muerte;2024;647,75997
14 Murcia, Región de;Hombres;De 90 a 94 años;Supervivientes;2024;26.069,178449
14 Murcia, Región de;Hombres;De 90 a 94 años;Defunciones teóricas;2024;16.886,57024
14 Murcia, Región de;Hombres;De 90 a 94 años;Población estacionaria;2024;83.895,561199
14 Murcia, Región de;Hombres;De 90 a 94 años;Tiempo por vivir;2024;105.988,19022
14 Murcia, Región de;Hombres;De 90 a 94 años;Esperanza de vida;2024;4,065651
14 Murcia, Región de;Hombres;95 y más años;Tasa de mortalidad;2024;334,879319
14 Murcia, Región de;Hombres;95 y más años;Promedio de años vividos el último año de vida;2024;2,405921
14 Murcia, Región de;Hombres;95 y más años;Riesgo de muerte;2024;1.000
14 Murcia, Región de;Hombres;95 y más años;Supervivientes;2024;9.182,608209
14 Murcia, Región de;Hombres;95 y más años;Defunciones teóricas;2024;9.182,608209
14 Murcia, Región de;Hombres;95 y más años;Población estacionaria;2024;22.092,629016
14 Murcia, Región de;Hombres;95 y más años;Tiempo por vivir;2024;22.092,629016
14 Murcia, Región de;Hombres;95 y más años;Esperanza de vida;2024;2,405921
14 Murcia, Región de;Mujeres;0 años;Tasa de mortalidad;2024;3,255653
14 Murcia, Región de;Mujeres;0 años;Promedio de años vividos el último año de vida;2024;0,116393
14 Murcia, Región de;Mujeres;0 años;Riesgo de muerte;2024;3,246314
14 Murcia, Región de;Mujeres;0 años;Supervivientes;2024;100.000
14 Murcia, Región de;Mujeres;0 años;Defunciones teóricas;2024;324,631408
14 Murcia, Región de;Mujeres;0 años;Población estacionaria;2024;99.713,153559
14 Murcia, Región de;Mujeres;0 años;Tiempo por vivir;2024;8.586.754,495
14 Murcia, Región de;Mujeres;0 años;Esperanza de vida;2024;85,867545
14 Murcia, Región de;Mujeres;De 1 a 4 años;Tasa de mortalidad;2024;0,072429
14 Murcia, Región de;Mujeres;De 1 a 4 años;Promedio de años vividos el último año de vida;2024;0,564853
14 Murcia, Región de;Mujeres;De 1 a 4 años;Riesgo de muerte;2024;0,28968
14 Murcia, Región de;Mujeres;De 1 a 4 años;Supervivientes;2024;99.675,368592
14 Murcia, Región de;Mujeres;De 1 a 4 años;Defunciones teóricas;2024;28,873988
14 Murcia, Región de;Mujeres;De 1 a 4 años;Población estacionaria;2024;398.651,21662
14 Murcia, Región de;Mujeres;De 1 a 4 años;Tiempo por vivir;2024;8.487.041,3414
14 Murcia, Región de;Mujeres;De 1 a 4 años;Esperanza de vida;2024;85,146827
14 Murcia, Región de;Mujeres;De 5 a 9 años;Tasa de mortalidad;2024;0,048536
14 Murcia, Región de;Mujeres;De 5 a 9 años;Promedio de años vividos el último año de vida;2024;0,571216
14 Murcia, Región de;Mujeres;De 5 a 9 años;Riesgo de muerte;2024;0,242656
14 Murcia, Región de;Mujeres;De 5 a 9 años;Supervivientes;2024;99.646,494604
14 Murcia, Región de;Mujeres;De 5 a 9 años;Defunciones teóricas;2024;24,179815
14 Murcia, Región de;Mujeres;De 5 a 9 años;Población estacionaria;2024;498.180,63345
14 Murcia, Región de;Mujeres;De 5 a 9 años;Tiempo por vivir;2024;8.088.390,1248
14 Murcia, Región de;Mujeres;De 5 a 9 años;Esperanza de vida;2024;81,170845
14 Murcia, Región de;Mujeres;De 10 a 14 años;Tasa de mortalidad;2024;0,044113
14 Murcia, Región de;Mujeres;De 10 a 14 años;Promedio de años vividos el último año de vida;2024;0,553689
14 Murcia, Región de;Mujeres;De 10 a 14 años;Riesgo de muerte;2024;0,220543
14 Murcia, Región de;Mujeres;De 10 a 14 años;Supervivientes;2024;99.622,31479
14 Murcia, Región de;Mujeres;De 10 a 14 años;Defunciones teóricas;2024;21,970965
14 Murcia, Región de;Mujeres;De 10 a 14 años;Población estacionaria;2024;498.062,54456
14 Murcia, Región de;Mujeres;De 10 a 14 años;Tiempo por vivir;2024;7.590.209,4913
14 Murcia, Región de;Mujeres;De 10 a 14 años;Esperanza de vida;2024;76,189853
14 Murcia, Región de;Mujeres;De 15 a 19 años;Tasa de mortalidad;2024;0,063712
14 Murcia, Región de;Mujeres;De 15 a 19 años;Promedio de años vividos el último año de vida;2024;0,41008
14 Murcia, Región de;Mujeres;De 15 a 19 años;Riesgo de muerte;2024;0,318499
14 Murcia, Región de;Mujeres;De 15 a 19 años;Supervivientes;2024;99.600,343825
14 Murcia, Región de;Mujeres;De 15 a 19 años;Defunciones teóricas;2024;31,722612
14 Murcia, Región de;Mujeres;De 15 a 19 años;Población estacionaria;2024;497.908,1501
14 Murcia, Región de;Mujeres;De 15 a 19 años;Tiempo por vivir;2024;7.092.146,9468
14 Murcia, Región de;Mujeres;De 15 a 19 años;Esperanza de vida;2024;71,206049
14 Murcia, Región de;Mujeres;De 20 a 24 años;Tasa de mortalidad;2024;0,133517
14 Murcia, Región de;Mujeres;De 20 a 24 años;Promedio de años vividos el último año de vida;2024;0,512347
14 Murcia, Región de;Mujeres;De 20 a 24 años;Riesgo de muerte;2024;0,667365
14 Murcia, Región de;Mujeres;De 20 a 24 años;Supervivientes;2024;99.568,621213
14 Murcia, Región de;Mujeres;De 20 a 24 años;Defunciones teóricas;2024;66,44864
14 Murcia, Región de;Mujeres;De 20 a 24 años;Población estacionaria;2024;497.681,0867
14 Murcia, Región de;Mujeres;De 20 a 24 años;Tiempo por vivir;2024;6.594.238,7967
14 Murcia, Región de;Mujeres;De 20 a 24 años;Esperanza de vida;2024;66,228082
14 Murcia, Región de;Mujeres;De 25 a 29 años;Tasa de mortalidad;2024;0,209458
14 Murcia, Región de;Mujeres;De 25 a 29 años;Promedio de años vividos el último año de vida;2024;0,517245
14 Murcia, Región de;Mujeres;De 25 a 29 años;Riesgo de muerte;2024;1,046762
14 Murcia, Región de;Mujeres;De 25 a 29 años;Supervivientes;2024;99.502,172573
14 Murcia, Región de;Mujeres;De 25 a 29 años;Defunciones teóricas;2024;104,155089
14 Murcia, Región de;Mujeres;De 25 a 29 años;Población estacionaria;2024;497.259,45566
14 Murcia, Región de;Mujeres;De 25 a 29 años;Tiempo por vivir;2024;6.096.557,71
14 Murcia, Región de;Mujeres;De 25 a 29 años;Esperanza de vida;2024;61,270599
14 Murcia, Región de;Mujeres;De 30 a 34 años;Tasa de mortalidad;2024;0,235535
14 Murcia, Región de;Mujeres;De 30 a 34 años;Promedio de años vividos el último año de vida;2024;0,613672
14 Murcia, Región de;Mujeres;De 30 a 34 años;Riesgo de muerte;2024;1,177141
14 Murcia, Región de;Mujeres;De 30 a 34 años;Supervivientes;2024;99.398,017484
14 Murcia, Región de;Mujeres;De 30 a 34 años;Defunciones teóricas;2024;117,005499
14 Murcia, Región de;Mujeres;De 30 a 34 años;Población estacionaria;2024;496.764,07503
14 Murcia, Región de;Mujeres;De 30 a 34 años;Tiempo por vivir;2024;5.599.298,2543
14 Murcia, Región de;Mujeres;De 30 a 34 años;Esperanza de vida;2024;56,332092
14 Murcia, Región de;Mujeres;De 35 a 39 años;Tasa de mortalidad;2024;0,336773
14 Murcia, Región de;Mujeres;De 35 a 39 años;Promedio de años vividos el último año de vida;2024;0,563721
14 Murcia, Región de;Mujeres;De 35 a 39 años;Riesgo de muerte;2024;1,682628
14 Murcia, Región de;Mujeres;De 35 a 39 años;Supervivientes;2024;99.281,011986
14 Murcia, Región de;Mujeres;De 35 a 39 años;Defunciones teóricas;2024;167,053029
14 Murcia, Región de;Mujeres;De 35 a 39 años;Población estacionaria;2024;496.040,65159
14 Murcia, Región de;Mujeres;De 35 a 39 años;Tiempo por vivir;2024;5.102.534,1793
14 Murcia, Región de;Mujeres;De 35 a 39 años;Esperanza de vida;2024;51,394865
14 Murcia, Región de;Mujeres;De 40 a 44 años;Tasa de mortalidad;2024;0,701849
14 Murcia, Región de;Mujeres;De 40 a 44 años;Promedio de años vividos el último año de vida;2024;0,571468
14 Murcia, Región de;Mujeres;De 40 a 44 años;Riesgo de muerte;2024;3,503974
14 Murcia, Región de;Mujeres;De 40 a 44 años;Supervivientes;2024;99.113,958957
14 Murcia, Región de;Mujeres;De 40 a 44 años;Defunciones teóricas;2024;347,292691
14 Murcia, Región de;Mujeres;De 40 a 44 años;Población estacionaria;2024;494.825,66496
14 Murcia, Región de;Mujeres;De 40 a 44 años;Tiempo por vivir;2024;4.606.493,5277
14 Murcia, Región de;Mujeres;De 40 a 44 años;Esperanza de vida;2024;46,476738
14 Murcia, Región de;Mujeres;De 45 a 49 años;Tasa de mortalidad;2024;0,875096
14 Murcia, Región de;Mujeres;De 45 a 49 años;Promedio de años vividos el último año de vida;2024;0,436558
14 Murcia, Región de;Mujeres;De 45 a 49 años;Riesgo de muerte;2024;4,36472
14 Murcia, Región de;Mujeres;De 45 a 49 años;Supervivientes;2024;98.766,666266
14 Murcia, Región de;Mujeres;De 45 a 49 años;Defunciones teóricas;2024;431,088841
14 Murcia, Región de;Mujeres;De 45 a 49 años;Población estacionaria;2024;492.618,86288
14 Murcia, Región de;Mujeres;De 45 a 49 años;Tiempo por vivir;2024;4.111.667,8627
14 Murcia, Región de;Mujeres;De 45 a 49 años;Esperanza de vida;2024;41,630117
14 Murcia, Región de;Mujeres;De 50 a 54 años;Tasa de mortalidad;2024;1,378365
14 Murcia, Región de;Mujeres;De 50 a 54 años;Promedio de años vividos el último año de vida;2024;0,453568
14 Murcia, Región de;Mujeres;De 50 a 54 años;Riesgo de muerte;2024;6,865967
14 Murcia, Región de;Mujeres;De 50 a 54 años;Supervivientes;2024;98.335,577424
14 Murcia, Región de;Mujeres;De 50 a 54 años;Defunciones teóricas;2024;675,168824
14 Murcia, Región de;Mujeres;De 50 a 54 años;Población estacionaria;2024;489.833,21627
14 Murcia, Región de;Mujeres;De 50 a 54 años;Tiempo por vivir;2024;3.619.048,9999
14 Murcia, Región de;Mujeres;De 50 a 54 años;Esperanza de vida;2024;36,803048
14 Murcia, Región de;Mujeres;De 55 a 59 años;Tasa de mortalidad;2024;2,627013
14 Murcia, Región de;Mujeres;De 55 a 59 años;Promedio de años vividos el último año de vida;2024;0,553565
14 Murcia, Región de;Mujeres;De 55 a 59 años;Riesgo de muerte;2024;13,058493
14 Murcia, Región de;Mujeres;De 55 a 59 años;Supervivientes;2024;97.660,4086
14 Murcia, Región de;Mujeres;De 55 a 59 años;Defunciones teóricas;2024;1.275,29774
14 Murcia, Región de;Mujeres;De 55 a 59 años;Población estacionaria;2024;485.455,3559
14 Murcia, Región de;Mujeres;De 55 a 59 años;Tiempo por vivir;2024;3.129.215,7836
14 Murcia, Región de;Mujeres;De 55 a 59 años;Esperanza de vida;2024;32,041805
14 Murcia, Región de;Mujeres;De 60 a 64 años;Tasa de mortalidad;2024;4,107351
14 Murcia, Región de;Mujeres;De 60 a 64 años;Promedio de años vividos el último año de vida;2024;0,556025
14 Murcia, Región de;Mujeres;De 60 a 64 años;Riesgo de muerte;2024;20,351198
14 Murcia, Región de;Mujeres;De 60 a 64 años;Supervivientes;2024;96.385,11086
14 Murcia, Región de;Mujeres;De 60 a 64 años;Defunciones teóricas;2024;1.961,552516
14 Murcia, Región de;Mujeres;De 60 a 64 años;Población estacionaria;2024;477.571,15481
14 Murcia, Región de;Mujeres;De 60 a 64 años;Tiempo por vivir;2024;2.643.760,4277
14 Murcia, Región de;Mujeres;De 60 a 64 años;Esperanza de vida;2024;27,429137
14 Murcia, Región de;Mujeres;De 65 a 69 años;Tasa de mortalidad;2024;6,584715
14 Murcia, Región de;Mujeres;De 65 a 69 años;Promedio de años vividos el último año de vida;2024;0,551769
14 Murcia, Región de;Mujeres;De 65 a 69 años;Riesgo de muerte;2024;32,444776
14 Murcia, Región de;Mujeres;De 65 a 69 años;Supervivientes;2024;94.423,558344
14 Murcia, Región de;Mujeres;De 65 a 69 años;Defunciones teóricas;2024;3.063,551211
14 Murcia, Región de;Mujeres;De 65 a 69 años;Población estacionaria;2024;465.251,89323
14 Murcia, Región de;Mujeres;De 65 a 69 años;Tiempo por vivir;2024;2.166.189,2729
14 Murcia, Región de;Mujeres;De 65 a 69 años;Esperanza de vida;2024;22,941195
14 Murcia, Región de;Mujeres;De 70 a 74 años;Tasa de mortalidad;2024;9,86248
14 Murcia, Región de;Mujeres;De 70 a 74 años;Promedio de años vividos el último año de vida;2024;0,524847
14 Murcia, Región de;Mujeres;De 70 a 74 años;Riesgo de muerte;2024;48,183416
14 Murcia, Región de;Mujeres;De 70 a 74 años;Supervivientes;2024;91.360,007132
14 Murcia, Región de;Mujeres;De 70 a 74 años;Defunciones teóricas;2024;4.402,037191
14 Murcia, Región de;Mujeres;De 70 a 74 años;Población estacionaria;2024;446.341,82523
14 Murcia, Región de;Mujeres;De 70 a 74 años;Tiempo por vivir;2024;1.700.937,3796
14 Murcia, Región de;Mujeres;De 70 a 74 años;Esperanza de vida;2024;18,617965
14 Murcia, Región de;Mujeres;De 75 a 79 años;Tasa de mortalidad;2024;17,771897
14 Murcia, Región de;Mujeres;De 75 a 79 años;Promedio de años vividos el último año de vida;2024;0,540433
14 Murcia, Región de;Mujeres;De 75 a 79 años;Riesgo de muerte;2024;85,373114
14 Murcia, Región de;Mujeres;De 75 a 79 años;Supervivientes;2024;86.957,969942
14 Murcia, Región de;Mujeres;De 75 a 79 años;Defunciones teóricas;2024;7.423,872702
14 Murcia, Región de;Mujeres;De 75 a 79 años;Población estacionaria;2024;417.731,01795
14 Murcia, Región de;Mujeres;De 75 a 79 años;Tiempo por vivir;2024;1.254.595,5544
14 Murcia, Región de;Mujeres;De 75 a 79 años;Esperanza de vida;2024;14,427609
14 Murcia, Región de;Mujeres;De 80 a 84 años;Tasa de mortalidad;2024;37,665402
14 Murcia, Región de;Mujeres;De 80 a 84 años;Promedio de años vividos el último año de vida;2024;0,544013
14 Murcia, Región de;Mujeres;De 80 a 84 años;Riesgo de muerte;2024;173,433456
14 Murcia, Región de;Mujeres;De 80 a 84 años;Supervivientes;2024;79.534,097239
14 Murcia, Región de;Mujeres;De 80 a 84 años;Defunciones teóricas;2024;13.793,873344
14 Murcia, Región de;Mujeres;De 80 a 84 años;Población estacionaria;2024;366.221,32677
14 Murcia, Región de;Mujeres;De 80 a 84 años;Tiempo por vivir;2024;836.864,53648
14 Murcia, Región de;Mujeres;De 80 a 84 años;Esperanza de vida;2024;10,522085
14 Murcia, Región de;Mujeres;De 85 a 89 años;Tasa de mortalidad;2024;84,43702
14 Murcia, Región de;Mujeres;De 85 a 89 años;Promedio de años vividos el último año de vida;2024;0,519789
14 Murcia, Región de;Mujeres;De 85 a 89 años;Riesgo de muerte;2024;351,020012
14 Murcia, Región de;Mujeres;De 85 a 89 años;Supervivientes;2024;65.740,223895
14 Murcia, Región de;Mujeres;De 85 a 89 años;Defunciones teóricas;2024;23.076,134149
14 Murcia, Región de;Mujeres;De 85 a 89 años;Población estacionaria;2024;273.294,03718
14 Murcia, Región de;Mujeres;De 85 a 89 años;Tiempo por vivir;2024;470.643,20971
14 Murcia, Región de;Mujeres;De 85 a 89 años;Esperanza de vida;2024;7,159136
14 Murcia, Región de;Mujeres;90 y más años;Tasa de mortalidad;2024;""
14 Murcia, Región de;Mujeres;90 y más años;Promedio de años vividos el último año de vida;2024;""
14 Murcia, Región de;Mujeres;90 y más años;Riesgo de muerte;2024;""
14 Murcia, Región de;Mujeres;90 y más años;Supervivientes;2024;""
14 Murcia, Región de;Mujeres;90 y más años;Defunciones teóricas;2024;""
14 Murcia, Región de;Mujeres;90 y más años;Población estacionaria;2024;""
14 Murcia, Región de;Mujeres;90 y más años;Tiempo por vivir;2024;""
14 Murcia, Región de;Mujeres;90 y más años;Esperanza de vida;2024;""
14 Murcia, Región de;Mujeres;De 90 a 94 años;Tasa de mortalidad;2024;166,29725
14 Murcia, Región de;Mujeres;De 90 a 94 años;Promedio de años vividos el último año de vida;2024;0,464115
14 Murcia, Región de;Mujeres;De 90 a 94 años;Riesgo de muerte;2024;575,191675
14 Murcia, Región de;Mujeres;De 90 a 94 años;Supervivientes;2024;42.664,089746
14 Murcia, Región de;Mujeres;De 90 a 94 años;Defunciones teóricas;2024;24.540,029247
14 Murcia, Región de;Mujeres;De 90 a 94 años;Población estacionaria;2024;147.567,25855
14 Murcia, Región de;Mujeres;De 90 a 94 años;Tiempo por vivir;2024;197.349,17253
14 Murcia, Región de;Mujeres;De 90 a 94 años;Esperanza de vida;2024;4,625651
14 Murcia, Región de;Mujeres;95 y más años;Tasa de mortalidad;2024;286,895105
14 Murcia, Región de;Mujeres;95 y más años;Promedio de años vividos el último año de vida;2024;2,746731
14 Murcia, Región de;Mujeres;95 y más años;Riesgo de muerte;2024;1.000
14 Murcia, Región de;Mujeres;95 y más años;Supervivientes;2024;18.124,060499
14 Murcia, Región de;Mujeres;95 y más años;Defunciones teóricas;2024;18.124,060499
14 Murcia, Región de;Mujeres;95 y más años;Población estacionaria;2024;49.781,91398
14 Murcia, Región de;Mujeres;95 y más años;Tiempo por vivir;2024;49.781,91398
14 Murcia, Región de;Mujeres;95 y más años;Esperanza de vida;2024;2,746731
15 Navarra, Comunidad Foral de;Ambos sexos;0 años;Tasa de mortalidad;2024;2,375639
15 Navarra, Comunidad Foral de;Ambos sexos;0 años;Promedio de años vividos el último año de vida;2024;0,077248
15 Navarra, Comunidad Foral de;Ambos sexos;0 años;Riesgo de muerte;2024;2,370443
15 Navarra, Comunidad Foral de;Ambos sexos;0 años;Supervivientes;2024;100.000
15 Navarra, Comunidad Foral de;Ambos sexos;0 años;Defunciones teóricas;2024;237,044259
15 Navarra, Comunidad Foral de;Ambos sexos;0 años;Población estacionaria;2024;99.781,266909
15 Navarra, Comunidad Foral de;Ambos sexos;0 años;Tiempo por vivir;2024;8.466.067,9997
15 Navarra, Comunidad Foral de;Ambos sexos;0 años;Esperanza de vida;2024;84,66068
15 Navarra, Comunidad Foral de;Ambos sexos;De 1 a 4 años;Tasa de mortalidad;2024;0,100579
15 Navarra, Comunidad Foral de;Ambos sexos;De 1 a 4 años;Promedio de años vividos el último año de vida;2024;0,248001
15 Navarra, Comunidad Foral de;Ambos sexos;De 1 a 4 años;Riesgo de muerte;2024;0,402192
15 Navarra, Comunidad Foral de;Ambos sexos;De 1 a 4 años;Supervivientes;2024;99.762,955741
15 Navarra, Comunidad Foral de;Ambos sexos;De 1 a 4 años;Defunciones teóricas;2024;40,123896
15 Navarra, Comunidad Foral de;Ambos sexos;De 1 a 4 años;Población estacionaria;2024;398.931,13042
15 Navarra, Comunidad Foral de;Ambos sexos;De 1 a 4 años;Tiempo por vivir;2024;8.366.286,7328
15 Navarra, Comunidad Foral de;Ambos sexos;De 1 a 4 años;Esperanza de vida;2024;83,861657
15 Navarra, Comunidad Foral de;Ambos sexos;De 5 a 9 años;Tasa de mortalidad;2024;0,05903
15 Navarra, Comunidad Foral de;Ambos sexos;De 5 a 9 años;Promedio de años vividos el último año de vida;2024;0,599143
15 Navarra, Comunidad Foral de;Ambos sexos;De 5 a 9 años;Riesgo de muerte;2024;0,295115
15 Navarra, Comunidad Foral de;Ambos sexos;De 5 a 9 años;Supervivientes;2024;99.722,831844
15 Navarra, Comunidad Foral de;Ambos sexos;De 5 a 9 años;Defunciones teóricas;2024;29,429655
15 Navarra, Comunidad Foral de;Ambos sexos;De 5 a 9 años;Población estacionaria;2024;498.555,17383
15 Navarra, Comunidad Foral de;Ambos sexos;De 5 a 9 años;Tiempo por vivir;2024;7.967.355,6024
15 Navarra, Comunidad Foral de;Ambos sexos;De 5 a 9 años;Esperanza de vida;2024;79,895
15 Navarra, Comunidad Foral de;Ambos sexos;De 10 a 14 años;Tasa de mortalidad;2024;0,051737
15 Navarra, Comunidad Foral de;Ambos sexos;De 10 a 14 años;Promedio de años vividos el último año de vida;2024;0,998087
15 Navarra, Comunidad Foral de;Ambos sexos;De 10 a 14 años;Riesgo de muerte;2024;0,258684
15 Navarra, Comunidad Foral de;Ambos sexos;De 10 a 14 años;Supervivientes;2024;99.693,402189
15 Navarra, Comunidad Foral de;Ambos sexos;De 10 a 14 años;Defunciones teóricas;2024;25,7891
15 Navarra, Comunidad Foral de;Ambos sexos;De 10 a 14 años;Población estacionaria;2024;498.466,76433
15 Navarra, Comunidad Foral de;Ambos sexos;De 10 a 14 años;Tiempo por vivir;2024;7.468.800,4286
15 Navarra, Comunidad Foral de;Ambos sexos;De 10 a 14 años;Esperanza de vida;2024;74,9177
15 Navarra, Comunidad Foral de;Ambos sexos;De 15 a 19 años;Tasa de mortalidad;2024;0,129327
15 Navarra, Comunidad Foral de;Ambos sexos;De 15 a 19 años;Promedio de años vividos el último año de vida;2024;0,529963
15 Navarra, Comunidad Foral de;Ambos sexos;De 15 a 19 años;Riesgo de muerte;2024;0,646438
15 Navarra, Comunidad Foral de;Ambos sexos;De 15 a 19 años;Supervivientes;2024;99.667,61309
15 Navarra, Comunidad Foral de;Ambos sexos;De 15 a 19 años;Defunciones teóricas;2024;64,428932
15 Navarra, Comunidad Foral de;Ambos sexos;De 15 a 19 años;Población estacionaria;2024;498.186,64541
15 Navarra, Comunidad Foral de;Ambos sexos;De 15 a 19 años;Tiempo por vivir;2024;6.970.333,6642
15 Navarra, Comunidad Foral de;Ambos sexos;De 15 a 19 años;Esperanza de vida;2024;69,935794
15 Navarra, Comunidad Foral de;Ambos sexos;De 20 a 24 años;Tasa de mortalidad;2024;0,305953
15 Navarra, Comunidad Foral de;Ambos sexos;De 20 a 24 años;Promedio de años vividos el último año de vida;2024;0,354937
15 Navarra, Comunidad Foral de;Ambos sexos;De 20 a 24 años;Riesgo de muerte;2024;1,528255
15 Navarra, Comunidad Foral de;Ambos sexos;De 20 a 24 años;Supervivientes;2024;99.603,184158
15 Navarra, Comunidad Foral de;Ambos sexos;De 20 a 24 años;Defunciones teóricas;2024;152,219101
15 Navarra, Comunidad Foral de;Ambos sexos;De 20 a 24 años;Población estacionaria;2024;497.524,96651
15 Navarra, Comunidad Foral de;Ambos sexos;De 20 a 24 años;Tiempo por vivir;2024;6.472.147,0188
15 Navarra, Comunidad Foral de;Ambos sexos;De 20 a 24 años;Esperanza de vida;2024;64,979318
15 Navarra, Comunidad Foral de;Ambos sexos;De 25 a 29 años;Tasa de mortalidad;2024;0,26827
15 Navarra, Comunidad Foral de;Ambos sexos;De 25 a 29 años;Promedio de años vividos el último año de vida;2024;0,431891
15 Navarra, Comunidad Foral de;Ambos sexos;De 25 a 29 años;Riesgo de muerte;2024;1,340328
15 Navarra, Comunidad Foral de;Ambos sexos;De 25 a 29 años;Supervivientes;2024;99.450,965057
15 Navarra, Comunidad Foral de;Ambos sexos;De 25 a 29 años;Defunciones teóricas;2024;133,296949
15 Navarra, Comunidad Foral de;Ambos sexos;De 25 a 29 años;Población estacionaria;2024;496.876,18922
15 Navarra, Comunidad Foral de;Ambos sexos;De 25 a 29 años;Tiempo por vivir;2024;5.974.622,0523
15 Navarra, Comunidad Foral de;Ambos sexos;De 25 a 29 años;Esperanza de vida;2024;60,076059
15 Navarra, Comunidad Foral de;Ambos sexos;De 30 a 34 años;Tasa de mortalidad;2024;0,189764
15 Navarra, Comunidad Foral de;Ambos sexos;De 30 a 34 años;Promedio de años vividos el último año de vida;2024;0,680847
15 Navarra, Comunidad Foral de;Ambos sexos;De 30 a 34 años;Riesgo de muerte;2024;0,948534
15 Navarra, Comunidad Foral de;Ambos sexos;De 30 a 34 años;Supervivientes;2024;99.317,668109
15 Navarra, Comunidad Foral de;Ambos sexos;De 30 a 34 años;Defunciones teóricas;2024;94,206215
15 Navarra, Comunidad Foral de;Ambos sexos;De 30 a 34 años;Población estacionaria;2024;496.438,00943
15 Navarra, Comunidad Foral de;Ambos sexos;De 30 a 34 años;Tiempo por vivir;2024;5.477.745,8631
15 Navarra, Comunidad Foral de;Ambos sexos;De 30 a 34 años;Esperanza de vida;2024;55,153791
15 Navarra, Comunidad Foral de;Ambos sexos;De 35 a 39 años;Tasa de mortalidad;2024;0,428034
15 Navarra, Comunidad Foral de;Ambos sexos;De 35 a 39 años;Promedio de años vividos el último año de vida;2024;0,500467
15 Navarra, Comunidad Foral de;Ambos sexos;De 35 a 39 años;Riesgo de muerte;2024;2,137886
15 Navarra, Comunidad Foral de;Ambos sexos;De 35 a 39 años;Supervivientes;2024;99.223,461894
15 Navarra, Comunidad Foral de;Ambos sexos;De 35 a 39 años;Defunciones teóricas;2024;212,128462
15 Navarra, Comunidad Foral de;Ambos sexos;De 35 a 39 años;Población estacionaria;2024;495.587,48404
15 Navarra, Comunidad Foral de;Ambos sexos;De 35 a 39 años;Tiempo por vivir;2024;4.981.307,8537
15 Navarra, Comunidad Foral de;Ambos sexos;De 35 a 39 años;Esperanza de vida;2024;50,202923
15 Navarra, Comunidad Foral de;Ambos sexos;De 40 a 44 años;Tasa de mortalidad;2024;0,771107
15 Navarra, Comunidad Foral de;Ambos sexos;De 40 a 44 años;Promedio de años vividos el último año de vida;2024;0,529854
15 Navarra, Comunidad Foral de;Ambos sexos;De 40 a 44 años;Riesgo de muerte;2024;3,848557
15 Navarra, Comunidad Foral de;Ambos sexos;De 40 a 44 años;Supervivientes;2024;99.011,333432
15 Navarra, Comunidad Foral de;Ambos sexos;De 40 a 44 años;Defunciones teóricas;2024;381,050741
15 Navarra, Comunidad Foral de;Ambos sexos;De 40 a 44 años;Población estacionaria;2024;494.160,91967
15 Navarra, Comunidad Foral de;Ambos sexos;De 40 a 44 años;Tiempo por vivir;2024;4.485.720,3696
15 Navarra, Comunidad Foral de;Ambos sexos;De 40 a 44 años;Esperanza de vida;2024;45,30512
15 Navarra, Comunidad Foral de;Ambos sexos;De 45 a 49 años;Tasa de mortalidad;2024;1,323303
15 Navarra, Comunidad Foral de;Ambos sexos;De 45 a 49 años;Promedio de años vividos el último año de vida;2024;0,516933
15 Navarra, Comunidad Foral de;Ambos sexos;De 45 a 49 años;Riesgo de muerte;2024;6,595436
15 Navarra, Comunidad Foral de;Ambos sexos;De 45 a 49 años;Supervivientes;2024;98.630,282691
15 Navarra, Comunidad Foral de;Ambos sexos;De 45 a 49 años;Defunciones teóricas;2024;650,509741
15 Navarra, Comunidad Foral de;Ambos sexos;De 45 a 49 años;Población estacionaria;2024;491.580,21506
15 Navarra, Comunidad Foral de;Ambos sexos;De 45 a 49 años;Tiempo por vivir;2024;3.991.559,4499
15 Navarra, Comunidad Foral de;Ambos sexos;De 45 a 49 años;Esperanza de vida;2024;40,469918
15 Navarra, Comunidad Foral de;Ambos sexos;De 50 a 54 años;Tasa de mortalidad;2024;1,73453
15 Navarra, Comunidad Foral de;Ambos sexos;De 50 a 54 años;Promedio de años vividos el último año de vida;2024;0,556363
15 Navarra, Comunidad Foral de;Ambos sexos;De 50 a 54 años;Riesgo de muerte;2024;8,639409
15 Navarra, Comunidad Foral de;Ambos sexos;De 50 a 54 años;Supervivientes;2024;97.979,77295
15 Navarra, Comunidad Foral de;Ambos sexos;De 50 a 54 años;Defunciones teóricas;2024;846,487284
15 Navarra, Comunidad Foral de;Ambos sexos;De 50 a 54 años;Población estacionaria;2024;488.021,19894
15 Navarra, Comunidad Foral de;Ambos sexos;De 50 a 54 años;Tiempo por vivir;2024;3.499.979,2349
15 Navarra, Comunidad Foral de;Ambos sexos;De 50 a 54 años;Esperanza de vida;2024;35,721447
15 Navarra, Comunidad Foral de;Ambos sexos;De 55 a 59 años;Tasa de mortalidad;2024;3,24892
15 Navarra, Comunidad Foral de;Ambos sexos;De 55 a 59 años;Promedio de años vividos el último año de vida;2024;0,53492
15 Navarra, Comunidad Foral de;Ambos sexos;De 55 a 59 años;Riesgo de muerte;2024;16,122791
15 Navarra, Comunidad Foral de;Ambos sexos;De 55 a 59 años;Supervivientes;2024;97.133,285665
15 Navarra, Comunidad Foral de;Ambos sexos;De 55 a 59 años;Defunciones teóricas;2024;1.566,059691
15 Navarra, Comunidad Foral de;Ambos sexos;De 55 a 59 años;Población estacionaria;2024;482.024,71607
15 Navarra, Comunidad Foral de;Ambos sexos;De 55 a 59 años;Tiempo por vivir;2024;3.011.958,036
15 Navarra, Comunidad Foral de;Ambos sexos;De 55 a 59 años;Esperanza de vida;2024;31,008506
15 Navarra, Comunidad Foral de;Ambos sexos;De 60 a 64 años;Tasa de mortalidad;2024;5,802292
15 Navarra, Comunidad Foral de;Ambos sexos;De 60 a 64 años;Promedio de años vividos el último año de vida;2024;0,555984
15 Navarra, Comunidad Foral de;Ambos sexos;De 60 a 64 años;Riesgo de muerte;2024;28,642501
15 Navarra, Comunidad Foral de;Ambos sexos;De 60 a 64 años;Supervivientes;2024;95.567,225974
15 Navarra, Comunidad Foral de;Ambos sexos;De 60 a 64 años;Defunciones teóricas;2024;2.737,284363
15 Navarra, Comunidad Foral de;Ambos sexos;De 60 a 64 años;Población estacionaria;2024;471.759,13471
15 Navarra, Comunidad Foral de;Ambos sexos;De 60 a 64 años;Tiempo por vivir;2024;2.529.933,3199
15 Navarra, Comunidad Foral de;Ambos sexos;De 60 a 64 años;Esperanza de vida;2024;26,472813
15 Navarra, Comunidad Foral de;Ambos sexos;De 65 a 69 años;Tasa de mortalidad;2024;9,129831
15 Navarra, Comunidad Foral de;Ambos sexos;De 65 a 69 años;Promedio de años vividos el último año de vida;2024;0,545351
15 Navarra, Comunidad Foral de;Ambos sexos;De 65 a 69 años;Riesgo de muerte;2024;44,721
15 Navarra, Comunidad Foral de;Ambos sexos;De 65 a 69 años;Supervivientes;2024;92.829,941611
15 Navarra, Comunidad Foral de;Ambos sexos;De 65 a 69 años;Defunciones teóricas;2024;4.151,447809
15 Navarra, Comunidad Foral de;Ambos sexos;De 65 a 69 años;Población estacionaria;2024;454.712,44603
15 Navarra, Comunidad Foral de;Ambos sexos;De 65 a 69 años;Tiempo por vivir;2024;2.058.174,1852
15 Navarra, Comunidad Foral de;Ambos sexos;De 65 a 69 años;Esperanza de vida;2024;22,171448
15 Navarra, Comunidad Foral de;Ambos sexos;De 70 a 74 años;Tasa de mortalidad;2024;14,755165
15 Navarra, Comunidad Foral de;Ambos sexos;De 70 a 74 años;Promedio de años vividos el último año de vida;2024;0,523423
15 Navarra, Comunidad Foral de;Ambos sexos;De 70 a 74 años;Riesgo de muerte;2024;71,269983
15 Navarra, Comunidad Foral de;Ambos sexos;De 70 a 74 años;Supervivientes;2024;88.678,493802
15 Navarra, Comunidad Foral de;Ambos sexos;De 70 a 74 años;Defunciones teóricas;2024;6.320,114743
15 Navarra, Comunidad Foral de;Ambos sexos;De 70 a 74 años;Población estacionaria;2024;428.332,37489
15 Navarra, Comunidad Foral de;Ambos sexos;De 70 a 74 años;Tiempo por vivir;2024;1.603.461,7391
15 Navarra, Comunidad Foral de;Ambos sexos;De 70 a 74 años;Esperanza de vida;2024;18,081743
15 Navarra, Comunidad Foral de;Ambos sexos;De 75 a 79 años;Tasa de mortalidad;2024;20,68018
15 Navarra, Comunidad Foral de;Ambos sexos;De 75 a 79 años;Promedio de años vividos el último año de vida;2024;0,526061
15 Navarra, Comunidad Foral de;Ambos sexos;De 75 a 79 años;Riesgo de muerte;2024;98,570389
15 Navarra, Comunidad Foral de;Ambos sexos;De 75 a 79 años;Supervivientes;2024;82.358,379059
15 Navarra, Comunidad Foral de;Ambos sexos;De 75 a 79 años;Defunciones teóricas;2024;8.118,097427
15 Navarra, Comunidad Foral de;Ambos sexos;De 75 a 79 años;Población estacionaria;2024;392.554,48419
15 Navarra, Comunidad Foral de;Ambos sexos;De 75 a 79 años;Tiempo por vivir;2024;1.175.129,3643
15 Navarra, Comunidad Foral de;Ambos sexos;De 75 a 79 años;Esperanza de vida;2024;14,268486
15 Navarra, Comunidad Foral de;Ambos sexos;De 80 a 84 años;Tasa de mortalidad;2024;40,502452
15 Navarra, Comunidad Foral de;Ambos sexos;De 80 a 84 años;Promedio de años vividos el último año de vida;2024;0,558335
15 Navarra, Comunidad Foral de;Ambos sexos;De 80 a 84 años;Riesgo de muerte;2024;185,886117
15 Navarra, Comunidad Foral de;Ambos sexos;De 80 a 84 años;Supervivientes;2024;74.240,281633
15 Navarra, Comunidad Foral de;Ambos sexos;De 80 a 84 años;Defunciones teóricas;2024;13.800,237665
15 Navarra, Comunidad Foral de;Ambos sexos;De 80 a 84 años;Población estacionaria;2024;340.725,98043
15 Navarra, Comunidad Foral de;Ambos sexos;De 80 a 84 años;Tiempo por vivir;2024;782.574,88007
15 Navarra, Comunidad Foral de;Ambos sexos;De 80 a 84 años;Esperanza de vida;2024;10,541109
15 Navarra, Comunidad Foral de;Ambos sexos;De 85 a 89 años;Tasa de mortalidad;2024;82,186465
15 Navarra, Comunidad Foral de;Ambos sexos;De 85 a 89 años;Promedio de años vividos el último año de vida;2024;0,510274
15 Navarra, Comunidad Foral de;Ambos sexos;De 85 a 89 años;Riesgo de muerte;2024;342,08888
15 Navarra, Comunidad Foral de;Ambos sexos;De 85 a 89 años;Supervivientes;2024;60.440,043968
15 Navarra, Comunidad Foral de;Ambos sexos;De 85 a 89 años;Defunciones teóricas;2024;20.675,86693
15 Navarra, Comunidad Foral de;Ambos sexos;De 85 a 89 años;Población estacionaria;2024;251.572,65078
15 Navarra, Comunidad Foral de;Ambos sexos;De 85 a 89 años;Tiempo por vivir;2024;441.848,89965
15 Navarra, Comunidad Foral de;Ambos sexos;De 85 a 89 años;Esperanza de vida;2024;7,310532
15 Navarra, Comunidad Foral de;Ambos sexos;90 y más años;Tasa de mortalidad;2024;""
15 Navarra, Comunidad Foral de;Ambos sexos;90 y más años;Promedio de años vividos el último año de vida;2024;""
15 Navarra, Comunidad Foral de;Ambos sexos;90 y más años;Riesgo de muerte;2024;""
15 Navarra, Comunidad Foral de;Ambos sexos;90 y más años;Supervivientes;2024;""
15 Navarra, Comunidad Foral de;Ambos sexos;90 y más años;Defunciones teóricas;2024;""
15 Navarra, Comunidad Foral de;Ambos sexos;90 y más años;Población estacionaria;2024;""
15 Navarra, Comunidad Foral de;Ambos sexos;90 y más años;Tiempo por vivir;2024;""
15 Navarra, Comunidad Foral de;Ambos sexos;90 y más años;Esperanza de vida;2024;""
15 Navarra, Comunidad Foral de;Ambos sexos;De 90 a 94 años;Tasa de mortalidad;2024;164,473351
15 Navarra, Comunidad Foral de;Ambos sexos;De 90 a 94 años;Promedio de años vividos el último año de vida;2024;0,498269
15 Navarra, Comunidad Foral de;Ambos sexos;De 90 a 94 años;Riesgo de muerte;2024;582,162399
15 Navarra, Comunidad Foral de;Ambos sexos;De 90 a 94 años;Supervivientes;2024;39.764,177038
15 Navarra, Comunidad Foral de;Ambos sexos;De 90 a 94 años;Defunciones teóricas;2024;23.149,208709
15 Navarra, Comunidad Foral de;Ambos sexos;De 90 a 94 años;Población estacionaria;2024;140.747,47427
15 Navarra, Comunidad Foral de;Ambos sexos;De 90 a 94 años;Tiempo por vivir;2024;190.276,24887
15 Navarra, Comunidad Foral de;Ambos sexos;De 90 a 94 años;Esperanza de vida;2024;4,785117
15 Navarra, Comunidad Foral de;Ambos sexos;95 y más años;Tasa de mortalidad;2024;321,170564
15 Navarra, Comunidad Foral de;Ambos sexos;95 y más años;Promedio de años vividos el último año de vida;2024;2,980973
15 Navarra, Comunidad Foral de;Ambos sexos;95 y más años;Riesgo de muerte;2024;1.000
15 Navarra, Comunidad Foral de;Ambos sexos;95 y más años;Supervivientes;2024;16.614,968329
15 Navarra, Comunidad Foral de;Ambos sexos;95 y más años;Defunciones teóricas;2024;16.614,968329
15 Navarra, Comunidad Foral de;Ambos sexos;95 y más años;Población estacionaria;2024;49.528,774604
15 Navarra, Comunidad Foral de;Ambos sexos;95 y más años;Tiempo por vivir;2024;49.528,774604
15 Navarra, Comunidad Foral de;Ambos sexos;95 y más años;Esperanza de vida;2024;2,980973
15 Navarra, Comunidad Foral de;Hombres;0 años;Tasa de mortalidad;2024;2,511755
15 Navarra, Comunidad Foral de;Hombres;0 años;Promedio de años vividos el último año de vida;2024;0,047359
15 Navarra, Comunidad Foral de;Hombres;0 años;Riesgo de muerte;2024;2,505759
15 Navarra, Comunidad Foral de;Hombres;0 años;Supervivientes;2024;100.000
15 Navarra, Comunidad Foral de;Hombres;0 años;Defunciones teóricas;2024;250,575948
15 Navarra, Comunidad Foral de;Hombres;0 años;Población estacionaria;2024;99.761,291037
15 Navarra, Comunidad Foral de;Hombres;0 años;Tiempo por vivir;2024;8.196.336,8254
15 Navarra, Comunidad Foral de;Hombres;0 años;Esperanza de vida;2024;81,963368
15 Navarra, Comunidad Foral de;Hombres;De 1 a 4 años;Tasa de mortalidad;2024;0
15 Navarra, Comunidad Foral de;Hombres;De 1 a 4 años;Promedio de años vividos el último año de vida;2024;0
15 Navarra, Comunidad Foral de;Hombres;De 1 a 4 años;Riesgo de muerte;2024;0
15 Navarra, Comunidad Foral de;Hombres;De 1 a 4 años;Supervivientes;2024;99.749,424052
15 Navarra, Comunidad Foral de;Hombres;De 1 a 4 años;Defunciones teóricas;2024;0
15 Navarra, Comunidad Foral de;Hombres;De 1 a 4 años;Población estacionaria;2024;398.997,69621
15 Navarra, Comunidad Foral de;Hombres;De 1 a 4 años;Tiempo por vivir;2024;8.096.575,5344
15 Navarra, Comunidad Foral de;Hombres;De 1 a 4 años;Esperanza de vida;2024;81,169146
15 Navarra, Comunidad Foral de;Hombres;De 5 a 9 años;Tasa de mortalidad;2024;0,115682
15 Navarra, Comunidad Foral de;Hombres;De 5 a 9 años;Promedio de años vividos el último año de vida;2024;0,598962
15 Navarra, Comunidad Foral de;Hombres;De 5 a 9 años;Riesgo de muerte;2024;0,578274
15 Navarra, Comunidad Foral de;Hombres;De 5 a 9 años;Supervivientes;2024;99.749,424052
15 Navarra, Comunidad Foral de;Hombres;De 5 a 9 años;Defunciones teóricas;2024;57,682527
15 Navarra, Comunidad Foral de;Hombres;De 5 a 9 años;Población estacionaria;2024;498.631,45592
15 Navarra, Comunidad Foral de;Hombres;De 5 a 9 años;Tiempo por vivir;2024;7.697.577,8381
15 Navarra, Comunidad Foral de;Hombres;De 5 a 9 años;Esperanza de vida;2024;77,169146
15 Navarra, Comunidad Foral de;Hombres;De 10 a 14 años;Tasa de mortalidad;2024;0,101191
15 Navarra, Comunidad Foral de;Hombres;De 10 a 14 años;Promedio de años vividos el último año de vida;2024;0,998087
15 Navarra, Comunidad Foral de;Hombres;De 10 a 14 años;Riesgo de muerte;2024;0,505953
15 Navarra, Comunidad Foral de;Hombres;De 10 a 14 años;Supervivientes;2024;99.691,741525
15 Navarra, Comunidad Foral de;Hombres;De 10 a 14 años;Defunciones teóricas;2024;50,439325
15 Navarra, Comunidad Foral de;Hombres;De 10 a 14 años;Población estacionaria;2024;498.458,22528
15 Navarra, Comunidad Foral de;Hombres;De 10 a 14 años;Tiempo por vivir;2024;7.198.946,3822
15 Navarra, Comunidad Foral de;Hombres;De 10 a 14 años;Esperanza de vida;2024;72,212064
15 Navarra, Comunidad Foral de;Hombres;De 15 a 19 años;Tasa de mortalidad;2024;0,200078
15 Navarra, Comunidad Foral de;Hombres;De 15 a 19 años;Promedio de años vividos el último año de vida;2024;0,489327
15 Navarra, Comunidad Foral de;Hombres;De 15 a 19 años;Riesgo de muerte;2024;0,999879
15 Navarra, Comunidad Foral de;Hombres;De 15 a 19 años;Supervivientes;2024;99.641,302199
15 Navarra, Comunidad Foral de;Hombres;De 15 a 19 años;Defunciones teóricas;2024;99,629216
15 Navarra, Comunidad Foral de;Hombres;De 15 a 19 años;Población estacionaria;2024;497.952,12106
15 Navarra, Comunidad Foral de;Hombres;De 15 a 19 años;Tiempo por vivir;2024;6.700.488,1569
15 Navarra, Comunidad Foral de;Hombres;De 15 a 19 años;Esperanza de vida;2024;67,246092
15 Navarra, Comunidad Foral de;Hombres;De 20 a 24 años;Tasa de mortalidad;2024;0,44757
15 Navarra, Comunidad Foral de;Hombres;De 20 a 24 años;Promedio de años vividos el último año de vida;2024;0,413619
15 Navarra, Comunidad Foral de;Hombres;De 20 a 24 años;Riesgo de muerte;2024;2,234917
15 Navarra, Comunidad Foral de;Hombres;De 20 a 24 años;Supervivientes;2024;99.541,672983
15 Navarra, Comunidad Foral de;Hombres;De 20 a 24 años;Defunciones teóricas;2024;222,467386
15 Navarra, Comunidad Foral de;Hombres;De 20 a 24 años;Población estacionaria;2024;497.056,11164
15 Navarra, Comunidad Foral de;Hombres;De 20 a 24 años;Tiempo por vivir;2024;6.202.536,0359
15 Navarra, Comunidad Foral de;Hombres;De 20 a 24 años;Esperanza de vida;2024;62,310948
15 Navarra, Comunidad Foral de;Hombres;De 25 a 29 años;Tasa de mortalidad;2024;0,418247
15 Navarra, Comunidad Foral de;Hombres;De 25 a 29 años;Promedio de años vividos el último año de vida;2024;0,478693
15 Navarra, Comunidad Foral de;Hombres;De 25 a 29 años;Riesgo de muerte;2024;2,08896
15 Navarra, Comunidad Foral de;Hombres;De 25 a 29 años;Supervivientes;2024;99.319,205597
15 Navarra, Comunidad Foral de;Hombres;De 25 a 29 años;Defunciones teóricas;2024;207,473846
15 Navarra, Comunidad Foral de;Hombres;De 25 a 29 años;Población estacionaria;2024;496.055,23973
15 Navarra, Comunidad Foral de;Hombres;De 25 a 29 años;Tiempo por vivir;2024;5.705.479,9242
15 Navarra, Comunidad Foral de;Hombres;De 25 a 29 años;Esperanza de vida;2024;57,445888
15 Navarra, Comunidad Foral de;Hombres;De 30 a 34 años;Tasa de mortalidad;2024;0,317892
15 Navarra, Comunidad Foral de;Hombres;De 30 a 34 años;Promedio de años vividos el último año de vida;2024;0,715689
15 Navarra, Comunidad Foral de;Hombres;De 30 a 34 años;Riesgo de muerte;2024;1,588741
15 Navarra, Comunidad Foral de;Hombres;De 30 a 34 años;Supervivientes;2024;99.111,731751
15 Navarra, Comunidad Foral de;Hombres;De 30 a 34 años;Defunciones teóricas;2024;157,462877
15 Navarra, Comunidad Foral de;Hombres;De 30 a 34 años;Población estacionaria;2024;495.334,81658
15 Navarra, Comunidad Foral de;Hombres;De 30 a 34 años;Tiempo por vivir;2024;5.209.424,6845
15 Navarra, Comunidad Foral de;Hombres;De 30 a 34 años;Esperanza de vida;2024;52,561131
15 Navarra, Comunidad Foral de;Hombres;De 35 a 39 años;Tasa de mortalidad;2024;0,449008
15 Navarra, Comunidad Foral de;Hombres;De 35 a 39 años;Promedio de años vividos el último año de vida;2024;0,57761
15 Navarra, Comunidad Foral de;Hombres;De 35 a 39 años;Riesgo de muerte;2024;2,242915
15 Navarra, Comunidad Foral de;Hombres;De 35 a 39 años;Supervivientes;2024;98.954,268874
15 Navarra, Comunidad Foral de;Hombres;De 35 a 39 años;Defunciones teóricas;2024;221,946046
15 Navarra, Comunidad Foral de;Hombres;De 35 a 39 años;Población estacionaria;2024;494.302,60513
15 Navarra, Comunidad Foral de;Hombres;De 35 a 39 años;Tiempo por vivir;2024;4.714.089,8679
15 Navarra, Comunidad Foral de;Hombres;De 35 a 39 años;Esperanza de vida;2024;47,639075
15 Navarra, Comunidad Foral de;Hombres;De 40 a 44 años;Tasa de mortalidad;2024;1,212286
15 Navarra, Comunidad Foral de;Hombres;De 40 a 44 años;Promedio de años vividos el último año de vida;2024;0,535367
15 Navarra, Comunidad Foral de;Hombres;De 40 a 44 años;Riesgo de muerte;2024;6,044408
15 Navarra, Comunidad Foral de;Hombres;De 40 a 44 años;Supervivientes;2024;98.732,322827
15 Navarra, Comunidad Foral de;Hombres;De 40 a 44 años;Defunciones teóricas;2024;596,778429
15 Navarra, Comunidad Foral de;Hombres;De 40 a 44 años;Población estacionaria;2024;492.275,20036
15 Navarra, Comunidad Foral de;Hombres;De 40 a 44 años;Tiempo por vivir;2024;4.219.787,2628
15 Navarra, Comunidad Foral de;Hombres;De 40 a 44 años;Esperanza de vida;2024;42,739674
15 Navarra, Comunidad Foral de;Hombres;De 45 a 49 años;Tasa de mortalidad;2024;1,691504
15 Navarra, Comunidad Foral de;Hombres;De 45 a 49 años;Promedio de años vividos el último año de vida;2024;0,486045
15 Navarra, Comunidad Foral de;Hombres;De 45 a 49 años;Riesgo de muerte;2024;8,420915
15 Navarra, Comunidad Foral de;Hombres;De 45 a 49 años;Supervivientes;2024;98.135,544398
15 Navarra, Comunidad Foral de;Hombres;De 45 a 49 años;Defunciones teóricas;2024;826,391091
15 Navarra, Comunidad Foral de;Hombres;De 45 a 49 años;Población estacionaria;2024;488.554,08395
15 Navarra, Comunidad Foral de;Hombres;De 45 a 49 años;Tiempo por vivir;2024;3.727.512,0624
15 Navarra, Comunidad Foral de;Hombres;De 45 a 49 años;Esperanza de vida;2024;37,983302
15 Navarra, Comunidad Foral de;Hombres;De 50 a 54 años;Tasa de mortalidad;2024;2,417653
15 Navarra, Comunidad Foral de;Hombres;De 50 a 54 años;Promedio de años vividos el último año de vida;2024;0,568803
15 Navarra, Comunidad Foral de;Hombres;De 50 a 54 años;Riesgo de muerte;2024;12,025583
15 Navarra, Comunidad Foral de;Hombres;De 50 a 54 años;Supervivientes;2024;97.309,153307
15 Navarra, Comunidad Foral de;Hombres;De 50 a 54 años;Defunciones teóricas;2024;1.170,199279
15 Navarra, Comunidad Foral de;Hombres;De 50 a 54 años;Población estacionaria;2024;484.022,83614
15 Navarra, Comunidad Foral de;Hombres;De 50 a 54 años;Tiempo por vivir;2024;3.238.957,9785
15 Navarra, Comunidad Foral de;Hombres;De 50 a 54 años;Esperanza de vida;2024;33,285234
15 Navarra, Comunidad Foral de;Hombres;De 55 a 59 años;Tasa de mortalidad;2024;4,07615
15 Navarra, Comunidad Foral de;Hombres;De 55 a 59 años;Promedio de años vividos el último año de vida;2024;0,551999
15 Navarra, Comunidad Foral de;Hombres;De 55 a 59 años;Riesgo de muerte;2024;20,196344
15 Navarra, Comunidad Foral de;Hombres;De 55 a 59 años;Supervivientes;2024;96.138,954029
15 Navarra, Comunidad Foral de;Hombres;De 55 a 59 años;Defunciones teóricas;2024;1.941,655392
15 Navarra, Comunidad Foral de;Hombres;De 55 a 59 años;Población estacionaria;2024;476.345,45673
15 Navarra, Comunidad Foral de;Hombres;De 55 a 59 años;Tiempo por vivir;2024;2.754.935,1424
15 Navarra, Comunidad Foral de;Hombres;De 55 a 59 años;Esperanza de vida;2024;28,655764
15 Navarra, Comunidad Foral de;Hombres;De 60 a 64 años;Tasa de mortalidad;2024;7,813682
15 Navarra, Comunidad Foral de;Hombres;De 60 a 64 años;Promedio de años vividos el último año de vida;2024;0,555974
15 Navarra, Comunidad Foral de;Hombres;De 60 a 64 años;Riesgo de muerte;2024;38,402231
15 Navarra, Comunidad Foral de;Hombres;De 60 a 64 años;Supervivientes;2024;94.197,298637
15 Navarra, Comunidad Foral de;Hombres;De 60 a 64 años;Defunciones teóricas;2024;3.617,386447
15 Navarra, Comunidad Foral de;Hombres;De 60 a 64 años;Población estacionaria;2024;462.955,43228
15 Navarra, Comunidad Foral de;Hombres;De 60 a 64 años;Tiempo por vivir;2024;2.278.589,6856
15 Navarra, Comunidad Foral de;Hombres;De 60 a 64 años;Esperanza de vida;2024;24,189544
15 Navarra, Comunidad Foral de;Hombres;De 65 a 69 años;Tasa de mortalidad;2024;12,427014
15 Navarra, Comunidad Foral de;Hombres;De 65 a 69 años;Promedio de años vividos el último año de vida;2024;0,541316
15 Navarra, Comunidad Foral de;Hombres;De 65 a 69 años;Riesgo de muerte;2024;60,413273
15 Navarra, Comunidad Foral de;Hombres;De 65 a 69 años;Supervivientes;2024;90.579,912189
15 Navarra, Comunidad Foral de;Hombres;De 65 a 69 años;Defunciones teóricas;2024;5.472,22894
15 Navarra, Comunidad Foral de;Hombres;De 65 a 69 años;Población estacionaria;2024;440.349,45075
15 Navarra, Comunidad Foral de;Hombres;De 65 a 69 años;Tiempo por vivir;2024;1.815.634,2533
15 Navarra, Comunidad Foral de;Hombres;De 65 a 69 años;Esperanza de vida;2024;20,044557
15 Navarra, Comunidad Foral de;Hombres;De 70 a 74 años;Tasa de mortalidad;2024;21,102266
15 Navarra, Comunidad Foral de;Hombres;De 70 a 74 años;Promedio de años vividos el último año de vida;2024;0,521687
15 Navarra, Comunidad Foral de;Hombres;De 70 a 74 años;Riesgo de muerte;2024;100,442264
15 Navarra, Comunidad Foral de;Hombres;De 70 a 74 años;Supervivientes;2024;85.107,683249
15 Navarra, Comunidad Foral de;Hombres;De 70 a 74 años;Defunciones teóricas;2024;8.548,408418
15 Navarra, Comunidad Foral de;Hombres;De 70 a 74 años;Población estacionaria;2024;405.094,33572
15 Navarra, Comunidad Foral de;Hombres;De 70 a 74 años;Tiempo por vivir;2024;1.375.284,8026
15 Navarra, Comunidad Foral de;Hombres;De 70 a 74 años;Esperanza de vida;2024;16,15935
15 Navarra, Comunidad Foral de;Hombres;De 75 a 79 años;Tasa de mortalidad;2024;28,420006
15 Navarra, Comunidad Foral de;Hombres;De 75 a 79 años;Promedio de años vividos el último año de vida;2024;0,529205
15 Navarra, Comunidad Foral de;Hombres;De 75 a 79 años;Riesgo de muerte;2024;133,18964
15 Navarra, Comunidad Foral de;Hombres;De 75 a 79 años;Supervivientes;2024;76.559,274831
15 Navarra, Comunidad Foral de;Hombres;De 75 a 79 años;Defunciones teóricas;2024;10.196,902261
15 Navarra, Comunidad Foral de;Hombres;De 75 a 79 años;Población estacionaria;2024;358.793,10774
15 Navarra, Comunidad Foral de;Hombres;De 75 a 79 años;Tiempo por vivir;2024;970.190,46687
15 Navarra, Comunidad Foral de;Hombres;De 75 a 79 años;Esperanza de vida;2024;12,672409
15 Navarra, Comunidad Foral de;Hombres;De 80 a 84 años;Tasa de mortalidad;2024;53,863478
15 Navarra, Comunidad Foral de;Hombres;De 80 a 84 años;Promedio de años vividos el último año de vida;2024;0,561122
15 Navarra, Comunidad Foral de;Hombres;De 80 a 84 años;Riesgo de muerte;2024;240,849603
15 Navarra, Comunidad Foral de;Hombres;De 80 a 84 años;Supervivientes;2024;66.362,372571
15 Navarra, Comunidad Foral de;Hombres;De 80 a 84 años;Defunciones teóricas;2024;15.983,351056
15 Navarra, Comunidad Foral de;Hombres;De 80 a 84 años;Población estacionaria;2024;296.738,1892
15 Navarra, Comunidad Foral de;Hombres;De 80 a 84 años;Tiempo por vivir;2024;611.397,35914
15 Navarra, Comunidad Foral de;Hombres;De 80 a 84 años;Esperanza de vida;2024;9,213012
15 Navarra, Comunidad Foral de;Hombres;De 85 a 89 años;Tasa de mortalidad;2024;107,104927
15 Navarra, Comunidad Foral de;Hombres;De 85 a 89 años;Promedio de años vividos el último año de vida;2024;0,488494
15 Navarra, Comunidad Foral de;Hombres;De 85 a 89 años;Riesgo de muerte;2024;420,374032
15 Navarra, Comunidad Foral de;Hombres;De 85 a 89 años;Supervivientes;2024;50.379,021515
15 Navarra, Comunidad Foral de;Hombres;De 85 a 89 años;Defunciones teóricas;2024;21.178,032414
15 Navarra, Comunidad Foral de;Hombres;De 85 a 89 años;Población estacionaria;2024;197.731,63659
15 Navarra, Comunidad Foral de;Hombres;De 85 a 89 años;Tiempo por vivir;2024;314.659,16993
15 Navarra, Comunidad Foral de;Hombres;De 85 a 89 años;Esperanza de vida;2024;6,245837
15 Navarra, Comunidad Foral de;Hombres;90 y más años;Tasa de mortalidad;2024;""
15 Navarra, Comunidad Foral de;Hombres;90 y más años;Promedio de años vividos el último año de vida;2024;""
15 Navarra, Comunidad Foral de;Hombres;90 y más años;Riesgo de muerte;2024;""
15 Navarra, Comunidad Foral de;Hombres;90 y más años;Supervivientes;2024;""
15 Navarra, Comunidad Foral de;Hombres;90 y más años;Defunciones teóricas;2024;""
15 Navarra, Comunidad Foral de;Hombres;90 y más años;Población estacionaria;2024;""
15 Navarra, Comunidad Foral de;Hombres;90 y más años;Tiempo por vivir;2024;""
15 Navarra, Comunidad Foral de;Hombres;90 y más años;Esperanza de vida;2024;""
15 Navarra, Comunidad Foral de;Hombres;De 90 a 94 años;Tasa de mortalidad;2024;209,032122
15 Navarra, Comunidad Foral de;Hombres;De 90 a 94 años;Promedio de años vividos el último año de vida;2024;0,461362
15 Navarra, Comunidad Foral de;Hombres;De 90 a 94 años;Riesgo de muerte;2024;668,704413
15 Navarra, Comunidad Foral de;Hombres;De 90 a 94 años;Supervivientes;2024;29.200,9891
15 Navarra, Comunidad Foral de;Hombres;De 90 a 94 años;Defunciones teóricas;2024;19.526,830274
15 Navarra, Comunidad Foral de;Hombres;De 90 a 94 años;Población estacionaria;2024;93.415,452556
15 Navarra, Comunidad Foral de;Hombres;De 90 a 94 años;Tiempo por vivir;2024;116.927,53334
15 Navarra, Comunidad Foral de;Hombres;De 90 a 94 años;Esperanza de vida;2024;4,004232
15 Navarra, Comunidad Foral de;Hombres;95 y más años;Tasa de mortalidad;2024;358,026297
15 Navarra, Comunidad Foral de;Hombres;95 y más años;Promedio de años vividos el último año de vida;2024;2,430401
15 Navarra, Comunidad Foral de;Hombres;95 y más años;Riesgo de muerte;2024;1.000
15 Navarra, Comunidad Foral de;Hombres;95 y más años;Supervivientes;2024;9.674,158826
15 Navarra, Comunidad Foral de;Hombres;95 y más años;Defunciones teóricas;2024;9.674,158826
15 Navarra, Comunidad Foral de;Hombres;95 y más años;Población estacionaria;2024;23.512,080786
15 Navarra, Comunidad Foral de;Hombres;95 y más años;Tiempo por vivir;2024;23.512,080786
15 Navarra, Comunidad Foral de;Hombres;95 y más años;Esperanza de vida;2024;2,430401
15 Navarra, Comunidad Foral de;Mujeres;0 años;Tasa de mortalidad;2024;2,230584
15 Navarra, Comunidad Foral de;Mujeres;0 años;Promedio de años vividos el último año de vida;2024;0,113115
15 Navarra, Comunidad Foral de;Mujeres;0 años;Riesgo de muerte;2024;2,22618
15 Navarra, Comunidad Foral de;Mujeres;0 años;Supervivientes;2024;100.000
15 Navarra, Comunidad Foral de;Mujeres;0 años;Defunciones teóricas;2024;222,617988
15 Navarra, Comunidad Foral de;Mujeres;0 años;Población estacionaria;2024;99.802,563391
15 Navarra, Comunidad Foral de;Mujeres;0 años;Tiempo por vivir;2024;8.733.155,0591
15 Navarra, Comunidad Foral de;Mujeres;0 años;Esperanza de vida;2024;87,331551
15 Navarra, Comunidad Foral de;Mujeres;De 1 a 4 años;Tasa de mortalidad;2024;0,207673
15 Navarra, Comunidad Foral de;Mujeres;De 1 a 4 años;Promedio de años vividos el último año de vida;2024;0,247698
15 Navarra, Comunidad Foral de;Mujeres;De 1 a 4 años;Riesgo de muerte;2024;0,830174
15 Navarra, Comunidad Foral de;Mujeres;De 1 a 4 años;Supervivientes;2024;99.777,382012
15 Navarra, Comunidad Foral de;Mujeres;De 1 a 4 años;Defunciones teóricas;2024;82,832629
15 Navarra, Comunidad Foral de;Mujeres;De 1 a 4 años;Población estacionaria;2024;398.860,26741
15 Navarra, Comunidad Foral de;Mujeres;De 1 a 4 años;Tiempo por vivir;2024;8.633.352,4957
15 Navarra, Comunidad Foral de;Mujeres;De 1 a 4 años;Esperanza de vida;2024;86,526148
15 Navarra, Comunidad Foral de;Mujeres;De 5 a 9 años;Tasa de mortalidad;2024;0
15 Navarra, Comunidad Foral de;Mujeres;De 5 a 9 años;Promedio de años vividos el último año de vida;2024;0
15 Navarra, Comunidad Foral de;Mujeres;De 5 a 9 años;Riesgo de muerte;2024;0
15 Navarra, Comunidad Foral de;Mujeres;De 5 a 9 años;Supervivientes;2024;99.694,549383
15 Navarra, Comunidad Foral de;Mujeres;De 5 a 9 años;Defunciones teóricas;2024;0
15 Navarra, Comunidad Foral de;Mujeres;De 5 a 9 años;Población estacionaria;2024;498.472,74691
15 Navarra, Comunidad Foral de;Mujeres;De 5 a 9 años;Tiempo por vivir;2024;8.234.492,2283
15 Navarra, Comunidad Foral de;Mujeres;De 5 a 9 años;Esperanza de vida;2024;82,597216
15 Navarra, Comunidad Foral de;Mujeres;De 10 a 14 años;Tasa de mortalidad;2024;0
15 Navarra, Comunidad Foral de;Mujeres;De 10 a 14 años;Promedio de años vividos el último año de vida;2024;0
15 Navarra, Comunidad Foral de;Mujeres;De 10 a 14 años;Riesgo de muerte;2024;0
15 Navarra, Comunidad Foral de;Mujeres;De 10 a 14 años;Supervivientes;2024;99.694,549383
15 Navarra, Comunidad Foral de;Mujeres;De 10 a 14 años;Defunciones teóricas;2024;0
15 Navarra, Comunidad Foral de;Mujeres;De 10 a 14 años;Población estacionaria;2024;498.472,74691
15 Navarra, Comunidad Foral de;Mujeres;De 10 a 14 años;Tiempo por vivir;2024;7.736.019,4813
15 Navarra, Comunidad Foral de;Mujeres;De 10 a 14 años;Esperanza de vida;2024;77,597216
15 Navarra, Comunidad Foral de;Mujeres;De 15 a 19 años;Tasa de mortalidad;2024;0,053722
15 Navarra, Comunidad Foral de;Mujeres;De 15 a 19 años;Promedio de años vividos el último año de vida;2024;0,691257
15 Navarra, Comunidad Foral de;Mujeres;De 15 a 19 años;Riesgo de muerte;2024;0,268589
15 Navarra, Comunidad Foral de;Mujeres;De 15 a 19 años;Supervivientes;2024;99.694,549383
15 Navarra, Comunidad Foral de;Mujeres;De 15 a 19 años;Defunciones teóricas;2024;26,776816
15 Navarra, Comunidad Foral de;Mujeres;De 15 a 19 años;Población estacionaria;2024;498.431,41112
15 Navarra, Comunidad Foral de;Mujeres;De 15 a 19 años;Tiempo por vivir;2024;7.237.546,7344
15 Navarra, Comunidad Foral de;Mujeres;De 15 a 19 años;Esperanza de vida;2024;72,597216
15 Navarra, Comunidad Foral de;Mujeres;De 20 a 24 años;Tasa de mortalidad;2024;0,155879
15 Navarra, Comunidad Foral de;Mujeres;De 20 a 24 años;Promedio de años vividos el último año de vida;2024;0,173087
15 Navarra, Comunidad Foral de;Mujeres;De 20 a 24 años;Riesgo de muerte;2024;0,778893
15 Navarra, Comunidad Foral de;Mujeres;De 20 a 24 años;Supervivientes;2024;99.667,772567
15 Navarra, Comunidad Foral de;Mujeres;De 20 a 24 años;Defunciones teóricas;2024;77,630535
15 Navarra, Comunidad Foral de;Mujeres;De 20 a 24 años;Población estacionaria;2024;498.017,89432
15 Navarra, Comunidad Foral de;Mujeres;De 20 a 24 años;Tiempo por vivir;2024;6.739.115,3233
15 Navarra, Comunidad Foral de;Mujeres;De 20 a 24 años;Esperanza de vida;2024;67,615791
15 Navarra, Comunidad Foral de;Mujeres;De 25 a 29 años;Tasa de mortalidad;2024;0,110343
15 Navarra, Comunidad Foral de;Mujeres;De 25 a 29 años;Promedio de años vividos el último año de vida;2024;0,246689
15 Navarra, Comunidad Foral de;Mujeres;De 25 a 29 años;Riesgo de muerte;2024;0,551485
15 Navarra, Comunidad Foral de;Mujeres;De 25 a 29 años;Supervivientes;2024;99.590,142031
15 Navarra, Comunidad Foral de;Mujeres;De 25 a 29 años;Defunciones teóricas;2024;54,922452
15 Navarra, Comunidad Foral de;Mujeres;De 25 a 29 años;Población estacionaria;2024;497.743,84161
15 Navarra, Comunidad Foral de;Mujeres;De 25 a 29 años;Tiempo por vivir;2024;6.241.097,429
15 Navarra, Comunidad Foral de;Mujeres;De 25 a 29 años;Esperanza de vida;2024;62,667823
15 Navarra, Comunidad Foral de;Mujeres;De 30 a 34 años;Tasa de mortalidad;2024;0,056251
15 Navarra, Comunidad Foral de;Mujeres;De 30 a 34 años;Promedio de años vividos el último año de vida;2024;0,481967
15 Navarra, Comunidad Foral de;Mujeres;De 30 a 34 años;Riesgo de muerte;2024;0,281215
15 Navarra, Comunidad Foral de;Mujeres;De 30 a 34 años;Supervivientes;2024;99.535,219579
15 Navarra, Comunidad Foral de;Mujeres;De 30 a 34 años;Defunciones teóricas;2024;27,990782
15 Navarra, Comunidad Foral de;Mujeres;De 30 a 34 años;Población estacionaria;2024;497.603,59718
15 Navarra, Comunidad Foral de;Mujeres;De 30 a 34 años;Tiempo por vivir;2024;5.743.353,5874
15 Navarra, Comunidad Foral de;Mujeres;De 30 a 34 años;Esperanza de vida;2024;57,701722
15 Navarra, Comunidad Foral de;Mujeres;De 35 a 39 años;Tasa de mortalidad;2024;0,408599
15 Navarra, Comunidad Foral de;Mujeres;De 35 a 39 años;Promedio de años vividos el último año de vida;2024;0,415977
15 Navarra, Comunidad Foral de;Mujeres;De 35 a 39 años;Riesgo de muerte;2024;2,040562
15 Navarra, Comunidad Foral de;Mujeres;De 35 a 39 años;Supervivientes;2024;99.507,228797
15 Navarra, Comunidad Foral de;Mujeres;De 35 a 39 años;Defunciones teóricas;2024;203,050631
15 Navarra, Comunidad Foral de;Mujeres;De 35 a 39 años;Población estacionaria;2024;496.943,2123
15 Navarra, Comunidad Foral de;Mujeres;De 35 a 39 años;Tiempo por vivir;2024;5.245.749,9902
15 Navarra, Comunidad Foral de;Mujeres;De 35 a 39 años;Esperanza de vida;2024;52,717275
15 Navarra, Comunidad Foral de;Mujeres;De 40 a 44 años;Tasa de mortalidad;2024;0,331817
15 Navarra, Comunidad Foral de;Mujeres;De 40 a 44 años;Promedio de años vividos el último año de vida;2024;0,509021
15 Navarra, Comunidad Foral de;Mujeres;De 40 a 44 años;Riesgo de muerte;2024;1,657736
15 Navarra, Comunidad Foral de;Mujeres;De 40 a 44 años;Supervivientes;2024;99.304,178166
15 Navarra, Comunidad Foral de;Mujeres;De 40 a 44 años;Defunciones teóricas;2024;164,620068
15 Navarra, Comunidad Foral de;Mujeres;De 40 a 44 años;Población estacionaria;2024;496.116,76608
15 Navarra, Comunidad Foral de;Mujeres;De 40 a 44 años;Tiempo por vivir;2024;4.748.806,7779
15 Navarra, Comunidad Foral de;Mujeres;De 40 a 44 años;Esperanza de vida;2024;47,820815
15 Navarra, Comunidad Foral de;Mujeres;De 45 a 49 años;Tasa de mortalidad;2024;0,942272
15 Navarra, Comunidad Foral de;Mujeres;De 45 a 49 años;Promedio de años vividos el último año de vida;2024;0,574151
15 Navarra, Comunidad Foral de;Mujeres;De 45 a 49 años;Riesgo de muerte;2024;4,701924
15 Navarra, Comunidad Foral de;Mujeres;De 45 a 49 años;Supervivientes;2024;99.139,558098
15 Navarra, Comunidad Foral de;Mujeres;De 45 a 49 años;Defunciones teóricas;2024;466,146679
15 Navarra, Comunidad Foral de;Mujeres;De 45 a 49 años;Población estacionaria;2024;494.705,24961
15 Navarra, Comunidad Foral de;Mujeres;De 45 a 49 años;Tiempo por vivir;2024;4.252.690,0118
15 Navarra, Comunidad Foral de;Mujeres;De 45 a 49 años;Esperanza de vida;2024;42,895995
15 Navarra, Comunidad Foral de;Mujeres;De 50 a 54 años;Tasa de mortalidad;2024;1,024918
15 Navarra, Comunidad Foral de;Mujeres;De 50 a 54 años;Promedio de años vividos el último año de vida;2024;0,52533
15 Navarra, Comunidad Foral de;Mujeres;De 50 a 54 años;Riesgo de muerte;2024;5,112154
15 Navarra, Comunidad Foral de;Mujeres;De 50 a 54 años;Supervivientes;2024;98.673,411419
15 Navarra, Comunidad Foral de;Mujeres;De 50 a 54 años;Defunciones teóricas;2024;504,433715
15 Navarra, Comunidad Foral de;Mujeres;De 50 a 54 años;Población estacionaria;2024;492.169,85897
15 Navarra, Comunidad Foral de;Mujeres;De 50 a 54 años;Tiempo por vivir;2024;3.757.984,7622
15 Navarra, Comunidad Foral de;Mujeres;De 50 a 54 años;Esperanza de vida;2024;38,08508
15 Navarra, Comunidad Foral de;Mujeres;De 55 a 59 años;Tasa de mortalidad;2024;2,413696
15 Navarra, Comunidad Foral de;Mujeres;De 55 a 59 años;Promedio de años vividos el último año de vida;2024;0,506872
15 Navarra, Comunidad Foral de;Mujeres;De 55 a 59 años;Riesgo de muerte;2024;11,997083
15 Navarra, Comunidad Foral de;Mujeres;De 55 a 59 años;Supervivientes;2024;98.168,977704
15 Navarra, Comunidad Foral de;Mujeres;De 55 a 59 años;Defunciones teóricas;2024;1.177,741334
15 Navarra, Comunidad Foral de;Mujeres;De 55 a 59 años;Población estacionaria;2024;487.941,00128
15 Navarra, Comunidad Foral de;Mujeres;De 55 a 59 años;Tiempo por vivir;2024;3.265.814,9032
15 Navarra, Comunidad Foral de;Mujeres;De 55 a 59 años;Esperanza de vida;2024;33,26728
15 Navarra, Comunidad Foral de;Mujeres;De 60 a 64 años;Tasa de mortalidad;2024;3,808116
15 Navarra, Comunidad Foral de;Mujeres;De 60 a 64 años;Promedio de años vividos el último año de vida;2024;0,556405
15 Navarra, Comunidad Foral de;Mujeres;De 60 a 64 años;Riesgo de muerte;2024;18,881103
15 Navarra, Comunidad Foral de;Mujeres;De 60 a 64 años;Supervivientes;2024;96.991,23637
15 Navarra, Comunidad Foral de;Mujeres;De 60 a 64 años;Defunciones teóricas;2024;1.831,301553
15 Navarra, Comunidad Foral de;Mujeres;De 60 a 64 años;Población estacionaria;2024;480.894,39713
15 Navarra, Comunidad Foral de;Mujeres;De 60 a 64 años;Tiempo por vivir;2024;2.777.873,902
15 Navarra, Comunidad Foral de;Mujeres;De 60 a 64 años;Esperanza de vida;2024;28,640463
15 Navarra, Comunidad Foral de;Mujeres;De 65 a 69 años;Tasa de mortalidad;2024;5,975319
15 Navarra, Comunidad Foral de;Mujeres;De 65 a 69 años;Promedio de años vividos el último año de vida;2024;0,553408
15 Navarra, Comunidad Foral de;Mujeres;De 65 a 69 años;Riesgo de muerte;2024;29,483209
15 Navarra, Comunidad Foral de;Mujeres;De 65 a 69 años;Supervivientes;2024;95.159,934818
15 Navarra, Comunidad Foral de;Mujeres;De 65 a 69 años;Defunciones teóricas;2024;2.805,620263
15 Navarra, Comunidad Foral de;Mujeres;De 65 a 69 años;Población estacionaria;2024;469.534,84106
15 Navarra, Comunidad Foral de;Mujeres;De 65 a 69 años;Tiempo por vivir;2024;2.296.979,5048
15 Navarra, Comunidad Foral de;Mujeres;De 65 a 69 años;Esperanza de vida;2024;24,138095
15 Navarra, Comunidad Foral de;Mujeres;De 70 a 74 años;Tasa de mortalidad;2024;8,961055
15 Navarra, Comunidad Foral de;Mujeres;De 70 a 74 años;Promedio de años vividos el último año de vida;2024;0,525167
15 Navarra, Comunidad Foral de;Mujeres;De 70 a 74 años;Riesgo de muerte;2024;43,871899
15 Navarra, Comunidad Foral de;Mujeres;De 70 a 74 años;Supervivientes;2024;92.354,314555
15 Navarra, Comunidad Foral de;Mujeres;De 70 a 74 años;Defunciones teóricas;2024;4.051,759147
15 Navarra, Comunidad Foral de;Mujeres;De 70 a 74 años;Población estacionaria;2024;452.152,0252
15 Navarra, Comunidad Foral de;Mujeres;De 70 a 74 años;Tiempo por vivir;2024;1.827.444,6638
15 Navarra, Comunidad Foral de;Mujeres;De 70 a 74 años;Esperanza de vida;2024;19,787323
15 Navarra, Comunidad Foral de;Mujeres;De 75 a 79 años;Tasa de mortalidad;2024;14,192037
15 Navarra, Comunidad Foral de;Mujeres;De 75 a 79 años;Promedio de años vividos el último año de vida;2024;0,520589
15 Navarra, Comunidad Foral de;Mujeres;De 75 a 79 años;Riesgo de muerte;2024;68,625604
15 Navarra, Comunidad Foral de;Mujeres;De 75 a 79 años;Supervivientes;2024;88.302,555408
15 Navarra, Comunidad Foral de;Mujeres;De 75 a 79 años;Defunciones teóricas;2024;6.059,816168
15 Navarra, Comunidad Foral de;Mujeres;De 75 a 79 años;Población estacionaria;2024;426.987,07475
15 Navarra, Comunidad Foral de;Mujeres;De 75 a 79 años;Tiempo por vivir;2024;1.375.292,6386
15 Navarra, Comunidad Foral de;Mujeres;De 75 a 79 años;Esperanza de vida;2024;15,574777
15 Navarra, Comunidad Foral de;Mujeres;De 80 a 84 años;Tasa de mortalidad;2024;30,440072
15 Navarra, Comunidad Foral de;Mujeres;De 80 a 84 años;Promedio de años vividos el último año de vida;2024;0,556737
15 Navarra, Comunidad Foral de;Mujeres;De 80 a 84 años;Riesgo de muerte;2024;142,581145
15 Navarra, Comunidad Foral de;Mujeres;De 80 a 84 años;Supervivientes;2024;82.242,73924
15 Navarra, Comunidad Foral de;Mujeres;De 80 a 84 años;Defunciones teóricas;2024;11.726,263893
15 Navarra, Comunidad Foral de;Mujeres;De 80 a 84 años;Población estacionaria;2024;385.224,57303
15 Navarra, Comunidad Foral de;Mujeres;De 80 a 84 años;Tiempo por vivir;2024;948.305,56382
15 Navarra, Comunidad Foral de;Mujeres;De 80 a 84 años;Esperanza de vida;2024;11,530569
15 Navarra, Comunidad Foral de;Mujeres;De 85 a 89 años;Tasa de mortalidad;2024;67,121536
15 Navarra, Comunidad Foral de;Mujeres;De 85 a 89 años;Promedio de años vividos el último año de vida;2024;0,531148
15 Navarra, Comunidad Foral de;Mujeres;De 85 a 89 años;Riesgo de muerte;2024;289,97935
15 Navarra, Comunidad Foral de;Mujeres;De 85 a 89 años;Supervivientes;2024;70.516,475347
15 Navarra, Comunidad Foral de;Mujeres;De 85 a 89 años;Defunciones teóricas;2024;20.448,321672
15 Navarra, Comunidad Foral de;Mujeres;De 85 a 89 años;Población estacionaria;2024;304.646,21378
15 Navarra, Comunidad Foral de;Mujeres;De 85 a 89 años;Tiempo por vivir;2024;563.080,99079
15 Navarra, Comunidad Foral de;Mujeres;De 85 a 89 años;Esperanza de vida;2024;7,985098
15 Navarra, Comunidad Foral de;Mujeres;90 y más años;Tasa de mortalidad;2024;""
15 Navarra, Comunidad Foral de;Mujeres;90 y más años;Promedio de años vividos el último año de vida;2024;""
15 Navarra, Comunidad Foral de;Mujeres;90 y más años;Riesgo de muerte;2024;""
15 Navarra, Comunidad Foral de;Mujeres;90 y más años;Supervivientes;2024;""
15 Navarra, Comunidad Foral de;Mujeres;90 y más años;Defunciones teóricas;2024;""
15 Navarra, Comunidad Foral de;Mujeres;90 y más años;Población estacionaria;2024;""
15 Navarra, Comunidad Foral de;Mujeres;90 y más años;Tiempo por vivir;2024;""
15 Navarra, Comunidad Foral de;Mujeres;90 y más años;Esperanza de vida;2024;""
15 Navarra, Comunidad Foral de;Mujeres;De 90 a 94 años;Tasa de mortalidad;2024;145,505282
15 Navarra, Comunidad Foral de;Mujeres;De 90 a 94 años;Promedio de años vividos el último año de vida;2024;0,520779
15 Navarra, Comunidad Foral de;Mujeres;De 90 a 94 años;Riesgo de muerte;2024;539,449515
15 Navarra, Comunidad Foral de;Mujeres;De 90 a 94 años;Supervivientes;2024;50.068,153676
15 Navarra, Comunidad Foral de;Mujeres;De 90 a 94 años;Defunciones teóricas;2024;27.009,241224
15 Navarra, Comunidad Foral de;Mujeres;De 90 a 94 años;Población estacionaria;2024;185.623,78491
15 Navarra, Comunidad Foral de;Mujeres;De 90 a 94 años;Tiempo por vivir;2024;258.434,777
15 Navarra, Comunidad Foral de;Mujeres;De 90 a 94 años;Esperanza de vida;2024;5,16166
15 Navarra, Comunidad Foral de;Mujeres;95 y más años;Tasa de mortalidad;2024;310,902821
15 Navarra, Comunidad Foral de;Mujeres;95 y más años;Promedio de años vividos el último año de vida;2024;3,157607
15 Navarra, Comunidad Foral de;Mujeres;95 y más años;Riesgo de muerte;2024;1.000
15 Navarra, Comunidad Foral de;Mujeres;95 y más años;Supervivientes;2024;23.058,912452
15 Navarra, Comunidad Foral de;Mujeres;95 y más años;Defunciones teóricas;2024;23.058,912452
15 Navarra, Comunidad Foral de;Mujeres;95 y más años;Población estacionaria;2024;72.810,992087
15 Navarra, Comunidad Foral de;Mujeres;95 y más años;Tiempo por vivir;2024;72.810,992087
15 Navarra, Comunidad Foral de;Mujeres;95 y más años;Esperanza de vida;2024;3,157607
16 País Vasco;Ambos sexos;0 años;Tasa de mortalidad;2024;1,961237
16 País Vasco;Ambos sexos;0 años;Promedio de años vividos el último año de vida;2024;0,096784
16 País Vasco;Ambos sexos;0 años;Riesgo de muerte;2024;1,957769
16 País Vasco;Ambos sexos;0 años;Supervivientes;2024;100.000
16 País Vasco;Ambos sexos;0 años;Defunciones teóricas;2024;195,77693
16 País Vasco;Ambos sexos;0 años;Población estacionaria;2024;99.823,171216
16 País Vasco;Ambos sexos;0 años;Tiempo por vivir;2024;8.463.995,0001
16 País Vasco;Ambos sexos;0 años;Esperanza de vida;2024;84,63995
16 País Vasco;Ambos sexos;De 1 a 4 años;Tasa de mortalidad;2024;0,067935
16 País Vasco;Ambos sexos;De 1 a 4 años;Promedio de años vividos el último año de vida;2024;0,518622
16 País Vasco;Ambos sexos;De 1 a 4 años;Riesgo de muerte;2024;0,271705
16 País Vasco;Ambos sexos;De 1 a 4 años;Supervivientes;2024;99.804,22307
16 País Vasco;Ambos sexos;De 1 a 4 años;Defunciones teóricas;2024;27,117354
16 País Vasco;Ambos sexos;De 1 a 4 años;Población estacionaria;2024;399.164,67749
16 País Vasco;Ambos sexos;De 1 a 4 años;Tiempo por vivir;2024;8.364.171,8288
16 País Vasco;Ambos sexos;De 1 a 4 años;Esperanza de vida;2024;83,805791
16 País Vasco;Ambos sexos;De 5 a 9 años;Tasa de mortalidad;2024;0,05853
16 País Vasco;Ambos sexos;De 5 a 9 años;Promedio de años vividos el último año de vida;2024;0,211115
16 País Vasco;Ambos sexos;De 5 a 9 años;Riesgo de muerte;2024;0,292584
16 País Vasco;Ambos sexos;De 5 a 9 años;Supervivientes;2024;99.777,105717
16 País Vasco;Ambos sexos;De 5 a 9 años;Defunciones teóricas;2024;29,193222
16 País Vasco;Ambos sexos;De 5 a 9 años;Población estacionaria;2024;498.770,37804
16 País Vasco;Ambos sexos;De 5 a 9 años;Tiempo por vivir;2024;7.965.007,1513
16 País Vasco;Ambos sexos;De 5 a 9 años;Esperanza de vida;2024;79,828004
16 País Vasco;Ambos sexos;De 10 a 14 años;Tasa de mortalidad;2024;0,081666
16 País Vasco;Ambos sexos;De 10 a 14 años;Promedio de años vividos el último año de vida;2024;0,515239
16 País Vasco;Ambos sexos;De 10 a 14 años;Riesgo de muerte;2024;0,408251
16 País Vasco;Ambos sexos;De 10 a 14 años;Supervivientes;2024;99.747,912494
16 País Vasco;Ambos sexos;De 10 a 14 años;Defunciones teóricas;2024;40,722211
16 País Vasco;Ambos sexos;De 10 a 14 años;Población estacionaria;2024;498.640,85982
16 País Vasco;Ambos sexos;De 10 a 14 años;Tiempo por vivir;2024;7.466.236,7733
16 País Vasco;Ambos sexos;De 10 a 14 años;Esperanza de vida;2024;74,851058
16 País Vasco;Ambos sexos;De 15 a 19 años;Tasa de mortalidad;2024;0,174788
16 País Vasco;Ambos sexos;De 15 a 19 años;Promedio de años vividos el último año de vida;2024;0,417846
16 País Vasco;Ambos sexos;De 15 a 19 años;Riesgo de muerte;2024;0,873497
16 País Vasco;Ambos sexos;De 15 a 19 años;Supervivientes;2024;99.707,190283
16 País Vasco;Ambos sexos;De 15 a 19 años;Defunciones teóricas;2024;87,093942
16 País Vasco;Ambos sexos;De 15 a 19 años;Población estacionaria;2024;498.282,44103
16 País Vasco;Ambos sexos;De 15 a 19 años;Tiempo por vivir;2024;6.967.595,9135
16 País Vasco;Ambos sexos;De 15 a 19 años;Esperanza de vida;2024;69,880576
16 País Vasco;Ambos sexos;De 20 a 24 años;Tasa de mortalidad;2024;0,210723
16 País Vasco;Ambos sexos;De 20 a 24 años;Promedio de años vividos el último año de vida;2024;0,583392
16 País Vasco;Ambos sexos;De 20 a 24 años;Riesgo de muerte;2024;1,053152
16 País Vasco;Ambos sexos;De 20 a 24 años;Supervivientes;2024;99.620,096341
16 País Vasco;Ambos sexos;De 20 a 24 años;Defunciones teóricas;2024;104,915144
16 País Vasco;Ambos sexos;De 20 a 24 años;Población estacionaria;2024;497.881,93915
16 País Vasco;Ambos sexos;De 20 a 24 años;Tiempo por vivir;2024;6.469.313,4725
16 País Vasco;Ambos sexos;De 20 a 24 años;Esperanza de vida;2024;64,939844
16 País Vasco;Ambos sexos;De 25 a 29 años;Tasa de mortalidad;2024;0,253451
16 País Vasco;Ambos sexos;De 25 a 29 años;Promedio de años vividos el último año de vida;2024;0,44194
16 País Vasco;Ambos sexos;De 25 a 29 años;Riesgo de muerte;2024;1,266358
16 País Vasco;Ambos sexos;De 25 a 29 años;Supervivientes;2024;99.515,181198
16 País Vasco;Ambos sexos;De 25 a 29 años;Defunciones teóricas;2024;126,02183
16 País Vasco;Ambos sexos;De 25 a 29 años;Población estacionaria;2024;497.224,26702
16 País Vasco;Ambos sexos;De 25 a 29 años;Tiempo por vivir;2024;5.971.431,5333
16 País Vasco;Ambos sexos;De 25 a 29 años;Esperanza de vida;2024;60,005232
16 País Vasco;Ambos sexos;De 30 a 34 años;Tasa de mortalidad;2024;0,276896
16 País Vasco;Ambos sexos;De 30 a 34 años;Promedio de años vividos el último año de vida;2024;0,515783
16 País Vasco;Ambos sexos;De 30 a 34 años;Riesgo de muerte;2024;1,383554
16 País Vasco;Ambos sexos;De 30 a 34 años;Supervivientes;2024;99.389,159368
16 País Vasco;Ambos sexos;De 30 a 34 años;Defunciones teóricas;2024;137,510278
16 País Vasco;Ambos sexos;De 30 a 34 años;Población estacionaria;2024;496.612,87262
16 País Vasco;Ambos sexos;De 30 a 34 años;Tiempo por vivir;2024;5.474.207,2663
16 País Vasco;Ambos sexos;De 30 a 34 años;Esperanza de vida;2024;55,078515
16 País Vasco;Ambos sexos;De 35 a 39 años;Tasa de mortalidad;2024;0,459386
16 País Vasco;Ambos sexos;De 35 a 39 años;Promedio de años vividos el último año de vida;2024;0,500383
16 País Vasco;Ambos sexos;De 35 a 39 años;Riesgo de muerte;2024;2,294298
16 País Vasco;Ambos sexos;De 35 a 39 años;Supervivientes;2024;99.251,649091
16 País Vasco;Ambos sexos;De 35 a 39 años;Defunciones teóricas;2024;227,712872
16 País Vasco;Ambos sexos;De 35 a 39 años;Población estacionaria;2024;495.689,39961
16 País Vasco;Ambos sexos;De 35 a 39 años;Tiempo por vivir;2024;4.977.594,3937
16 País Vasco;Ambos sexos;De 35 a 39 años;Esperanza de vida;2024;50,151251
16 País Vasco;Ambos sexos;De 40 a 44 años;Tasa de mortalidad;2024;0,568551
16 País Vasco;Ambos sexos;De 40 a 44 años;Promedio de años vividos el último año de vida;2024;0,556999
16 País Vasco;Ambos sexos;De 40 a 44 años;Riesgo de muerte;2024;2,83918
16 País Vasco;Ambos sexos;De 40 a 44 años;Supervivientes;2024;99.023,936219
16 País Vasco;Ambos sexos;De 40 a 44 años;Defunciones teóricas;2024;281,14674
16 País Vasco;Ambos sexos;De 40 a 44 años;Población estacionaria;2024;494.496,93992
16 País Vasco;Ambos sexos;De 40 a 44 años;Tiempo por vivir;2024;4.481.904,9941
16 País Vasco;Ambos sexos;De 40 a 44 años;Esperanza de vida;2024;45,260824
16 País Vasco;Ambos sexos;De 45 a 49 años;Tasa de mortalidad;2024;1,135628
16 País Vasco;Ambos sexos;De 45 a 49 años;Promedio de años vividos el último año de vida;2024;0,559336
16 País Vasco;Ambos sexos;De 45 a 49 años;Riesgo de muerte;2024;5,663967
16 País Vasco;Ambos sexos;De 45 a 49 años;Supervivientes;2024;98.742,789479
16 País Vasco;Ambos sexos;De 45 a 49 años;Defunciones teóricas;2024;559,275864
16 País Vasco;Ambos sexos;De 45 a 49 años;Población estacionaria;2024;492.481,68421
16 País Vasco;Ambos sexos;De 45 a 49 años;Tiempo por vivir;2024;3.987.408,0541
16 País Vasco;Ambos sexos;De 45 a 49 años;Esperanza de vida;2024;40,381764
16 País Vasco;Ambos sexos;De 50 a 54 años;Tasa de mortalidad;2024;2,164114
16 País Vasco;Ambos sexos;De 50 a 54 años;Promedio de años vividos el último año de vida;2024;0,562712
16 País Vasco;Ambos sexos;De 50 a 54 años;Riesgo de muerte;2024;10,76961
16 País Vasco;Ambos sexos;De 50 a 54 años;Supervivientes;2024;98.183,513615
16 País Vasco;Ambos sexos;De 50 a 54 años;Defunciones teóricas;2024;1.057,398139
16 País Vasco;Ambos sexos;De 50 a 54 años;Población estacionaria;2024;488.605,63053
16 País Vasco;Ambos sexos;De 50 a 54 años;Tiempo por vivir;2024;3.494.926,3699
16 País Vasco;Ambos sexos;De 50 a 54 años;Esperanza de vida;2024;35,595858
16 País Vasco;Ambos sexos;De 55 a 59 años;Tasa de mortalidad;2024;3,56638
16 País Vasco;Ambos sexos;De 55 a 59 años;Promedio de años vividos el último año de vida;2024;0,558963
16 País Vasco;Ambos sexos;De 55 a 59 años;Riesgo de muerte;2024;17,692755
16 País Vasco;Ambos sexos;De 55 a 59 años;Supervivientes;2024;97.126,115476
16 País Vasco;Ambos sexos;De 55 a 59 años;Defunciones teóricas;2024;1.718,428558
16 País Vasco;Ambos sexos;De 55 a 59 años;Población estacionaria;2024;481.841,12684
16 País Vasco;Ambos sexos;De 55 a 59 años;Tiempo por vivir;2024;3.006.320,7394
16 País Vasco;Ambos sexos;De 55 a 59 años;Esperanza de vida;2024;30,952754
16 País Vasco;Ambos sexos;De 60 a 64 años;Tasa de mortalidad;2024;6,044503
16 País Vasco;Ambos sexos;De 60 a 64 años;Promedio de años vividos el último año de vida;2024;0,554298
16 País Vasco;Ambos sexos;De 60 a 64 años;Riesgo de muerte;2024;29,82082
16 País Vasco;Ambos sexos;De 60 a 64 años;Supervivientes;2024;95.407,686918
16 País Vasco;Ambos sexos;De 60 a 64 años;Defunciones teóricas;2024;2.845,135498
16 País Vasco;Ambos sexos;De 60 a 64 años;Población estacionaria;2024;470.698,02713
16 País Vasco;Ambos sexos;De 60 a 64 años;Tiempo por vivir;2024;2.524.479,6126
16 País Vasco;Ambos sexos;De 60 a 64 años;Esperanza de vida;2024;26,459918
16 País Vasco;Ambos sexos;De 65 a 69 años;Tasa de mortalidad;2024;9,284184
16 País Vasco;Ambos sexos;De 65 a 69 años;Promedio de años vividos el último año de vida;2024;0,530038
16 País Vasco;Ambos sexos;De 65 a 69 años;Riesgo de muerte;2024;45,429818
16 País Vasco;Ambos sexos;De 65 a 69 años;Supervivientes;2024;92.562,55142
16 País Vasco;Ambos sexos;De 65 a 69 años;Defunciones teóricas;2024;4.205,099854
16 País Vasco;Ambos sexos;De 65 a 69 años;Población estacionaria;2024;452.931,57362
16 País Vasco;Ambos sexos;De 65 a 69 años;Tiempo por vivir;2024;2.053.781,5854
16 País Vasco;Ambos sexos;De 65 a 69 años;Esperanza de vida;2024;22,18804
16 País Vasco;Ambos sexos;De 70 a 74 años;Tasa de mortalidad;2024;13,316347
16 País Vasco;Ambos sexos;De 70 a 74 años;Promedio de años vividos el último año de vida;2024;0,543368
16 País Vasco;Ambos sexos;De 70 a 74 años;Riesgo de muerte;2024;64,617158
16 País Vasco;Ambos sexos;De 70 a 74 años;Supervivientes;2024;88.357,451566
16 País Vasco;Ambos sexos;De 70 a 74 años;Defunciones teóricas;2024;5.709,407419
16 País Vasco;Ambos sexos;De 70 a 74 años;Población estacionaria;2024;428.751,77762
16 País Vasco;Ambos sexos;De 70 a 74 años;Tiempo por vivir;2024;1.600.850,0118
16 País Vasco;Ambos sexos;De 70 a 74 años;Esperanza de vida;2024;18,117883
16 País Vasco;Ambos sexos;De 75 a 79 años;Tasa de mortalidad;2024;22,002037
16 País Vasco;Ambos sexos;De 75 a 79 años;Promedio de años vividos el último año de vida;2024;0,532547
16 País Vasco;Ambos sexos;De 75 a 79 años;Riesgo de muerte;2024;104,629652
16 País Vasco;Ambos sexos;De 75 a 79 años;Supervivientes;2024;82.648,044146
16 País Vasco;Ambos sexos;De 75 a 79 años;Defunciones teóricas;2024;8.647,436078
16 País Vasco;Ambos sexos;De 75 a 79 años;Población estacionaria;2024;393.028,88561
16 País Vasco;Ambos sexos;De 75 a 79 años;Tiempo por vivir;2024;1.172.098,2342
16 País Vasco;Ambos sexos;De 75 a 79 años;Esperanza de vida;2024;14,181802
16 País Vasco;Ambos sexos;De 80 a 84 años;Tasa de mortalidad;2024;41,340485
16 País Vasco;Ambos sexos;De 80 a 84 años;Promedio de años vividos el último año de vida;2024;0,526597
16 País Vasco;Ambos sexos;De 80 a 84 años;Riesgo de muerte;2024;188,278677
16 País Vasco;Ambos sexos;De 80 a 84 años;Supervivientes;2024;74.000,608068
16 País Vasco;Ambos sexos;De 80 a 84 años;Defunciones teóricas;2024;13.932,736557
16 País Vasco;Ambos sexos;De 80 a 84 años;Población estacionaria;2024;337.024,02234
16 País Vasco;Ambos sexos;De 80 a 84 años;Tiempo por vivir;2024;779.069,34857
16 País Vasco;Ambos sexos;De 80 a 84 años;Esperanza de vida;2024;10,527878
16 País Vasco;Ambos sexos;De 85 a 89 años;Tasa de mortalidad;2024;79,853088
16 País Vasco;Ambos sexos;De 85 a 89 años;Promedio de años vividos el último año de vida;2024;0,527265
16 País Vasco;Ambos sexos;De 85 a 89 años;Riesgo de muerte;2024;335,870892
16 País Vasco;Ambos sexos;De 85 a 89 años;Supervivientes;2024;60.067,871511
16 País Vasco;Ambos sexos;De 85 a 89 años;Defunciones teóricas;2024;20.175,04957
16 País Vasco;Ambos sexos;De 85 a 89 años;Población estacionaria;2024;252.652,08977
16 País Vasco;Ambos sexos;De 85 a 89 años;Tiempo por vivir;2024;442.045,32623
16 País Vasco;Ambos sexos;De 85 a 89 años;Esperanza de vida;2024;7,359098
16 País Vasco;Ambos sexos;90 y más años;Tasa de mortalidad;2024;""
16 País Vasco;Ambos sexos;90 y más años;Promedio de años vividos el último año de vida;2024;""
16 País Vasco;Ambos sexos;90 y más años;Riesgo de muerte;2024;""
16 País Vasco;Ambos sexos;90 y más años;Supervivientes;2024;""
16 País Vasco;Ambos sexos;90 y más años;Defunciones teóricas;2024;""
16 País Vasco;Ambos sexos;90 y más años;Población estacionaria;2024;""
16 País Vasco;Ambos sexos;90 y más años;Tiempo por vivir;2024;""
16 País Vasco;Ambos sexos;90 y más años;Esperanza de vida;2024;""
16 País Vasco;Ambos sexos;De 90 a 94 años;Tasa de mortalidad;2024;160,9868
16 País Vasco;Ambos sexos;De 90 a 94 años;Promedio de años vividos el último año de vida;2024;0,478961
16 País Vasco;Ambos sexos;De 90 a 94 años;Riesgo de muerte;2024;567,093696
16 País Vasco;Ambos sexos;De 90 a 94 años;Supervivientes;2024;39.892,82194
16 País Vasco;Ambos sexos;De 90 a 94 años;Defunciones teóricas;2024;22.622,96785
16 País Vasco;Ambos sexos;De 90 a 94 años;Población estacionaria;2024;140.526,84935
16 País Vasco;Ambos sexos;De 90 a 94 años;Tiempo por vivir;2024;189.393,23646
16 País Vasco;Ambos sexos;De 90 a 94 años;Esperanza de vida;2024;4,747552
16 País Vasco;Ambos sexos;95 y más años;Tasa de mortalidad;2024;300,110457
16 País Vasco;Ambos sexos;95 y más años;Promedio de años vividos el último año de vida;2024;2,829577
16 País Vasco;Ambos sexos;95 y más años;Riesgo de muerte;2024;1.000
16 País Vasco;Ambos sexos;95 y más años;Supervivientes;2024;17.269,854091
16 País Vasco;Ambos sexos;95 y más años;Defunciones teóricas;2024;17.269,854091
16 País Vasco;Ambos sexos;95 y más años;Población estacionaria;2024;48.866,387111
16 País Vasco;Ambos sexos;95 y más años;Tiempo por vivir;2024;48.866,387111
16 País Vasco;Ambos sexos;95 y más años;Esperanza de vida;2024;2,829577
16 País Vasco;Hombres;0 años;Tasa de mortalidad;2024;2,366427
16 País Vasco;Hombres;0 años;Promedio de años vividos el último año de vida;2024;0,110656
16 País Vasco;Hombres;0 años;Riesgo de muerte;2024;2,361457
16 País Vasco;Hombres;0 años;Supervivientes;2024;100.000
16 País Vasco;Hombres;0 años;Defunciones teóricas;2024;236,145696
16 País Vasco;Hombres;0 años;Población estacionaria;2024;99.789,98518
16 País Vasco;Hombres;0 años;Tiempo por vivir;2024;8.191.387,0535
16 País Vasco;Hombres;0 años;Esperanza de vida;2024;81,913871
16 País Vasco;Hombres;De 1 a 4 años;Tasa de mortalidad;2024;0,032036
16 País Vasco;Hombres;De 1 a 4 años;Promedio de años vividos el último año de vida;2024;0,715164
16 País Vasco;Hombres;De 1 a 4 años;Riesgo de muerte;2024;0,128141
16 País Vasco;Hombres;De 1 a 4 años;Supervivientes;2024;99.763,854304
16 País Vasco;Hombres;De 1 a 4 años;Defunciones teóricas;2024;12,783839
16 País Vasco;Hombres;De 1 a 4 años;Población estacionaria;2024;399.040,85202
16 País Vasco;Hombres;De 1 a 4 años;Tiempo por vivir;2024;8.091.597,0683
16 País Vasco;Hombres;De 1 a 4 años;Esperanza de vida;2024;81,107503
16 País Vasco;Hombres;De 5 a 9 años;Tasa de mortalidad;2024;0,047302
16 País Vasco;Hombres;De 5 a 9 años;Promedio de años vividos el último año de vida;2024;0,139891
16 País Vasco;Hombres;De 5 a 9 años;Riesgo de muerte;2024;0,236463
16 País Vasco;Hombres;De 5 a 9 años;Supervivientes;2024;99.751,070466
16 País Vasco;Hombres;De 5 a 9 años;Defunciones teóricas;2024;23,58739
16 País Vasco;Hombres;De 5 a 9 años;Población estacionaria;2024;498.653,91366
16 País Vasco;Hombres;De 5 a 9 años;Tiempo por vivir;2024;7.692.556,2163
16 País Vasco;Hombres;De 5 a 9 años;Esperanza de vida;2024;77,11753
16 País Vasco;Hombres;De 10 a 14 años;Tasa de mortalidad;2024;0,08826
16 País Vasco;Hombres;De 10 a 14 años;Promedio de años vividos el último año de vida;2024;0,514587
16 País Vasco;Hombres;De 10 a 14 años;Riesgo de muerte;2024;0,441207
16 País Vasco;Hombres;De 10 a 14 años;Supervivientes;2024;99.727,483076
16 País Vasco;Hombres;De 10 a 14 años;Defunciones teóricas;2024;44,000512
16 País Vasco;Hombres;De 10 a 14 años;Población estacionaria;2024;498.530,62333
16 País Vasco;Hombres;De 10 a 14 años;Tiempo por vivir;2024;7.193.902,3026
16 País Vasco;Hombres;De 10 a 14 años;Esperanza de vida;2024;72,135605
16 País Vasco;Hombres;De 15 a 19 años;Tasa de mortalidad;2024;0,18474
16 País Vasco;Hombres;De 15 a 19 años;Promedio de años vividos el último año de vida;2024;0,358873
16 País Vasco;Hombres;De 15 a 19 años;Riesgo de muerte;2024;0,923153
16 País Vasco;Hombres;De 15 a 19 años;Supervivientes;2024;99.683,482564
16 País Vasco;Hombres;De 15 a 19 años;Defunciones teóricas;2024;92,023103
16 País Vasco;Hombres;De 15 a 19 años;Población estacionaria;2024;498.122,42043
16 País Vasco;Hombres;De 15 a 19 años;Tiempo por vivir;2024;6.695.371,6793
16 País Vasco;Hombres;De 15 a 19 años;Esperanza de vida;2024;67,16631
16 País Vasco;Hombres;De 20 a 24 años;Tasa de mortalidad;2024;0,287583
16 País Vasco;Hombres;De 20 a 24 años;Promedio de años vividos el último año de vida;2024;0,582292
16 País Vasco;Hombres;De 20 a 24 años;Riesgo de muerte;2024;1,43705
16 País Vasco;Hombres;De 20 a 24 años;Supervivientes;2024;99.591,45946
16 País Vasco;Hombres;De 20 a 24 años;Defunciones teóricas;2024;143,117921
16 País Vasco;Hombres;De 20 a 24 años;Población estacionaria;2024;497.658,38947
16 País Vasco;Hombres;De 20 a 24 años;Tiempo por vivir;2024;6.197.249,2588
16 País Vasco;Hombres;De 20 a 24 años;Esperanza de vida;2024;62,226714
16 País Vasco;Hombres;De 25 a 29 años;Tasa de mortalidad;2024;0,352462
16 País Vasco;Hombres;De 25 a 29 años;Promedio de años vividos el último año de vida;2024;0,424337
16 País Vasco;Hombres;De 25 a 29 años;Riesgo de muerte;2024;1,760526
16 País Vasco;Hombres;De 25 a 29 años;Supervivientes;2024;99.448,341539
16 País Vasco;Hombres;De 25 a 29 años;Defunciones teóricas;2024;175,081345
16 País Vasco;Hombres;De 25 a 29 años;Población estacionaria;2024;496.737,76815
16 País Vasco;Hombres;De 25 a 29 años;Tiempo por vivir;2024;5.699.590,8694
16 País Vasco;Hombres;De 25 a 29 años;Esperanza de vida;2024;57,312076
16 País Vasco;Hombres;De 30 a 34 años;Tasa de mortalidad;2024;0,353048
16 País Vasco;Hombres;De 30 a 34 años;Promedio de años vividos el último año de vida;2024;0,522627
16 País Vasco;Hombres;De 30 a 34 años;Riesgo de muerte;2024;1,763752
16 País Vasco;Hombres;De 30 a 34 años;Supervivientes;2024;99.273,260194
16 País Vasco;Hombres;De 30 a 34 años;Defunciones teóricas;2024;175,093456
16 País Vasco;Hombres;De 30 a 34 años;Población estacionaria;2024;495.948,37648
16 País Vasco;Hombres;De 30 a 34 años;Tiempo por vivir;2024;5.202.853,1012
16 País Vasco;Hombres;De 30 a 34 años;Esperanza de vida;2024;52,409411
16 País Vasco;Hombres;De 35 a 39 años;Tasa de mortalidad;2024;0,613609
16 País Vasco;Hombres;De 35 a 39 años;Promedio de años vividos el último año de vida;2024;0,480014
16 País Vasco;Hombres;De 35 a 39 años;Riesgo de muerte;2024;3,063158
16 País Vasco;Hombres;De 35 a 39 años;Supervivientes;2024;99.098,166738
16 País Vasco;Hombres;De 35 a 39 años;Defunciones teóricas;2024;303,553323
16 País Vasco;Hombres;De 35 a 39 años;Población estacionaria;2024;494.701,61569
16 País Vasco;Hombres;De 35 a 39 años;Tiempo por vivir;2024;4.706.904,7247
16 País Vasco;Hombres;De 35 a 39 años;Esperanza de vida;2024;47,497395
16 País Vasco;Hombres;De 40 a 44 años;Tasa de mortalidad;2024;0,758726
16 País Vasco;Hombres;De 40 a 44 años;Promedio de años vividos el último año de vida;2024;0,546116
16 País Vasco;Hombres;De 40 a 44 años;Riesgo de muerte;2024;3,787108
16 País Vasco;Hombres;De 40 a 44 años;Supervivientes;2024;98.794,613416
16 País Vasco;Hombres;De 40 a 44 años;Defunciones teóricas;2024;374,145842
16 País Vasco;Hombres;De 40 a 44 años;Población estacionaria;2024;493.123,97367
16 País Vasco;Hombres;De 40 a 44 años;Tiempo por vivir;2024;4.212.203,109
16 País Vasco;Hombres;De 40 a 44 años;Esperanza de vida;2024;42,635959
16 País Vasco;Hombres;De 45 a 49 años;Tasa de mortalidad;2024;1,548762
16 País Vasco;Hombres;De 45 a 49 años;Promedio de años vividos el último año de vida;2024;0,563314
16 País Vasco;Hombres;De 45 a 49 años;Riesgo de muerte;2024;7,71771
16 País Vasco;Hombres;De 45 a 49 años;Supervivientes;2024;98.420,467573
16 País Vasco;Hombres;De 45 a 49 años;Defunciones teóricas;2024;759,58067
16 País Vasco;Hombres;De 45 a 49 años;Población estacionaria;2024;490.443,84796
16 País Vasco;Hombres;De 45 a 49 años;Tiempo por vivir;2024;3.719.079,1354
16 País Vasco;Hombres;De 45 a 49 años;Esperanza de vida;2024;37,78766
16 País Vasco;Hombres;De 50 a 54 años;Tasa de mortalidad;2024;2,837763
16 País Vasco;Hombres;De 50 a 54 años;Promedio de años vividos el último año de vida;2024;0,568942
16 País Vasco;Hombres;De 50 a 54 años;Riesgo de muerte;2024;14,10256
16 País Vasco;Hombres;De 50 a 54 años;Supervivientes;2024;97.660,886903
16 País Vasco;Hombres;De 50 a 54 años;Defunciones teóricas;2024;1.377,268536
16 País Vasco;Hombres;De 50 a 54 años;Población estacionaria;2024;485.336,01917
16 País Vasco;Hombres;De 50 a 54 años;Tiempo por vivir;2024;3.228.635,2874
16 País Vasco;Hombres;De 50 a 54 años;Esperanza de vida;2024;33,059656
16 País Vasco;Hombres;De 55 a 59 años;Tasa de mortalidad;2024;4,836578
16 País Vasco;Hombres;De 55 a 59 años;Promedio de años vividos el último año de vida;2024;0,556272
16 País Vasco;Hombres;De 55 a 59 años;Riesgo de muerte;2024;23,926148
16 País Vasco;Hombres;De 55 a 59 años;Supervivientes;2024;96.283,618368
16 País Vasco;Hombres;De 55 a 59 años;Defunciones teóricas;2024;2.303,696059
16 País Vasco;Hombres;De 55 a 59 años;Población estacionaria;2024;476.307,01785
16 País Vasco;Hombres;De 55 a 59 años;Tiempo por vivir;2024;2.743.299,2682
16 País Vasco;Hombres;De 55 a 59 años;Esperanza de vida;2024;28,491859
16 País Vasco;Hombres;De 60 a 64 años;Tasa de mortalidad;2024;8,186823
16 País Vasco;Hombres;De 60 a 64 años;Promedio de años vividos el último año de vida;2024;0,549989
16 País Vasco;Hombres;De 60 a 64 años;Riesgo de muerte;2024;40,193713
16 País Vasco;Hombres;De 60 a 64 años;Supervivientes;2024;93.979,922309
16 País Vasco;Hombres;De 60 a 64 años;Defunciones teóricas;2024;3.777,401981
16 País Vasco;Hombres;De 60 a 64 años;Población estacionaria;2024;461.400,24862
16 País Vasco;Hombres;De 60 a 64 años;Tiempo por vivir;2024;2.266.992,2504
16 País Vasco;Hombres;De 60 a 64 años;Esperanza de vida;2024;24,122091
16 País Vasco;Hombres;De 65 a 69 años;Tasa de mortalidad;2024;13,021696
16 País Vasco;Hombres;De 65 a 69 años;Promedio de años vividos el último año de vida;2024;0,54252
16 País Vasco;Hombres;De 65 a 69 años;Riesgo de muerte;2024;63,225261
16 País Vasco;Hombres;De 65 a 69 años;Supervivientes;2024;90.202,520328
16 País Vasco;Hombres;De 65 a 69 años;Defunciones teóricas;2024;5.703,077877
16 País Vasco;Hombres;De 65 a 69 años;Población estacionaria;2024;437.967,37793
16 País Vasco;Hombres;De 65 a 69 años;Tiempo por vivir;2024;1.805.592,0018
16 País Vasco;Hombres;De 65 a 69 años;Esperanza de vida;2024;20,01709
16 País Vasco;Hombres;De 70 a 74 años;Tasa de mortalidad;2024;18,275271
16 País Vasco;Hombres;De 70 a 74 años;Promedio de años vividos el último año de vida;2024;0,551436
16 País Vasco;Hombres;De 70 a 74 años;Riesgo de muerte;2024;87,778479
16 País Vasco;Hombres;De 70 a 74 años;Supervivientes;2024;84.499,442451
16 País Vasco;Hombres;De 70 a 74 años;Defunciones teóricas;2024;7.417,232528
16 País Vasco;Hombres;De 70 a 74 años;Población estacionaria;2024;405.861,70483
16 País Vasco;Hombres;De 70 a 74 años;Tiempo por vivir;2024;1.367.624,6238
16 País Vasco;Hombres;De 70 a 74 años;Esperanza de vida;2024;16,185014
16 País Vasco;Hombres;De 75 a 79 años;Tasa de mortalidad;2024;31,940023
16 País Vasco;Hombres;De 75 a 79 años;Promedio de años vividos el último año de vida;2024;0,528278
16 País Vasco;Hombres;De 75 a 79 años;Riesgo de muerte;2024;148,512104
16 País Vasco;Hombres;De 75 a 79 años;Supervivientes;2024;77.082,209923
16 País Vasco;Hombres;De 75 a 79 años;Defunciones teóricas;2024;11.447,641155
16 País Vasco;Hombres;De 75 a 79 años;Población estacionaria;2024;358.410,54554
16 País Vasco;Hombres;De 75 a 79 años;Tiempo por vivir;2024;961.762,91901
16 País Vasco;Hombres;De 75 a 79 años;Esperanza de vida;2024;12,477106
16 País Vasco;Hombres;De 80 a 84 años;Tasa de mortalidad;2024;56,403856
16 País Vasco;Hombres;De 80 a 84 años;Promedio de años vividos el último año de vida;2024;0,521113
16 País Vasco;Hombres;De 80 a 84 años;Riesgo de muerte;2024;248,463031
16 País Vasco;Hombres;De 80 a 84 años;Supervivientes;2024;65.634,568768
16 País Vasco;Hombres;De 80 a 84 años;Defunciones teóricas;2024;16.307,763909
16 País Vasco;Hombres;De 80 a 84 años;Población estacionaria;2024;289.124,98066
16 País Vasco;Hombres;De 80 a 84 años;Tiempo por vivir;2024;603.352,37347
16 País Vasco;Hombres;De 80 a 84 años;Esperanza de vida;2024;9,192601
16 País Vasco;Hombres;De 85 a 89 años;Tasa de mortalidad;2024;104,8389
16 País Vasco;Hombres;De 85 a 89 años;Promedio de años vividos el último año de vida;2024;0,509388
16 País Vasco;Hombres;De 85 a 89 años;Riesgo de muerte;2024;416,961877
16 País Vasco;Hombres;De 85 a 89 años;Supervivientes;2024;49.326,804859
16 País Vasco;Hombres;De 85 a 89 años;Defunciones teóricas;2024;20.567,397149
16 País Vasco;Hombres;De 85 a 89 años;Población estacionaria;2024;196.180,97051
16 País Vasco;Hombres;De 85 a 89 años;Tiempo por vivir;2024;314.227,39281
16 País Vasco;Hombres;De 85 a 89 años;Esperanza de vida;2024;6,370317
16 País Vasco;Hombres;90 y más años;Tasa de mortalidad;2024;""
16 País Vasco;Hombres;90 y más años;Promedio de años vividos el último año de vida;2024;""
16 País Vasco;Hombres;90 y más años;Riesgo de muerte;2024;""
16 País Vasco;Hombres;90 y más años;Supervivientes;2024;""
16 País Vasco;Hombres;90 y más años;Defunciones teóricas;2024;""
16 País Vasco;Hombres;90 y más años;Población estacionaria;2024;""
16 País Vasco;Hombres;90 y más años;Tiempo por vivir;2024;""
16 País Vasco;Hombres;90 y más años;Esperanza de vida;2024;""
16 País Vasco;Hombres;De 90 a 94 años;Tasa de mortalidad;2024;195,037968
16 País Vasco;Hombres;De 90 a 94 años;Promedio de años vividos el último año de vida;2024;0,458848
16 País Vasco;Hombres;De 90 a 94 años;Riesgo de muerte;2024;638,327639
16 País Vasco;Hombres;De 90 a 94 años;Supervivientes;2024;28.759,407711
16 País Vasco;Hombres;De 90 a 94 años;Defunciones teóricas;2024;18.357,924817
16 País Vasco;Hombres;De 90 a 94 años;Población estacionaria;2024;94.124,877418
16 País Vasco;Hombres;De 90 a 94 años;Tiempo por vivir;2024;118.046,4223
16 País Vasco;Hombres;De 90 a 94 años;Esperanza de vida;2024;4,104619
16 País Vasco;Hombres;95 y más años;Tasa de mortalidad;2024;337,497191
16 País Vasco;Hombres;95 y más años;Promedio de años vividos el último año de vida;2024;2,299821
16 País Vasco;Hombres;95 y más años;Riesgo de muerte;2024;1.000
16 País Vasco;Hombres;95 y más años;Supervivientes;2024;10.401,482893
16 País Vasco;Hombres;95 y más años;Defunciones teóricas;2024;10.401,482893
16 País Vasco;Hombres;95 y más años;Población estacionaria;2024;23.921,544883
16 País Vasco;Hombres;95 y más años;Tiempo por vivir;2024;23.921,544883
16 País Vasco;Hombres;95 y más años;Esperanza de vida;2024;2,299821
16 País Vasco;Mujeres;0 años;Tasa de mortalidad;2024;1,539483
16 País Vasco;Mujeres;0 años;Promedio de años vividos el último año de vida;2024;0,07459
16 País Vasco;Mujeres;0 años;Riesgo de muerte;2024;1,537293
16 País Vasco;Mujeres;0 años;Supervivientes;2024;100.000
16 País Vasco;Mujeres;0 años;Defunciones teóricas;2024;153,729258
16 País Vasco;Mujeres;0 años;Población estacionaria;2024;99.857,737433
16 País Vasco;Mujeres;0 años;Tiempo por vivir;2024;8.720.061,1363
16 País Vasco;Mujeres;0 años;Esperanza de vida;2024;87,200611
16 País Vasco;Mujeres;De 1 a 4 años;Tasa de mortalidad;2024;0,105989
16 País Vasco;Mujeres;De 1 a 4 años;Promedio de años vividos el último año de vida;2024;0,455389
16 País Vasco;Mujeres;De 1 a 4 años;Riesgo de muerte;2024;0,423856
16 País Vasco;Mujeres;De 1 a 4 años;Supervivientes;2024;99.846,270742
16 País Vasco;Mujeres;De 1 a 4 años;Defunciones teóricas;2024;42,320463
16 País Vasco;Mujeres;De 1 a 4 años;Población estacionaria;2024;399.292,89016
16 País Vasco;Mujeres;De 1 a 4 años;Tiempo por vivir;2024;8.620.203,3989
16 País Vasco;Mujeres;De 1 a 4 años;Esperanza de vida;2024;86,334756
16 País Vasco;Mujeres;De 5 a 9 años;Tasa de mortalidad;2024;0,070376
16 País Vasco;Mujeres;De 5 a 9 años;Promedio de años vividos el último año de vida;2024;0,261771
16 País Vasco;Mujeres;De 5 a 9 años;Riesgo de muerte;2024;0,351788
16 País Vasco;Mujeres;De 5 a 9 años;Supervivientes;2024;99.803,950279
16 País Vasco;Mujeres;De 5 a 9 años;Defunciones teóricas;2024;35,10983
16 País Vasco;Mujeres;De 5 a 9 años;Población estacionaria;2024;498.890,15596
16 País Vasco;Mujeres;De 5 a 9 años;Tiempo por vivir;2024;8.220.910,5087
16 País Vasco;Mujeres;De 5 a 9 años;Esperanza de vida;2024;82,370592
16 País Vasco;Mujeres;De 10 a 14 años;Tasa de mortalidad;2024;0,074867
16 País Vasco;Mujeres;De 10 a 14 años;Promedio de años vividos el último año de vida;2024;0,516451
16 País Vasco;Mujeres;De 10 a 14 años;Riesgo de muerte;2024;0,374269
16 País Vasco;Mujeres;De 10 a 14 años;Supervivientes;2024;99.768,84045
16 País Vasco;Mujeres;De 10 a 14 años;Defunciones teóricas;2024;37,340403
16 País Vasco;Mujeres;De 10 a 14 años;Población estacionaria;2024;498.753,92267
16 País Vasco;Mujeres;De 10 a 14 años;Tiempo por vivir;2024;7.722.020,3528
16 País Vasco;Mujeres;De 10 a 14 años;Esperanza de vida;2024;77,399119
16 País Vasco;Mujeres;De 15 a 19 años;Tasa de mortalidad;2024;0,164073
16 País Vasco;Mujeres;De 15 a 19 años;Promedio de años vividos el último año de vida;2024;0,489478
16 País Vasco;Mujeres;De 15 a 19 años;Riesgo de muerte;2024;0,820023
16 País Vasco;Mujeres;De 15 a 19 años;Supervivientes;2024;99.731,500046
16 País Vasco;Mujeres;De 15 a 19 años;Defunciones teóricas;2024;81,782166
16 País Vasco;Mujeres;De 15 a 19 años;Población estacionaria;2024;498.448,74223
16 País Vasco;Mujeres;De 15 a 19 años;Tiempo por vivir;2024;7.223.266,4301
16 País Vasco;Mujeres;De 15 a 19 años;Esperanza de vida;2024;72,427131
16 País Vasco;Mujeres;De 20 a 24 años;Tasa de mortalidad;2024;0,127969
16 País Vasco;Mujeres;De 20 a 24 años;Promedio de años vividos el último año de vida;2024;0,586266
16 País Vasco;Mujeres;De 20 a 24 años;Riesgo de muerte;2024;0,639676
16 País Vasco;Mujeres;De 20 a 24 años;Supervivientes;2024;99.649,71788
16 País Vasco;Mujeres;De 20 a 24 años;Defunciones teóricas;2024;63,743561
16 País Vasco;Mujeres;De 20 a 24 años;Población estacionaria;2024;498.116,725
16 País Vasco;Mujeres;De 20 a 24 años;Tiempo por vivir;2024;6.724.817,6879
16 País Vasco;Mujeres;De 20 a 24 años;Esperanza de vida;2024;67,484563
16 País Vasco;Mujeres;De 25 a 29 años;Tasa de mortalidad;2024;0,149034
16 País Vasco;Mujeres;De 25 a 29 años;Promedio de años vividos el último año de vida;2024;0,486479
16 País Vasco;Mujeres;De 25 a 29 años;Riesgo de muerte;2024;0,744886
16 País Vasco;Mujeres;De 25 a 29 años;Supervivientes;2024;99.585,974319
16 País Vasco;Mujeres;De 25 a 29 años;Defunciones teóricas;2024;74,180168
16 País Vasco;Mujeres;De 25 a 29 años;Población estacionaria;2024;497.739,40627
16 País Vasco;Mujeres;De 25 a 29 años;Tiempo por vivir;2024;6.226.700,9629
16 País Vasco;Mujeres;De 25 a 29 años;Esperanza de vida;2024;62,525883
16 País Vasco;Mujeres;De 30 a 34 años;Tasa de mortalidad;2024;0,199222
16 País Vasco;Mujeres;De 30 a 34 años;Promedio de años vividos el último año de vida;2024;0,504516
16 País Vasco;Mujeres;De 30 a 34 años;Riesgo de muerte;2024;0,995617
16 País Vasco;Mujeres;De 30 a 34 años;Supervivientes;2024;99.511,794151
16 País Vasco;Mujeres;De 30 a 34 años;Defunciones teóricas;2024;99,075638
16 País Vasco;Mujeres;De 30 a 34 años;Población estacionaria;2024;497.313,51866
16 País Vasco;Mujeres;De 30 a 34 años;Tiempo por vivir;2024;5.728.961,5566
16 País Vasco;Mujeres;De 30 a 34 años;Esperanza de vida;2024;57,570679
16 País Vasco;Mujeres;De 35 a 39 años;Tasa de mortalidad;2024;0,304701
16 País Vasco;Mujeres;De 35 a 39 años;Promedio de años vividos el último año de vida;2024;0,540772
16 País Vasco;Mujeres;De 35 a 39 años;Riesgo de muerte;2024;1,522438
16 País Vasco;Mujeres;De 35 a 39 años;Supervivientes;2024;99.412,718513
16 País Vasco;Mujeres;De 35 a 39 años;Defunciones teóricas;2024;151,349697
16 País Vasco;Mujeres;De 35 a 39 años;Población estacionaria;2024;496.716,07222
16 País Vasco;Mujeres;De 35 a 39 años;Tiempo por vivir;2024;5.231.648,0379
16 País Vasco;Mujeres;De 35 a 39 años;Esperanza de vida;2024;52,62554
16 País Vasco;Mujeres;De 40 a 44 años;Tasa de mortalidad;2024;0,377701
16 País Vasco;Mujeres;De 40 a 44 años;Promedio de años vividos el último año de vida;2024;0,578261
16 País Vasco;Mujeres;De 40 a 44 años;Riesgo de muerte;2024;1,887005
16 País Vasco;Mujeres;De 40 a 44 años;Supervivientes;2024;99.261,368815
16 País Vasco;Mujeres;De 40 a 44 años;Defunciones teóricas;2024;187,306655
16 País Vasco;Mujeres;De 40 a 44 años;Población estacionaria;2024;495.911,87107
16 País Vasco;Mujeres;De 40 a 44 años;Tiempo por vivir;2024;4.734.931,9657
16 País Vasco;Mujeres;De 40 a 44 años;Esperanza de vida;2024;47,701659
16 País Vasco;Mujeres;De 45 a 49 años;Tasa de mortalidad;2024;0,717719
16 País Vasco;Mujeres;De 45 a 49 años;Promedio de años vividos el último año de vida;2024;0,550716
16 País Vasco;Mujeres;De 45 a 49 años;Riesgo de muerte;2024;3,58282
16 País Vasco;Mujeres;De 45 a 49 años;Supervivientes;2024;99.074,06216
16 País Vasco;Mujeres;De 45 a 49 años;Defunciones teóricas;2024;354,964514
16 País Vasco;Mujeres;De 45 a 49 años;Población estacionaria;2024;494.572,91081
16 País Vasco;Mujeres;De 45 a 49 años;Tiempo por vivir;2024;4.239.020,0946
16 País Vasco;Mujeres;De 45 a 49 años;Esperanza de vida;2024;42,786376
16 País Vasco;Mujeres;De 50 a 54 años;Tasa de mortalidad;2024;1,48309
16 País Vasco;Mujeres;De 50 a 54 años;Promedio de años vividos el último año de vida;2024;0,551079
16 País Vasco;Mujeres;De 50 a 54 años;Riesgo de muerte;2024;7,390847
16 País Vasco;Mujeres;De 50 a 54 años;Supervivientes;2024;98.719,097646
16 País Vasco;Mujeres;De 50 a 54 años;Defunciones teóricas;2024;729,617781
16 País Vasco;Mujeres;De 50 a 54 años;Población estacionaria;2024;491.957,78294
16 País Vasco;Mujeres;De 50 a 54 años;Tiempo por vivir;2024;3.744.447,1838
16 País Vasco;Mujeres;De 50 a 54 años;Esperanza de vida;2024;37,930322
16 País Vasco;Mujeres;De 55 a 59 años;Tasa de mortalidad;2024;2,329679
16 País Vasco;Mujeres;De 55 a 59 años;Promedio de años vividos el último año de vida;2024;0,566718
16 País Vasco;Mujeres;De 55 a 59 años;Riesgo de muerte;2024;11,5899
16 País Vasco;Mujeres;De 55 a 59 años;Supervivientes;2024;97.989,479865
16 País Vasco;Mujeres;De 55 a 59 años;Defunciones teóricas;2024;1.135,688261
16 País Vasco;Mujeres;De 55 a 59 años;Población estacionaria;2024;487.487,03448
16 País Vasco;Mujeres;De 55 a 59 años;Tiempo por vivir;2024;3.252.489,4009
16 País Vasco;Mujeres;De 55 a 59 años;Esperanza de vida;2024;33,19223
16 País Vasco;Mujeres;De 60 a 64 años;Tasa de mortalidad;2024;4,060197
16 País Vasco;Mujeres;De 60 a 64 años;Promedio de años vividos el último año de vida;2024;0,562995
16 País Vasco;Mujeres;De 60 a 64 años;Riesgo de muerte;2024;20,122465
16 País Vasco;Mujeres;De 60 a 64 años;Supervivientes;2024;96.853,791604
16 País Vasco;Mujeres;De 60 a 64 años;Defunciones teóricas;2024;1.948,937044
16 País Vasco;Mujeres;De 60 a 64 años;Población estacionaria;2024;480.010,47804
16 País Vasco;Mujeres;De 60 a 64 años;Tiempo por vivir;2024;2.765.002,3664
16 País Vasco;Mujeres;De 60 a 64 años;Esperanza de vida;2024;28,54821
16 País Vasco;Mujeres;De 65 a 69 años;Tasa de mortalidad;2024;5,930757
16 País Vasco;Mujeres;De 65 a 69 años;Promedio de años vividos el último año de vida;2024;0,506397
16 País Vasco;Mujeres;De 65 a 69 años;Riesgo de muerte;2024;29,225999
16 País Vasco;Mujeres;De 65 a 69 años;Supervivientes;2024;94.904,85456
16 País Vasco;Mujeres;De 65 a 69 años;Defunciones teóricas;2024;2.773,689228
16 País Vasco;Mujeres;De 65 a 69 años;Población estacionaria;2024;467.678,76219
16 País Vasco;Mujeres;De 65 a 69 años;Tiempo por vivir;2024;2.284.991,8884
16 País Vasco;Mujeres;De 65 a 69 años;Esperanza de vida;2024;24,07666
16 País Vasco;Mujeres;De 70 a 74 años;Tasa de mortalidad;2024;9,080511
16 País Vasco;Mujeres;De 70 a 74 años;Promedio de años vividos el último año de vida;2024;0,530086
16 País Vasco;Mujeres;De 70 a 74 años;Riesgo de muerte;2024;44,454115
16 País Vasco;Mujeres;De 70 a 74 años;Supervivientes;2024;92.131,165332
16 País Vasco;Mujeres;De 70 a 74 años;Defunciones teóricas;2024;4.095,609421
16 País Vasco;Mujeres;De 70 a 74 años;Población estacionaria;2024;451.032,89897
16 País Vasco;Mujeres;De 70 a 74 años;Tiempo por vivir;2024;1.817.313,1262
16 País Vasco;Mujeres;De 70 a 74 años;Esperanza de vida;2024;19,725281
16 País Vasco;Mujeres;De 75 a 79 años;Tasa de mortalidad;2024;14,149671
16 País Vasco;Mujeres;De 75 a 79 años;Promedio de años vividos el último año de vida;2024;0,542293
16 País Vasco;Mujeres;De 75 a 79 años;Riesgo de muerte;2024;68,529243
16 País Vasco;Mujeres;De 75 a 79 años;Supervivientes;2024;88.035,555911
16 País Vasco;Mujeres;De 75 a 79 años;Defunciones teóricas;2024;6.033,00999
16 País Vasco;Mujeres;De 75 a 79 años;Población estacionaria;2024;426.371,03938
16 País Vasco;Mujeres;De 75 a 79 años;Tiempo por vivir;2024;1.366.280,2272
16 País Vasco;Mujeres;De 75 a 79 años;Esperanza de vida;2024;15,519641
16 País Vasco;Mujeres;De 80 a 84 años;Tasa de mortalidad;2024;30,812293
16 País Vasco;Mujeres;De 80 a 84 años;Promedio de años vividos el último año de vida;2024;0,534767
16 País Vasco;Mujeres;De 80 a 84 años;Riesgo de muerte;2024;143,757715
16 País Vasco;Mujeres;De 80 a 84 años;Supervivientes;2024;82.002,545921
16 País Vasco;Mujeres;De 80 a 84 años;Defunciones teóricas;2024;11.788,498637
16 País Vasco;Mujeres;De 80 a 84 años;Población estacionaria;2024;382.590,76018
16 País Vasco;Mujeres;De 80 a 84 años;Tiempo por vivir;2024;939.909,18784
16 País Vasco;Mujeres;De 80 a 84 años;Esperanza de vida;2024;11,461951
16 País Vasco;Mujeres;De 85 a 89 años;Tasa de mortalidad;2024;65,818876
16 País Vasco;Mujeres;De 85 a 89 años;Promedio de años vividos el último año de vida;2024;0,54422
16 País Vasco;Mujeres;De 85 a 89 años;Riesgo de muerte;2024;286,170378
16 País Vasco;Mujeres;De 85 a 89 años;Supervivientes;2024;70.214,047283
16 País Vasco;Mujeres;De 85 a 89 años;Defunciones teóricas;2024;20.093,180457
16 País Vasco;Mujeres;De 85 a 89 años;Población estacionaria;2024;305.279,90996
16 País Vasco;Mujeres;De 85 a 89 años;Tiempo por vivir;2024;557.318,42765
16 País Vasco;Mujeres;De 85 a 89 años;Esperanza de vida;2024;7,937421
16 País Vasco;Mujeres;90 y más años;Tasa de mortalidad;2024;""
16 País Vasco;Mujeres;90 y más años;Promedio de años vividos el último año de vida;2024;""
16 País Vasco;Mujeres;90 y más años;Riesgo de muerte;2024;""
16 País Vasco;Mujeres;90 y más años;Supervivientes;2024;""
16 País Vasco;Mujeres;90 y más años;Defunciones teóricas;2024;""
16 País Vasco;Mujeres;90 y más años;Población estacionaria;2024;""
16 País Vasco;Mujeres;90 y más años;Tiempo por vivir;2024;""
16 País Vasco;Mujeres;90 y más años;Esperanza de vida;2024;""
16 País Vasco;Mujeres;De 90 a 94 años;Tasa de mortalidad;2024;147,023982
16 País Vasco;Mujeres;De 90 a 94 años;Promedio de años vividos el último año de vida;2024;0,491561
16 País Vasco;Mujeres;De 90 a 94 años;Riesgo de muerte;2024;535,113783
16 País Vasco;Mujeres;De 90 a 94 años;Supervivientes;2024;50.120,866827
16 País Vasco;Mujeres;De 90 a 94 años;Defunciones teóricas;2024;26.820,366658
16 País Vasco;Mujeres;De 90 a 94 años;Población estacionaria;2024;182.421,71336
16 País Vasco;Mujeres;De 90 a 94 años;Tiempo por vivir;2024;252.038,51769
16 País Vasco;Mujeres;De 90 a 94 años;Esperanza de vida;2024;5,028615
16 País Vasco;Mujeres;95 y más años;Tasa de mortalidad;2024;290,50019
16 País Vasco;Mujeres;95 y más años;Promedio de años vividos el último año de vida;2024;2,987782
16 País Vasco;Mujeres;95 y más años;Riesgo de muerte;2024;1.000
16 País Vasco;Mujeres;95 y más años;Supervivientes;2024;23.300,500169
16 País Vasco;Mujeres;95 y más años;Defunciones teóricas;2024;23.300,500169
16 País Vasco;Mujeres;95 y más años;Población estacionaria;2024;69.616,804329
16 País Vasco;Mujeres;95 y más años;Tiempo por vivir;2024;69.616,804329
16 País Vasco;Mujeres;95 y más años;Esperanza de vida;2024;2,987782
17 Rioja, La;Ambos sexos;0 años;Tasa de mortalidad;2024;2,93393
17 Rioja, La;Ambos sexos;0 años;Promedio de años vividos el último año de vida;2024;0,130692
17 Rioja, La;Ambos sexos;0 años;Riesgo de muerte;2024;2,926467
17 Rioja, La;Ambos sexos;0 años;Supervivientes;2024;100.000
17 Rioja, La;Ambos sexos;0 años;Defunciones teóricas;2024;292,646653
17 Rioja, La;Ambos sexos;0 años;Población estacionaria;2024;99.745,599972
17 Rioja, La;Ambos sexos;0 años;Tiempo por vivir;2024;8.389.599,3746
17 Rioja, La;Ambos sexos;0 años;Esperanza de vida;2024;83,895994
17 Rioja, La;Ambos sexos;De 1 a 4 años;Tasa de mortalidad;2024;0,332086
17 Rioja, La;Ambos sexos;De 1 a 4 años;Promedio de años vividos el último año de vida;2024;0,208275
17 Rioja, La;Ambos sexos;De 1 a 4 años;Riesgo de muerte;2024;1,32695
17 Rioja, La;Ambos sexos;De 1 a 4 años;Supervivientes;2024;99.707,353347
17 Rioja, La;Ambos sexos;De 1 a 4 años;Defunciones teóricas;2024;132,306627
17 Rioja, La;Ambos sexos;De 1 a 4 años;Población estacionaria;2024;398.410,41174
17 Rioja, La;Ambos sexos;De 1 a 4 años;Tiempo por vivir;2024;8.289.853,7747
17 Rioja, La;Ambos sexos;De 1 a 4 años;Esperanza de vida;2024;83,14185
17 Rioja, La;Ambos sexos;De 5 a 9 años;Tasa de mortalidad;2024;0,077152
17 Rioja, La;Ambos sexos;De 5 a 9 años;Promedio de años vividos el último año de vida;2024;0,197268
17 Rioja, La;Ambos sexos;De 5 a 9 años;Riesgo de muerte;2024;0,385641
17 Rioja, La;Ambos sexos;De 5 a 9 años;Supervivientes;2024;99.575,04672
17 Rioja, La;Ambos sexos;De 5 a 9 años;Defunciones teóricas;2024;38,40027
17 Rioja, La;Ambos sexos;De 5 a 9 años;Población estacionaria;2024;497.721,10793
17 Rioja, La;Ambos sexos;De 5 a 9 años;Tiempo por vivir;2024;7.891.443,3629
17 Rioja, La;Ambos sexos;De 5 a 9 años;Esperanza de vida;2024;79,251214
17 Rioja, La;Ambos sexos;De 10 a 14 años;Tasa de mortalidad;2024;0,178667
17 Rioja, La;Ambos sexos;De 10 a 14 años;Promedio de años vividos el último año de vida;2024;0,369807
17 Rioja, La;Ambos sexos;De 10 a 14 años;Riesgo de muerte;2024;0,892835
17 Rioja, La;Ambos sexos;De 10 a 14 años;Supervivientes;2024;99.536,64645
17 Rioja, La;Ambos sexos;De 10 a 14 años;Defunciones teóricas;2024;88,869758
17 Rioja, La;Ambos sexos;De 10 a 14 años;Población estacionaria;2024;497.403,20694
17 Rioja, La;Ambos sexos;De 10 a 14 años;Tiempo por vivir;2024;7.393.722,255
17 Rioja, La;Ambos sexos;De 10 a 14 años;Esperanza de vida;2024;74,281408
17 Rioja, La;Ambos sexos;De 15 a 19 años;Tasa de mortalidad;2024;0
17 Rioja, La;Ambos sexos;De 15 a 19 años;Promedio de años vividos el último año de vida;2024;0
17 Rioja, La;Ambos sexos;De 15 a 19 años;Riesgo de muerte;2024;0
17 Rioja, La;Ambos sexos;De 15 a 19 años;Supervivientes;2024;99.447,776692
17 Rioja, La;Ambos sexos;De 15 a 19 años;Defunciones teóricas;2024;0
17 Rioja, La;Ambos sexos;De 15 a 19 años;Población estacionaria;2024;497.238,88346
17 Rioja, La;Ambos sexos;De 15 a 19 años;Tiempo por vivir;2024;6.896.319,0481
17 Rioja, La;Ambos sexos;De 15 a 19 años;Esperanza de vida;2024;69,346136
17 Rioja, La;Ambos sexos;De 20 a 24 años;Tasa de mortalidad;2024;0,113177
17 Rioja, La;Ambos sexos;De 20 a 24 años;Promedio de años vividos el último año de vida;2024;0,109563
17 Rioja, La;Ambos sexos;De 20 a 24 años;Riesgo de muerte;2024;0,565602
17 Rioja, La;Ambos sexos;De 20 a 24 años;Supervivientes;2024;99.447,776692
17 Rioja, La;Ambos sexos;De 20 a 24 años;Defunciones teóricas;2024;56,24783
17 Rioja, La;Ambos sexos;De 20 a 24 años;Población estacionaria;2024;496.988,45767
17 Rioja, La;Ambos sexos;De 20 a 24 años;Tiempo por vivir;2024;6.399.080,1646
17 Rioja, La;Ambos sexos;De 20 a 24 años;Esperanza de vida;2024;64,346136
17 Rioja, La;Ambos sexos;De 25 a 29 años;Tasa de mortalidad;2024;0,253284
17 Rioja, La;Ambos sexos;De 25 a 29 años;Promedio de años vividos el último año de vida;2024;0,719932
17 Rioja, La;Ambos sexos;De 25 a 29 años;Riesgo de muerte;2024;1,265969
17 Rioja, La;Ambos sexos;De 25 a 29 años;Supervivientes;2024;99.391,528862
17 Rioja, La;Ambos sexos;De 25 a 29 años;Defunciones teóricas;2024;125,826584
17 Rioja, La;Ambos sexos;De 25 a 29 años;Población estacionaria;2024;496.781,4444
17 Rioja, La;Ambos sexos;De 25 a 29 años;Tiempo por vivir;2024;5.902.091,7069
17 Rioja, La;Ambos sexos;De 25 a 29 años;Esperanza de vida;2024;59,382241
17 Rioja, La;Ambos sexos;De 30 a 34 años;Tasa de mortalidad;2024;0,713597
17 Rioja, La;Ambos sexos;De 30 a 34 años;Promedio de años vividos el último año de vida;2024;0,501293
17 Rioja, La;Ambos sexos;De 30 a 34 años;Riesgo de muerte;2024;3,561649
17 Rioja, La;Ambos sexos;De 30 a 34 años;Supervivientes;2024;99.265,702278
17 Rioja, La;Ambos sexos;De 30 a 34 años;Defunciones teóricas;2024;353,549555
17 Rioja, La;Ambos sexos;De 30 a 34 años;Población estacionaria;2024;495.446,92238
17 Rioja, La;Ambos sexos;De 30 a 34 años;Tiempo por vivir;2024;5.405.310,2625
17 Rioja, La;Ambos sexos;De 30 a 34 años;Esperanza de vida;2024;54,452949
17 Rioja, La;Ambos sexos;De 35 a 39 años;Tasa de mortalidad;2024;0,786031
17 Rioja, La;Ambos sexos;De 35 a 39 años;Promedio de años vividos el último año de vida;2024;0,536379
17 Rioja, La;Ambos sexos;De 35 a 39 años;Riesgo de muerte;2024;3,923006
17 Rioja, La;Ambos sexos;De 35 a 39 años;Supervivientes;2024;98.912,152723
17 Rioja, La;Ambos sexos;De 35 a 39 años;Defunciones teóricas;2024;388,032945
17 Rioja, La;Ambos sexos;De 35 a 39 años;Población estacionaria;2024;493.661,26308
17 Rioja, La;Ambos sexos;De 35 a 39 años;Tiempo por vivir;2024;4.909.863,3401
17 Rioja, La;Ambos sexos;De 35 a 39 años;Esperanza de vida;2024;49,638626
17 Rioja, La;Ambos sexos;De 40 a 44 años;Tasa de mortalidad;2024;0,842131
17 Rioja, La;Ambos sexos;De 40 a 44 años;Promedio de años vividos el último año de vida;2024;0,572661
17 Rioja, La;Ambos sexos;De 40 a 44 años;Riesgo de muerte;2024;4,20309
17 Rioja, La;Ambos sexos;De 40 a 44 años;Supervivientes;2024;98.524,119778
17 Rioja, La;Ambos sexos;De 40 a 44 años;Defunciones teóricas;2024;414,105745
17 Rioja, La;Ambos sexos;De 40 a 44 años;Población estacionaria;2024;491.735,78087
17 Rioja, La;Ambos sexos;De 40 a 44 años;Tiempo por vivir;2024;4.416.202,0771
17 Rioja, La;Ambos sexos;De 40 a 44 años;Esperanza de vida;2024;44,823563
17 Rioja, La;Ambos sexos;De 45 a 49 años;Tasa de mortalidad;2024;1,343691
17 Rioja, La;Ambos sexos;De 45 a 49 años;Promedio de años vividos el último año de vida;2024;0,401802
17 Rioja, La;Ambos sexos;De 45 a 49 años;Riesgo de muerte;2024;6,691562
17 Rioja, La;Ambos sexos;De 45 a 49 años;Supervivientes;2024;98.110,014033
17 Rioja, La;Ambos sexos;De 45 a 49 años;Defunciones teóricas;2024;656,509272
17 Rioja, La;Ambos sexos;De 45 a 49 años;Población estacionaria;2024;488.586,4566
17 Rioja, La;Ambos sexos;De 45 a 49 años;Tiempo por vivir;2024;3.924.466,2962
17 Rioja, La;Ambos sexos;De 45 a 49 años;Esperanza de vida;2024;40,00067
17 Rioja, La;Ambos sexos;De 50 a 54 años;Tasa de mortalidad;2024;1,739159
17 Rioja, La;Ambos sexos;De 50 a 54 años;Promedio de años vividos el último año de vida;2024;0,516491
17 Rioja, La;Ambos sexos;De 50 a 54 años;Riesgo de muerte;2024;8,659389
17 Rioja, La;Ambos sexos;De 50 a 54 años;Supervivientes;2024;97.453,504762
17 Rioja, La;Ambos sexos;De 50 a 54 años;Defunciones teóricas;2024;843,88776
17 Rioja, La;Ambos sexos;De 50 a 54 años;Población estacionaria;2024;485.227,38697
17 Rioja, La;Ambos sexos;De 50 a 54 años;Tiempo por vivir;2024;3.435.879,8396
17 Rioja, La;Ambos sexos;De 50 a 54 años;Esperanza de vida;2024;35,256606
17 Rioja, La;Ambos sexos;De 55 a 59 años;Tasa de mortalidad;2024;4,007872
17 Rioja, La;Ambos sexos;De 55 a 59 años;Promedio de años vividos el último año de vida;2024;0,521723
17 Rioja, La;Ambos sexos;De 55 a 59 años;Riesgo de muerte;2024;19,849118
17 Rioja, La;Ambos sexos;De 55 a 59 años;Supervivientes;2024;96.609,617002
17 Rioja, La;Ambos sexos;De 55 a 59 años;Defunciones teóricas;2024;1.917,615712
17 Rioja, La;Ambos sexos;De 55 a 59 años;Población estacionaria;2024;478.462,32621
17 Rioja, La;Ambos sexos;De 55 a 59 años;Tiempo por vivir;2024;2.950.652,4526
17 Rioja, La;Ambos sexos;De 55 a 59 años;Esperanza de vida;2024;30,542016
17 Rioja, La;Ambos sexos;De 60 a 64 años;Tasa de mortalidad;2024;6,171802
17 Rioja, La;Ambos sexos;De 60 a 64 años;Promedio de años vividos el último año de vida;2024;0,517907
17 Rioja, La;Ambos sexos;De 60 a 64 años;Riesgo de muerte;2024;30,406651
17 Rioja, La;Ambos sexos;De 60 a 64 años;Supervivientes;2024;94.692,001289
17 Rioja, La;Ambos sexos;De 60 a 64 años;Defunciones teóricas;2024;2.879,266619
17 Rioja, La;Ambos sexos;De 60 a 64 años;Población estacionaria;2024;466.519,63692
17 Rioja, La;Ambos sexos;De 60 a 64 años;Tiempo por vivir;2024;2.472.190,1264
17 Rioja, La;Ambos sexos;De 60 a 64 años;Esperanza de vida;2024;26,107698
17 Rioja, La;Ambos sexos;De 65 a 69 años;Tasa de mortalidad;2024;8,601971
17 Rioja, La;Ambos sexos;De 65 a 69 años;Promedio de años vividos el último año de vida;2024;0,530126
17 Rioja, La;Ambos sexos;De 65 a 69 años;Riesgo de muerte;2024;42,157878
17 Rioja, La;Ambos sexos;De 65 a 69 años;Supervivientes;2024;91.812,734671
17 Rioja, La;Ambos sexos;De 65 a 69 años;Defunciones teóricas;2024;3.870,630056
17 Rioja, La;Ambos sexos;De 65 a 69 años;Población estacionaria;2024;449.970,12569
17 Rioja, La;Ambos sexos;De 65 a 69 años;Tiempo por vivir;2024;2.005.670,4895
17 Rioja, La;Ambos sexos;De 65 a 69 años;Esperanza de vida;2024;21,845232
17 Rioja, La;Ambos sexos;De 70 a 74 años;Tasa de mortalidad;2024;14,714502
17 Rioja, La;Ambos sexos;De 70 a 74 años;Promedio de años vividos el último año de vida;2024;0,546348
17 Rioja, La;Ambos sexos;De 70 a 74 años;Riesgo de muerte;2024;71,196244
17 Rioja, La;Ambos sexos;De 70 a 74 años;Supervivientes;2024;87.942,104615
17 Rioja, La;Ambos sexos;De 70 a 74 años;Defunciones teóricas;2024;6.261,147515
17 Rioja, La;Ambos sexos;De 70 a 74 años;Población estacionaria;2024;425.508,61968
17 Rioja, La;Ambos sexos;De 70 a 74 años;Tiempo por vivir;2024;1.555.700,3638
17 Rioja, La;Ambos sexos;De 70 a 74 años;Esperanza de vida;2024;17,690052
17 Rioja, La;Ambos sexos;De 75 a 79 años;Tasa de mortalidad;2024;24,285329
17 Rioja, La;Ambos sexos;De 75 a 79 años;Promedio de años vividos el último año de vida;2024;0,524759
17 Rioja, La;Ambos sexos;De 75 a 79 años;Riesgo de muerte;2024;114,801782
17 Rioja, La;Ambos sexos;De 75 a 79 años;Supervivientes;2024;81.680,9571
17 Rioja, La;Ambos sexos;De 75 a 79 años;Defunciones teóricas;2024;9.377,119427
17 Rioja, La;Ambos sexos;De 75 a 79 años;Población estacionaria;2024;386.122,81581
17 Rioja, La;Ambos sexos;De 75 a 79 años;Tiempo por vivir;2024;1.130.191,7441
17 Rioja, La;Ambos sexos;De 75 a 79 años;Esperanza de vida;2024;13,836661
17 Rioja, La;Ambos sexos;De 80 a 84 años;Tasa de mortalidad;2024;41,323655
17 Rioja, La;Ambos sexos;De 80 a 84 años;Promedio de años vividos el último año de vida;2024;0,560819
17 Rioja, La;Ambos sexos;De 80 a 84 años;Riesgo de muerte;2024;189,428955
17 Rioja, La;Ambos sexos;De 80 a 84 años;Supervivientes;2024;72.303,837672
17 Rioja, La;Ambos sexos;De 80 a 84 años;Defunciones teóricas;2024;13.696,440435
17 Rioja, La;Ambos sexos;De 80 a 84 años;Población estacionaria;2024;331.443,10374
17 Rioja, La;Ambos sexos;De 80 a 84 años;Tiempo por vivir;2024;744.068,92833
17 Rioja, La;Ambos sexos;De 80 a 84 años;Esperanza de vida;2024;10,290864
17 Rioja, La;Ambos sexos;De 85 a 89 años;Tasa de mortalidad;2024;90,641547
17 Rioja, La;Ambos sexos;De 85 a 89 años;Promedio de años vividos el último año de vida;2024;0,525025
17 Rioja, La;Ambos sexos;De 85 a 89 años;Riesgo de muerte;2024;372,929939
17 Rioja, La;Ambos sexos;De 85 a 89 años;Supervivientes;2024;58.607,397237
17 Rioja, La;Ambos sexos;De 85 a 89 años;Defunciones teóricas;2024;21.856,453073
17 Rioja, La;Ambos sexos;De 85 a 89 años;Población estacionaria;2024;241.130,62787
17 Rioja, La;Ambos sexos;De 85 a 89 años;Tiempo por vivir;2024;412.625,82459
17 Rioja, La;Ambos sexos;De 85 a 89 años;Esperanza de vida;2024;7,040508
17 Rioja, La;Ambos sexos;90 y más años;Tasa de mortalidad;2024;""
17 Rioja, La;Ambos sexos;90 y más años;Promedio de años vividos el último año de vida;2024;""
17 Rioja, La;Ambos sexos;90 y más años;Riesgo de muerte;2024;""
17 Rioja, La;Ambos sexos;90 y más años;Supervivientes;2024;""
17 Rioja, La;Ambos sexos;90 y más años;Defunciones teóricas;2024;""
17 Rioja, La;Ambos sexos;90 y más años;Población estacionaria;2024;""
17 Rioja, La;Ambos sexos;90 y más años;Tiempo por vivir;2024;""
17 Rioja, La;Ambos sexos;90 y más años;Esperanza de vida;2024;""
17 Rioja, La;Ambos sexos;De 90 a 94 años;Tasa de mortalidad;2024;167,839025
17 Rioja, La;Ambos sexos;De 90 a 94 años;Promedio de años vividos el último año de vida;2024;0,476804
17 Rioja, La;Ambos sexos;De 90 a 94 años;Riesgo de muerte;2024;583,153507
17 Rioja, La;Ambos sexos;De 90 a 94 años;Supervivientes;2024;36.750,944164
17 Rioja, La;Ambos sexos;De 90 a 94 años;Defunciones teóricas;2024;21.431,441982
17 Rioja, La;Ambos sexos;De 90 a 94 años;Población estacionaria;2024;127.690,45812
17 Rioja, La;Ambos sexos;De 90 a 94 años;Tiempo por vivir;2024;171.495,19672
17 Rioja, La;Ambos sexos;De 90 a 94 años;Esperanza de vida;2024;4,666416
17 Rioja, La;Ambos sexos;95 y más años;Tasa de mortalidad;2024;304,100593
17 Rioja, La;Ambos sexos;95 y más años;Promedio de años vividos el último año de vida;2024;2,85941
17 Rioja, La;Ambos sexos;95 y más años;Riesgo de muerte;2024;1.000
17 Rioja, La;Ambos sexos;95 y más años;Supervivientes;2024;15.319,502182
17 Rioja, La;Ambos sexos;95 y más años;Defunciones teóricas;2024;15.319,502182
17 Rioja, La;Ambos sexos;95 y más años;Población estacionaria;2024;43.804,738598
17 Rioja, La;Ambos sexos;95 y más años;Tiempo por vivir;2024;43.804,738598
17 Rioja, La;Ambos sexos;95 y más años;Esperanza de vida;2024;2,85941
17 Rioja, La;Hombres;0 años;Tasa de mortalidad;2024;3,894715
17 Rioja, La;Hombres;0 años;Promedio de años vividos el último año de vida;2024;0,194672
17 Rioja, La;Hombres;0 años;Riesgo de muerte;2024;3,882537
17 Rioja, La;Hombres;0 años;Supervivientes;2024;100.000
17 Rioja, La;Hombres;0 años;Defunciones teóricas;2024;388,253733
17 Rioja, La;Hombres;0 años;Población estacionaria;2024;99.687,328448
17 Rioja, La;Hombres;0 años;Tiempo por vivir;2024;8.129.623,2876
17 Rioja, La;Hombres;0 años;Esperanza de vida;2024;81,296233
17 Rioja, La;Hombres;De 1 a 4 años;Tasa de mortalidad;2024;0,425874
17 Rioja, La;Hombres;De 1 a 4 años;Promedio de años vividos el último año de vida;2024;0,292691
17 Rioja, La;Hombres;De 1 a 4 años;Riesgo de muerte;2024;1,701447
17 Rioja, La;Hombres;De 1 a 4 años;Supervivientes;2024;99.611,746267
17 Rioja, La;Hombres;De 1 a 4 años;Defunciones teóricas;2024;169,484123
17 Rioja, La;Hombres;De 1 a 4 años;Población estacionaria;2024;397.967,47466
17 Rioja, La;Hombres;De 1 a 4 años;Tiempo por vivir;2024;8.029.935,9592
17 Rioja, La;Hombres;De 1 a 4 años;Esperanza de vida;2024;80,61234
17 Rioja, La;Hombres;De 5 a 9 años;Tasa de mortalidad;2024;0,153048
17 Rioja, La;Hombres;De 5 a 9 años;Promedio de años vividos el último año de vida;2024;0,197268
17 Rioja, La;Hombres;De 5 a 9 años;Riesgo de muerte;2024;0,76477
17 Rioja, La;Hombres;De 5 a 9 años;Supervivientes;2024;99.442,262144
17 Rioja, La;Hombres;De 5 a 9 años;Defunciones teóricas;2024;76,0505
17 Rioja, La;Hombres;De 5 a 9 años;Población estacionaria;2024;496.906,06978
17 Rioja, La;Hombres;De 5 a 9 años;Tiempo por vivir;2024;7.631.968,4845
17 Rioja, La;Hombres;De 5 a 9 años;Esperanza de vida;2024;76,747736
17 Rioja, La;Hombres;De 10 a 14 años;Tasa de mortalidad;2024;0,347829
17 Rioja, La;Hombres;De 10 a 14 años;Promedio de años vividos el último año de vida;2024;0,367984
17 Rioja, La;Hombres;De 10 a 14 años;Riesgo de muerte;2024;1,737237
17 Rioja, La;Hombres;De 10 a 14 años;Supervivientes;2024;99.366,211644
17 Rioja, La;Hombres;De 10 a 14 años;Defunciones teóricas;2024;172,622625
17 Rioja, La;Hombres;De 10 a 14 años;Población estacionaria;2024;496.285,55708
17 Rioja, La;Hombres;De 10 a 14 años;Tiempo por vivir;2024;7.135.062,4147
17 Rioja, La;Hombres;De 10 a 14 años;Esperanza de vida;2024;71,80572
17 Rioja, La;Hombres;De 15 a 19 años;Tasa de mortalidad;2024;0
17 Rioja, La;Hombres;De 15 a 19 años;Promedio de años vividos el último año de vida;2024;0
17 Rioja, La;Hombres;De 15 a 19 años;Riesgo de muerte;2024;0
17 Rioja, La;Hombres;De 15 a 19 años;Supervivientes;2024;99.193,589019
17 Rioja, La;Hombres;De 15 a 19 años;Defunciones teóricas;2024;0
17 Rioja, La;Hombres;De 15 a 19 años;Población estacionaria;2024;495.967,94509
17 Rioja, La;Hombres;De 15 a 19 años;Tiempo por vivir;2024;6.638.776,8576
17 Rioja, La;Hombres;De 15 a 19 años;Esperanza de vida;2024;66,927479
17 Rioja, La;Hombres;De 20 a 24 años;Tasa de mortalidad;2024;0,1111
17 Rioja, La;Hombres;De 20 a 24 años;Promedio de años vividos el último año de vida;2024;0,122404
17 Rioja, La;Hombres;De 20 a 24 años;Riesgo de muerte;2024;0,555229
17 Rioja, La;Hombres;De 20 a 24 años;Supervivientes;2024;99.193,589019
17 Rioja, La;Hombres;De 20 a 24 años;Defunciones teóricas;2024;55,075197
17 Rioja, La;Hombres;De 20 a 24 años;Población estacionaria;2024;495.726,27633
17 Rioja, La;Hombres;De 20 a 24 años;Tiempo por vivir;2024;6.142.808,9125
17 Rioja, La;Hombres;De 20 a 24 años;Esperanza de vida;2024;61,927479
17 Rioja, La;Hombres;De 25 a 29 años;Tasa de mortalidad;2024;0,371499
17 Rioja, La;Hombres;De 25 a 29 años;Promedio de años vividos el último año de vida;2024;0,692366
17 Rioja, La;Hombres;De 25 a 29 años;Riesgo de muerte;2024;1,856436
17 Rioja, La;Hombres;De 25 a 29 años;Supervivientes;2024;99.138,513822
17 Rioja, La;Hombres;De 25 a 29 años;Defunciones teóricas;2024;184,044271
17 Rioja, La;Hombres;De 25 a 29 años;Población estacionaria;2024;495.409,4773
17 Rioja, La;Hombres;De 25 a 29 años;Tiempo por vivir;2024;5.647.082,6362
17 Rioja, La;Hombres;De 25 a 29 años;Esperanza de vida;2024;56,961542
17 Rioja, La;Hombres;De 30 a 34 años;Tasa de mortalidad;2024;1,17954
17 Rioja, La;Hombres;De 30 a 34 años;Promedio de años vividos el último año de vida;2024;0,526773
17 Rioja, La;Hombres;De 30 a 34 años;Riesgo de muerte;2024;5,881285
17 Rioja, La;Hombres;De 30 a 34 años;Supervivientes;2024;98.954,469551
17 Rioja, La;Hombres;De 30 a 34 años;Defunciones teóricas;2024;581,979474
17 Rioja, La;Hombres;De 30 a 34 años;Población estacionaria;2024;493.395,30508
17 Rioja, La;Hombres;De 30 a 34 años;Tiempo por vivir;2024;5.151.673,1589
17 Rioja, La;Hombres;De 30 a 34 años;Esperanza de vida;2024;52,061046
17 Rioja, La;Hombres;De 35 a 39 años;Tasa de mortalidad;2024;0,843357
17 Rioja, La;Hombres;De 35 a 39 años;Promedio de años vividos el último año de vida;2024;0,587029
17 Rioja, La;Hombres;De 35 a 39 años;Riesgo de muerte;2024;4,209455
17 Rioja, La;Hombres;De 35 a 39 años;Supervivientes;2024;98.372,490078
17 Rioja, La;Hombres;De 35 a 39 años;Defunciones teóricas;2024;414,094572
17 Rioja, La;Hombres;De 35 a 39 años;Población estacionaria;2024;491.007,40462
17 Rioja, La;Hombres;De 35 a 39 años;Tiempo por vivir;2024;4.658.277,8538
17 Rioja, La;Hombres;De 35 a 39 años;Esperanza de vida;2024;47,353461
17 Rioja, La;Hombres;De 40 a 44 años;Tasa de mortalidad;2024;0,999621
17 Rioja, La;Hombres;De 40 a 44 años;Promedio de años vividos el último año de vida;2024;0,580849
17 Rioja, La;Hombres;De 40 a 44 años;Riesgo de muerte;2024;4,987654
17 Rioja, La;Hombres;De 40 a 44 años;Supervivientes;2024;97.958,395506
17 Rioja, La;Hombres;De 40 a 44 años;Defunciones teóricas;2024;488,582571
17 Rioja, La;Hombres;De 40 a 44 años;Población estacionaria;2024;488.768,02898
17 Rioja, La;Hombres;De 40 a 44 años;Tiempo por vivir;2024;4.167.270,4492
17 Rioja, La;Hombres;De 40 a 44 años;Esperanza de vida;2024;42,541228
17 Rioja, La;Hombres;De 45 a 49 años;Tasa de mortalidad;2024;1,790882
17 Rioja, La;Hombres;De 45 a 49 años;Promedio de años vividos el último año de vida;2024;0,388369
17 Rioja, La;Hombres;De 45 a 49 años;Riesgo de muerte;2024;8,905637
17 Rioja, La;Hombres;De 45 a 49 años;Supervivientes;2024;97.469,812935
17 Rioja, La;Hombres;De 45 a 49 años;Defunciones teóricas;2024;868,030746
17 Rioja, La;Hombres;De 45 a 49 años;Población estacionaria;2024;484.694,49294
17 Rioja, La;Hombres;De 45 a 49 años;Tiempo por vivir;2024;3.678.502,4202
17 Rioja, La;Hombres;De 45 a 49 años;Esperanza de vida;2024;37,739915
17 Rioja, La;Hombres;De 50 a 54 años;Tasa de mortalidad;2024;2,181849
17 Rioja, La;Hombres;De 50 a 54 años;Promedio de años vividos el último año de vida;2024;0,49413
17 Rioja, La;Hombres;De 50 a 54 años;Riesgo de muerte;2024;10,849369
17 Rioja, La;Hombres;De 50 a 54 años;Supervivientes;2024;96.601,782189
17 Rioja, La;Hombres;De 50 a 54 años;Defunciones teóricas;2024;1.048,068414
17 Rioja, La;Hombres;De 50 a 54 años;Población estacionaria;2024;480.357,97931
17 Rioja, La;Hombres;De 50 a 54 años;Tiempo por vivir;2024;3.193.807,9273
17 Rioja, La;Hombres;De 50 a 54 años;Esperanza de vida;2024;33,061584
17 Rioja, La;Hombres;De 55 a 59 años;Tasa de mortalidad;2024;5,090373
17 Rioja, La;Hombres;De 55 a 59 años;Promedio de años vividos el último año de vida;2024;0,524937
17 Rioja, La;Hombres;De 55 a 59 años;Riesgo de muerte;2024;25,147798
17 Rioja, La;Hombres;De 55 a 59 años;Supervivientes;2024;95.553,713775
17 Rioja, La;Hombres;De 55 a 59 años;Defunciones teóricas;2024;2.402,965503
17 Rioja, La;Hombres;De 55 a 59 años;Población estacionaria;2024;472.060,76293
17 Rioja, La;Hombres;De 55 a 59 años;Tiempo por vivir;2024;2.713.449,948
17 Rioja, La;Hombres;De 55 a 59 años;Esperanza de vida;2024;28,397117
17 Rioja, La;Hombres;De 60 a 64 años;Tasa de mortalidad;2024;8,176366
17 Rioja, La;Hombres;De 60 a 64 años;Promedio de años vividos el último año de vida;2024;0,50755
17 Rioja, La;Hombres;De 60 a 64 años;Riesgo de muerte;2024;40,075031
17 Rioja, La;Hombres;De 60 a 64 años;Supervivientes;2024;93.150,748273
17 Rioja, La;Hombres;De 60 a 64 años;Defunciones teóricas;2024;3.733,019117
17 Rioja, La;Hombres;De 60 a 64 años;Población estacionaria;2024;456.562,12371
17 Rioja, La;Hombres;De 60 a 64 años;Tiempo por vivir;2024;2.241.389,185
17 Rioja, La;Hombres;De 60 a 64 años;Esperanza de vida;2024;24,061956
17 Rioja, La;Hombres;De 65 a 69 años;Tasa de mortalidad;2024;11,615841
17 Rioja, La;Hombres;De 65 a 69 años;Promedio de años vividos el último año de vida;2024;0,526848
17 Rioja, La;Hombres;De 65 a 69 años;Riesgo de muerte;2024;56,525859
17 Rioja, La;Hombres;De 65 a 69 años;Supervivientes;2024;89.417,729156
17 Rioja, La;Hombres;De 65 a 69 años;Defunciones teóricas;2024;5.054,413927
17 Rioja, La;Hombres;De 65 a 69 años;Población estacionaria;2024;435.131,10989
17 Rioja, La;Hombres;De 65 a 69 años;Tiempo por vivir;2024;1.784.827,0613
17 Rioja, La;Hombres;De 65 a 69 años;Esperanza de vida;2024;19,96055
17 Rioja, La;Hombres;De 70 a 74 años;Tasa de mortalidad;2024;20,257261
17 Rioja, La;Hombres;De 70 a 74 años;Promedio de años vividos el último año de vida;2024;0,530431
17 Rioja, La;Hombres;De 70 a 74 años;Riesgo de muerte;2024;96,68775
17 Rioja, La;Hombres;De 70 a 74 años;Supervivientes;2024;84.363,31523
17 Rioja, La;Hombres;De 70 a 74 años;Defunciones teóricas;2024;8.156,899116
17 Rioja, La;Hombres;De 70 a 74 años;Población estacionaria;2024;402.665,44122
17 Rioja, La;Hombres;De 70 a 74 años;Tiempo por vivir;2024;1.349.695,9514
17 Rioja, La;Hombres;De 70 a 74 años;Esperanza de vida;2024;15,998612
17 Rioja, La;Hombres;De 75 a 79 años;Tasa de mortalidad;2024;33,841679
17 Rioja, La;Hombres;De 75 a 79 años;Promedio de años vividos el último año de vida;2024;0,51342
17 Rioja, La;Hombres;De 75 a 79 años;Riesgo de muerte;2024;156,336654
17 Rioja, La;Hombres;De 75 a 79 años;Supervivientes;2024;76.206,416114
17 Rioja, La;Hombres;De 75 a 79 años;Defunciones teóricas;2024;11.913,856143
17 Rioja, La;Hombres;De 75 a 79 años;Población estacionaria;2024;352.046,83935
17 Rioja, La;Hombres;De 75 a 79 años;Tiempo por vivir;2024;947.030,51023
17 Rioja, La;Hombres;De 75 a 79 años;Esperanza de vida;2024;12,427176
17 Rioja, La;Hombres;De 80 a 84 años;Tasa de mortalidad;2024;54,630725
17 Rioja, La;Hombres;De 80 a 84 años;Promedio de años vividos el último año de vida;2024;0,557378
17 Rioja, La;Hombres;De 80 a 84 años;Riesgo de muerte;2024;243,690495
17 Rioja, La;Hombres;De 80 a 84 años;Supervivientes;2024;64.292,55997
17 Rioja, La;Hombres;De 80 a 84 años;Defunciones teóricas;2024;15.667,485758
17 Rioja, La;Hombres;De 80 a 84 años;Población estacionaria;2024;286.788,90451
17 Rioja, La;Hombres;De 80 a 84 años;Tiempo por vivir;2024;594.983,67088
17 Rioja, La;Hombres;De 80 a 84 años;Esperanza de vida;2024;9,254316
17 Rioja, La;Hombres;De 85 a 89 años;Tasa de mortalidad;2024;106,67153
17 Rioja, La;Hombres;De 85 a 89 años;Promedio de años vividos el último año de vida;2024;0,515789
17 Rioja, La;Hombres;De 85 a 89 años;Riesgo de muerte;2024;423,885967
17 Rioja, La;Hombres;De 85 a 89 años;Supervivientes;2024;48.625,074212
17 Rioja, La;Hombres;De 85 a 89 años;Defunciones teóricas;2024;20.611,486581
17 Rioja, La;Hombres;De 85 a 89 años;Población estacionaria;2024;193.223,87652
17 Rioja, La;Hombres;De 85 a 89 años;Tiempo por vivir;2024;308.194,76636
17 Rioja, La;Hombres;De 85 a 89 años;Esperanza de vida;2024;6,338186
17 Rioja, La;Hombres;90 y más años;Tasa de mortalidad;2024;""
17 Rioja, La;Hombres;90 y más años;Promedio de años vividos el último año de vida;2024;""
17 Rioja, La;Hombres;90 y más años;Riesgo de muerte;2024;""
17 Rioja, La;Hombres;90 y más años;Supervivientes;2024;""
17 Rioja, La;Hombres;90 y más años;Defunciones teóricas;2024;""
17 Rioja, La;Hombres;90 y más años;Población estacionaria;2024;""
17 Rioja, La;Hombres;90 y más años;Tiempo por vivir;2024;""
17 Rioja, La;Hombres;90 y más años;Esperanza de vida;2024;""
17 Rioja, La;Hombres;De 90 a 94 años;Tasa de mortalidad;2024;205,271211
17 Rioja, La;Hombres;De 90 a 94 años;Promedio de años vividos el último año de vida;2024;0,45176
17 Rioja, La;Hombres;De 90 a 94 años;Riesgo de muerte;2024;656,788268
17 Rioja, La;Hombres;De 90 a 94 años;Supervivientes;2024;28.013,587631
17 Rioja, La;Hombres;De 90 a 94 años;Defunciones teóricas;2024;18.398,995707
17 Rioja, La;Hombres;De 90 a 94 años;Población estacionaria;2024;89.632,616471
17 Rioja, La;Hombres;De 90 a 94 años;Tiempo por vivir;2024;114.970,88984
17 Rioja, La;Hombres;De 90 a 94 años;Esperanza de vida;2024;4,104112
17 Rioja, La;Hombres;95 y más años;Tasa de mortalidad;2024;368,06051
17 Rioja, La;Hombres;95 y más años;Promedio de años vividos el último año de vida;2024;2,635398
17 Rioja, La;Hombres;95 y más años;Riesgo de muerte;2024;1.000
17 Rioja, La;Hombres;95 y más años;Supervivientes;2024;9.614,591924
17 Rioja, La;Hombres;95 y más años;Defunciones teóricas;2024;9.614,591924
17 Rioja, La;Hombres;95 y más años;Población estacionaria;2024;25.338,273374
17 Rioja, La;Hombres;95 y más años;Tiempo por vivir;2024;25.338,273374
17 Rioja, La;Hombres;95 y más años;Esperanza de vida;2024;2,635398
17 Rioja, La;Mujeres;0 años;Tasa de mortalidad;2024;1,964626
17 Rioja, La;Mujeres;0 años;Promedio de años vividos el último año de vida;2024;0,002732
17 Rioja, La;Mujeres;0 años;Riesgo de muerte;2024;1,960784
17 Rioja, La;Mujeres;0 años;Supervivientes;2024;100.000
17 Rioja, La;Mujeres;0 años;Defunciones teóricas;2024;196,078431
17 Rioja, La;Mujeres;0 años;Población estacionaria;2024;99.804,457302
17 Rioja, La;Mujeres;0 años;Tiempo por vivir;2024;8.651.029,1213
17 Rioja, La;Mujeres;0 años;Esperanza de vida;2024;86,510291
17 Rioja, La;Mujeres;De 1 a 4 años;Tasa de mortalidad;2024;0,23083
17 Rioja, La;Mujeres;De 1 a 4 años;Promedio de años vividos el último año de vida;2024;0,048497
17 Rioja, La;Mujeres;De 1 a 4 años;Riesgo de muerte;2024;0,922509
17 Rioja, La;Mujeres;De 1 a 4 años;Supervivientes;2024;99.803,921569
17 Rioja, La;Mujeres;De 1 a 4 años;Defunciones teóricas;2024;92,070038
17 Rioja, La;Mujeres;De 1 a 4 años;Población estacionaria;2024;398.865,2667
17 Rioja, La;Mujeres;De 1 a 4 años;Tiempo por vivir;2024;8.551.224,664
17 Rioja, La;Mujeres;De 1 a 4 años;Esperanza de vida;2024;85,680247
17 Rioja, La;Mujeres;De 5 a 9 años;Tasa de mortalidad;2024;0
17 Rioja, La;Mujeres;De 5 a 9 años;Promedio de años vividos el último año de vida;2024;0
17 Rioja, La;Mujeres;De 5 a 9 años;Riesgo de muerte;2024;0
17 Rioja, La;Mujeres;De 5 a 9 años;Supervivientes;2024;99.711,85153
17 Rioja, La;Mujeres;De 5 a 9 años;Defunciones teóricas;2024;0
17 Rioja, La;Mujeres;De 5 a 9 años;Población estacionaria;2024;498.559,25765
17 Rioja, La;Mujeres;De 5 a 9 años;Tiempo por vivir;2024;8.152.359,3973
17 Rioja, La;Mujeres;De 5 a 9 años;Esperanza de vida;2024;81,759182
17 Rioja, La;Mujeres;De 10 a 14 años;Tasa de mortalidad;2024;0
17 Rioja, La;Mujeres;De 10 a 14 años;Promedio de años vividos el último año de vida;2024;0
17 Rioja, La;Mujeres;De 10 a 14 años;Riesgo de muerte;2024;0
17 Rioja, La;Mujeres;De 10 a 14 años;Supervivientes;2024;99.711,85153
17 Rioja, La;Mujeres;De 10 a 14 años;Defunciones teóricas;2024;0
17 Rioja, La;Mujeres;De 10 a 14 años;Población estacionaria;2024;498.559,25765
17 Rioja, La;Mujeres;De 10 a 14 años;Tiempo por vivir;2024;7.653.800,1397
17 Rioja, La;Mujeres;De 10 a 14 años;Esperanza de vida;2024;76,759182
17 Rioja, La;Mujeres;De 15 a 19 años;Tasa de mortalidad;2024;0
17 Rioja, La;Mujeres;De 15 a 19 años;Promedio de años vividos el último año de vida;2024;0
17 Rioja, La;Mujeres;De 15 a 19 años;Riesgo de muerte;2024;0
17 Rioja, La;Mujeres;De 15 a 19 años;Supervivientes;2024;99.711,85153
17 Rioja, La;Mujeres;De 15 a 19 años;Defunciones teóricas;2024;0
17 Rioja, La;Mujeres;De 15 a 19 años;Población estacionaria;2024;498.559,25765
17 Rioja, La;Mujeres;De 15 a 19 años;Tiempo por vivir;2024;7.155.240,882
17 Rioja, La;Mujeres;De 15 a 19 años;Esperanza de vida;2024;71,759182
17 Rioja, La;Mujeres;De 20 a 24 años;Tasa de mortalidad;2024;0,115334
17 Rioja, La;Mujeres;De 20 a 24 años;Promedio de años vividos el último año de vida;2024;0,096721
17 Rioja, La;Mujeres;De 20 a 24 años;Riesgo de muerte;2024;0,576369
17 Rioja, La;Mujeres;De 20 a 24 años;Supervivientes;2024;99.711,85153
17 Rioja, La;Mujeres;De 20 a 24 años;Defunciones teóricas;2024;57,470808
17 Rioja, La;Mujeres;De 20 a 24 años;Población estacionaria;2024;498.299,69687
17 Rioja, La;Mujeres;De 20 a 24 años;Tiempo por vivir;2024;6.656.681,6244
17 Rioja, La;Mujeres;De 20 a 24 años;Esperanza de vida;2024;66,759182
17 Rioja, La;Mujeres;De 25 a 29 años;Tasa de mortalidad;2024;0,130457
17 Rioja, La;Mujeres;De 25 a 29 años;Promedio de años vividos el último año de vida;2024;0,797814
17 Rioja, La;Mujeres;De 25 a 29 años;Riesgo de muerte;2024;0,652198
17 Rioja, La;Mujeres;De 25 a 29 años;Supervivientes;2024;99.654,380722
17 Rioja, La;Mujeres;De 25 a 29 años;Defunciones teóricas;2024;64,99442
17 Rioja, La;Mujeres;De 25 a 29 años;Población estacionaria;2024;498.206,19887
17 Rioja, La;Mujeres;De 25 a 29 años;Tiempo por vivir;2024;6.158.381,9275
17 Rioja, La;Mujeres;De 25 a 29 años;Esperanza de vida;2024;61,797403
17 Rioja, La;Mujeres;De 30 a 34 años;Tasa de mortalidad;2024;0,244657
17 Rioja, La;Mujeres;De 30 a 34 años;Promedio de años vividos el último año de vida;2024;0,37659
17 Rioja, La;Mujeres;De 30 a 34 años;Riesgo de muerte;2024;1,222351
17 Rioja, La;Mujeres;De 30 a 34 años;Supervivientes;2024;99.589,386303
17 Rioja, La;Mujeres;De 30 a 34 años;Defunciones teóricas;2024;121,733223
17 Rioja, La;Mujeres;De 30 a 34 años;Población estacionaria;2024;497.567,48292
17 Rioja, La;Mujeres;De 30 a 34 años;Tiempo por vivir;2024;5.660.175,7286
17 Rioja, La;Mujeres;De 30 a 34 años;Esperanza de vida;2024;56,83513
17 Rioja, La;Mujeres;De 35 a 39 años;Tasa de mortalidad;2024;0,726576
17 Rioja, La;Mujeres;De 35 a 39 años;Promedio de años vividos el último año de vida;2024;0,477394
17 Rioja, La;Mujeres;De 35 a 39 años;Riesgo de muerte;2024;3,625996
17 Rioja, La;Mujeres;De 35 a 39 años;Supervivientes;2024;99.467,65308
17 Rioja, La;Mujeres;De 35 a 39 años;Defunciones teóricas;2024;360,669292
17 Rioja, La;Mujeres;De 35 a 39 años;Población estacionaria;2024;496.395,82624
17 Rioja, La;Mujeres;De 35 a 39 años;Tiempo por vivir;2024;5.162.608,2457
17 Rioja, La;Mujeres;De 35 a 39 años;Esperanza de vida;2024;51,902383
17 Rioja, La;Mujeres;De 40 a 44 años;Tasa de mortalidad;2024;0,679094
17 Rioja, La;Mujeres;De 40 a 44 años;Promedio de años vividos el último año de vida;2024;0,559825
17 Rioja, La;Mujeres;De 40 a 44 años;Riesgo de muerte;2024;3,390405
17 Rioja, La;Mujeres;De 40 a 44 años;Supervivientes;2024;99.106,983788
17 Rioja, La;Mujeres;De 40 a 44 años;Defunciones teóricas;2024;336,012811
17 Rioja, La;Mujeres;De 40 a 44 años;Población estacionaria;2024;494.795,39739
17 Rioja, La;Mujeres;De 40 a 44 años;Tiempo por vivir;2024;4.666.212,4195
17 Rioja, La;Mujeres;De 40 a 44 años;Esperanza de vida;2024;47,082579
17 Rioja, La;Mujeres;De 45 a 49 años;Tasa de mortalidad;2024;0,877705
17 Rioja, La;Mujeres;De 45 a 49 años;Promedio de años vividos el último año de vida;2024;0,428438
17 Rioja, La;Mujeres;De 45 a 49 años;Riesgo de muerte;2024;4,377545
17 Rioja, La;Mujeres;De 45 a 49 años;Supervivientes;2024;98.770,970977
17 Rioja, La;Mujeres;De 45 a 49 años;Defunciones teóricas;2024;432,374371
17 Rioja, La;Mujeres;De 45 a 49 años;Población estacionaria;2024;492.619,21045
17 Rioja, La;Mujeres;De 45 a 49 años;Tiempo por vivir;2024;4.171.417,0221
17 Rioja, La;Mujeres;De 45 a 49 años;Esperanza de vida;2024;42,233229
17 Rioja, La;Mujeres;De 50 a 54 años;Tasa de mortalidad;2024;1,271841
17 Rioja, La;Mujeres;De 50 a 54 años;Promedio de años vividos el último año de vida;2024;0,557267
17 Rioja, La;Mujeres;De 50 a 54 años;Riesgo de muerte;2024;6,341351
17 Rioja, La;Mujeres;De 50 a 54 años;Supervivientes;2024;98.338,596606
17 Rioja, La;Mujeres;De 50 a 54 años;Defunciones teóricas;2024;623,599525
17 Rioja, La;Mujeres;De 50 a 54 años;Población estacionaria;2024;490.312,54273
17 Rioja, La;Mujeres;De 50 a 54 años;Tiempo por vivir;2024;3.678.797,8116
17 Rioja, La;Mujeres;De 50 a 54 años;Esperanza de vida;2024;37,409501
17 Rioja, La;Mujeres;De 55 a 59 años;Tasa de mortalidad;2024;2,944756
17 Rioja, La;Mujeres;De 55 a 59 años;Promedio de años vividos el último año de vida;2024;0,517107
17 Rioja, La;Mujeres;De 55 a 59 años;Riesgo de muerte;2024;14,619833
17 Rioja, La;Mujeres;De 55 a 59 años;Supervivientes;2024;97.714,997081
17 Rioja, La;Mujeres;De 55 a 59 años;Defunciones teóricas;2024;1.428,576895
17 Rioja, La;Mujeres;De 55 a 59 años;Población estacionaria;2024;485.125,73527
17 Rioja, La;Mujeres;De 55 a 59 años;Tiempo por vivir;2024;3.188.485,2689
17 Rioja, La;Mujeres;De 55 a 59 años;Esperanza de vida;2024;32,63046
17 Rioja, La;Mujeres;De 60 a 64 años;Tasa de mortalidad;2024;4,20036
17 Rioja, La;Mujeres;De 60 a 64 años;Promedio de años vividos el último año de vida;2024;0,537032
17 Rioja, La;Mujeres;De 60 a 64 años;Riesgo de muerte;2024;20,799561
17 Rioja, La;Mujeres;De 60 a 64 años;Supervivientes;2024;96.286,420185
17 Rioja, La;Mujeres;De 60 a 64 años;Defunciones teóricas;2024;2.002,715311
17 Rioja, La;Mujeres;De 60 a 64 años;Población estacionaria;2024;476.796,13291
17 Rioja, La;Mujeres;De 60 a 64 años;Tiempo por vivir;2024;2.703.359,5336
17 Rioja, La;Mujeres;De 60 a 64 años;Esperanza de vida;2024;28,076228
17 Rioja, La;Mujeres;De 65 a 69 años;Tasa de mortalidad;2024;5,755854
17 Rioja, La;Mujeres;De 65 a 69 años;Promedio de años vividos el último año de vida;2024;0,535861
17 Rioja, La;Mujeres;De 65 a 69 años;Riesgo de muerte;2024;28,399915
17 Rioja, La;Mujeres;De 65 a 69 años;Supervivientes;2024;94.283,704874
17 Rioja, La;Mujeres;De 65 a 69 años;Defunciones teóricas;2024;2.677,649176
17 Rioja, La;Mujeres;De 65 a 69 años;Población estacionaria;2024;465.204,51778
17 Rioja, La;Mujeres;De 65 a 69 años;Tiempo por vivir;2024;2.226.563,4007
17 Rioja, La;Mujeres;De 65 a 69 años;Esperanza de vida;2024;23,61557
17 Rioja, La;Mujeres;De 70 a 74 años;Tasa de mortalidad;2024;9,514758
17 Rioja, La;Mujeres;De 70 a 74 años;Promedio de años vividos el último año de vida;2024;0,577308
17 Rioja, La;Mujeres;De 70 a 74 años;Riesgo de muerte;2024;46,635983
17 Rioja, La;Mujeres;De 70 a 74 años;Supervivientes;2024;91.606,055699
17 Rioja, La;Mujeres;De 70 a 74 años;Defunciones teóricas;2024;4.272,13849
17 Rioja, La;Mujeres;De 70 a 74 años;Población estacionaria;2024;449.001,27704
17 Rioja, La;Mujeres;De 70 a 74 años;Tiempo por vivir;2024;1.761.358,8829
17 Rioja, La;Mujeres;De 70 a 74 años;Esperanza de vida;2024;19,227538
17 Rioja, La;Mujeres;De 75 a 79 años;Tasa de mortalidad;2024;16,158541
17 Rioja, La;Mujeres;De 75 a 79 años;Promedio de años vividos el último año de vida;2024;0,547602
17 Rioja, La;Mujeres;De 75 a 79 años;Riesgo de muerte;2024;77,943827
17 Rioja, La;Mujeres;De 75 a 79 años;Supervivientes;2024;87.333,917209
17 Rioja, La;Mujeres;De 75 a 79 años;Defunciones teóricas;2024;6.807,139724
17 Rioja, La;Mujeres;De 75 a 79 años;Población estacionaria;2024;421.271,92082
17 Rioja, La;Mujeres;De 75 a 79 años;Tiempo por vivir;2024;1.312.357,6059
17 Rioja, La;Mujeres;De 75 a 79 años;Esperanza de vida;2024;15,026895
17 Rioja, La;Mujeres;De 80 a 84 años;Tasa de mortalidad;2024;31,158202
17 Rioja, La;Mujeres;De 80 a 84 años;Promedio de años vividos el último año de vida;2024;0,567839
17 Rioja, La;Mujeres;De 80 a 84 años;Riesgo de muerte;2024;145,963737
17 Rioja, La;Mujeres;De 80 a 84 años;Supervivientes;2024;80.526,777485
17 Rioja, La;Mujeres;De 80 a 84 años;Defunciones teóricas;2024;11.753,989331
17 Rioja, La;Mujeres;De 80 a 84 años;Población estacionaria;2024;377.235,80324
17 Rioja, La;Mujeres;De 80 a 84 años;Tiempo por vivir;2024;891.085,68507
17 Rioja, La;Mujeres;De 80 a 84 años;Esperanza de vida;2024;11,065706
17 Rioja, La;Mujeres;De 85 a 89 años;Tasa de mortalidad;2024;81,177625
17 Rioja, La;Mujeres;De 85 a 89 años;Promedio de años vividos el último año de vida;2024;0,532213
17 Rioja, La;Mujeres;De 85 a 89 años;Riesgo de muerte;2024;341,119941
17 Rioja, La;Mujeres;De 85 a 89 años;Supervivientes;2024;68.772,788154
17 Rioja, La;Mujeres;De 85 a 89 años;Defunciones teóricas;2024;23.459,769458
17 Rioja, La;Mujeres;De 85 a 89 años;Población estacionaria;2024;288.993,04916
17 Rioja, La;Mujeres;De 85 a 89 años;Tiempo por vivir;2024;513.849,88183
17 Rioja, La;Mujeres;De 85 a 89 años;Esperanza de vida;2024;7,471703
17 Rioja, La;Mujeres;90 y más años;Tasa de mortalidad;2024;""
17 Rioja, La;Mujeres;90 y más años;Promedio de años vividos el último año de vida;2024;""
17 Rioja, La;Mujeres;90 y más años;Riesgo de muerte;2024;""
17 Rioja, La;Mujeres;90 y más años;Supervivientes;2024;""
17 Rioja, La;Mujeres;90 y más años;Defunciones teóricas;2024;""
17 Rioja, La;Mujeres;90 y más años;Población estacionaria;2024;""
17 Rioja, La;Mujeres;90 y más años;Tiempo por vivir;2024;""
17 Rioja, La;Mujeres;90 y más años;Esperanza de vida;2024;""
17 Rioja, La;Mujeres;De 90 a 94 años;Tasa de mortalidad;2024;150,567694
17 Rioja, La;Mujeres;De 90 a 94 años;Promedio de años vividos el último año de vida;2024;0,492571
17 Rioja, La;Mujeres;De 90 a 94 años;Riesgo de muerte;2024;544,740976
17 Rioja, La;Mujeres;De 90 a 94 años;Supervivientes;2024;45.313,018696
17 Rioja, La;Mujeres;De 90 a 94 años;Defunciones teóricas;2024;24.683,858012
17 Rioja, La;Mujeres;De 90 a 94 años;Población estacionaria;2024;163.938,60715
17 Rioja, La;Mujeres;De 90 a 94 años;Tiempo por vivir;2024;224.856,83267
17 Rioja, La;Mujeres;De 90 a 94 años;Esperanza de vida;2024;4,962301
17 Rioja, La;Mujeres;95 y más años;Tasa de mortalidad;2024;283,513711
17 Rioja, La;Mujeres;95 y más años;Promedio de años vividos el último año de vida;2024;2,953015
17 Rioja, La;Mujeres;95 y más años;Riesgo de muerte;2024;1.000
17 Rioja, La;Mujeres;95 y más años;Supervivientes;2024;20.629,160684
17 Rioja, La;Mujeres;95 y más años;Defunciones teóricas;2024;20.629,160684
17 Rioja, La;Mujeres;95 y más años;Población estacionaria;2024;60.918,225526
17 Rioja, La;Mujeres;95 y más años;Tiempo por vivir;2024;60.918,225526
17 Rioja, La;Mujeres;95 y más años;Esperanza de vida;2024;2,953015
18 Ceuta;Ambos sexos;0 años;Tasa de mortalidad;2024;8,47268
18 Ceuta;Ambos sexos;0 años;Promedio de años vividos el último año de vida;2024;0,109745
18 Ceuta;Ambos sexos;0 años;Riesgo de muerte;2024;8,40925
18 Ceuta;Ambos sexos;0 años;Supervivientes;2024;100.000
18 Ceuta;Ambos sexos;0 años;Defunciones teóricas;2024;840,925018
18 Ceuta;Ambos sexos;0 años;Población estacionaria;2024;99.251,362291
18 Ceuta;Ambos sexos;0 años;Tiempo por vivir;2024;8.160.043,4926
18 Ceuta;Ambos sexos;0 años;Esperanza de vida;2024;81,600435
18 Ceuta;Ambos sexos;De 1 a 4 años;Tasa de mortalidad;2024;0,347694
18 Ceuta;Ambos sexos;De 1 a 4 años;Promedio de años vividos el último año de vida;2024;0,022541
18 Ceuta;Ambos sexos;De 1 a 4 años;Riesgo de muerte;2024;1,388889
18 Ceuta;Ambos sexos;De 1 a 4 años;Supervivientes;2024;99.159,074982
18 Ceuta;Ambos sexos;De 1 a 4 años;Defunciones teóricas;2024;137,720937
18 Ceuta;Ambos sexos;De 1 a 4 años;Población estacionaria;2024;396.097,83364
18 Ceuta;Ambos sexos;De 1 a 4 años;Tiempo por vivir;2024;8.060.792,1303
18 Ceuta;Ambos sexos;De 1 a 4 años;Esperanza de vida;2024;81,291522
18 Ceuta;Ambos sexos;De 5 a 9 años;Tasa de mortalidad;2024;0
18 Ceuta;Ambos sexos;De 5 a 9 años;Promedio de años vividos el último año de vida;2024;0
18 Ceuta;Ambos sexos;De 5 a 9 años;Riesgo de muerte;2024;0
18 Ceuta;Ambos sexos;De 5 a 9 años;Supervivientes;2024;99.021,354045
18 Ceuta;Ambos sexos;De 5 a 9 años;Defunciones teóricas;2024;0
18 Ceuta;Ambos sexos;De 5 a 9 años;Población estacionaria;2024;495.106,77023
18 Ceuta;Ambos sexos;De 5 a 9 años;Tiempo por vivir;2024;7.664.694,2967
18 Ceuta;Ambos sexos;De 5 a 9 años;Esperanza de vida;2024;77,404459
18 Ceuta;Ambos sexos;De 10 a 14 años;Tasa de mortalidad;2024;0
18 Ceuta;Ambos sexos;De 10 a 14 años;Promedio de años vividos el último año de vida;2024;0
18 Ceuta;Ambos sexos;De 10 a 14 años;Riesgo de muerte;2024;0
18 Ceuta;Ambos sexos;De 10 a 14 años;Supervivientes;2024;99.021,354045
18 Ceuta;Ambos sexos;De 10 a 14 años;Defunciones teóricas;2024;0
18 Ceuta;Ambos sexos;De 10 a 14 años;Población estacionaria;2024;495.106,77023
18 Ceuta;Ambos sexos;De 10 a 14 años;Tiempo por vivir;2024;7.169.587,5265
18 Ceuta;Ambos sexos;De 10 a 14 años;Esperanza de vida;2024;72,404459
18 Ceuta;Ambos sexos;De 15 a 19 años;Tasa de mortalidad;2024;0
18 Ceuta;Ambos sexos;De 15 a 19 años;Promedio de años vividos el último año de vida;2024;0
18 Ceuta;Ambos sexos;De 15 a 19 años;Riesgo de muerte;2024;0
18 Ceuta;Ambos sexos;De 15 a 19 años;Supervivientes;2024;99.021,354045
18 Ceuta;Ambos sexos;De 15 a 19 años;Defunciones teóricas;2024;0
18 Ceuta;Ambos sexos;De 15 a 19 años;Población estacionaria;2024;495.106,77023
18 Ceuta;Ambos sexos;De 15 a 19 años;Tiempo por vivir;2024;6.674.480,7562
18 Ceuta;Ambos sexos;De 15 a 19 años;Esperanza de vida;2024;67,404459
18 Ceuta;Ambos sexos;De 20 a 24 años;Tasa de mortalidad;2024;0,172488
18 Ceuta;Ambos sexos;De 20 a 24 años;Promedio de años vividos el último año de vida;2024;0,998907
18 Ceuta;Ambos sexos;De 20 a 24 años;Riesgo de muerte;2024;0,862441
18 Ceuta;Ambos sexos;De 20 a 24 años;Supervivientes;2024;99.021,354045
18 Ceuta;Ambos sexos;De 20 a 24 años;Defunciones teóricas;2024;85,400047
18 Ceuta;Ambos sexos;De 20 a 24 años;Población estacionaria;2024;495.106,30356
18 Ceuta;Ambos sexos;De 20 a 24 años;Tiempo por vivir;2024;6.179.373,986
18 Ceuta;Ambos sexos;De 20 a 24 años;Esperanza de vida;2024;62,404459
18 Ceuta;Ambos sexos;De 25 a 29 años;Tasa de mortalidad;2024;0,384096
18 Ceuta;Ambos sexos;De 25 a 29 años;Promedio de años vividos el último año de vida;2024;0,846751
18 Ceuta;Ambos sexos;De 25 a 29 años;Riesgo de muerte;2024;1,919913
18 Ceuta;Ambos sexos;De 25 a 29 años;Supervivientes;2024;98.935,953998
18 Ceuta;Ambos sexos;De 25 a 29 años;Defunciones teóricas;2024;189,948467
18 Ceuta;Ambos sexos;De 25 a 29 años;Población estacionaria;2024;494.534,2234
18 Ceuta;Ambos sexos;De 25 a 29 años;Tiempo por vivir;2024;5.684.267,6825
18 Ceuta;Ambos sexos;De 25 a 29 años;Esperanza de vida;2024;57,454014
18 Ceuta;Ambos sexos;De 30 a 34 años;Tasa de mortalidad;2024;0,365068
18 Ceuta;Ambos sexos;De 30 a 34 años;Promedio de años vividos el último año de vida;2024;0,446572
18 Ceuta;Ambos sexos;De 30 a 34 años;Riesgo de muerte;2024;1,823499
18 Ceuta;Ambos sexos;De 30 a 34 años;Supervivientes;2024;98.746,005532
18 Ceuta;Ambos sexos;De 30 a 34 años;Defunciones teóricas;2024;180,063251
18 Ceuta;Ambos sexos;De 30 a 34 años;Población estacionaria;2024;493.231,76715
18 Ceuta;Ambos sexos;De 30 a 34 años;Tiempo por vivir;2024;5.189.733,4591
18 Ceuta;Ambos sexos;De 30 a 34 años;Esperanza de vida;2024;52,556389
18 Ceuta;Ambos sexos;De 35 a 39 años;Tasa de mortalidad;2024;0,5331
18 Ceuta;Ambos sexos;De 35 a 39 años;Promedio de años vividos el último año de vida;2024;0,582505
18 Ceuta;Ambos sexos;De 35 a 39 años;Riesgo de muerte;2024;2,662539
18 Ceuta;Ambos sexos;De 35 a 39 años;Supervivientes;2024;98.565,94228
18 Ceuta;Ambos sexos;De 35 a 39 años;Defunciones teóricas;2024;262,435637
18 Ceuta;Ambos sexos;De 35 a 39 años;Población estacionaria;2024;492.281,88396
18 Ceuta;Ambos sexos;De 35 a 39 años;Tiempo por vivir;2024;4.696.501,6919
18 Ceuta;Ambos sexos;De 35 a 39 años;Esperanza de vida;2024;47,648321
18 Ceuta;Ambos sexos;De 40 a 44 años;Tasa de mortalidad;2024;0,478643
18 Ceuta;Ambos sexos;De 40 a 44 años;Promedio de años vividos el último año de vida;2024;0,754847
18 Ceuta;Ambos sexos;De 40 a 44 años;Riesgo de muerte;2024;2,391811
18 Ceuta;Ambos sexos;De 40 a 44 años;Supervivientes;2024;98.303,506644
18 Ceuta;Ambos sexos;De 40 a 44 años;Defunciones teóricas;2024;235,12338
18 Ceuta;Ambos sexos;De 40 a 44 años;Población estacionaria;2024;491.229,3274
18 Ceuta;Ambos sexos;De 40 a 44 años;Tiempo por vivir;2024;4.204.219,808
18 Ceuta;Ambos sexos;De 40 a 44 años;Esperanza de vida;2024;42,76775
18 Ceuta;Ambos sexos;De 45 a 49 años;Tasa de mortalidad;2024;0,787884
18 Ceuta;Ambos sexos;De 45 a 49 años;Promedio de años vividos el último año de vida;2024;0,636551
18 Ceuta;Ambos sexos;De 45 a 49 años;Riesgo de muerte;2024;3,93379
18 Ceuta;Ambos sexos;De 45 a 49 años;Supervivientes;2024;98.068,383263
18 Ceuta;Ambos sexos;De 45 a 49 años;Defunciones teóricas;2024;385,780427
18 Ceuta;Ambos sexos;De 45 a 49 años;Población estacionaria;2024;489.640,85909
18 Ceuta;Ambos sexos;De 45 a 49 años;Tiempo por vivir;2024;3.712.990,4806
18 Ceuta;Ambos sexos;De 45 a 49 años;Esperanza de vida;2024;37,861239
18 Ceuta;Ambos sexos;De 50 a 54 años;Tasa de mortalidad;2024;2,669136
18 Ceuta;Ambos sexos;De 50 a 54 años;Promedio de años vividos el último año de vida;2024;0,543653
18 Ceuta;Ambos sexos;De 50 a 54 años;Riesgo de muerte;2024;13,264894
18 Ceuta;Ambos sexos;De 50 a 54 años;Supervivientes;2024;97.682,602836
18 Ceuta;Ambos sexos;De 50 a 54 años;Defunciones teóricas;2024;1.295,749342
18 Ceuta;Ambos sexos;De 50 a 54 años;Población estacionaria;2024;485.456,45536
18 Ceuta;Ambos sexos;De 50 a 54 años;Tiempo por vivir;2024;3.223.349,6215
18 Ceuta;Ambos sexos;De 50 a 54 años;Esperanza de vida;2024;32,998195
18 Ceuta;Ambos sexos;De 55 a 59 años;Tasa de mortalidad;2024;4,236053
18 Ceuta;Ambos sexos;De 55 a 59 años;Promedio de años vividos el último año de vida;2024;0,455137
18 Ceuta;Ambos sexos;De 55 a 59 años;Riesgo de muerte;2024;20,938626
18 Ceuta;Ambos sexos;De 55 a 59 años;Supervivientes;2024;96.386,853494
18 Ceuta;Ambos sexos;De 55 a 59 años;Defunciones teóricas;2024;2.018,208314
18 Ceuta;Ambos sexos;De 55 a 59 años;Población estacionaria;2024;476.436,03112
18 Ceuta;Ambos sexos;De 55 a 59 años;Tiempo por vivir;2024;2.737.893,1661
18 Ceuta;Ambos sexos;De 55 a 59 años;Esperanza de vida;2024;28,405255
18 Ceuta;Ambos sexos;De 60 a 64 años;Tasa de mortalidad;2024;7,020906
18 Ceuta;Ambos sexos;De 60 a 64 años;Promedio de años vividos el último año de vida;2024;0,545417
18 Ceuta;Ambos sexos;De 60 a 64 años;Riesgo de muerte;2024;34,553134
18 Ceuta;Ambos sexos;De 60 a 64 años;Supervivientes;2024;94.368,64518
18 Ceuta;Ambos sexos;De 60 a 64 años;Defunciones teóricas;2024;3.260,732402
18 Ceuta;Ambos sexos;De 60 a 64 años;Población estacionaria;2024;464.431,8549
18 Ceuta;Ambos sexos;De 60 a 64 años;Tiempo por vivir;2024;2.261.457,135
18 Ceuta;Ambos sexos;De 60 a 64 años;Esperanza de vida;2024;23,964073
18 Ceuta;Ambos sexos;De 65 a 69 años;Tasa de mortalidad;2024;10,670871
18 Ceuta;Ambos sexos;De 65 a 69 años;Promedio de años vividos el último año de vida;2024;0,526159
18 Ceuta;Ambos sexos;De 65 a 69 años;Riesgo de muerte;2024;52,038738
18 Ceuta;Ambos sexos;De 65 a 69 años;Supervivientes;2024;91.107,912778
18 Ceuta;Ambos sexos;De 65 a 69 años;Defunciones teóricas;2024;4.741,140776
18 Ceuta;Ambos sexos;De 65 a 69 años;Población estacionaria;2024;444.306,83091
18 Ceuta;Ambos sexos;De 65 a 69 años;Tiempo por vivir;2024;1.797.025,2801
18 Ceuta;Ambos sexos;De 65 a 69 años;Esperanza de vida;2024;19,724141
18 Ceuta;Ambos sexos;De 70 a 74 años;Tasa de mortalidad;2024;22,063571
18 Ceuta;Ambos sexos;De 70 a 74 años;Promedio de años vividos el último año de vida;2024;0,562618
18 Ceuta;Ambos sexos;De 70 a 74 años;Riesgo de muerte;2024;105,239915
18 Ceuta;Ambos sexos;De 70 a 74 años;Supervivientes;2024;86.366,772002
18 Ceuta;Ambos sexos;De 70 a 74 años;Defunciones teóricas;2024;9.089,231759
18 Ceuta;Ambos sexos;De 70 a 74 años;Población estacionaria;2024;411.956,51341
18 Ceuta;Ambos sexos;De 70 a 74 años;Tiempo por vivir;2024;1.352.718,4492
18 Ceuta;Ambos sexos;De 70 a 74 años;Esperanza de vida;2024;15,662487
18 Ceuta;Ambos sexos;De 75 a 79 años;Tasa de mortalidad;2024;34,610983
18 Ceuta;Ambos sexos;De 75 a 79 años;Promedio de años vividos el último año de vida;2024;0,539037
18 Ceuta;Ambos sexos;De 75 a 79 años;Riesgo de muerte;2024;160,269888
18 Ceuta;Ambos sexos;De 75 a 79 años;Supervivientes;2024;77.277,540243
18 Ceuta;Ambos sexos;De 75 a 79 años;Defunciones teóricas;2024;12.385,262749
18 Ceuta;Ambos sexos;De 75 a 79 años;Población estacionaria;2024;357.841,97724
18 Ceuta;Ambos sexos;De 75 a 79 años;Tiempo por vivir;2024;940.761,93576
18 Ceuta;Ambos sexos;De 75 a 79 años;Esperanza de vida;2024;12,173808
18 Ceuta;Ambos sexos;De 80 a 84 años;Tasa de mortalidad;2024;51,500597
18 Ceuta;Ambos sexos;De 80 a 84 años;Promedio de años vividos el último año de vida;2024;0,535793
18 Ceuta;Ambos sexos;De 80 a 84 años;Riesgo de muerte;2024;230,008955
18 Ceuta;Ambos sexos;De 80 a 84 años;Supervivientes;2024;64.892,277494
18 Ceuta;Ambos sexos;De 80 a 84 años;Defunciones teóricas;2024;14.925,804961
18 Ceuta;Ambos sexos;De 80 a 84 años;Población estacionaria;2024;289.818,09686
18 Ceuta;Ambos sexos;De 80 a 84 años;Tiempo por vivir;2024;582.919,95851
18 Ceuta;Ambos sexos;De 80 a 84 años;Esperanza de vida;2024;8,982886
18 Ceuta;Ambos sexos;De 85 a 89 años;Tasa de mortalidad;2024;113,55031
18 Ceuta;Ambos sexos;De 85 a 89 años;Promedio de años vividos el último año de vida;2024;0,521314
18 Ceuta;Ambos sexos;De 85 a 89 años;Riesgo de muerte;2024;446,424643
18 Ceuta;Ambos sexos;De 85 a 89 años;Supervivientes;2024;49.966,472533
18 Ceuta;Ambos sexos;De 85 a 89 años;Defunciones teóricas;2024;22.306,264641
18 Ceuta;Ambos sexos;De 85 a 89 años;Población estacionaria;2024;196.443,89067
18 Ceuta;Ambos sexos;De 85 a 89 años;Tiempo por vivir;2024;293.101,86165
18 Ceuta;Ambos sexos;De 85 a 89 años;Esperanza de vida;2024;5,865971
18 Ceuta;Ambos sexos;90 y más años;Tasa de mortalidad;2024;202,820289
18 Ceuta;Ambos sexos;90 y más años;Promedio de años vividos el último año de vida;2024;3,494477
18 Ceuta;Ambos sexos;90 y más años;Riesgo de muerte;2024;1.000
18 Ceuta;Ambos sexos;90 y más años;Supervivientes;2024;27.660,207892
18 Ceuta;Ambos sexos;90 y más años;Defunciones teóricas;2024;27.660,207892
18 Ceuta;Ambos sexos;90 y más años;Población estacionaria;2024;96.657,970981
18 Ceuta;Ambos sexos;90 y más años;Tiempo por vivir;2024;96.657,970981
18 Ceuta;Ambos sexos;90 y más años;Esperanza de vida;2024;3,494477
18 Ceuta;Ambos sexos;De 90 a 94 años;Tasa de mortalidad;2024;""
18 Ceuta;Ambos sexos;De 90 a 94 años;Promedio de años vividos el último año de vida;2024;""
18 Ceuta;Ambos sexos;De 90 a 94 años;Riesgo de muerte;2024;""
18 Ceuta;Ambos sexos;De 90 a 94 años;Supervivientes;2024;""
18 Ceuta;Ambos sexos;De 90 a 94 años;Defunciones teóricas;2024;""
18 Ceuta;Ambos sexos;De 90 a 94 años;Población estacionaria;2024;""
18 Ceuta;Ambos sexos;De 90 a 94 años;Tiempo por vivir;2024;""
18 Ceuta;Ambos sexos;De 90 a 94 años;Esperanza de vida;2024;""
18 Ceuta;Ambos sexos;95 y más años;Tasa de mortalidad;2024;""
18 Ceuta;Ambos sexos;95 y más años;Promedio de años vividos el último año de vida;2024;""
18 Ceuta;Ambos sexos;95 y más años;Riesgo de muerte;2024;""
18 Ceuta;Ambos sexos;95 y más años;Supervivientes;2024;""
18 Ceuta;Ambos sexos;95 y más años;Defunciones teóricas;2024;""
18 Ceuta;Ambos sexos;95 y más años;Población estacionaria;2024;""
18 Ceuta;Ambos sexos;95 y más años;Tiempo por vivir;2024;""
18 Ceuta;Ambos sexos;95 y más años;Esperanza de vida;2024;""
18 Ceuta;Hombres;0 años;Tasa de mortalidad;2024;8,365842
18 Ceuta;Hombres;0 años;Promedio de años vividos el último año de vida;2024;0,200364
18 Ceuta;Hombres;0 años;Riesgo de muerte;2024;8,310249
18 Ceuta;Hombres;0 años;Supervivientes;2024;100.000
18 Ceuta;Hombres;0 años;Defunciones teóricas;2024;831,024931
18 Ceuta;Hombres;0 años;Población estacionaria;2024;99.335,482797
18 Ceuta;Hombres;0 años;Tiempo por vivir;2024;7.963.288,4245
18 Ceuta;Hombres;0 años;Esperanza de vida;2024;79,632884
18 Ceuta;Hombres;De 1 a 4 años;Tasa de mortalidad;2024;0,661336
18 Ceuta;Hombres;De 1 a 4 años;Promedio de años vividos el último año de vida;2024;0,022541
18 Ceuta;Hombres;De 1 a 4 años;Riesgo de muerte;2024;2,638522
18 Ceuta;Hombres;De 1 a 4 años;Supervivientes;2024;99.168,975069
18 Ceuta;Hombres;De 1 a 4 años;Defunciones teóricas;2024;261,659565
18 Ceuta;Hombres;De 1 a 4 años;Población estacionaria;2024;395.652,85427
18 Ceuta;Hombres;De 1 a 4 años;Tiempo por vivir;2024;7.863.952,9417
18 Ceuta;Hombres;De 1 a 4 años;Esperanza de vida;2024;79,29852
18 Ceuta;Hombres;De 5 a 9 años;Tasa de mortalidad;2024;0
18 Ceuta;Hombres;De 5 a 9 años;Promedio de años vividos el último año de vida;2024;0
18 Ceuta;Hombres;De 5 a 9 años;Riesgo de muerte;2024;0
18 Ceuta;Hombres;De 5 a 9 años;Supervivientes;2024;98.907,315504
18 Ceuta;Hombres;De 5 a 9 años;Defunciones teóricas;2024;0
18 Ceuta;Hombres;De 5 a 9 años;Población estacionaria;2024;494.536,57752
18 Ceuta;Hombres;De 5 a 9 años;Tiempo por vivir;2024;7.468.300,0875
18 Ceuta;Hombres;De 5 a 9 años;Esperanza de vida;2024;75,508066
18 Ceuta;Hombres;De 10 a 14 años;Tasa de mortalidad;2024;0
18 Ceuta;Hombres;De 10 a 14 años;Promedio de años vividos el último año de vida;2024;0
18 Ceuta;Hombres;De 10 a 14 años;Riesgo de muerte;2024;0
18 Ceuta;Hombres;De 10 a 14 años;Supervivientes;2024;98.907,315504
18 Ceuta;Hombres;De 10 a 14 años;Defunciones teóricas;2024;0
18 Ceuta;Hombres;De 10 a 14 años;Población estacionaria;2024;494.536,57752
18 Ceuta;Hombres;De 10 a 14 años;Tiempo por vivir;2024;6.973.763,5099
18 Ceuta;Hombres;De 10 a 14 años;Esperanza de vida;2024;70,508066
18 Ceuta;Hombres;De 15 a 19 años;Tasa de mortalidad;2024;0
18 Ceuta;Hombres;De 15 a 19 años;Promedio de años vividos el último año de vida;2024;0
18 Ceuta;Hombres;De 15 a 19 años;Riesgo de muerte;2024;0
18 Ceuta;Hombres;De 15 a 19 años;Supervivientes;2024;98.907,315504
18 Ceuta;Hombres;De 15 a 19 años;Defunciones teóricas;2024;0
18 Ceuta;Hombres;De 15 a 19 años;Población estacionaria;2024;494.536,57752
18 Ceuta;Hombres;De 15 a 19 años;Tiempo por vivir;2024;6.479.226,9324
18 Ceuta;Hombres;De 15 a 19 años;Esperanza de vida;2024;65,508066
18 Ceuta;Hombres;De 20 a 24 años;Tasa de mortalidad;2024;0,349041
18 Ceuta;Hombres;De 20 a 24 años;Promedio de años vividos el último año de vida;2024;0,998907
18 Ceuta;Hombres;De 20 a 24 años;Riesgo de muerte;2024;1,745201
18 Ceuta;Hombres;De 20 a 24 años;Supervivientes;2024;98.907,315504
18 Ceuta;Hombres;De 20 a 24 años;Defunciones teóricas;2024;172,613116
18 Ceuta;Hombres;De 20 a 24 años;Población estacionaria;2024;494.535,63428
18 Ceuta;Hombres;De 20 a 24 años;Tiempo por vivir;2024;5.984.690,3549
18 Ceuta;Hombres;De 20 a 24 años;Esperanza de vida;2024;60,508066
18 Ceuta;Hombres;De 25 a 29 años;Tasa de mortalidad;2024;0
18 Ceuta;Hombres;De 25 a 29 años;Promedio de años vividos el último año de vida;2024;0
18 Ceuta;Hombres;De 25 a 29 años;Riesgo de muerte;2024;0
18 Ceuta;Hombres;De 25 a 29 años;Supervivientes;2024;98.734,702388
18 Ceuta;Hombres;De 25 a 29 años;Defunciones teóricas;2024;0
18 Ceuta;Hombres;De 25 a 29 años;Población estacionaria;2024;493.673,51194
18 Ceuta;Hombres;De 25 a 29 años;Tiempo por vivir;2024;5.490.154,7206
18 Ceuta;Hombres;De 25 a 29 años;Esperanza de vida;2024;55,605117
18 Ceuta;Hombres;De 30 a 34 años;Tasa de mortalidad;2024;0,71654
18 Ceuta;Hombres;De 30 a 34 años;Promedio de años vividos el último año de vida;2024;0,447191
18 Ceuta;Hombres;De 30 a 34 años;Riesgo de muerte;2024;3,575621
18 Ceuta;Hombres;De 30 a 34 años;Supervivientes;2024;98.734,702388
18 Ceuta;Hombres;De 30 a 34 años;Defunciones teóricas;2024;353,037837
18 Ceuta;Hombres;De 30 a 34 años;Población estacionaria;2024;492.697,70028
18 Ceuta;Hombres;De 30 a 34 años;Tiempo por vivir;2024;4.996.481,2087
18 Ceuta;Hombres;De 30 a 34 años;Esperanza de vida;2024;50,605117
18 Ceuta;Hombres;De 35 a 39 años;Tasa de mortalidad;2024;0,355917
18 Ceuta;Hombres;De 35 a 39 años;Promedio de años vividos el último año de vida;2024;0,428962
18 Ceuta;Hombres;De 35 a 39 años;Riesgo de muerte;2024;1,777778
18 Ceuta;Hombres;De 35 a 39 años;Supervivientes;2024;98.381,664551
18 Ceuta;Hombres;De 35 a 39 años;Defunciones teóricas;2024;174,900737
18 Ceuta;Hombres;De 35 a 39 años;Población estacionaria;2024;491.408,9477
18 Ceuta;Hombres;De 35 a 39 años;Tiempo por vivir;2024;4.503.783,5084
18 Ceuta;Hombres;De 35 a 39 años;Esperanza de vida;2024;45,778688
18 Ceuta;Hombres;De 40 a 44 años;Tasa de mortalidad;2024;0,617408
18 Ceuta;Hombres;De 40 a 44 años;Promedio de años vividos el último año de vida;2024;0,6821
18 Ceuta;Hombres;De 40 a 44 años;Riesgo de muerte;2024;3,084014
18 Ceuta;Hombres;De 40 a 44 años;Supervivientes;2024;98.206,763814
18 Ceuta;Hombres;De 40 a 44 años;Defunciones teóricas;2024;302,87101
18 Ceuta;Hombres;De 40 a 44 años;Población estacionaria;2024;490.552,40589
18 Ceuta;Hombres;De 40 a 44 años;Tiempo por vivir;2024;4.012.374,5607
18 Ceuta;Hombres;De 40 a 44 años;Esperanza de vida;2024;40,856397
18 Ceuta;Hombres;De 45 a 49 años;Tasa de mortalidad;2024;1,522329
18 Ceuta;Hombres;De 45 a 49 años;Promedio de años vividos el último año de vida;2024;0,634376
18 Ceuta;Hombres;De 45 a 49 años;Riesgo de muerte;2024;7,59052
18 Ceuta;Hombres;De 45 a 49 años;Supervivientes;2024;97.903,892804
18 Ceuta;Hombres;De 45 a 49 años;Defunciones teóricas;2024;743,14144
18 Ceuta;Hombres;De 45 a 49 años;Población estacionaria;2024;488.160,91278
18 Ceuta;Hombres;De 45 a 49 años;Tiempo por vivir;2024;3.521.822,1548
18 Ceuta;Hombres;De 45 a 49 años;Esperanza de vida;2024;35,972238
18 Ceuta;Hombres;De 50 a 54 años;Tasa de mortalidad;2024;3,781726
18 Ceuta;Hombres;De 50 a 54 años;Promedio de años vividos el último año de vida;2024;0,561147
18 Ceuta;Hombres;De 50 a 54 años;Riesgo de muerte;2024;18,753016
18 Ceuta;Hombres;De 50 a 54 años;Supervivientes;2024;97.160,751364
18 Ceuta;Hombres;De 50 a 54 años;Defunciones teóricas;2024;1.822,057087
18 Ceuta;Hombres;De 50 a 54 años;Población estacionaria;2024;481.805,68399
18 Ceuta;Hombres;De 50 a 54 años;Tiempo por vivir;2024;3.033.661,242
18 Ceuta;Hombres;De 50 a 54 años;Esperanza de vida;2024;31,223114
18 Ceuta;Hombres;De 55 a 59 años;Tasa de mortalidad;2024;6,39337
18 Ceuta;Hombres;De 55 a 59 años;Promedio de años vividos el último año de vida;2024;0,43853
18 Ceuta;Hombres;De 55 a 59 años;Riesgo de muerte;2024;31,403211
18 Ceuta;Hombres;De 55 a 59 años;Supervivientes;2024;95.338,694277
18 Ceuta;Hombres;De 55 a 59 años;Defunciones teóricas;2024;2.993,941124
18 Ceuta;Hombres;De 55 a 59 años;Población estacionaria;2024;468.288,42701
18 Ceuta;Hombres;De 55 a 59 años;Tiempo por vivir;2024;2.551.855,558
18 Ceuta;Hombres;De 55 a 59 años;Esperanza de vida;2024;26,76621
18 Ceuta;Hombres;De 60 a 64 años;Tasa de mortalidad;2024;7,502713
18 Ceuta;Hombres;De 60 a 64 años;Promedio de años vividos el último año de vida;2024;0,569149
18 Ceuta;Hombres;De 60 a 64 años;Riesgo de muerte;2024;36,916886
18 Ceuta;Hombres;De 60 a 64 años;Supervivientes;2024;92.344,753153
18 Ceuta;Hombres;De 60 a 64 años;Defunciones teóricas;2024;3.409,080694
18 Ceuta;Hombres;De 60 a 64 años;Población estacionaria;2024;454.379,73744
18 Ceuta;Hombres;De 60 a 64 años;Tiempo por vivir;2024;2.083.567,131
18 Ceuta;Hombres;De 60 a 64 años;Esperanza de vida;2024;22,562918
18 Ceuta;Hombres;De 65 a 69 años;Tasa de mortalidad;2024;13,242973
18 Ceuta;Hombres;De 65 a 69 años;Promedio de años vividos el último año de vida;2024;0,54744
18 Ceuta;Hombres;De 65 a 69 años;Riesgo de muerte;2024;64,28839
18 Ceuta;Hombres;De 65 a 69 años;Supervivientes;2024;88.935,672459
18 Ceuta;Hombres;De 65 a 69 años;Defunciones teóricas;2024;5.717,531166
18 Ceuta;Hombres;De 65 a 69 años;Población estacionaria;2024;431.740,73961
18 Ceuta;Hombres;De 65 a 69 años;Tiempo por vivir;2024;1.629.187,3936
18 Ceuta;Hombres;De 65 a 69 años;Esperanza de vida;2024;18,318717
18 Ceuta;Hombres;De 70 a 74 años;Tasa de mortalidad;2024;26,150038
18 Ceuta;Hombres;De 70 a 74 años;Promedio de años vividos el último año de vida;2024;0,562118
18 Ceuta;Hombres;De 70 a 74 años;Riesgo de muerte;2024;123,669715
18 Ceuta;Hombres;De 70 a 74 años;Supervivientes;2024;83.218,141292
18 Ceuta;Hombres;De 70 a 74 años;Defunciones teóricas;2024;10.291,563838
18 Ceuta;Hombres;De 70 a 74 años;Población estacionaria;2024;393.558,27919
18 Ceuta;Hombres;De 70 a 74 años;Tiempo por vivir;2024;1.197.446,654
18 Ceuta;Hombres;De 70 a 74 años;Esperanza de vida;2024;14,38925
18 Ceuta;Hombres;De 75 a 79 años;Tasa de mortalidad;2024;43,953191
18 Ceuta;Hombres;De 75 a 79 años;Promedio de años vividos el último año de vida;2024;0,509146
18 Ceuta;Hombres;De 75 a 79 años;Riesgo de muerte;2024;198,367447
18 Ceuta;Hombres;De 75 a 79 años;Supervivientes;2024;72.926,577454
18 Ceuta;Hombres;De 75 a 79 años;Defunciones teóricas;2024;14.466,258982
18 Ceuta;Hombres;De 75 a 79 años;Población estacionaria;2024;329.128,75016
18 Ceuta;Hombres;De 75 a 79 años;Tiempo por vivir;2024;803.888,37477
18 Ceuta;Hombres;De 75 a 79 años;Esperanza de vida;2024;11,023257
18 Ceuta;Hombres;De 80 a 84 años;Tasa de mortalidad;2024;60,055033
18 Ceuta;Hombres;De 80 a 84 años;Promedio de años vividos el último año de vida;2024;0,536022
18 Ceuta;Hombres;De 80 a 84 años;Riesgo de muerte;2024;263,556239
18 Ceuta;Hombres;De 80 a 84 años;Supervivientes;2024;58.460,318472
18 Ceuta;Hombres;De 80 a 84 años;Defunciones teóricas;2024;15.407,581692
18 Ceuta;Hombres;De 80 a 84 años;Población estacionaria;2024;256.557,7076
18 Ceuta;Hombres;De 80 a 84 años;Tiempo por vivir;2024;474.759,62461
18 Ceuta;Hombres;De 80 a 84 años;Esperanza de vida;2024;8,121058
18 Ceuta;Hombres;De 85 a 89 años;Tasa de mortalidad;2024;136,548769
18 Ceuta;Hombres;De 85 a 89 años;Promedio de años vividos el último año de vida;2024;0,490774
18 Ceuta;Hombres;De 85 a 89 años;Riesgo de muerte;2024;506,610151
18 Ceuta;Hombres;De 85 a 89 años;Supervivientes;2024;43.052,73678
18 Ceuta;Hombres;De 85 a 89 años;Defunciones teóricas;2024;21.810,953482
18 Ceuta;Hombres;De 85 a 89 años;Población estacionaria;2024;159.730,13604
18 Ceuta;Hombres;De 85 a 89 años;Tiempo por vivir;2024;218.201,91701
18 Ceuta;Hombres;De 85 a 89 años;Esperanza de vida;2024;5,068247
18 Ceuta;Hombres;90 y más años;Tasa de mortalidad;2024;179,746587
18 Ceuta;Hombres;90 y más años;Promedio de años vividos el último año de vida;2024;2,752678
18 Ceuta;Hombres;90 y más años;Riesgo de muerte;2024;1.000
18 Ceuta;Hombres;90 y más años;Supervivientes;2024;21.241,783298
18 Ceuta;Hombres;90 y más años;Defunciones teóricas;2024;21.241,783298
18 Ceuta;Hombres;90 y más años;Población estacionaria;2024;58.471,780975
18 Ceuta;Hombres;90 y más años;Tiempo por vivir;2024;58.471,780975
18 Ceuta;Hombres;90 y más años;Esperanza de vida;2024;2,752678
18 Ceuta;Hombres;De 90 a 94 años;Tasa de mortalidad;2024;""
18 Ceuta;Hombres;De 90 a 94 años;Promedio de años vividos el último año de vida;2024;""
18 Ceuta;Hombres;De 90 a 94 años;Riesgo de muerte;2024;""
18 Ceuta;Hombres;De 90 a 94 años;Supervivientes;2024;""
18 Ceuta;Hombres;De 90 a 94 años;Defunciones teóricas;2024;""
18 Ceuta;Hombres;De 90 a 94 años;Población estacionaria;2024;""
18 Ceuta;Hombres;De 90 a 94 años;Tiempo por vivir;2024;""
18 Ceuta;Hombres;De 90 a 94 años;Esperanza de vida;2024;""
18 Ceuta;Hombres;95 y más años;Tasa de mortalidad;2024;""
18 Ceuta;Hombres;95 y más años;Promedio de años vividos el último año de vida;2024;""
18 Ceuta;Hombres;95 y más años;Riesgo de muerte;2024;""
18 Ceuta;Hombres;95 y más años;Supervivientes;2024;""
18 Ceuta;Hombres;95 y más años;Defunciones teóricas;2024;""
18 Ceuta;Hombres;95 y más años;Población estacionaria;2024;""
18 Ceuta;Hombres;95 y más años;Tiempo por vivir;2024;""
18 Ceuta;Hombres;95 y más años;Esperanza de vida;2024;""
18 Ceuta;Mujeres;0 años;Tasa de mortalidad;2024;8,582282
18 Ceuta;Mujeres;0 años;Promedio de años vividos el último año de vida;2024;0,019126
18 Ceuta;Mujeres;0 años;Riesgo de muerte;2024;8,510638
18 Ceuta;Mujeres;0 años;Supervivientes;2024;100.000
18 Ceuta;Mujeres;0 años;Defunciones teóricas;2024;851,06383
18 Ceuta;Mujeres;0 años;Población estacionaria;2024;99.165,213347
18 Ceuta;Mujeres;0 años;Tiempo por vivir;2024;8.351.093,1471
18 Ceuta;Mujeres;0 años;Esperanza de vida;2024;83,510931
18 Ceuta;Mujeres;De 1 a 4 años;Tasa de mortalidad;2024;0
18 Ceuta;Mujeres;De 1 a 4 años;Promedio de años vividos el último año de vida;2024;0
18 Ceuta;Mujeres;De 1 a 4 años;Riesgo de muerte;2024;0
18 Ceuta;Mujeres;De 1 a 4 años;Supervivientes;2024;99.148,93617
18 Ceuta;Mujeres;De 1 a 4 años;Defunciones teóricas;2024;0
18 Ceuta;Mujeres;De 1 a 4 años;Población estacionaria;2024;396.595,74468
18 Ceuta;Mujeres;De 1 a 4 años;Tiempo por vivir;2024;8.251.927,9337
18 Ceuta;Mujeres;De 1 a 4 años;Esperanza de vida;2024;83,227599
18 Ceuta;Mujeres;De 5 a 9 años;Tasa de mortalidad;2024;0
18 Ceuta;Mujeres;De 5 a 9 años;Promedio de años vividos el último año de vida;2024;0
18 Ceuta;Mujeres;De 5 a 9 años;Riesgo de muerte;2024;0
18 Ceuta;Mujeres;De 5 a 9 años;Supervivientes;2024;99.148,93617
18 Ceuta;Mujeres;De 5 a 9 años;Defunciones teóricas;2024;0
18 Ceuta;Mujeres;De 5 a 9 años;Población estacionaria;2024;495.744,68085
18 Ceuta;Mujeres;De 5 a 9 años;Tiempo por vivir;2024;7.855.332,189
18 Ceuta;Mujeres;De 5 a 9 años;Esperanza de vida;2024;79,227599
18 Ceuta;Mujeres;De 10 a 14 años;Tasa de mortalidad;2024;0
18 Ceuta;Mujeres;De 10 a 14 años;Promedio de años vividos el último año de vida;2024;0
18 Ceuta;Mujeres;De 10 a 14 años;Riesgo de muerte;2024;0
18 Ceuta;Mujeres;De 10 a 14 años;Supervivientes;2024;99.148,93617
18 Ceuta;Mujeres;De 10 a 14 años;Defunciones teóricas;2024;0
18 Ceuta;Mujeres;De 10 a 14 años;Población estacionaria;2024;495.744,68085
18 Ceuta;Mujeres;De 10 a 14 años;Tiempo por vivir;2024;7.359.587,5082
18 Ceuta;Mujeres;De 10 a 14 años;Esperanza de vida;2024;74,227599
18 Ceuta;Mujeres;De 15 a 19 años;Tasa de mortalidad;2024;0
18 Ceuta;Mujeres;De 15 a 19 años;Promedio de años vividos el último año de vida;2024;0
18 Ceuta;Mujeres;De 15 a 19 años;Riesgo de muerte;2024;0
18 Ceuta;Mujeres;De 15 a 19 años;Supervivientes;2024;99.148,93617
18 Ceuta;Mujeres;De 15 a 19 años;Defunciones teóricas;2024;0
18 Ceuta;Mujeres;De 15 a 19 años;Población estacionaria;2024;495.744,68085
18 Ceuta;Mujeres;De 15 a 19 años;Tiempo por vivir;2024;6.863.842,8273
18 Ceuta;Mujeres;De 15 a 19 años;Esperanza de vida;2024;69,227599
18 Ceuta;Mujeres;De 20 a 24 años;Tasa de mortalidad;2024;0
18 Ceuta;Mujeres;De 20 a 24 años;Promedio de años vividos el último año de vida;2024;0
18 Ceuta;Mujeres;De 20 a 24 años;Riesgo de muerte;2024;0
18 Ceuta;Mujeres;De 20 a 24 años;Supervivientes;2024;99.148,93617
18 Ceuta;Mujeres;De 20 a 24 años;Defunciones teóricas;2024;0
18 Ceuta;Mujeres;De 20 a 24 años;Población estacionaria;2024;495.744,68085
18 Ceuta;Mujeres;De 20 a 24 años;Tiempo por vivir;2024;6.368.098,1465
18 Ceuta;Mujeres;De 20 a 24 años;Esperanza de vida;2024;64,227599
18 Ceuta;Mujeres;De 25 a 29 años;Tasa de mortalidad;2024;0,781648
18 Ceuta;Mujeres;De 25 a 29 años;Promedio de años vividos el último año de vida;2024;0,845273
18 Ceuta;Mujeres;De 25 a 29 años;Riesgo de muerte;2024;3,905876
18 Ceuta;Mujeres;De 25 a 29 años;Supervivientes;2024;99.148,93617
18 Ceuta;Mujeres;De 25 a 29 años;Defunciones teóricas;2024;387,263418
18 Ceuta;Mujeres;De 25 a 29 años;Población estacionaria;2024;495.445,07964
18 Ceuta;Mujeres;De 25 a 29 años;Tiempo por vivir;2024;5.872.353,4656
18 Ceuta;Mujeres;De 25 a 29 años;Esperanza de vida;2024;59,227599
18 Ceuta;Mujeres;De 30 a 34 años;Tasa de mortalidad;2024;0
18 Ceuta;Mujeres;De 30 a 34 años;Promedio de años vividos el último año de vida;2024;0
18 Ceuta;Mujeres;De 30 a 34 años;Riesgo de muerte;2024;0
18 Ceuta;Mujeres;De 30 a 34 años;Supervivientes;2024;98.761,672752
18 Ceuta;Mujeres;De 30 a 34 años;Defunciones teóricas;2024;0
18 Ceuta;Mujeres;De 30 a 34 años;Población estacionaria;2024;493.808,36376
18 Ceuta;Mujeres;De 30 a 34 años;Tiempo por vivir;2024;5.376.908,386
18 Ceuta;Mujeres;De 30 a 34 años;Esperanza de vida;2024;54,44327
18 Ceuta;Mujeres;De 35 a 39 años;Tasa de mortalidad;2024;0,712698
18 Ceuta;Mujeres;De 35 a 39 años;Promedio de años vividos el último año de vida;2024;0,660324
18 Ceuta;Mujeres;De 35 a 39 años;Riesgo de muerte;2024;3,559182
18 Ceuta;Mujeres;De 35 a 39 años;Supervivientes;2024;98.761,672752
18 Ceuta;Mujeres;De 35 a 39 años;Defunciones teóricas;2024;351,510789
18 Ceuta;Mujeres;De 35 a 39 años;Población estacionaria;2024;493.211,36401
18 Ceuta;Mujeres;De 35 a 39 años;Tiempo por vivir;2024;4.883.100,0222
18 Ceuta;Mujeres;De 35 a 39 años;Esperanza de vida;2024;49,44327
18 Ceuta;Mujeres;De 40 a 44 años;Tasa de mortalidad;2024;0,330149
18 Ceuta;Mujeres;De 40 a 44 años;Promedio de años vividos el último año de vida;2024;0,9
18 Ceuta;Mujeres;De 40 a 44 años;Riesgo de muerte;2024;1,65047
18 Ceuta;Mujeres;De 40 a 44 años;Supervivientes;2024;98.410,161964
18 Ceuta;Mujeres;De 40 a 44 años;Defunciones teóricas;2024;162,423031
18 Ceuta;Mujeres;De 40 a 44 años;Población estacionaria;2024;491.969,5983
18 Ceuta;Mujeres;De 40 a 44 años;Tiempo por vivir;2024;4.389.888,6582
18 Ceuta;Mujeres;De 40 a 44 años;Esperanza de vida;2024;44,608083
18 Ceuta;Mujeres;De 45 a 49 años;Tasa de mortalidad;2024;0
18 Ceuta;Mujeres;De 45 a 49 años;Promedio de años vividos el último año de vida;2024;0
18 Ceuta;Mujeres;De 45 a 49 años;Riesgo de muerte;2024;0
18 Ceuta;Mujeres;De 45 a 49 años;Supervivientes;2024;98.247,738932
18 Ceuta;Mujeres;De 45 a 49 años;Defunciones teóricas;2024;0
18 Ceuta;Mujeres;De 45 a 49 años;Población estacionaria;2024;491.238,69466
18 Ceuta;Mujeres;De 45 a 49 años;Tiempo por vivir;2024;3.897.919,0599
18 Ceuta;Mujeres;De 45 a 49 años;Esperanza de vida;2024;39,674389
18 Ceuta;Mujeres;De 50 a 54 años;Tasa de mortalidad;2024;1,410974
18 Ceuta;Mujeres;De 50 a 54 años;Promedio de años vividos el último año de vida;2024;0,49668
18 Ceuta;Mujeres;De 50 a 54 años;Riesgo de muerte;2024;7,029907
18 Ceuta;Mujeres;De 50 a 54 años;Supervivientes;2024;98.247,738932
18 Ceuta;Mujeres;De 50 a 54 años;Defunciones teóricas;2024;690,672469
18 Ceuta;Mujeres;De 50 a 54 años;Población estacionaria;2024;489.500,54698
18 Ceuta;Mujeres;De 50 a 54 años;Tiempo por vivir;2024;3.406.680,3653
18 Ceuta;Mujeres;De 50 a 54 años;Esperanza de vida;2024;34,674389
18 Ceuta;Mujeres;De 55 a 59 años;Tasa de mortalidad;2024;1,846914
18 Ceuta;Mujeres;De 55 a 59 años;Promedio de años vividos el último año de vida;2024;0,51261
18 Ceuta;Mujeres;De 55 a 59 años;Riesgo de muerte;2024;9,193194
18 Ceuta;Mujeres;De 55 a 59 años;Supervivientes;2024;97.557,066464
18 Ceuta;Mujeres;De 55 a 59 años;Defunciones teóricas;2024;896,861066
18 Ceuta;Mujeres;De 55 a 59 años;Población estacionaria;2024;485.599,72802
18 Ceuta;Mujeres;De 55 a 59 años;Tiempo por vivir;2024;2.917.179,8183
18 Ceuta;Mujeres;De 55 a 59 años;Esperanza de vida;2024;29,902291
18 Ceuta;Mujeres;De 60 a 64 años;Tasa de mortalidad;2024;6,509693
18 Ceuta;Mujeres;De 60 a 64 años;Promedio de años vividos el último año de vida;2024;0,519678
18 Ceuta;Mujeres;De 60 a 64 años;Riesgo de muerte;2024;32,047443
18 Ceuta;Mujeres;De 60 a 64 años;Supervivientes;2024;96.660,205397
18 Ceuta;Mujeres;De 60 a 64 años;Defunciones teóricas;2024;3.097,712457
18 Ceuta;Mujeres;De 60 a 64 años;Población estacionaria;2024;475.861,52293
18 Ceuta;Mujeres;De 60 a 64 años;Tiempo por vivir;2024;2.431.580,0903
18 Ceuta;Mujeres;De 60 a 64 años;Esperanza de vida;2024;25,155958
18 Ceuta;Mujeres;De 65 a 69 años;Tasa de mortalidad;2024;8,249782
18 Ceuta;Mujeres;De 65 a 69 años;Promedio de años vividos el último año de vida;2024;0,493038
18 Ceuta;Mujeres;De 65 a 69 años;Riesgo de muerte;2024;40,403995
18 Ceuta;Mujeres;De 65 a 69 años;Supervivientes;2024;93.562,492941
18 Ceuta;Mujeres;De 65 a 69 años;Defunciones teóricas;2024;3.780,298499
18 Ceuta;Mujeres;De 65 a 69 años;Población estacionaria;2024;458.230,12725
18 Ceuta;Mujeres;De 65 a 69 años;Tiempo por vivir;2024;1.955.718,5673
18 Ceuta;Mujeres;De 65 a 69 años;Esperanza de vida;2024;20,902805
18 Ceuta;Mujeres;De 70 a 74 años;Tasa de mortalidad;2024;18,086947
18 Ceuta;Mujeres;De 70 a 74 años;Promedio de años vividos el último año de vida;2024;0,56184
18 Ceuta;Mujeres;De 70 a 74 años;Riesgo de muerte;2024;86,987849
18 Ceuta;Mujeres;De 70 a 74 años;Supervivientes;2024;89.782,194442
18 Ceuta;Mujeres;De 70 a 74 años;Defunciones teóricas;2024;7.809,959988
18 Ceuta;Mujeres;De 70 a 74 años;Población estacionaria;2024;431.800,90244
18 Ceuta;Mujeres;De 70 a 74 años;Tiempo por vivir;2024;1.497.488,4401
18 Ceuta;Mujeres;De 70 a 74 años;Esperanza de vida;2024;16,679125
18 Ceuta;Mujeres;De 75 a 79 años;Tasa de mortalidad;2024;26,899106
18 Ceuta;Mujeres;De 75 a 79 años;Promedio de años vividos el último año de vida;2024;0,577593
18 Ceuta;Mujeres;De 75 a 79 años;Riesgo de muerte;2024;127,265348
18 Ceuta;Mujeres;De 75 a 79 años;Supervivientes;2024;81.972,234454
18 Ceuta;Mujeres;De 75 a 79 años;Defunciones teóricas;2024;10.432,22496
18 Ceuta;Mujeres;De 75 a 79 años;Población estacionaria;2024;387.827,94149
18 Ceuta;Mujeres;De 75 a 79 años;Tiempo por vivir;2024;1.065.687,5376
18 Ceuta;Mujeres;De 75 a 79 años;Esperanza de vida;2024;13,000592
18 Ceuta;Mujeres;De 80 a 84 años;Tasa de mortalidad;2024;45,931793
18 Ceuta;Mujeres;De 80 a 84 años;Promedio de años vividos el último año de vida;2024;0,53585
18 Ceuta;Mujeres;De 80 a 84 años;Riesgo de muerte;2024;207,536362
18 Ceuta;Mujeres;De 80 a 84 años;Supervivientes;2024;71.540,009493
18 Ceuta;Mujeres;De 80 a 84 años;Defunciones teóricas;2024;14.847,153278
18 Ceuta;Mujeres;De 80 a 84 años;Población estacionaria;2024;323.243,4958
18 Ceuta;Mujeres;De 80 a 84 años;Tiempo por vivir;2024;677.859,59615
18 Ceuta;Mujeres;De 80 a 84 años;Esperanza de vida;2024;9,475252
18 Ceuta;Mujeres;De 85 a 89 años;Tasa de mortalidad;2024;102,257563
18 Ceuta;Mujeres;De 85 a 89 años;Promedio de años vividos el último año de vida;2024;0,541529
18 Ceuta;Mujeres;De 85 a 89 años;Riesgo de muerte;2024;414,195844
18 Ceuta;Mujeres;De 85 a 89 años;Supervivientes;2024;56.692,856216
18 Ceuta;Mujeres;De 85 a 89 años;Defunciones teóricas;2024;23.481,94541
18 Ceuta;Mujeres;De 85 a 89 años;Población estacionaria;2024;229.635,29215
18 Ceuta;Mujeres;De 85 a 89 años;Tiempo por vivir;2024;354.616,10035
18 Ceuta;Mujeres;De 85 a 89 años;Esperanza de vida;2024;6,25504
18 Ceuta;Mujeres;90 y más años;Tasa de mortalidad;2024;212,713628
18 Ceuta;Mujeres;90 y más años;Promedio de años vividos el último año de vida;2024;3,763245
18 Ceuta;Mujeres;90 y más años;Riesgo de muerte;2024;1.000
18 Ceuta;Mujeres;90 y más años;Supervivientes;2024;33.210,910806
18 Ceuta;Mujeres;90 y más años;Defunciones teóricas;2024;33.210,910806
18 Ceuta;Mujeres;90 y más años;Población estacionaria;2024;124.980,8082
18 Ceuta;Mujeres;90 y más años;Tiempo por vivir;2024;124.980,8082
18 Ceuta;Mujeres;90 y más años;Esperanza de vida;2024;3,763245
18 Ceuta;Mujeres;De 90 a 94 años;Tasa de mortalidad;2024;""
18 Ceuta;Mujeres;De 90 a 94 años;Promedio de años vividos el último año de vida;2024;""
18 Ceuta;Mujeres;De 90 a 94 años;Riesgo de muerte;2024;""
18 Ceuta;Mujeres;De 90 a 94 años;Supervivientes;2024;""
18 Ceuta;Mujeres;De 90 a 94 años;Defunciones teóricas;2024;""
18 Ceuta;Mujeres;De 90 a 94 años;Población estacionaria;2024;""
18 Ceuta;Mujeres;De 90 a 94 años;Tiempo por vivir;2024;""
18 Ceuta;Mujeres;De 90 a 94 años;Esperanza de vida;2024;""
18 Ceuta;Mujeres;95 y más años;Tasa de mortalidad;2024;""
18 Ceuta;Mujeres;95 y más años;Promedio de años vividos el último año de vida;2024;""
18 Ceuta;Mujeres;95 y más años;Riesgo de muerte;2024;""
18 Ceuta;Mujeres;95 y más años;Supervivientes;2024;""
18 Ceuta;Mujeres;95 y más años;Defunciones teóricas;2024;""
18 Ceuta;Mujeres;95 y más años;Población estacionaria;2024;""
18 Ceuta;Mujeres;95 y más años;Tiempo por vivir;2024;""
18 Ceuta;Mujeres;95 y más años;Esperanza de vida;2024;""
19 Melilla;Ambos sexos;0 años;Tasa de mortalidad;2024;3,742752
19 Melilla;Ambos sexos;0 años;Promedio de años vividos el último año de vida;2024;0,050091
19 Melilla;Ambos sexos;0 años;Riesgo de muerte;2024;3,729493
19 Melilla;Ambos sexos;0 años;Supervivientes;2024;100.000
19 Melilla;Ambos sexos;0 años;Defunciones teóricas;2024;372,949288
19 Melilla;Ambos sexos;0 años;Población estacionaria;2024;99.645,732142
19 Melilla;Ambos sexos;0 años;Tiempo por vivir;2024;8.265.941,803
19 Melilla;Ambos sexos;0 años;Esperanza de vida;2024;82,659418
19 Melilla;Ambos sexos;De 1 a 4 años;Tasa de mortalidad;2024;0
19 Melilla;Ambos sexos;De 1 a 4 años;Promedio de años vividos el último año de vida;2024;0
19 Melilla;Ambos sexos;De 1 a 4 años;Riesgo de muerte;2024;0
19 Melilla;Ambos sexos;De 1 a 4 años;Supervivientes;2024;99.627,050712
19 Melilla;Ambos sexos;De 1 a 4 años;Defunciones teóricas;2024;0
19 Melilla;Ambos sexos;De 1 a 4 años;Población estacionaria;2024;398.508,20285
19 Melilla;Ambos sexos;De 1 a 4 años;Tiempo por vivir;2024;8.166.296,0709
19 Melilla;Ambos sexos;De 1 a 4 años;Esperanza de vida;2024;81,968662
19 Melilla;Ambos sexos;De 5 a 9 años;Tasa de mortalidad;2024;0,169463
19 Melilla;Ambos sexos;De 5 a 9 años;Promedio de años vividos el último año de vida;2024;0,2
19 Melilla;Ambos sexos;De 5 a 9 años;Riesgo de muerte;2024;0,84674
19 Melilla;Ambos sexos;De 5 a 9 años;Supervivientes;2024;99.627,050712
19 Melilla;Ambos sexos;De 5 a 9 años;Defunciones teóricas;2024;84,358214
19 Melilla;Ambos sexos;De 5 a 9 años;Población estacionaria;2024;497.797,8207
19 Melilla;Ambos sexos;De 5 a 9 años;Tiempo por vivir;2024;7.767.787,868
19 Melilla;Ambos sexos;De 5 a 9 años;Esperanza de vida;2024;77,968662
19 Melilla;Ambos sexos;De 10 a 14 años;Tasa de mortalidad;2024;0,302543
19 Melilla;Ambos sexos;De 10 a 14 años;Promedio de años vividos el último año de vida;2024;0,442988
19 Melilla;Ambos sexos;De 10 a 14 años;Riesgo de muerte;2024;1,511439
19 Melilla;Ambos sexos;De 10 a 14 años;Supervivientes;2024;99.542,692498
19 Melilla;Ambos sexos;De 10 a 14 años;Defunciones teóricas;2024;150,452717
19 Melilla;Ambos sexos;De 10 a 14 años;Población estacionaria;2024;497.294,44247
19 Melilla;Ambos sexos;De 10 a 14 años;Tiempo por vivir;2024;7.269.990,0473
19 Melilla;Ambos sexos;De 10 a 14 años;Esperanza de vida;2024;73,03389
19 Melilla;Ambos sexos;De 15 a 19 años;Tasa de mortalidad;2024;0
19 Melilla;Ambos sexos;De 15 a 19 años;Promedio de años vividos el último año de vida;2024;0
19 Melilla;Ambos sexos;De 15 a 19 años;Riesgo de muerte;2024;0
19 Melilla;Ambos sexos;De 15 a 19 años;Supervivientes;2024;99.392,23978
19 Melilla;Ambos sexos;De 15 a 19 años;Defunciones teóricas;2024;0
19 Melilla;Ambos sexos;De 15 a 19 años;Población estacionaria;2024;496.961,1989
19 Melilla;Ambos sexos;De 15 a 19 años;Tiempo por vivir;2024;6.772.695,6049
19 Melilla;Ambos sexos;De 15 a 19 años;Esperanza de vida;2024;68,14109
19 Melilla;Ambos sexos;De 20 a 24 años;Tasa de mortalidad;2024;0,157095
19 Melilla;Ambos sexos;De 20 a 24 años;Promedio de años vividos el último año de vida;2024;0,118579
19 Melilla;Ambos sexos;De 20 a 24 años;Riesgo de muerte;2024;0,784929
19 Melilla;Ambos sexos;De 20 a 24 años;Supervivientes;2024;99.392,23978
19 Melilla;Ambos sexos;De 20 a 24 años;Defunciones teóricas;2024;78,015887
19 Melilla;Ambos sexos;De 20 a 24 años;Población estacionaria;2024;496.617,37479
19 Melilla;Ambos sexos;De 20 a 24 años;Tiempo por vivir;2024;6.275.734,406
19 Melilla;Ambos sexos;De 20 a 24 años;Esperanza de vida;2024;63,14109
19 Melilla;Ambos sexos;De 25 a 29 años;Tasa de mortalidad;2024;0
19 Melilla;Ambos sexos;De 25 a 29 años;Promedio de años vividos el último año de vida;2024;0
19 Melilla;Ambos sexos;De 25 a 29 años;Riesgo de muerte;2024;0
19 Melilla;Ambos sexos;De 25 a 29 años;Supervivientes;2024;99.314,223893
19 Melilla;Ambos sexos;De 25 a 29 años;Defunciones teóricas;2024;0
19 Melilla;Ambos sexos;De 25 a 29 años;Población estacionaria;2024;496.571,11947
19 Melilla;Ambos sexos;De 25 a 29 años;Tiempo por vivir;2024;5.779.117,0312
19 Melilla;Ambos sexos;De 25 a 29 años;Esperanza de vida;2024;58,190225
19 Melilla;Ambos sexos;De 30 a 34 años;Tasa de mortalidad;2024;0,356411
19 Melilla;Ambos sexos;De 30 a 34 años;Promedio de años vividos el último año de vida;2024;0,954645
19 Melilla;Ambos sexos;De 30 a 34 años;Riesgo de muerte;2024;1,781911
19 Melilla;Ambos sexos;De 30 a 34 años;Supervivientes;2024;99.314,223893
19 Melilla;Ambos sexos;De 30 a 34 años;Defunciones teóricas;2024;176,969077
19 Melilla;Ambos sexos;De 30 a 34 años;Población estacionaria;2024;496.530,98714
19 Melilla;Ambos sexos;De 30 a 34 años;Tiempo por vivir;2024;5.282.545,9117
19 Melilla;Ambos sexos;De 30 a 34 años;Esperanza de vida;2024;53,190225
19 Melilla;Ambos sexos;De 35 a 39 años;Tasa de mortalidad;2024;0,16841
19 Melilla;Ambos sexos;De 35 a 39 años;Promedio de años vividos el último año de vida;2024;0,884153
19 Melilla;Ambos sexos;De 35 a 39 años;Riesgo de muerte;2024;0,841968
19 Melilla;Ambos sexos;De 35 a 39 años;Supervivientes;2024;99.137,254817
19 Melilla;Ambos sexos;De 35 a 39 años;Defunciones teóricas;2024;83,470368
19 Melilla;Ambos sexos;De 35 a 39 años;Población estacionaria;2024;495.637,92513
19 Melilla;Ambos sexos;De 35 a 39 años;Tiempo por vivir;2024;4.786.014,9246
19 Melilla;Ambos sexos;De 35 a 39 años;Esperanza de vida;2024;48,276654
19 Melilla;Ambos sexos;De 40 a 44 años;Tasa de mortalidad;2024;0,631492
19 Melilla;Ambos sexos;De 40 a 44 años;Promedio de años vividos el último año de vida;2024;0,582215
19 Melilla;Ambos sexos;De 40 a 44 años;Riesgo de muerte;2024;3,1533
19 Melilla;Ambos sexos;De 40 a 44 años;Supervivientes;2024;99.053,784448
19 Melilla;Ambos sexos;De 40 a 44 años;Defunciones teóricas;2024;312,346287
19 Melilla;Ambos sexos;De 40 a 44 años;Población estacionaria;2024;494.616,45432
19 Melilla;Ambos sexos;De 40 a 44 años;Tiempo por vivir;2024;4.290.376,9995
19 Melilla;Ambos sexos;De 40 a 44 años;Esperanza de vida;2024;43,31361
19 Melilla;Ambos sexos;De 45 a 49 años;Tasa de mortalidad;2024;1,503887
19 Melilla;Ambos sexos;De 45 a 49 años;Promedio de años vividos el último año de vida;2024;0,608514
19 Melilla;Ambos sexos;De 45 a 49 años;Riesgo de muerte;2024;7,497364
19 Melilla;Ambos sexos;De 45 a 49 años;Supervivientes;2024;98.741,438161
19 Melilla;Ambos sexos;De 45 a 49 años;Defunciones teóricas;2024;740,300532
19 Melilla;Ambos sexos;De 45 a 49 años;Población estacionaria;2024;492.258,10486
19 Melilla;Ambos sexos;De 45 a 49 años;Tiempo por vivir;2024;3.795.760,5451
19 Melilla;Ambos sexos;De 45 a 49 años;Esperanza de vida;2024;38,441414
19 Melilla;Ambos sexos;De 50 a 54 años;Tasa de mortalidad;2024;2,497218
19 Melilla;Ambos sexos;De 50 a 54 años;Promedio de años vividos el último año de vida;2024;0,518877
19 Melilla;Ambos sexos;De 50 a 54 años;Riesgo de muerte;2024;12,411532
19 Melilla;Ambos sexos;De 50 a 54 años;Supervivientes;2024;98.001,137629
19 Melilla;Ambos sexos;De 50 a 54 años;Defunciones teóricas;2024;1.216,344224
19 Melilla;Ambos sexos;De 50 a 54 años;Población estacionaria;2024;487.079,63054
19 Melilla;Ambos sexos;De 50 a 54 años;Tiempo por vivir;2024;3.303.502,4403
19 Melilla;Ambos sexos;De 50 a 54 años;Esperanza de vida;2024;33,708817
19 Melilla;Ambos sexos;De 55 a 59 años;Tasa de mortalidad;2024;3,909763
19 Melilla;Ambos sexos;De 55 a 59 años;Promedio de años vividos el último año de vida;2024;0,493989
19 Melilla;Ambos sexos;De 55 a 59 años;Riesgo de muerte;2024;19,357336
19 Melilla;Ambos sexos;De 55 a 59 años;Supervivientes;2024;96.784,793405
19 Melilla;Ambos sexos;De 55 a 59 años;Defunciones teóricas;2024;1.873,495729
19 Melilla;Ambos sexos;De 55 a 59 años;Población estacionaria;2024;479.183,92392
19 Melilla;Ambos sexos;De 55 a 59 años;Tiempo por vivir;2024;2.816.422,8097
19 Melilla;Ambos sexos;De 55 a 59 años;Esperanza de vida;2024;29,099848
19 Melilla;Ambos sexos;De 60 a 64 años;Tasa de mortalidad;2024;8,636505
19 Melilla;Ambos sexos;De 60 a 64 años;Promedio de años vividos el último año de vida;2024;0,579336
19 Melilla;Ambos sexos;De 60 a 64 años;Riesgo de muerte;2024;42,412094
19 Melilla;Ambos sexos;De 60 a 64 años;Supervivientes;2024;94.911,297676
19 Melilla;Ambos sexos;De 60 a 64 años;Defunciones teóricas;2024;4.025,386833
19 Melilla;Ambos sexos;De 60 a 64 años;Población estacionaria;2024;466.089,80587
19 Melilla;Ambos sexos;De 60 a 64 años;Tiempo por vivir;2024;2.337.238,8858
19 Melilla;Ambos sexos;De 60 a 64 años;Esperanza de vida;2024;24,625508
19 Melilla;Ambos sexos;De 65 a 69 años;Tasa de mortalidad;2024;10,697425
19 Melilla;Ambos sexos;De 65 a 69 años;Promedio de años vividos el último año de vida;2024;0,513925
19 Melilla;Ambos sexos;De 65 a 69 años;Riesgo de muerte;2024;52,131762
19 Melilla;Ambos sexos;De 65 a 69 años;Supervivientes;2024;90.885,910843
19 Melilla;Ambos sexos;De 65 a 69 años;Defunciones teóricas;2024;4.738,042655
19 Melilla;Ambos sexos;De 65 a 69 años;Población estacionaria;2024;442.914,33042
19 Melilla;Ambos sexos;De 65 a 69 años;Tiempo por vivir;2024;1.871.149,0799
19 Melilla;Ambos sexos;De 65 a 69 años;Esperanza de vida;2024;20,587889
19 Melilla;Ambos sexos;De 70 a 74 años;Tasa de mortalidad;2024;15,800735
19 Melilla;Ambos sexos;De 70 a 74 años;Promedio de años vividos el último año de vida;2024;0,497564
19 Melilla;Ambos sexos;De 70 a 74 años;Riesgo de muerte;2024;75,987408
19 Melilla;Ambos sexos;De 70 a 74 años;Supervivientes;2024;86.147,868188
19 Melilla;Ambos sexos;De 70 a 74 años;Defunciones teóricas;2024;6.546,153223
19 Melilla;Ambos sexos;De 70 a 74 años;Población estacionaria;2024;414.294,23013
19 Melilla;Ambos sexos;De 70 a 74 años;Tiempo por vivir;2024;1.428.234,7495
19 Melilla;Ambos sexos;De 70 a 74 años;Esperanza de vida;2024;16,578875
19 Melilla;Ambos sexos;De 75 a 79 años;Tasa de mortalidad;2024;42,079512
19 Melilla;Ambos sexos;De 75 a 79 años;Promedio de años vividos el último año de vida;2024;0,545451
19 Melilla;Ambos sexos;De 75 a 79 años;Riesgo de muerte;2024;192,032367
19 Melilla;Ambos sexos;De 75 a 79 años;Supervivientes;2024;79.601,714965
19 Melilla;Ambos sexos;De 75 a 79 años;Defunciones teóricas;2024;15.286,105737
19 Melilla;Ambos sexos;De 75 a 79 años;Población estacionaria;2024;363.267,1781
19 Melilla;Ambos sexos;De 75 a 79 años;Tiempo por vivir;2024;1.013.940,5194
19 Melilla;Ambos sexos;De 75 a 79 años;Esperanza de vida;2024;12,737672
19 Melilla;Ambos sexos;De 80 a 84 años;Tasa de mortalidad;2024;41,06879
19 Melilla;Ambos sexos;De 80 a 84 años;Promedio de años vividos el último año de vida;2024;0,494867
19 Melilla;Ambos sexos;De 80 a 84 años;Riesgo de muerte;2024;186,046129
19 Melilla;Ambos sexos;De 80 a 84 años;Supervivientes;2024;64.315,609228
19 Melilla;Ambos sexos;De 80 a 84 años;Defunciones teóricas;2024;11.965,670152
19 Melilla;Ambos sexos;De 80 a 84 años;Población estacionaria;2024;291.356,77538
19 Melilla;Ambos sexos;De 80 a 84 años;Tiempo por vivir;2024;650.673,3413
19 Melilla;Ambos sexos;De 80 a 84 años;Esperanza de vida;2024;10,116881
19 Melilla;Ambos sexos;De 85 a 89 años;Tasa de mortalidad;2024;86,654001
19 Melilla;Ambos sexos;De 85 a 89 años;Promedio de años vividos el último año de vida;2024;0,541588
19 Melilla;Ambos sexos;De 85 a 89 años;Riesgo de muerte;2024;361,47525
19 Melilla;Ambos sexos;De 85 a 89 años;Supervivientes;2024;52.349,939075
19 Melilla;Ambos sexos;De 85 a 89 años;Defunciones teóricas;2024;18.923,207337
19 Melilla;Ambos sexos;De 85 a 89 años;Población estacionaria;2024;218.376,61286
19 Melilla;Ambos sexos;De 85 a 89 años;Tiempo por vivir;2024;359.316,56593
19 Melilla;Ambos sexos;De 85 a 89 años;Esperanza de vida;2024;6,863744
19 Melilla;Ambos sexos;90 y más años;Tasa de mortalidad;2024;150,222043
19 Melilla;Ambos sexos;90 y más años;Promedio de años vividos el último año de vida;2024;4,216384
19 Melilla;Ambos sexos;90 y más años;Riesgo de muerte;2024;1.000
19 Melilla;Ambos sexos;90 y más años;Supervivientes;2024;33.426,731739
19 Melilla;Ambos sexos;90 y más años;Defunciones teóricas;2024;33.426,731739
19 Melilla;Ambos sexos;90 y más años;Población estacionaria;2024;140.939,95307
19 Melilla;Ambos sexos;90 y más años;Tiempo por vivir;2024;140.939,95307
19 Melilla;Ambos sexos;90 y más años;Esperanza de vida;2024;4,216384
19 Melilla;Ambos sexos;De 90 a 94 años;Tasa de mortalidad;2024;""
19 Melilla;Ambos sexos;De 90 a 94 años;Promedio de años vividos el último año de vida;2024;""
19 Melilla;Ambos sexos;De 90 a 94 años;Riesgo de muerte;2024;""
19 Melilla;Ambos sexos;De 90 a 94 años;Supervivientes;2024;""
19 Melilla;Ambos sexos;De 90 a 94 años;Defunciones teóricas;2024;""
19 Melilla;Ambos sexos;De 90 a 94 años;Población estacionaria;2024;""
19 Melilla;Ambos sexos;De 90 a 94 años;Tiempo por vivir;2024;""
19 Melilla;Ambos sexos;De 90 a 94 años;Esperanza de vida;2024;""
19 Melilla;Ambos sexos;95 y más años;Tasa de mortalidad;2024;""
19 Melilla;Ambos sexos;95 y más años;Promedio de años vividos el último año de vida;2024;""
19 Melilla;Ambos sexos;95 y más años;Riesgo de muerte;2024;""
19 Melilla;Ambos sexos;95 y más años;Supervivientes;2024;""
19 Melilla;Ambos sexos;95 y más años;Defunciones teóricas;2024;""
19 Melilla;Ambos sexos;95 y más años;Población estacionaria;2024;""
19 Melilla;Ambos sexos;95 y más años;Tiempo por vivir;2024;""
19 Melilla;Ambos sexos;95 y más años;Esperanza de vida;2024;""
19 Melilla;Hombres;0 años;Tasa de mortalidad;2024;7,041441
19 Melilla;Hombres;0 años;Promedio de años vividos el último año de vida;2024;0,050091
19 Melilla;Hombres;0 años;Riesgo de muerte;2024;6,994655
19 Melilla;Hombres;0 años;Supervivientes;2024;100.000
19 Melilla;Hombres;0 años;Defunciones teóricas;2024;699,465527
19 Melilla;Hombres;0 años;Población estacionaria;2024;99.335,571453
19 Melilla;Hombres;0 años;Tiempo por vivir;2024;8.007.389,7797
19 Melilla;Hombres;0 años;Esperanza de vida;2024;80,073898
19 Melilla;Hombres;De 1 a 4 años;Tasa de mortalidad;2024;0
19 Melilla;Hombres;De 1 a 4 años;Promedio de años vividos el último año de vida;2024;0
19 Melilla;Hombres;De 1 a 4 años;Riesgo de muerte;2024;0
19 Melilla;Hombres;De 1 a 4 años;Supervivientes;2024;99.300,534473
19 Melilla;Hombres;De 1 a 4 años;Defunciones teóricas;2024;0
19 Melilla;Hombres;De 1 a 4 años;Población estacionaria;2024;397.202,13789
19 Melilla;Hombres;De 1 a 4 años;Tiempo por vivir;2024;7.908.054,2083
19 Melilla;Hombres;De 1 a 4 años;Esperanza de vida;2024;79,637579
19 Melilla;Hombres;De 5 a 9 años;Tasa de mortalidad;2024;0
19 Melilla;Hombres;De 5 a 9 años;Promedio de años vividos el último año de vida;2024;0
19 Melilla;Hombres;De 5 a 9 años;Riesgo de muerte;2024;0
19 Melilla;Hombres;De 5 a 9 años;Supervivientes;2024;99.300,534473
19 Melilla;Hombres;De 5 a 9 años;Defunciones teóricas;2024;0
19 Melilla;Hombres;De 5 a 9 años;Población estacionaria;2024;496.502,67237
19 Melilla;Hombres;De 5 a 9 años;Tiempo por vivir;2024;7.510.852,0704
19 Melilla;Hombres;De 5 a 9 años;Esperanza de vida;2024;75,637579
19 Melilla;Hombres;De 10 a 14 años;Tasa de mortalidad;2024;0,590504
19 Melilla;Hombres;De 10 a 14 años;Promedio de años vividos el último año de vida;2024;0,443324
19 Melilla;Hombres;De 10 a 14 años;Riesgo de muerte;2024;2,947677
19 Melilla;Hombres;De 10 a 14 años;Supervivientes;2024;99.300,534473
19 Melilla;Hombres;De 10 a 14 años;Defunciones teóricas;2024;292,705911
19 Melilla;Hombres;De 10 a 14 años;Población estacionaria;2024;495.687,96097
19 Melilla;Hombres;De 10 a 14 años;Tiempo por vivir;2024;7.014.349,398
19 Melilla;Hombres;De 10 a 14 años;Esperanza de vida;2024;70,637579
19 Melilla;Hombres;De 15 a 19 años;Tasa de mortalidad;2024;0
19 Melilla;Hombres;De 15 a 19 años;Promedio de años vividos el último año de vida;2024;0
19 Melilla;Hombres;De 15 a 19 años;Riesgo de muerte;2024;0
19 Melilla;Hombres;De 15 a 19 años;Supervivientes;2024;99.007,828562
19 Melilla;Hombres;De 15 a 19 años;Defunciones teóricas;2024;0
19 Melilla;Hombres;De 15 a 19 años;Población estacionaria;2024;495.039,14281
19 Melilla;Hombres;De 15 a 19 años;Tiempo por vivir;2024;6.518.661,437
19 Melilla;Hombres;De 15 a 19 años;Esperanza de vida;2024;65,839859
19 Melilla;Hombres;De 20 a 24 años;Tasa de mortalidad;2024;0,308824
19 Melilla;Hombres;De 20 a 24 años;Promedio de años vividos el último año de vida;2024;0,118579
19 Melilla;Hombres;De 20 a 24 años;Riesgo de muerte;2024;1,54202
19 Melilla;Hombres;De 20 a 24 años;Supervivientes;2024;99.007,828562
19 Melilla;Hombres;De 20 a 24 años;Defunciones teóricas;2024;152,672056
19 Melilla;Hombres;De 20 a 24 años;Población estacionaria;2024;494.366,3012
19 Melilla;Hombres;De 20 a 24 años;Tiempo por vivir;2024;6.023.622,2942
19 Melilla;Hombres;De 20 a 24 años;Esperanza de vida;2024;60,839859
19 Melilla;Hombres;De 25 a 29 años;Tasa de mortalidad;2024;0
19 Melilla;Hombres;De 25 a 29 años;Promedio de años vividos el último año de vida;2024;0
19 Melilla;Hombres;De 25 a 29 años;Riesgo de muerte;2024;0
19 Melilla;Hombres;De 25 a 29 años;Supervivientes;2024;98.855,156505
19 Melilla;Hombres;De 25 a 29 años;Defunciones teóricas;2024;0
19 Melilla;Hombres;De 25 a 29 años;Población estacionaria;2024;494.275,78253
19 Melilla;Hombres;De 25 a 29 años;Tiempo por vivir;2024;5.529.255,993
19 Melilla;Hombres;De 25 a 29 años;Esperanza de vida;2024;55,932904
19 Melilla;Hombres;De 30 a 34 años;Tasa de mortalidad;2024;0,746547
19 Melilla;Hombres;De 30 a 34 años;Promedio de años vividos el último año de vida;2024;0,954645
19 Melilla;Hombres;De 30 a 34 años;Riesgo de muerte;2024;3,732104
19 Melilla;Hombres;De 30 a 34 años;Supervivientes;2024;98.855,156505
19 Melilla;Hombres;De 30 a 34 años;Defunciones teóricas;2024;368,93775
19 Melilla;Hombres;De 30 a 34 años;Población estacionaria;2024;494.192,11632
19 Melilla;Hombres;De 30 a 34 años;Tiempo por vivir;2024;5.034.980,2105
19 Melilla;Hombres;De 30 a 34 años;Esperanza de vida;2024;50,932904
19 Melilla;Hombres;De 35 a 39 años;Tasa de mortalidad;2024;0
19 Melilla;Hombres;De 35 a 39 años;Promedio de años vividos el último año de vida;2024;0
19 Melilla;Hombres;De 35 a 39 años;Riesgo de muerte;2024;0
19 Melilla;Hombres;De 35 a 39 años;Supervivientes;2024;98.486,218755
19 Melilla;Hombres;De 35 a 39 años;Defunciones teóricas;2024;0
19 Melilla;Hombres;De 35 a 39 años;Población estacionaria;2024;492.431,09378
19 Melilla;Hombres;De 35 a 39 años;Tiempo por vivir;2024;4.540.788,0942
19 Melilla;Hombres;De 35 a 39 años;Esperanza de vida;2024;46,105822
19 Melilla;Hombres;De 40 a 44 años;Tasa de mortalidad;2024;0,637789
19 Melilla;Hombres;De 40 a 44 años;Promedio de años vividos el último año de vida;2024;0,56702
19 Melilla;Hombres;De 40 a 44 años;Riesgo de muerte;2024;3,184548
19 Melilla;Hombres;De 40 a 44 años;Supervivientes;2024;98.486,218755
19 Melilla;Hombres;De 40 a 44 años;Defunciones teóricas;2024;313,63408
19 Melilla;Hombres;De 40 a 44 años;Población estacionaria;2024;491.752,10802
19 Melilla;Hombres;De 40 a 44 años;Tiempo por vivir;2024;4.048.357,0004
19 Melilla;Hombres;De 40 a 44 años;Esperanza de vida;2024;41,105822
19 Melilla;Hombres;De 45 a 49 años;Tasa de mortalidad;2024;1,644831
19 Melilla;Hombres;De 45 a 49 años;Promedio de años vividos el último año de vida;2024;0,693401
19 Melilla;Hombres;De 45 a 49 años;Riesgo de muerte;2024;8,203472
19 Melilla;Hombres;De 45 a 49 años;Supervivientes;2024;98.172,584675
19 Melilla;Hombres;De 45 a 49 años;Defunciones teóricas;2024;805,356016
19 Melilla;Hombres;De 45 a 49 años;Población estacionaria;2024;489.628,31844
19 Melilla;Hombres;De 45 a 49 años;Tiempo por vivir;2024;3.556.604,8924
19 Melilla;Hombres;De 45 a 49 años;Esperanza de vida;2024;36,228087
19 Melilla;Hombres;De 50 a 54 años;Tasa de mortalidad;2024;3,240736
19 Melilla;Hombres;De 50 a 54 años;Promedio de años vividos el último año de vida;2024;0,417428
19 Melilla;Hombres;De 50 a 54 años;Riesgo de muerte;2024;16,052153
19 Melilla;Hombres;De 50 a 54 años;Supervivientes;2024;97.367,228659
19 Melilla;Hombres;De 50 a 54 años;Defunciones teóricas;2024;1.562,953661
19 Melilla;Hombres;De 50 a 54 años;Población estacionaria;2024;482.283,47974
19 Melilla;Hombres;De 50 a 54 años;Tiempo por vivir;2024;3.066.976,5739
19 Melilla;Hombres;De 50 a 54 años;Esperanza de vida;2024;31,499064
19 Melilla;Hombres;De 55 a 59 años;Tasa de mortalidad;2024;5,255623
19 Melilla;Hombres;De 55 a 59 años;Promedio de años vividos el último año de vida;2024;0,50601
19 Melilla;Hombres;De 55 a 59 años;Riesgo de muerte;2024;25,941366
19 Melilla;Hombres;De 55 a 59 años;Supervivientes;2024;95.804,274997
19 Melilla;Hombres;De 55 a 59 años;Defunciones teóricas;2024;2.485,293734
19 Melilla;Hombres;De 55 a 59 años;Población estacionaria;2024;472.882,82757
19 Melilla;Hombres;De 55 a 59 años;Tiempo por vivir;2024;2.584.693,0942
19 Melilla;Hombres;De 55 a 59 años;Esperanza de vida;2024;26,978891
19 Melilla;Hombres;De 60 a 64 años;Tasa de mortalidad;2024;12,068157
19 Melilla;Hombres;De 60 a 64 años;Promedio de años vividos el último año de vida;2024;0,617427
19 Melilla;Hombres;De 60 a 64 años;Riesgo de muerte;2024;58,979264
19 Melilla;Hombres;De 60 a 64 años;Supervivientes;2024;93.318,981264
19 Melilla;Hombres;De 60 a 64 años;Defunciones teóricas;2024;5.503,884873
19 Melilla;Hombres;De 60 a 64 años;Población estacionaria;2024;456.066,72349
19 Melilla;Hombres;De 60 a 64 años;Tiempo por vivir;2024;2.111.810,2666
19 Melilla;Hombres;De 60 a 64 años;Esperanza de vida;2024;22,630018
19 Melilla;Hombres;De 65 a 69 años;Tasa de mortalidad;2024;11,608122
19 Melilla;Hombres;De 65 a 69 años;Promedio de años vividos el último año de vida;2024;0,455788
19 Melilla;Hombres;De 65 a 69 años;Riesgo de muerte;2024;56,26345
19 Melilla;Hombres;De 65 a 69 años;Supervivientes;2024;87.815,096391
19 Melilla;Hombres;De 65 a 69 años;Defunciones teóricas;2024;4.940,780315
19 Melilla;Hombres;De 65 a 69 años;Población estacionaria;2024;425.631,31417
19 Melilla;Hombres;De 65 a 69 años;Tiempo por vivir;2024;1.655.743,5431
19 Melilla;Hombres;De 65 a 69 años;Esperanza de vida;2024;18,854885
19 Melilla;Hombres;De 70 a 74 años;Tasa de mortalidad;2024;18,640158
19 Melilla;Hombres;De 70 a 74 años;Promedio de años vividos el último año de vida;2024;0,486437
19 Melilla;Hombres;De 70 a 74 años;Riesgo de muerte;2024;88,943548
19 Melilla;Hombres;De 70 a 74 años;Supervivientes;2024;82.874,316076
19 Melilla;Hombres;De 70 a 74 años;Defunciones teóricas;2024;7.371,13571
19 Melilla;Hombres;De 70 a 74 años;Población estacionaria;2024;395.443,8503
19 Melilla;Hombres;De 70 a 74 años;Tiempo por vivir;2024;1.230.112,229
19 Melilla;Hombres;De 70 a 74 años;Esperanza de vida;2024;14,843106
19 Melilla;Hombres;De 75 a 79 años;Tasa de mortalidad;2024;56,954921
19 Melilla;Hombres;De 75 a 79 años;Promedio de años vividos el último año de vida;2024;0,482789
19 Melilla;Hombres;De 75 a 79 años;Riesgo de muerte;2024;248,215318
19 Melilla;Hombres;De 75 a 79 años;Supervivientes;2024;75.503,180366
19 Melilla;Hombres;De 75 a 79 años;Defunciones teóricas;2024;18.741,045888
19 Melilla;Hombres;De 75 a 79 años;Población estacionaria;2024;329.050,51065
19 Melilla;Hombres;De 75 a 79 años;Tiempo por vivir;2024;834.668,37867
19 Melilla;Hombres;De 75 a 79 años;Esperanza de vida;2024;11,054745
19 Melilla;Hombres;De 80 a 84 años;Tasa de mortalidad;2024;44,031236
19 Melilla;Hombres;De 80 a 84 años;Promedio de años vividos el último año de vida;2024;0,493215
19 Melilla;Hombres;De 80 a 84 años;Riesgo de muerte;2024;198,058438
19 Melilla;Hombres;De 80 a 84 años;Supervivientes;2024;56.762,134478
19 Melilla;Hombres;De 80 a 84 años;Defunciones teóricas;2024;11.242,219707
19 Melilla;Hombres;De 80 a 84 años;Población estacionaria;2024;255.323,73766
19 Melilla;Hombres;De 80 a 84 años;Tiempo por vivir;2024;505.617,86802
19 Melilla;Hombres;De 80 a 84 años;Esperanza de vida;2024;8,907661
19 Melilla;Hombres;De 85 a 89 años;Tasa de mortalidad;2024;126,182655
19 Melilla;Hombres;De 85 a 89 años;Promedio de años vividos el último año de vida;2024;0,529746
19 Melilla;Hombres;De 85 a 89 años;Riesgo de muerte;2024;486,557036
19 Melilla;Hombres;De 85 a 89 años;Supervivientes;2024;45.519,914771
19 Melilla;Hombres;De 85 a 89 años;Defunciones teóricas;2024;22.148,034795
19 Melilla;Hombres;De 85 a 89 años;Población estacionaria;2024;175.523,60781
19 Melilla;Hombres;De 85 a 89 años;Tiempo por vivir;2024;250.294,13036
19 Melilla;Hombres;De 85 a 89 años;Esperanza de vida;2024;5,498563
19 Melilla;Hombres;90 y más años;Tasa de mortalidad;2024;160,330159
19 Melilla;Hombres;90 y más años;Promedio de años vividos el último año de vida;2024;3,199166
19 Melilla;Hombres;90 y más años;Riesgo de muerte;2024;1.000
19 Melilla;Hombres;90 y más años;Supervivientes;2024;23.371,879976
19 Melilla;Hombres;90 y más años;Defunciones teóricas;2024;23.371,879976
19 Melilla;Hombres;90 y más años;Población estacionaria;2024;74.770,522551
19 Melilla;Hombres;90 y más años;Tiempo por vivir;2024;74.770,522551
19 Melilla;Hombres;90 y más años;Esperanza de vida;2024;3,199166
19 Melilla;Hombres;De 90 a 94 años;Tasa de mortalidad;2024;""
19 Melilla;Hombres;De 90 a 94 años;Promedio de años vividos el último año de vida;2024;""
19 Melilla;Hombres;De 90 a 94 años;Riesgo de muerte;2024;""
19 Melilla;Hombres;De 90 a 94 años;Supervivientes;2024;""
19 Melilla;Hombres;De 90 a 94 años;Defunciones teóricas;2024;""
19 Melilla;Hombres;De 90 a 94 años;Población estacionaria;2024;""
19 Melilla;Hombres;De 90 a 94 años;Tiempo por vivir;2024;""
19 Melilla;Hombres;De 90 a 94 años;Esperanza de vida;2024;""
19 Melilla;Hombres;95 y más años;Tasa de mortalidad;2024;""
19 Melilla;Hombres;95 y más años;Promedio de años vividos el último año de vida;2024;""
19 Melilla;Hombres;95 y más años;Riesgo de muerte;2024;""
19 Melilla;Hombres;95 y más años;Supervivientes;2024;""
19 Melilla;Hombres;95 y más años;Defunciones teóricas;2024;""
19 Melilla;Hombres;95 y más años;Población estacionaria;2024;""
19 Melilla;Hombres;95 y más años;Tiempo por vivir;2024;""
19 Melilla;Hombres;95 y más años;Esperanza de vida;2024;""
19 Melilla;Mujeres;0 años;Tasa de mortalidad;2024;0
19 Melilla;Mujeres;0 años;Promedio de años vividos el último año de vida;2024;0
19 Melilla;Mujeres;0 años;Riesgo de muerte;2024;0
19 Melilla;Mujeres;0 años;Supervivientes;2024;100.000
19 Melilla;Mujeres;0 años;Defunciones teóricas;2024;0
19 Melilla;Mujeres;0 años;Población estacionaria;2024;100.000
19 Melilla;Mujeres;0 años;Tiempo por vivir;2024;8.520.254,3615
19 Melilla;Mujeres;0 años;Esperanza de vida;2024;85,202544
19 Melilla;Mujeres;De 1 a 4 años;Tasa de mortalidad;2024;0
19 Melilla;Mujeres;De 1 a 4 años;Promedio de años vividos el último año de vida;2024;0
19 Melilla;Mujeres;De 1 a 4 años;Riesgo de muerte;2024;0
19 Melilla;Mujeres;De 1 a 4 años;Supervivientes;2024;100.000
19 Melilla;Mujeres;De 1 a 4 años;Defunciones teóricas;2024;0
19 Melilla;Mujeres;De 1 a 4 años;Población estacionaria;2024;400.000
19 Melilla;Mujeres;De 1 a 4 años;Tiempo por vivir;2024;8.420.254,3615
19 Melilla;Mujeres;De 1 a 4 años;Esperanza de vida;2024;84,202544
19 Melilla;Mujeres;De 5 a 9 años;Tasa de mortalidad;2024;0,34382
19 Melilla;Mujeres;De 5 a 9 años;Promedio de años vividos el último año de vida;2024;0,2
19 Melilla;Mujeres;De 5 a 9 años;Riesgo de muerte;2024;1,716738
19 Melilla;Mujeres;De 5 a 9 años;Supervivientes;2024;100.000
19 Melilla;Mujeres;De 5 a 9 años;Defunciones teóricas;2024;171,67382
19 Melilla;Mujeres;De 5 a 9 años;Población estacionaria;2024;499.313,30472
19 Melilla;Mujeres;De 5 a 9 años;Tiempo por vivir;2024;8.020.254,3615
19 Melilla;Mujeres;De 5 a 9 años;Esperanza de vida;2024;80,202544
19 Melilla;Mujeres;De 10 a 14 años;Tasa de mortalidad;2024;0
19 Melilla;Mujeres;De 10 a 14 años;Promedio de años vividos el último año de vida;2024;0
19 Melilla;Mujeres;De 10 a 14 años;Riesgo de muerte;2024;0
19 Melilla;Mujeres;De 10 a 14 años;Supervivientes;2024;99.828,32618
19 Melilla;Mujeres;De 10 a 14 años;Defunciones teóricas;2024;0
19 Melilla;Mujeres;De 10 a 14 años;Población estacionaria;2024;499.141,6309
19 Melilla;Mujeres;De 10 a 14 años;Tiempo por vivir;2024;7.520.941,0568
19 Melilla;Mujeres;De 10 a 14 años;Esperanza de vida;2024;75,338747
19 Melilla;Mujeres;De 15 a 19 años;Tasa de mortalidad;2024;0
19 Melilla;Mujeres;De 15 a 19 años;Promedio de años vividos el último año de vida;2024;0
19 Melilla;Mujeres;De 15 a 19 años;Riesgo de muerte;2024;0
19 Melilla;Mujeres;De 15 a 19 años;Supervivientes;2024;99.828,32618
19 Melilla;Mujeres;De 15 a 19 años;Defunciones teóricas;2024;0
19 Melilla;Mujeres;De 15 a 19 años;Población estacionaria;2024;499.141,6309
19 Melilla;Mujeres;De 15 a 19 años;Tiempo por vivir;2024;7.021.799,4259
19 Melilla;Mujeres;De 15 a 19 años;Esperanza de vida;2024;70,338747
19 Melilla;Mujeres;De 20 a 24 años;Tasa de mortalidad;2024;0
19 Melilla;Mujeres;De 20 a 24 años;Promedio de años vividos el último año de vida;2024;0
19 Melilla;Mujeres;De 20 a 24 años;Riesgo de muerte;2024;0
19 Melilla;Mujeres;De 20 a 24 años;Supervivientes;2024;99.828,32618
19 Melilla;Mujeres;De 20 a 24 años;Defunciones teóricas;2024;0
19 Melilla;Mujeres;De 20 a 24 años;Población estacionaria;2024;499.141,6309
19 Melilla;Mujeres;De 20 a 24 años;Tiempo por vivir;2024;6.522.657,795
19 Melilla;Mujeres;De 20 a 24 años;Esperanza de vida;2024;65,338747
19 Melilla;Mujeres;De 25 a 29 años;Tasa de mortalidad;2024;0
19 Melilla;Mujeres;De 25 a 29 años;Promedio de años vividos el último año de vida;2024;0
19 Melilla;Mujeres;De 25 a 29 años;Riesgo de muerte;2024;0
19 Melilla;Mujeres;De 25 a 29 años;Supervivientes;2024;99.828,32618
19 Melilla;Mujeres;De 25 a 29 años;Defunciones teóricas;2024;0
19 Melilla;Mujeres;De 25 a 29 años;Población estacionaria;2024;499.141,6309
19 Melilla;Mujeres;De 25 a 29 años;Tiempo por vivir;2024;6.023.516,1641
19 Melilla;Mujeres;De 25 a 29 años;Esperanza de vida;2024;60,338747
19 Melilla;Mujeres;De 30 a 34 años;Tasa de mortalidad;2024;0
19 Melilla;Mujeres;De 30 a 34 años;Promedio de años vividos el último año de vida;2024;0
19 Melilla;Mujeres;De 30 a 34 años;Riesgo de muerte;2024;0
19 Melilla;Mujeres;De 30 a 34 años;Supervivientes;2024;99.828,32618
19 Melilla;Mujeres;De 30 a 34 años;Defunciones teóricas;2024;0
19 Melilla;Mujeres;De 30 a 34 años;Población estacionaria;2024;499.141,6309
19 Melilla;Mujeres;De 30 a 34 años;Tiempo por vivir;2024;5.524.374,5332
19 Melilla;Mujeres;De 30 a 34 años;Esperanza de vida;2024;55,338747
19 Melilla;Mujeres;De 35 a 39 años;Tasa de mortalidad;2024;0,338079
19 Melilla;Mujeres;De 35 a 39 años;Promedio de años vividos el último año de vida;2024;0,884153
19 Melilla;Mujeres;De 35 a 39 años;Riesgo de muerte;2024;1,690063
19 Melilla;Mujeres;De 35 a 39 años;Supervivientes;2024;99.828,32618
19 Melilla;Mujeres;De 35 a 39 años;Defunciones teóricas;2024;168,71614
19 Melilla;Mujeres;De 35 a 39 años;Población estacionaria;2024;499.043,90461
19 Melilla;Mujeres;De 35 a 39 años;Tiempo por vivir;2024;5.025.232,9023
19 Melilla;Mujeres;De 35 a 39 años;Esperanza de vida;2024;50,338747
19 Melilla;Mujeres;De 40 a 44 años;Tasa de mortalidad;2024;0,625974
19 Melilla;Mujeres;De 40 a 44 años;Promedio de años vividos el último año de vida;2024;0,598499
19 Melilla;Mujeres;De 40 a 44 años;Riesgo de muerte;2024;3,125942
19 Melilla;Mujeres;De 40 a 44 años;Supervivientes;2024;99.659,61004
19 Melilla;Mujeres;De 40 a 44 años;Defunciones teóricas;2024;311,530192
19 Melilla;Mujeres;De 40 a 44 años;Población estacionaria;2024;497.672,65167
19 Melilla;Mujeres;De 40 a 44 años;Tiempo por vivir;2024;4.526.188,9977
19 Melilla;Mujeres;De 40 a 44 años;Esperanza de vida;2024;45,416483
19 Melilla;Mujeres;De 45 a 49 años;Tasa de mortalidad;2024;1,34694
19 Melilla;Mujeres;De 45 a 49 años;Promedio de años vividos el último año de vida;2024;0,502518
19 Melilla;Mujeres;De 45 a 49 años;Riesgo de muerte;2024;6,712211
19 Melilla;Mujeres;De 45 a 49 años;Supervivientes;2024;99.348,079847
19 Melilla;Mujeres;De 45 a 49 años;Defunciones teóricas;2024;666,845231
19 Melilla;Mujeres;De 45 a 49 años;Población estacionaria;2024;495.081,68129
19 Melilla;Mujeres;De 45 a 49 años;Tiempo por vivir;2024;4.028.516,346
19 Melilla;Mujeres;De 45 a 49 años;Esperanza de vida;2024;40,549514
19 Melilla;Mujeres;De 50 a 54 años;Tasa de mortalidad;2024;1,756661
19 Melilla;Mujeres;De 50 a 54 años;Promedio de años vividos el último año de vida;2024;0,708361
19 Melilla;Mujeres;De 50 a 54 años;Riesgo de muerte;2024;8,760863
19 Melilla;Mujeres;De 50 a 54 años;Supervivientes;2024;98.681,234616
19 Melilla;Mujeres;De 50 a 54 años;Defunciones teóricas;2024;864,532825
19 Melilla;Mujeres;De 50 a 54 años;Población estacionaria;2024;492.145,51551
19 Melilla;Mujeres;De 50 a 54 años;Tiempo por vivir;2024;3.533.434,6647
19 Melilla;Mujeres;De 50 a 54 años;Esperanza de vida;2024;35,806551
19 Melilla;Mujeres;De 55 a 59 años;Tasa de mortalidad;2024;2,525731
19 Melilla;Mujeres;De 55 a 59 años;Promedio de años vividos el último año de vida;2024;0,471026
19 Melilla;Mujeres;De 55 a 59 años;Riesgo de muerte;2024;12,544851
19 Melilla;Mujeres;De 55 a 59 años;Supervivientes;2024;97.816,701791
19 Melilla;Mujeres;De 55 a 59 años;Defunciones teóricas;2024;1.227,095989
19 Melilla;Mujeres;De 55 a 59 años;Población estacionaria;2024;485.837,9973
19 Melilla;Mujeres;De 55 a 59 años;Tiempo por vivir;2024;3.041.289,1492
19 Melilla;Mujeres;De 55 a 59 años;Esperanza de vida;2024;31,091716
19 Melilla;Mujeres;De 60 a 64 años;Tasa de mortalidad;2024;4,908602
19 Melilla;Mujeres;De 60 a 64 años;Promedio de años vividos el último año de vida;2024;0,4786
19 Melilla;Mujeres;De 60 a 64 años;Riesgo de muerte;2024;24,232908
19 Melilla;Mujeres;De 60 a 64 años;Supervivientes;2024;96.589,605802
19 Melilla;Mujeres;De 60 a 64 años;Defunciones teóricas;2024;2.340,646988
19 Melilla;Mujeres;De 60 a 64 años;Población estacionaria;2024;476.845,96534
19 Melilla;Mujeres;De 60 a 64 años;Tiempo por vivir;2024;2.555.451,1519
19 Melilla;Mujeres;De 60 a 64 años;Esperanza de vida;2024;26,456792
19 Melilla;Mujeres;De 65 a 69 años;Tasa de mortalidad;2024;9,742909
19 Melilla;Mujeres;De 65 a 69 años;Promedio de años vividos el último año de vida;2024;0,586251
19 Melilla;Mujeres;De 65 a 69 años;Riesgo de muerte;2024;47,752072
19 Melilla;Mujeres;De 65 a 69 años;Supervivientes;2024;94.248,958814
19 Melilla;Mujeres;De 65 a 69 años;Defunciones teóricas;2024;4.500,58303
19 Melilla;Mujeres;De 65 a 69 años;Población estacionaria;2024;461.934,23163
19 Melilla;Mujeres;De 65 a 69 años;Tiempo por vivir;2024;2.078.605,1866
19 Melilla;Mujeres;De 65 a 69 años;Esperanza de vida;2024;22,05441
19 Melilla;Mujeres;De 70 a 74 años;Tasa de mortalidad;2024;12,90216
19 Melilla;Mujeres;De 70 a 74 años;Promedio de años vividos el último año de vida;2024;0,513925
19 Melilla;Mujeres;De 70 a 74 años;Riesgo de muerte;2024;62,549433
19 Melilla;Mujeres;De 70 a 74 años;Supervivientes;2024;89.748,375784
19 Melilla;Mujeres;De 70 a 74 años;Defunciones teóricas;2024;5.613,710019
19 Melilla;Mujeres;De 70 a 74 años;Población estacionaria;2024;435.098,46296
19 Melilla;Mujeres;De 70 a 74 años;Tiempo por vivir;2024;1.616.670,9549
19 Melilla;Mujeres;De 70 a 74 años;Esperanza de vida;2024;18,013373
19 Melilla;Mujeres;De 75 a 79 años;Tasa de mortalidad;2024;29,98815
19 Melilla;Mujeres;De 75 a 79 años;Promedio de años vividos el último año de vida;2024;0,649769
19 Melilla;Mujeres;De 75 a 79 años;Riesgo de muerte;2024;142,459647
19 Melilla;Mujeres;De 75 a 79 años;Supervivientes;2024;84.134,665765
19 Melilla;Mujeres;De 75 a 79 años;Defunciones teóricas;2024;11.985,794763
19 Melilla;Mujeres;De 75 a 79 años;Población estacionaria;2024;399.684,36217
19 Melilla;Mujeres;De 75 a 79 años;Tiempo por vivir;2024;1.181.572,492
19 Melilla;Mujeres;De 75 a 79 años;Esperanza de vida;2024;14,043825
19 Melilla;Mujeres;De 80 a 84 años;Tasa de mortalidad;2024;39,179908
19 Melilla;Mujeres;De 80 a 84 años;Promedio de años vividos el último año de vida;2024;0,496362
19 Melilla;Mujeres;De 80 a 84 años;Riesgo de muerte;2024;178,307297
19 Melilla;Mujeres;De 80 a 84 años;Supervivientes;2024;72.148,871001
19 Melilla;Mujeres;De 80 a 84 años;Defunciones teóricas;2024;12.864,670188
19 Melilla;Mujeres;De 80 a 84 años;Población estacionaria;2024;328.348,65653
19 Melilla;Mujeres;De 80 a 84 años;Tiempo por vivir;2024;781.888,12982
19 Melilla;Mujeres;De 80 a 84 años;Esperanza de vida;2024;10,83715
19 Melilla;Mujeres;De 85 a 89 años;Tasa de mortalidad;2024;67,556838
19 Melilla;Mujeres;De 85 a 89 años;Promedio de años vividos el último año de vida;2024;0,555358
19 Melilla;Mujeres;De 85 a 89 años;Riesgo de muerte;2024;293,67607
19 Melilla;Mujeres;De 85 a 89 años;Supervivientes;2024;59.284,200813
19 Melilla;Mujeres;De 85 a 89 años;Defunciones teóricas;2024;17.410,351087
19 Melilla;Mujeres;De 85 a 89 años;Población estacionaria;2024;257.714,12141
19 Melilla;Mujeres;De 85 a 89 años;Tiempo por vivir;2024;453.539,47329
19 Melilla;Mujeres;De 85 a 89 años;Esperanza de vida;2024;7,650259
19 Melilla;Mujeres;90 y más años;Tasa de mortalidad;2024;146,05642
19 Melilla;Mujeres;90 y más años;Promedio de años vividos el último año de vida;2024;4,676555
19 Melilla;Mujeres;90 y más años;Riesgo de muerte;2024;1.000
19 Melilla;Mujeres;90 y más años;Supervivientes;2024;41.873,849727
19 Melilla;Mujeres;90 y más años;Defunciones teóricas;2024;41.873,849727
19 Melilla;Mujeres;90 y más años;Población estacionaria;2024;195.825,35188
19 Melilla;Mujeres;90 y más años;Tiempo por vivir;2024;195.825,35188
19 Melilla;Mujeres;90 y más años;Esperanza de vida;2024;4,676555
19 Melilla;Mujeres;De 90 a 94 años;Tasa de mortalidad;2024;""
19 Melilla;Mujeres;De 90 a 94 años;Promedio de años vividos el último año de vida;2024;""
19 Melilla;Mujeres;De 90 a 94 años;Riesgo de muerte;2024;""
19 Melilla;Mujeres;De 90 a 94 años;Supervivientes;2024;""
19 Melilla;Mujeres;De 90 a 94 años;Defunciones teóricas;2024;""
19 Melilla;Mujeres;De 90 a 94 años;Población estacionaria;2024;""
19 Melilla;Mujeres;De 90 a 94 años;Tiempo por vivir;2024;""
19 Melilla;Mujeres;De 90 a 94 años;Esperanza de vida;2024;""
19 Melilla;Mujeres;95 y más años;Tasa de mortalidad;2024;""
19 Melilla;Mujeres;95 y más años;Promedio de años vividos el último año de vida;2024;""
19 Melilla;Mujeres;95 y más años;Riesgo de muerte;2024;""
19 Melilla;Mujeres;95 y más años;Supervivientes;2024;""
19 Melilla;Mujeres;95 y más años;Defunciones teóricas;2024;""
19 Melilla;Mujeres;95 y más años;Población estacionaria;2024;""
19 Melilla;Mujeres;95 y más años;Tiempo por vivir;2024;""
19 Melilla;Mujeres;95 y más años;Esperanza de vida;2024;""
