Nacional y Comunidades autónomas;Edad de la madre;Orden del nacido vivo;Periodo;Total
Total Nacional;Todas las edades;Todos;2024;318.005
Total Nacional;Todas las edades;Todos;2023;320.656
Total Nacional;Todas las edades;Todos;2022;329.251
Total Nacional;Todas las edades;Todos;2021;337.380
Total Nacional;Todas las edades;Todos;2020;341.315
Total Nacional;Todas las edades;Todos;2019;360.617
Total Nacional;Todas las edades;Todos;2018;372.777
Total Nacional;Todas las edades;Todos;2017;393.181
Total Nacional;Todas las edades;Todos;2016;410.583
Total Nacional;Todas las edades;Todos;2015;420.290
Total Nacional;Todas las edades;Primero;2024;161.315
Total Nacional;Todas las edades;Primero;2023;161.309
Total Nacional;Todas las edades;Primero;2022;166.405
Total Nacional;Todas las edades;Primero;2021;168.441
Total Nacional;Todas las edades;Primero;2020;173.360
Total Nacional;Todas las edades;Primero;2019;178.617
Total Nacional;Todas las edades;Primero;2018;183.043
Total Nacional;Todas las edades;Primero;2017;195.504
Total Nacional;Todas las edades;Primero;2016;206.479
Total Nacional;Todas las edades;Primero;2015;215.239
Total Nacional;Todas las edades;Segundo;2024;113.863
Total Nacional;Todas las edades;Segundo;2023;115.622
Total Nacional;Todas las edades;Segundo;2022;116.651
Total Nacional;Todas las edades;Segundo;2021;121.936
Total Nacional;Todas las edades;Segundo;2020;121.685
Total Nacional;Todas las edades;Segundo;2019;133.413
Total Nacional;Todas las edades;Segundo;2018;141.555
Total Nacional;Todas las edades;Segundo;2017;149.685
Total Nacional;Todas las edades;Segundo;2016;156.524
Total Nacional;Todas las edades;Segundo;2015;159.108
Total Nacional;Todas las edades;Tercero;2024;30.100
Total Nacional;Todas las edades;Tercero;2023;31.049
Total Nacional;Todas las edades;Tercero;2022;33.111
Total Nacional;Todas las edades;Tercero;2021;33.915
Total Nacional;Todas las edades;Tercero;2020;33.638
Total Nacional;Todas las edades;Tercero;2019;35.589
Total Nacional;Todas las edades;Tercero;2018;35.614
Total Nacional;Todas las edades;Tercero;2017;36.080
Total Nacional;Todas las edades;Tercero;2016;35.845
Total Nacional;Todas las edades;Tercero;2015;34.811
Total Nacional;Todas las edades;Cuarto;2024;8.686
Total Nacional;Todas las edades;Cuarto;2023;8.696
Total Nacional;Todas las edades;Cuarto;2022;9.002
Total Nacional;Todas las edades;Cuarto;2021;9.130
Total Nacional;Todas las edades;Cuarto;2020;8.775
Total Nacional;Todas las edades;Cuarto;2019;8.984
Total Nacional;Todas las edades;Cuarto;2018;8.697
Total Nacional;Todas las edades;Cuarto;2017;8.276
Total Nacional;Todas las edades;Cuarto;2016;8.218
Total Nacional;Todas las edades;Cuarto;2015;7.625
Total Nacional;Todas las edades;Quinto;2024;2.680
Total Nacional;Todas las edades;Quinto;2023;2.616
Total Nacional;Todas las edades;Quinto;2022;2.663
Total Nacional;Todas las edades;Quinto;2021;2.540
Total Nacional;Todas las edades;Quinto;2020;2.554
Total Nacional;Todas las edades;Quinto;2019;2.551
Total Nacional;Todas las edades;Quinto;2018;2.568
Total Nacional;Todas las edades;Quinto;2017;2.375
Total Nacional;Todas las edades;Quinto;2016;2.260
Total Nacional;Todas las edades;Quinto;2015;2.258
Total Nacional;Todas las edades;Sexto;2024;830
Total Nacional;Todas las edades;Sexto;2023;807
Total Nacional;Todas las edades;Sexto;2022;869
Total Nacional;Todas las edades;Sexto;2021;914
Total Nacional;Todas las edades;Sexto;2020;807
Total Nacional;Todas las edades;Sexto;2019;857
Total Nacional;Todas las edades;Sexto;2018;829
Total Nacional;Todas las edades;Sexto;2017;746
Total Nacional;Todas las edades;Sexto;2016;709
Total Nacional;Todas las edades;Sexto;2015;769
Total Nacional;Todas las edades;Séptimo;2024;298
Total Nacional;Todas las edades;Séptimo;2023;333
Total Nacional;Todas las edades;Séptimo;2022;318
Total Nacional;Todas las edades;Séptimo;2021;276
Total Nacional;Todas las edades;Séptimo;2020;273
Total Nacional;Todas las edades;Séptimo;2019;291
Total Nacional;Todas las edades;Séptimo;2018;263
Total Nacional;Todas las edades;Séptimo;2017;274
Total Nacional;Todas las edades;Séptimo;2016;308
Total Nacional;Todas las edades;Séptimo;2015;271
Total Nacional;Todas las edades;Octavo;2024;131
Total Nacional;Todas las edades;Octavo;2023;116
Total Nacional;Todas las edades;Octavo;2022;117
Total Nacional;Todas las edades;Octavo;2021;109
Total Nacional;Todas las edades;Octavo;2020;115
Total Nacional;Todas las edades;Octavo;2019;110
Total Nacional;Todas las edades;Octavo;2018;116
Total Nacional;Todas las edades;Octavo;2017;128
Total Nacional;Todas las edades;Octavo;2016;128
Total Nacional;Todas las edades;Octavo;2015;113
Total Nacional;Todas las edades;Noveno;2024;56
Total Nacional;Todas las edades;Noveno;2023;64
Total Nacional;Todas las edades;Noveno;2022;52
Total Nacional;Todas las edades;Noveno;2021;58
Total Nacional;Todas las edades;Noveno;2020;38
Total Nacional;Todas las edades;Noveno;2019;69
Total Nacional;Todas las edades;Noveno;2018;58
Total Nacional;Todas las edades;Noveno;2017;56
Total Nacional;Todas las edades;Noveno;2016;52
Total Nacional;Todas las edades;Noveno;2015;47
Total Nacional;Todas las edades;Décimo y más;2024;46
Total Nacional;Todas las edades;Décimo y más;2023;44
Total Nacional;Todas las edades;Décimo y más;2022;63
Total Nacional;Todas las edades;Décimo y más;2021;61
Total Nacional;Todas las edades;Décimo y más;2020;70
Total Nacional;Todas las edades;Décimo y más;2019;136
Total Nacional;Todas las edades;Décimo y más;2018;34
Total Nacional;Todas las edades;Décimo y más;2017;57
Total Nacional;Todas las edades;Décimo y más;2016;60
Total Nacional;Todas las edades;Décimo y más;2015;49
Total Nacional;Menos de 15 años;Todos;2024;85
Total Nacional;Menos de 15 años;Todos;2023;72
Total Nacional;Menos de 15 años;Todos;2022;73
Total Nacional;Menos de 15 años;Todos;2021;62
Total Nacional;Menos de 15 años;Todos;2020;65
Total Nacional;Menos de 15 años;Todos;2019;81
Total Nacional;Menos de 15 años;Todos;2018;78
Total Nacional;Menos de 15 años;Todos;2017;114
Total Nacional;Menos de 15 años;Todos;2016;111
Total Nacional;Menos de 15 años;Todos;2015;98
Total Nacional;Menos de 15 años;Primero;2024;85
Total Nacional;Menos de 15 años;Primero;2023;71
Total Nacional;Menos de 15 años;Primero;2022;73
Total Nacional;Menos de 15 años;Primero;2021;61
Total Nacional;Menos de 15 años;Primero;2020;65
Total Nacional;Menos de 15 años;Primero;2019;81
Total Nacional;Menos de 15 años;Primero;2018;77
Total Nacional;Menos de 15 años;Primero;2017;112
Total Nacional;Menos de 15 años;Primero;2016;110
Total Nacional;Menos de 15 años;Primero;2015;98
Total Nacional;Menos de 15 años;Segundo;2024;0
Total Nacional;Menos de 15 años;Segundo;2023;1
Total Nacional;Menos de 15 años;Segundo;2022;0
Total Nacional;Menos de 15 años;Segundo;2021;1
Total Nacional;Menos de 15 años;Segundo;2020;0
Total Nacional;Menos de 15 años;Segundo;2019;0
Total Nacional;Menos de 15 años;Segundo;2018;1
Total Nacional;Menos de 15 años;Segundo;2017;2
Total Nacional;Menos de 15 años;Segundo;2016;1
Total Nacional;Menos de 15 años;Segundo;2015;0
Total Nacional;Menos de 15 años;Tercero;2024;0
Total Nacional;Menos de 15 años;Tercero;2023;0
Total Nacional;Menos de 15 años;Tercero;2022;0
Total Nacional;Menos de 15 años;Tercero;2021;0
Total Nacional;Menos de 15 años;Tercero;2020;0
Total Nacional;Menos de 15 años;Tercero;2019;0
Total Nacional;Menos de 15 años;Tercero;2018;0
Total Nacional;Menos de 15 años;Tercero;2017;0
Total Nacional;Menos de 15 años;Tercero;2016;0
Total Nacional;Menos de 15 años;Tercero;2015;0
Total Nacional;Menos de 15 años;Cuarto;2024;0
Total Nacional;Menos de 15 años;Cuarto;2023;0
Total Nacional;Menos de 15 años;Cuarto;2022;0
Total Nacional;Menos de 15 años;Cuarto;2021;0
Total Nacional;Menos de 15 años;Cuarto;2020;0
Total Nacional;Menos de 15 años;Cuarto;2019;0
Total Nacional;Menos de 15 años;Cuarto;2018;0
Total Nacional;Menos de 15 años;Cuarto;2017;0
Total Nacional;Menos de 15 años;Cuarto;2016;0
Total Nacional;Menos de 15 años;Cuarto;2015;0
Total Nacional;Menos de 15 años;Quinto;2024;0
Total Nacional;Menos de 15 años;Quinto;2023;0
Total Nacional;Menos de 15 años;Quinto;2022;0
Total Nacional;Menos de 15 años;Quinto;2021;0
Total Nacional;Menos de 15 años;Quinto;2020;0
Total Nacional;Menos de 15 años;Quinto;2019;0
Total Nacional;Menos de 15 años;Quinto;2018;0
Total Nacional;Menos de 15 años;Quinto;2017;0
Total Nacional;Menos de 15 años;Quinto;2016;0
Total Nacional;Menos de 15 años;Quinto;2015;0
Total Nacional;Menos de 15 años;Sexto;2024;0
Total Nacional;Menos de 15 años;Sexto;2023;0
Total Nacional;Menos de 15 años;Sexto;2022;0
Total Nacional;Menos de 15 años;Sexto;2021;0
Total Nacional;Menos de 15 años;Sexto;2020;0
Total Nacional;Menos de 15 años;Sexto;2019;0
Total Nacional;Menos de 15 años;Sexto;2018;0
Total Nacional;Menos de 15 años;Sexto;2017;0
Total Nacional;Menos de 15 años;Sexto;2016;0
Total Nacional;Menos de 15 años;Sexto;2015;0
Total Nacional;Menos de 15 años;Séptimo;2024;0
Total Nacional;Menos de 15 años;Séptimo;2023;0
Total Nacional;Menos de 15 años;Séptimo;2022;0
Total Nacional;Menos de 15 años;Séptimo;2021;0
Total Nacional;Menos de 15 años;Séptimo;2020;0
Total Nacional;Menos de 15 años;Séptimo;2019;0
Total Nacional;Menos de 15 años;Séptimo;2018;0
Total Nacional;Menos de 15 años;Séptimo;2017;0
Total Nacional;Menos de 15 años;Séptimo;2016;0
Total Nacional;Menos de 15 años;Séptimo;2015;0
Total Nacional;Menos de 15 años;Octavo;2024;0
Total Nacional;Menos de 15 años;Octavo;2023;0
Total Nacional;Menos de 15 años;Octavo;2022;0
Total Nacional;Menos de 15 años;Octavo;2021;0
Total Nacional;Menos de 15 años;Octavo;2020;0
Total Nacional;Menos de 15 años;Octavo;2019;0
Total Nacional;Menos de 15 años;Octavo;2018;0
Total Nacional;Menos de 15 años;Octavo;2017;0
Total Nacional;Menos de 15 años;Octavo;2016;0
Total Nacional;Menos de 15 años;Octavo;2015;0
Total Nacional;Menos de 15 años;Noveno;2024;0
Total Nacional;Menos de 15 años;Noveno;2023;0
Total Nacional;Menos de 15 años;Noveno;2022;0
Total Nacional;Menos de 15 años;Noveno;2021;0
Total Nacional;Menos de 15 años;Noveno;2020;0
Total Nacional;Menos de 15 años;Noveno;2019;0
Total Nacional;Menos de 15 años;Noveno;2018;0
Total Nacional;Menos de 15 años;Noveno;2017;0
Total Nacional;Menos de 15 años;Noveno;2016;0
Total Nacional;Menos de 15 años;Noveno;2015;0
Total Nacional;Menos de 15 años;Décimo y más;2024;0
Total Nacional;Menos de 15 años;Décimo y más;2023;0
Total Nacional;Menos de 15 años;Décimo y más;2022;0
Total Nacional;Menos de 15 años;Décimo y más;2021;0
Total Nacional;Menos de 15 años;Décimo y más;2020;0
Total Nacional;Menos de 15 años;Décimo y más;2019;0
Total Nacional;Menos de 15 años;Décimo y más;2018;0
Total Nacional;Menos de 15 años;Décimo y más;2017;0
Total Nacional;Menos de 15 años;Décimo y más;2016;0
Total Nacional;Menos de 15 años;Décimo y más;2015;0
Total Nacional;15 años;Todos;2024;200
Total Nacional;15 años;Todos;2023;195
Total Nacional;15 años;Todos;2022;196
Total Nacional;15 años;Todos;2021;193
Total Nacional;15 años;Todos;2020;225
Total Nacional;15 años;Todos;2019;246
Total Nacional;15 años;Todos;2018;285
Total Nacional;15 años;Todos;2017;289
Total Nacional;15 años;Todos;2016;343
Total Nacional;15 años;Todos;2015;392
Total Nacional;15 años;Primero;2024;198
Total Nacional;15 años;Primero;2023;192
Total Nacional;15 años;Primero;2022;190
Total Nacional;15 años;Primero;2021;186
Total Nacional;15 años;Primero;2020;217
Total Nacional;15 años;Primero;2019;239
Total Nacional;15 años;Primero;2018;280
Total Nacional;15 años;Primero;2017;283
Total Nacional;15 años;Primero;2016;335
Total Nacional;15 años;Primero;2015;381
Total Nacional;15 años;Segundo;2024;2
Total Nacional;15 años;Segundo;2023;3
Total Nacional;15 años;Segundo;2022;6
Total Nacional;15 años;Segundo;2021;7
Total Nacional;15 años;Segundo;2020;8
Total Nacional;15 años;Segundo;2019;7
Total Nacional;15 años;Segundo;2018;5
Total Nacional;15 años;Segundo;2017;6
Total Nacional;15 años;Segundo;2016;8
Total Nacional;15 años;Segundo;2015;11
Total Nacional;15 años;Tercero;2024;0
Total Nacional;15 años;Tercero;2023;0
Total Nacional;15 años;Tercero;2022;0
Total Nacional;15 años;Tercero;2021;0
Total Nacional;15 años;Tercero;2020;0
Total Nacional;15 años;Tercero;2019;0
Total Nacional;15 años;Tercero;2018;0
Total Nacional;15 años;Tercero;2017;0
Total Nacional;15 años;Tercero;2016;0
Total Nacional;15 años;Tercero;2015;0
Total Nacional;15 años;Cuarto;2024;0
Total Nacional;15 años;Cuarto;2023;0
Total Nacional;15 años;Cuarto;2022;0
Total Nacional;15 años;Cuarto;2021;0
Total Nacional;15 años;Cuarto;2020;0
Total Nacional;15 años;Cuarto;2019;0
Total Nacional;15 años;Cuarto;2018;0
Total Nacional;15 años;Cuarto;2017;0
Total Nacional;15 años;Cuarto;2016;0
Total Nacional;15 años;Cuarto;2015;0
Total Nacional;15 años;Quinto;2024;0
Total Nacional;15 años;Quinto;2023;0
Total Nacional;15 años;Quinto;2022;0
Total Nacional;15 años;Quinto;2021;0
Total Nacional;15 años;Quinto;2020;0
Total Nacional;15 años;Quinto;2019;0
Total Nacional;15 años;Quinto;2018;0
Total Nacional;15 años;Quinto;2017;0
Total Nacional;15 años;Quinto;2016;0
Total Nacional;15 años;Quinto;2015;0
Total Nacional;15 años;Sexto;2024;0
Total Nacional;15 años;Sexto;2023;0
Total Nacional;15 años;Sexto;2022;0
Total Nacional;15 años;Sexto;2021;0
Total Nacional;15 años;Sexto;2020;0
Total Nacional;15 años;Sexto;2019;0
Total Nacional;15 años;Sexto;2018;0
Total Nacional;15 años;Sexto;2017;0
Total Nacional;15 años;Sexto;2016;0
Total Nacional;15 años;Sexto;2015;0
Total Nacional;15 años;Séptimo;2024;0
Total Nacional;15 años;Séptimo;2023;0
Total Nacional;15 años;Séptimo;2022;0
Total Nacional;15 años;Séptimo;2021;0
Total Nacional;15 años;Séptimo;2020;0
Total Nacional;15 años;Séptimo;2019;0
Total Nacional;15 años;Séptimo;2018;0
Total Nacional;15 años;Séptimo;2017;0
Total Nacional;15 años;Séptimo;2016;0
Total Nacional;15 años;Séptimo;2015;0
Total Nacional;15 años;Octavo;2024;0
Total Nacional;15 años;Octavo;2023;0
Total Nacional;15 años;Octavo;2022;0
Total Nacional;15 años;Octavo;2021;0
Total Nacional;15 años;Octavo;2020;0
Total Nacional;15 años;Octavo;2019;0
Total Nacional;15 años;Octavo;2018;0
Total Nacional;15 años;Octavo;2017;0
Total Nacional;15 años;Octavo;2016;0
Total Nacional;15 años;Octavo;2015;0
Total Nacional;15 años;Noveno;2024;0
Total Nacional;15 años;Noveno;2023;0
Total Nacional;15 años;Noveno;2022;0
Total Nacional;15 años;Noveno;2021;0
Total Nacional;15 años;Noveno;2020;0
Total Nacional;15 años;Noveno;2019;0
Total Nacional;15 años;Noveno;2018;0
Total Nacional;15 años;Noveno;2017;0
Total Nacional;15 años;Noveno;2016;0
Total Nacional;15 años;Noveno;2015;0
Total Nacional;15 años;Décimo y más;2024;0
Total Nacional;15 años;Décimo y más;2023;0
Total Nacional;15 años;Décimo y más;2022;0
Total Nacional;15 años;Décimo y más;2021;0
Total Nacional;15 años;Décimo y más;2020;0
Total Nacional;15 años;Décimo y más;2019;0
Total Nacional;15 años;Décimo y más;2018;0
Total Nacional;15 años;Décimo y más;2017;0
Total Nacional;15 años;Décimo y más;2016;0
Total Nacional;15 años;Décimo y más;2015;0
Total Nacional;16 años;Todos;2024;450
Total Nacional;16 años;Todos;2023;437
Total Nacional;16 años;Todos;2022;492
Total Nacional;16 años;Todos;2021;488
Total Nacional;16 años;Todos;2020;549
Total Nacional;16 años;Todos;2019;584
Total Nacional;16 años;Todos;2018;616
Total Nacional;16 años;Todos;2017;761
Total Nacional;16 años;Todos;2016;818
Total Nacional;16 años;Todos;2015;809
Total Nacional;16 años;Primero;2024;429
Total Nacional;16 años;Primero;2023;420
Total Nacional;16 años;Primero;2022;471
Total Nacional;16 años;Primero;2021;463
Total Nacional;16 años;Primero;2020;527
Total Nacional;16 años;Primero;2019;553
Total Nacional;16 años;Primero;2018;588
Total Nacional;16 años;Primero;2017;726
Total Nacional;16 años;Primero;2016;772
Total Nacional;16 años;Primero;2015;757
Total Nacional;16 años;Segundo;2024;20
Total Nacional;16 años;Segundo;2023;17
Total Nacional;16 años;Segundo;2022;21
Total Nacional;16 años;Segundo;2021;25
Total Nacional;16 años;Segundo;2020;18
Total Nacional;16 años;Segundo;2019;30
Total Nacional;16 años;Segundo;2018;28
Total Nacional;16 años;Segundo;2017;34
Total Nacional;16 años;Segundo;2016;44
Total Nacional;16 años;Segundo;2015;48
Total Nacional;16 años;Tercero;2024;1
Total Nacional;16 años;Tercero;2023;0
Total Nacional;16 años;Tercero;2022;0
Total Nacional;16 años;Tercero;2021;0
Total Nacional;16 años;Tercero;2020;4
Total Nacional;16 años;Tercero;2019;0
Total Nacional;16 años;Tercero;2018;0
Total Nacional;16 años;Tercero;2017;0
Total Nacional;16 años;Tercero;2016;2
Total Nacional;16 años;Tercero;2015;4
Total Nacional;16 años;Cuarto;2024;0
Total Nacional;16 años;Cuarto;2023;0
Total Nacional;16 años;Cuarto;2022;0
Total Nacional;16 años;Cuarto;2021;0
Total Nacional;16 años;Cuarto;2020;0
Total Nacional;16 años;Cuarto;2019;0
Total Nacional;16 años;Cuarto;2018;0
Total Nacional;16 años;Cuarto;2017;0
Total Nacional;16 años;Cuarto;2016;0
Total Nacional;16 años;Cuarto;2015;0
Total Nacional;16 años;Quinto;2024;0
Total Nacional;16 años;Quinto;2023;0
Total Nacional;16 años;Quinto;2022;0
Total Nacional;16 años;Quinto;2021;0
Total Nacional;16 años;Quinto;2020;0
Total Nacional;16 años;Quinto;2019;0
Total Nacional;16 años;Quinto;2018;0
Total Nacional;16 años;Quinto;2017;0
Total Nacional;16 años;Quinto;2016;0
Total Nacional;16 años;Quinto;2015;0
Total Nacional;16 años;Sexto;2024;0
Total Nacional;16 años;Sexto;2023;0
Total Nacional;16 años;Sexto;2022;0
Total Nacional;16 años;Sexto;2021;0
Total Nacional;16 años;Sexto;2020;0
Total Nacional;16 años;Sexto;2019;0
Total Nacional;16 años;Sexto;2018;0
Total Nacional;16 años;Sexto;2017;1
Total Nacional;16 años;Sexto;2016;0
Total Nacional;16 años;Sexto;2015;0
Total Nacional;16 años;Séptimo;2024;0
Total Nacional;16 años;Séptimo;2023;0
Total Nacional;16 años;Séptimo;2022;0
Total Nacional;16 años;Séptimo;2021;0
Total Nacional;16 años;Séptimo;2020;0
Total Nacional;16 años;Séptimo;2019;0
Total Nacional;16 años;Séptimo;2018;0
Total Nacional;16 años;Séptimo;2017;0
Total Nacional;16 años;Séptimo;2016;0
Total Nacional;16 años;Séptimo;2015;0
Total Nacional;16 años;Octavo;2024;0
Total Nacional;16 años;Octavo;2023;0
Total Nacional;16 años;Octavo;2022;0
Total Nacional;16 años;Octavo;2021;0
Total Nacional;16 años;Octavo;2020;0
Total Nacional;16 años;Octavo;2019;0
Total Nacional;16 años;Octavo;2018;0
Total Nacional;16 años;Octavo;2017;0
Total Nacional;16 años;Octavo;2016;0
Total Nacional;16 años;Octavo;2015;0
Total Nacional;16 años;Noveno;2024;0
Total Nacional;16 años;Noveno;2023;0
Total Nacional;16 años;Noveno;2022;0
Total Nacional;16 años;Noveno;2021;0
Total Nacional;16 años;Noveno;2020;0
Total Nacional;16 años;Noveno;2019;0
Total Nacional;16 años;Noveno;2018;0
Total Nacional;16 años;Noveno;2017;0
Total Nacional;16 años;Noveno;2016;0
Total Nacional;16 años;Noveno;2015;0
Total Nacional;16 años;Décimo y más;2024;0
Total Nacional;16 años;Décimo y más;2023;0
Total Nacional;16 años;Décimo y más;2022;0
Total Nacional;16 años;Décimo y más;2021;0
Total Nacional;16 años;Décimo y más;2020;0
Total Nacional;16 años;Décimo y más;2019;1
Total Nacional;16 años;Décimo y más;2018;0
Total Nacional;16 años;Décimo y más;2017;0
Total Nacional;16 años;Décimo y más;2016;0
Total Nacional;16 años;Décimo y más;2015;0
Total Nacional;17 años;Todos;2024;775
Total Nacional;17 años;Todos;2023;812
Total Nacional;17 años;Todos;2022;922
Total Nacional;17 años;Todos;2021;894
Total Nacional;17 años;Todos;2020;1.000
Total Nacional;17 años;Todos;2019;1.111
Total Nacional;17 años;Todos;2018;1.168
Total Nacional;17 años;Todos;2017;1.423
Total Nacional;17 años;Todos;2016;1.408
Total Nacional;17 años;Todos;2015;1.502
Total Nacional;17 años;Primero;2024;722
Total Nacional;17 años;Primero;2023;720
Total Nacional;17 años;Primero;2022;845
Total Nacional;17 años;Primero;2021;811
Total Nacional;17 años;Primero;2020;923
Total Nacional;17 años;Primero;2019;1.019
Total Nacional;17 años;Primero;2018;1.063
Total Nacional;17 años;Primero;2017;1.282
Total Nacional;17 años;Primero;2016;1.287
Total Nacional;17 años;Primero;2015;1.377
Total Nacional;17 años;Segundo;2024;52
Total Nacional;17 años;Segundo;2023;86
Total Nacional;17 años;Segundo;2022;73
Total Nacional;17 años;Segundo;2021;79
Total Nacional;17 años;Segundo;2020;71
Total Nacional;17 años;Segundo;2019;84
Total Nacional;17 años;Segundo;2018;103
Total Nacional;17 años;Segundo;2017;135
Total Nacional;17 años;Segundo;2016;115
Total Nacional;17 años;Segundo;2015;120
Total Nacional;17 años;Tercero;2024;1
Total Nacional;17 años;Tercero;2023;6
Total Nacional;17 años;Tercero;2022;3
Total Nacional;17 años;Tercero;2021;4
Total Nacional;17 años;Tercero;2020;6
Total Nacional;17 años;Tercero;2019;4
Total Nacional;17 años;Tercero;2018;2
Total Nacional;17 años;Tercero;2017;5
Total Nacional;17 años;Tercero;2016;6
Total Nacional;17 años;Tercero;2015;5
Total Nacional;17 años;Cuarto;2024;0
Total Nacional;17 años;Cuarto;2023;0
Total Nacional;17 años;Cuarto;2022;0
Total Nacional;17 años;Cuarto;2021;0
Total Nacional;17 años;Cuarto;2020;0
Total Nacional;17 años;Cuarto;2019;0
Total Nacional;17 años;Cuarto;2018;0
Total Nacional;17 años;Cuarto;2017;1
Total Nacional;17 años;Cuarto;2016;0
Total Nacional;17 años;Cuarto;2015;0
Total Nacional;17 años;Quinto;2024;0
Total Nacional;17 años;Quinto;2023;0
Total Nacional;17 años;Quinto;2022;0
Total Nacional;17 años;Quinto;2021;0
Total Nacional;17 años;Quinto;2020;0
Total Nacional;17 años;Quinto;2019;0
Total Nacional;17 años;Quinto;2018;0
Total Nacional;17 años;Quinto;2017;0
Total Nacional;17 años;Quinto;2016;0
Total Nacional;17 años;Quinto;2015;0
Total Nacional;17 años;Sexto;2024;0
Total Nacional;17 años;Sexto;2023;0
Total Nacional;17 años;Sexto;2022;0
Total Nacional;17 años;Sexto;2021;0
Total Nacional;17 años;Sexto;2020;0
Total Nacional;17 años;Sexto;2019;0
Total Nacional;17 años;Sexto;2018;0
Total Nacional;17 años;Sexto;2017;0
Total Nacional;17 años;Sexto;2016;0
Total Nacional;17 años;Sexto;2015;0
Total Nacional;17 años;Séptimo;2024;0
Total Nacional;17 años;Séptimo;2023;0
Total Nacional;17 años;Séptimo;2022;1
Total Nacional;17 años;Séptimo;2021;0
Total Nacional;17 años;Séptimo;2020;0
Total Nacional;17 años;Séptimo;2019;1
Total Nacional;17 años;Séptimo;2018;0
Total Nacional;17 años;Séptimo;2017;0
Total Nacional;17 años;Séptimo;2016;0
Total Nacional;17 años;Séptimo;2015;0
Total Nacional;17 años;Octavo;2024;0
Total Nacional;17 años;Octavo;2023;0
Total Nacional;17 años;Octavo;2022;0
Total Nacional;17 años;Octavo;2021;0
Total Nacional;17 años;Octavo;2020;0
Total Nacional;17 años;Octavo;2019;0
Total Nacional;17 años;Octavo;2018;0
Total Nacional;17 años;Octavo;2017;0
Total Nacional;17 años;Octavo;2016;0
Total Nacional;17 años;Octavo;2015;0
Total Nacional;17 años;Noveno;2024;0
Total Nacional;17 años;Noveno;2023;0
Total Nacional;17 años;Noveno;2022;0
Total Nacional;17 años;Noveno;2021;0
Total Nacional;17 años;Noveno;2020;0
Total Nacional;17 años;Noveno;2019;0
Total Nacional;17 años;Noveno;2018;0
Total Nacional;17 años;Noveno;2017;0
Total Nacional;17 años;Noveno;2016;0
Total Nacional;17 años;Noveno;2015;0
Total Nacional;17 años;Décimo y más;2024;0
Total Nacional;17 años;Décimo y más;2023;0
Total Nacional;17 años;Décimo y más;2022;0
Total Nacional;17 años;Décimo y más;2021;0
Total Nacional;17 años;Décimo y más;2020;0
Total Nacional;17 años;Décimo y más;2019;3
Total Nacional;17 años;Décimo y más;2018;0
Total Nacional;17 años;Décimo y más;2017;0
Total Nacional;17 años;Décimo y más;2016;0
Total Nacional;17 años;Décimo y más;2015;0
Total Nacional;18 años;Todos;2024;1.548
Total Nacional;18 años;Todos;2023;1.513
Total Nacional;18 años;Todos;2022;1.517
Total Nacional;18 años;Todos;2021;1.502
Total Nacional;18 años;Todos;2020;1.701
Total Nacional;18 años;Todos;2019;1.889
Total Nacional;18 años;Todos;2018;2.054
Total Nacional;18 años;Todos;2017;2.132
Total Nacional;18 años;Todos;2016;2.208
Total Nacional;18 años;Todos;2015;2.243
Total Nacional;18 años;Primero;2024;1.371
Total Nacional;18 años;Primero;2023;1.300
Total Nacional;18 años;Primero;2022;1.345
Total Nacional;18 años;Primero;2021;1.300
Total Nacional;18 años;Primero;2020;1.500
Total Nacional;18 años;Primero;2019;1.641
Total Nacional;18 años;Primero;2018;1.784
Total Nacional;18 años;Primero;2017;1.850
Total Nacional;18 años;Primero;2016;1.902
Total Nacional;18 años;Primero;2015;1.976
Total Nacional;18 años;Segundo;2024;166
Total Nacional;18 años;Segundo;2023;198
Total Nacional;18 años;Segundo;2022;159
Total Nacional;18 años;Segundo;2021;190
Total Nacional;18 años;Segundo;2020;193
Total Nacional;18 años;Segundo;2019;231
Total Nacional;18 años;Segundo;2018;249
Total Nacional;18 años;Segundo;2017;258
Total Nacional;18 años;Segundo;2016;284
Total Nacional;18 años;Segundo;2015;255
Total Nacional;18 años;Tercero;2024;10
Total Nacional;18 años;Tercero;2023;15
Total Nacional;18 años;Tercero;2022;10
Total Nacional;18 años;Tercero;2021;10
Total Nacional;18 años;Tercero;2020;8
Total Nacional;18 años;Tercero;2019;15
Total Nacional;18 años;Tercero;2018;21
Total Nacional;18 años;Tercero;2017;20
Total Nacional;18 años;Tercero;2016;22
Total Nacional;18 años;Tercero;2015;12
Total Nacional;18 años;Cuarto;2024;1
Total Nacional;18 años;Cuarto;2023;0
Total Nacional;18 años;Cuarto;2022;3
Total Nacional;18 años;Cuarto;2021;2
Total Nacional;18 años;Cuarto;2020;0
Total Nacional;18 años;Cuarto;2019;1
Total Nacional;18 años;Cuarto;2018;0
Total Nacional;18 años;Cuarto;2017;3
Total Nacional;18 años;Cuarto;2016;0
Total Nacional;18 años;Cuarto;2015;0
Total Nacional;18 años;Quinto;2024;0
Total Nacional;18 años;Quinto;2023;0
Total Nacional;18 años;Quinto;2022;0
Total Nacional;18 años;Quinto;2021;0
Total Nacional;18 años;Quinto;2020;0
Total Nacional;18 años;Quinto;2019;0
Total Nacional;18 años;Quinto;2018;0
Total Nacional;18 años;Quinto;2017;1
Total Nacional;18 años;Quinto;2016;0
Total Nacional;18 años;Quinto;2015;0
Total Nacional;18 años;Sexto;2024;0
Total Nacional;18 años;Sexto;2023;0
Total Nacional;18 años;Sexto;2022;0
Total Nacional;18 años;Sexto;2021;0
Total Nacional;18 años;Sexto;2020;0
Total Nacional;18 años;Sexto;2019;0
Total Nacional;18 años;Sexto;2018;0
Total Nacional;18 años;Sexto;2017;0
Total Nacional;18 años;Sexto;2016;0
Total Nacional;18 años;Sexto;2015;0
Total Nacional;18 años;Séptimo;2024;0
Total Nacional;18 años;Séptimo;2023;0
Total Nacional;18 años;Séptimo;2022;0
Total Nacional;18 años;Séptimo;2021;0
Total Nacional;18 años;Séptimo;2020;0
Total Nacional;18 años;Séptimo;2019;0
Total Nacional;18 años;Séptimo;2018;0
Total Nacional;18 años;Séptimo;2017;0
Total Nacional;18 años;Séptimo;2016;0
Total Nacional;18 años;Séptimo;2015;0
Total Nacional;18 años;Octavo;2024;0
Total Nacional;18 años;Octavo;2023;0
Total Nacional;18 años;Octavo;2022;0
Total Nacional;18 años;Octavo;2021;0
Total Nacional;18 años;Octavo;2020;0
Total Nacional;18 años;Octavo;2019;0
Total Nacional;18 años;Octavo;2018;0
Total Nacional;18 años;Octavo;2017;0
Total Nacional;18 años;Octavo;2016;0
Total Nacional;18 años;Octavo;2015;0
Total Nacional;18 años;Noveno;2024;0
Total Nacional;18 años;Noveno;2023;0
Total Nacional;18 años;Noveno;2022;0
Total Nacional;18 años;Noveno;2021;0
Total Nacional;18 años;Noveno;2020;0
Total Nacional;18 años;Noveno;2019;0
Total Nacional;18 años;Noveno;2018;0
Total Nacional;18 años;Noveno;2017;0
Total Nacional;18 años;Noveno;2016;0
Total Nacional;18 años;Noveno;2015;0
Total Nacional;18 años;Décimo y más;2024;0
Total Nacional;18 años;Décimo y más;2023;0
Total Nacional;18 años;Décimo y más;2022;0
Total Nacional;18 años;Décimo y más;2021;0
Total Nacional;18 años;Décimo y más;2020;0
Total Nacional;18 años;Décimo y más;2019;1
Total Nacional;18 años;Décimo y más;2018;0
Total Nacional;18 años;Décimo y más;2017;0
Total Nacional;18 años;Décimo y más;2016;0
Total Nacional;18 años;Décimo y más;2015;0
Total Nacional;19 años;Todos;2024;2.465
Total Nacional;19 años;Todos;2023;2.486
Total Nacional;19 años;Todos;2022;2.514
Total Nacional;19 años;Todos;2021;2.393
Total Nacional;19 años;Todos;2020;2.772
Total Nacional;19 años;Todos;2019;3.059
Total Nacional;19 años;Todos;2018;2.867
Total Nacional;19 años;Todos;2017;3.120
Total Nacional;19 años;Todos;2016;3.152
Total Nacional;19 años;Todos;2015;3.261
Total Nacional;19 años;Primero;2024;2.116
Total Nacional;19 años;Primero;2023;2.066
Total Nacional;19 años;Primero;2022;2.109
Total Nacional;19 años;Primero;2021;1.971
Total Nacional;19 años;Primero;2020;2.352
Total Nacional;19 años;Primero;2019;2.553
Total Nacional;19 años;Primero;2018;2.367
Total Nacional;19 años;Primero;2017;2.568
Total Nacional;19 años;Primero;2016;2.665
Total Nacional;19 años;Primero;2015;2.719
Total Nacional;19 años;Segundo;2024;318
Total Nacional;19 años;Segundo;2023;375
Total Nacional;19 años;Segundo;2022;364
Total Nacional;19 años;Segundo;2021;379
Total Nacional;19 años;Segundo;2020;374
Total Nacional;19 años;Segundo;2019;445
Total Nacional;19 años;Segundo;2018;453
Total Nacional;19 años;Segundo;2017;491
Total Nacional;19 años;Segundo;2016;440
Total Nacional;19 años;Segundo;2015;490
Total Nacional;19 años;Tercero;2024;30
Total Nacional;19 años;Tercero;2023;40
Total Nacional;19 años;Tercero;2022;39
Total Nacional;19 años;Tercero;2021;42
Total Nacional;19 años;Tercero;2020;43
Total Nacional;19 años;Tercero;2019;57
Total Nacional;19 años;Tercero;2018;46
Total Nacional;19 años;Tercero;2017;58
Total Nacional;19 años;Tercero;2016;47
Total Nacional;19 años;Tercero;2015;52
Total Nacional;19 años;Cuarto;2024;1
Total Nacional;19 años;Cuarto;2023;5
Total Nacional;19 años;Cuarto;2022;1
Total Nacional;19 años;Cuarto;2021;1
Total Nacional;19 años;Cuarto;2020;2
Total Nacional;19 años;Cuarto;2019;3
Total Nacional;19 años;Cuarto;2018;1
Total Nacional;19 años;Cuarto;2017;1
Total Nacional;19 años;Cuarto;2016;0
Total Nacional;19 años;Cuarto;2015;0
Total Nacional;19 años;Quinto;2024;0
Total Nacional;19 años;Quinto;2023;0
Total Nacional;19 años;Quinto;2022;0
Total Nacional;19 años;Quinto;2021;0
Total Nacional;19 años;Quinto;2020;1
Total Nacional;19 años;Quinto;2019;0
Total Nacional;19 años;Quinto;2018;0
Total Nacional;19 años;Quinto;2017;1
Total Nacional;19 años;Quinto;2016;0
Total Nacional;19 años;Quinto;2015;0
Total Nacional;19 años;Sexto;2024;0
Total Nacional;19 años;Sexto;2023;0
Total Nacional;19 años;Sexto;2022;1
Total Nacional;19 años;Sexto;2021;0
Total Nacional;19 años;Sexto;2020;0
Total Nacional;19 años;Sexto;2019;0
Total Nacional;19 años;Sexto;2018;0
Total Nacional;19 años;Sexto;2017;0
Total Nacional;19 años;Sexto;2016;0
Total Nacional;19 años;Sexto;2015;0
Total Nacional;19 años;Séptimo;2024;0
Total Nacional;19 años;Séptimo;2023;0
Total Nacional;19 años;Séptimo;2022;0
Total Nacional;19 años;Séptimo;2021;0
Total Nacional;19 años;Séptimo;2020;0
Total Nacional;19 años;Séptimo;2019;0
Total Nacional;19 años;Séptimo;2018;0
Total Nacional;19 años;Séptimo;2017;1
Total Nacional;19 años;Séptimo;2016;0
Total Nacional;19 años;Séptimo;2015;0
Total Nacional;19 años;Octavo;2024;0
Total Nacional;19 años;Octavo;2023;0
Total Nacional;19 años;Octavo;2022;0
Total Nacional;19 años;Octavo;2021;0
Total Nacional;19 años;Octavo;2020;0
Total Nacional;19 años;Octavo;2019;0
Total Nacional;19 años;Octavo;2018;0
Total Nacional;19 años;Octavo;2017;0
Total Nacional;19 años;Octavo;2016;0
Total Nacional;19 años;Octavo;2015;0
Total Nacional;19 años;Noveno;2024;0
Total Nacional;19 años;Noveno;2023;0
Total Nacional;19 años;Noveno;2022;0
Total Nacional;19 años;Noveno;2021;0
Total Nacional;19 años;Noveno;2020;0
Total Nacional;19 años;Noveno;2019;0
Total Nacional;19 años;Noveno;2018;0
Total Nacional;19 años;Noveno;2017;0
Total Nacional;19 años;Noveno;2016;0
Total Nacional;19 años;Noveno;2015;0
Total Nacional;19 años;Décimo y más;2024;0
Total Nacional;19 años;Décimo y más;2023;0
Total Nacional;19 años;Décimo y más;2022;0
Total Nacional;19 años;Décimo y más;2021;0
Total Nacional;19 años;Décimo y más;2020;0
Total Nacional;19 años;Décimo y más;2019;1
Total Nacional;19 años;Décimo y más;2018;0
Total Nacional;19 años;Décimo y más;2017;0
Total Nacional;19 años;Décimo y más;2016;0
Total Nacional;19 años;Décimo y más;2015;0
Total Nacional;20 años;Todos;2024;3.300
Total Nacional;20 años;Todos;2023;3.267
Total Nacional;20 años;Todos;2022;3.227
Total Nacional;20 años;Todos;2021;3.200
Total Nacional;20 años;Todos;2020;3.768
Total Nacional;20 años;Todos;2019;3.792
Total Nacional;20 años;Todos;2018;3.782
Total Nacional;20 años;Todos;2017;3.837
Total Nacional;20 años;Todos;2016;4.014
Total Nacional;20 años;Todos;2015;4.077
Total Nacional;20 años;Primero;2024;2.660
Total Nacional;20 años;Primero;2023;2.599
Total Nacional;20 años;Primero;2022;2.519
Total Nacional;20 años;Primero;2021;2.462
Total Nacional;20 años;Primero;2020;2.956
Total Nacional;20 años;Primero;2019;2.953
Total Nacional;20 años;Primero;2018;2.936
Total Nacional;20 años;Primero;2017;2.967
Total Nacional;20 años;Primero;2016;3.152
Total Nacional;20 años;Primero;2015;3.231
Total Nacional;20 años;Segundo;2024;578
Total Nacional;20 años;Segundo;2023;596
Total Nacional;20 años;Segundo;2022;620
Total Nacional;20 años;Segundo;2021;654
Total Nacional;20 años;Segundo;2020;714
Total Nacional;20 años;Segundo;2019;728
Total Nacional;20 años;Segundo;2018;734
Total Nacional;20 años;Segundo;2017;768
Total Nacional;20 años;Segundo;2016;764
Total Nacional;20 años;Segundo;2015;748
Total Nacional;20 años;Tercero;2024;57
Total Nacional;20 años;Tercero;2023;60
Total Nacional;20 años;Tercero;2022;81
Total Nacional;20 años;Tercero;2021;74
Total Nacional;20 años;Tercero;2020;92
Total Nacional;20 años;Tercero;2019;102
Total Nacional;20 años;Tercero;2018;93
Total Nacional;20 años;Tercero;2017;94
Total Nacional;20 años;Tercero;2016;88
Total Nacional;20 años;Tercero;2015;83
Total Nacional;20 años;Cuarto;2024;5
Total Nacional;20 años;Cuarto;2023;11
Total Nacional;20 años;Cuarto;2022;7
Total Nacional;20 años;Cuarto;2021;10
Total Nacional;20 años;Cuarto;2020;6
Total Nacional;20 años;Cuarto;2019;8
Total Nacional;20 años;Cuarto;2018;15
Total Nacional;20 años;Cuarto;2017;6
Total Nacional;20 años;Cuarto;2016;9
Total Nacional;20 años;Cuarto;2015;15
Total Nacional;20 años;Quinto;2024;0
Total Nacional;20 años;Quinto;2023;1
Total Nacional;20 años;Quinto;2022;0
Total Nacional;20 años;Quinto;2021;0
Total Nacional;20 años;Quinto;2020;0
Total Nacional;20 años;Quinto;2019;1
Total Nacional;20 años;Quinto;2018;3
Total Nacional;20 años;Quinto;2017;0
Total Nacional;20 años;Quinto;2016;1
Total Nacional;20 años;Quinto;2015;0
Total Nacional;20 años;Sexto;2024;0
Total Nacional;20 años;Sexto;2023;0
Total Nacional;20 años;Sexto;2022;0
Total Nacional;20 años;Sexto;2021;0
Total Nacional;20 años;Sexto;2020;0
Total Nacional;20 años;Sexto;2019;0
Total Nacional;20 años;Sexto;2018;1
Total Nacional;20 años;Sexto;2017;1
Total Nacional;20 años;Sexto;2016;0
Total Nacional;20 años;Sexto;2015;0
Total Nacional;20 años;Séptimo;2024;0
Total Nacional;20 años;Séptimo;2023;0
Total Nacional;20 años;Séptimo;2022;0
Total Nacional;20 años;Séptimo;2021;0
Total Nacional;20 años;Séptimo;2020;0
Total Nacional;20 años;Séptimo;2019;0
Total Nacional;20 años;Séptimo;2018;0
Total Nacional;20 años;Séptimo;2017;0
Total Nacional;20 años;Séptimo;2016;0
Total Nacional;20 años;Séptimo;2015;0
Total Nacional;20 años;Octavo;2024;0
Total Nacional;20 años;Octavo;2023;0
Total Nacional;20 años;Octavo;2022;0
Total Nacional;20 años;Octavo;2021;0
Total Nacional;20 años;Octavo;2020;0
Total Nacional;20 años;Octavo;2019;0
Total Nacional;20 años;Octavo;2018;0
Total Nacional;20 años;Octavo;2017;1
Total Nacional;20 años;Octavo;2016;0
Total Nacional;20 años;Octavo;2015;0
Total Nacional;20 años;Noveno;2024;0
Total Nacional;20 años;Noveno;2023;0
Total Nacional;20 años;Noveno;2022;0
Total Nacional;20 años;Noveno;2021;0
Total Nacional;20 años;Noveno;2020;0
Total Nacional;20 años;Noveno;2019;0
Total Nacional;20 años;Noveno;2018;0
Total Nacional;20 años;Noveno;2017;0
Total Nacional;20 años;Noveno;2016;0
Total Nacional;20 años;Noveno;2015;0
Total Nacional;20 años;Décimo y más;2024;0
Total Nacional;20 años;Décimo y más;2023;0
Total Nacional;20 años;Décimo y más;2022;0
Total Nacional;20 años;Décimo y más;2021;0
Total Nacional;20 años;Décimo y más;2020;0
Total Nacional;20 años;Décimo y más;2019;0
Total Nacional;20 años;Décimo y más;2018;0
Total Nacional;20 años;Décimo y más;2017;0
Total Nacional;20 años;Décimo y más;2016;0
Total Nacional;20 años;Décimo y más;2015;0
Total Nacional;21 años;Todos;2024;4.224
Total Nacional;21 años;Todos;2023;3.995
Total Nacional;21 años;Todos;2022;4.137
Total Nacional;21 años;Todos;2021;4.057
Total Nacional;21 años;Todos;2020;4.446
Total Nacional;21 años;Todos;2019;4.632
Total Nacional;21 años;Todos;2018;4.587
Total Nacional;21 años;Todos;2017;4.657
Total Nacional;21 años;Todos;2016;4.707
Total Nacional;21 años;Todos;2015;4.803
Total Nacional;21 años;Primero;2024;3.170
Total Nacional;21 años;Primero;2023;2.991
Total Nacional;21 años;Primero;2022;2.976
Total Nacional;21 años;Primero;2021;2.916
Total Nacional;21 años;Primero;2020;3.246
Total Nacional;21 años;Primero;2019;3.322
Total Nacional;21 años;Primero;2018;3.291
Total Nacional;21 años;Primero;2017;3.386
Total Nacional;21 años;Primero;2016;3.445
Total Nacional;21 años;Primero;2015;3.567
Total Nacional;21 años;Segundo;2024;913
Total Nacional;21 años;Segundo;2023;888
Total Nacional;21 años;Segundo;2022;965
Total Nacional;21 años;Segundo;2021;973
Total Nacional;21 años;Segundo;2020;1.009
Total Nacional;21 años;Segundo;2019;1.119
Total Nacional;21 años;Segundo;2018;1.107
Total Nacional;21 años;Segundo;2017;1.090
Total Nacional;21 años;Segundo;2016;1.104
Total Nacional;21 años;Segundo;2015;1.063
Total Nacional;21 años;Tercero;2024;127
Total Nacional;21 años;Tercero;2023;106
Total Nacional;21 años;Tercero;2022;176
Total Nacional;21 años;Tercero;2021;141
Total Nacional;21 años;Tercero;2020;162
Total Nacional;21 años;Tercero;2019;168
Total Nacional;21 años;Tercero;2018;164
Total Nacional;21 años;Tercero;2017;163
Total Nacional;21 años;Tercero;2016;143
Total Nacional;21 años;Tercero;2015;154
Total Nacional;21 años;Cuarto;2024;11
Total Nacional;21 años;Cuarto;2023;10
Total Nacional;21 años;Cuarto;2022;15
Total Nacional;21 años;Cuarto;2021;23
Total Nacional;21 años;Cuarto;2020;27
Total Nacional;21 años;Cuarto;2019;21
Total Nacional;21 años;Cuarto;2018;22
Total Nacional;21 años;Cuarto;2017;16
Total Nacional;21 años;Cuarto;2016;14
Total Nacional;21 años;Cuarto;2015;17
Total Nacional;21 años;Quinto;2024;3
Total Nacional;21 años;Quinto;2023;0
Total Nacional;21 años;Quinto;2022;4
Total Nacional;21 años;Quinto;2021;4
Total Nacional;21 años;Quinto;2020;2
Total Nacional;21 años;Quinto;2019;2
Total Nacional;21 años;Quinto;2018;3
Total Nacional;21 años;Quinto;2017;2
Total Nacional;21 años;Quinto;2016;1
Total Nacional;21 años;Quinto;2015;2
Total Nacional;21 años;Sexto;2024;0
Total Nacional;21 años;Sexto;2023;0
Total Nacional;21 años;Sexto;2022;1
Total Nacional;21 años;Sexto;2021;0
Total Nacional;21 años;Sexto;2020;0
Total Nacional;21 años;Sexto;2019;0
Total Nacional;21 años;Sexto;2018;0
Total Nacional;21 años;Sexto;2017;0
Total Nacional;21 años;Sexto;2016;0
Total Nacional;21 años;Sexto;2015;0
Total Nacional;21 años;Séptimo;2024;0
Total Nacional;21 años;Séptimo;2023;0
Total Nacional;21 años;Séptimo;2022;0
Total Nacional;21 años;Séptimo;2021;0
Total Nacional;21 años;Séptimo;2020;0
Total Nacional;21 años;Séptimo;2019;0
Total Nacional;21 años;Séptimo;2018;0
Total Nacional;21 años;Séptimo;2017;0
Total Nacional;21 años;Séptimo;2016;0
Total Nacional;21 años;Séptimo;2015;0
Total Nacional;21 años;Octavo;2024;0
Total Nacional;21 años;Octavo;2023;0
Total Nacional;21 años;Octavo;2022;0
Total Nacional;21 años;Octavo;2021;0
Total Nacional;21 años;Octavo;2020;0
Total Nacional;21 años;Octavo;2019;0
Total Nacional;21 años;Octavo;2018;0
Total Nacional;21 años;Octavo;2017;0
Total Nacional;21 años;Octavo;2016;0
Total Nacional;21 años;Octavo;2015;0
Total Nacional;21 años;Noveno;2024;0
Total Nacional;21 años;Noveno;2023;0
Total Nacional;21 años;Noveno;2022;0
Total Nacional;21 años;Noveno;2021;0
Total Nacional;21 años;Noveno;2020;0
Total Nacional;21 años;Noveno;2019;0
Total Nacional;21 años;Noveno;2018;0
Total Nacional;21 años;Noveno;2017;0
Total Nacional;21 años;Noveno;2016;0
Total Nacional;21 años;Noveno;2015;0
Total Nacional;21 años;Décimo y más;2024;0
Total Nacional;21 años;Décimo y más;2023;0
Total Nacional;21 años;Décimo y más;2022;0
Total Nacional;21 años;Décimo y más;2021;0
Total Nacional;21 años;Décimo y más;2020;0
Total Nacional;21 años;Décimo y más;2019;0
Total Nacional;21 años;Décimo y más;2018;0
Total Nacional;21 años;Décimo y más;2017;0
Total Nacional;21 años;Décimo y más;2016;0
Total Nacional;21 años;Décimo y más;2015;0
Total Nacional;22 años;Todos;2024;4.952
Total Nacional;22 años;Todos;2023;4.942
Total Nacional;22 años;Todos;2022;4.957
Total Nacional;22 años;Todos;2021;4.715
Total Nacional;22 años;Todos;2020;5.260
Total Nacional;22 años;Todos;2019;5.368
Total Nacional;22 años;Todos;2018;5.318
Total Nacional;22 años;Todos;2017;5.489
Total Nacional;22 años;Todos;2016;5.409
Total Nacional;22 años;Todos;2015;5.796
Total Nacional;22 años;Primero;2024;3.411
Total Nacional;22 años;Primero;2023;3.414
Total Nacional;22 años;Primero;2022;3.352
Total Nacional;22 años;Primero;2021;3.084
Total Nacional;22 años;Primero;2020;3.588
Total Nacional;22 años;Primero;2019;3.618
Total Nacional;22 años;Primero;2018;3.601
Total Nacional;22 años;Primero;2017;3.724
Total Nacional;22 años;Primero;2016;3.706
Total Nacional;22 años;Primero;2015;4.005
Total Nacional;22 años;Segundo;2024;1.317
Total Nacional;22 años;Segundo;2023;1.289
Total Nacional;22 años;Segundo;2022;1.304
Total Nacional;22 años;Segundo;2021;1.362
Total Nacional;22 años;Segundo;2020;1.385
Total Nacional;22 años;Segundo;2019;1.443
Total Nacional;22 años;Segundo;2018;1.436
Total Nacional;22 años;Segundo;2017;1.501
Total Nacional;22 años;Segundo;2016;1.431
Total Nacional;22 años;Segundo;2015;1.494
Total Nacional;22 años;Tercero;2024;197
Total Nacional;22 años;Tercero;2023;196
Total Nacional;22 años;Tercero;2022;258
Total Nacional;22 años;Tercero;2021;216
Total Nacional;22 años;Tercero;2020;249
Total Nacional;22 años;Tercero;2019;262
Total Nacional;22 años;Tercero;2018;240
Total Nacional;22 años;Tercero;2017;232
Total Nacional;22 años;Tercero;2016;234
Total Nacional;22 años;Tercero;2015;260
Total Nacional;22 años;Cuarto;2024;26
Total Nacional;22 años;Cuarto;2023;39
Total Nacional;22 años;Cuarto;2022;41
Total Nacional;22 años;Cuarto;2021;48
Total Nacional;22 años;Cuarto;2020;32
Total Nacional;22 años;Cuarto;2019;38
Total Nacional;22 años;Cuarto;2018;33
Total Nacional;22 años;Cuarto;2017;26
Total Nacional;22 años;Cuarto;2016;32
Total Nacional;22 años;Cuarto;2015;35
Total Nacional;22 años;Quinto;2024;0
Total Nacional;22 años;Quinto;2023;3
Total Nacional;22 años;Quinto;2022;2
Total Nacional;22 años;Quinto;2021;4
Total Nacional;22 años;Quinto;2020;2
Total Nacional;22 años;Quinto;2019;3
Total Nacional;22 años;Quinto;2018;7
Total Nacional;22 años;Quinto;2017;5
Total Nacional;22 años;Quinto;2016;6
Total Nacional;22 años;Quinto;2015;2
Total Nacional;22 años;Sexto;2024;0
Total Nacional;22 años;Sexto;2023;1
Total Nacional;22 años;Sexto;2022;0
Total Nacional;22 años;Sexto;2021;1
Total Nacional;22 años;Sexto;2020;3
Total Nacional;22 años;Sexto;2019;1
Total Nacional;22 años;Sexto;2018;1
Total Nacional;22 años;Sexto;2017;1
Total Nacional;22 años;Sexto;2016;0
Total Nacional;22 años;Sexto;2015;0
Total Nacional;22 años;Séptimo;2024;1
Total Nacional;22 años;Séptimo;2023;0
Total Nacional;22 años;Séptimo;2022;0
Total Nacional;22 años;Séptimo;2021;0
Total Nacional;22 años;Séptimo;2020;1
Total Nacional;22 años;Séptimo;2019;0
Total Nacional;22 años;Séptimo;2018;0
Total Nacional;22 años;Séptimo;2017;0
Total Nacional;22 años;Séptimo;2016;0
Total Nacional;22 años;Séptimo;2015;0
Total Nacional;22 años;Octavo;2024;0
Total Nacional;22 años;Octavo;2023;0
Total Nacional;22 años;Octavo;2022;0
Total Nacional;22 años;Octavo;2021;0
Total Nacional;22 años;Octavo;2020;0
Total Nacional;22 años;Octavo;2019;0
Total Nacional;22 años;Octavo;2018;0
Total Nacional;22 años;Octavo;2017;0
Total Nacional;22 años;Octavo;2016;0
Total Nacional;22 años;Octavo;2015;0
Total Nacional;22 años;Noveno;2024;0
Total Nacional;22 años;Noveno;2023;0
Total Nacional;22 años;Noveno;2022;0
Total Nacional;22 años;Noveno;2021;0
Total Nacional;22 años;Noveno;2020;0
Total Nacional;22 años;Noveno;2019;0
Total Nacional;22 años;Noveno;2018;0
Total Nacional;22 años;Noveno;2017;0
Total Nacional;22 años;Noveno;2016;0
Total Nacional;22 años;Noveno;2015;0
Total Nacional;22 años;Décimo y más;2024;0
Total Nacional;22 años;Décimo y más;2023;0
Total Nacional;22 años;Décimo y más;2022;0
Total Nacional;22 años;Décimo y más;2021;0
Total Nacional;22 años;Décimo y más;2020;0
Total Nacional;22 años;Décimo y más;2019;3
Total Nacional;22 años;Décimo y más;2018;0
Total Nacional;22 años;Décimo y más;2017;0
Total Nacional;22 años;Décimo y más;2016;0
Total Nacional;22 años;Décimo y más;2015;0
Total Nacional;23 años;Todos;2024;5.972
Total Nacional;23 años;Todos;2023;6.036
Total Nacional;23 años;Todos;2022;5.686
Total Nacional;23 años;Todos;2021;5.488
Total Nacional;23 años;Todos;2020;5.821
Total Nacional;23 años;Todos;2019;6.262
Total Nacional;23 años;Todos;2018;6.232
Total Nacional;23 años;Todos;2017;6.416
Total Nacional;23 años;Todos;2016;6.770
Total Nacional;23 años;Todos;2015;6.809
Total Nacional;23 años;Primero;2024;3.892
Total Nacional;23 años;Primero;2023;3.888
Total Nacional;23 años;Primero;2022;3.602
Total Nacional;23 años;Primero;2021;3.388
Total Nacional;23 años;Primero;2020;3.722
Total Nacional;23 años;Primero;2019;3.925
Total Nacional;23 años;Primero;2018;3.923
Total Nacional;23 años;Primero;2017;4.106
Total Nacional;23 años;Primero;2016;4.300
Total Nacional;23 años;Primero;2015;4.460
Total Nacional;23 años;Segundo;2024;1.713
Total Nacional;23 años;Segundo;2023;1.736
Total Nacional;23 años;Segundo;2022;1.657
Total Nacional;23 años;Segundo;2021;1.670
Total Nacional;23 años;Segundo;2020;1.672
Total Nacional;23 años;Segundo;2019;1.864
Total Nacional;23 años;Segundo;2018;1.879
Total Nacional;23 años;Segundo;2017;1.876
Total Nacional;23 años;Segundo;2016;2.029
Total Nacional;23 años;Segundo;2015;1.931
Total Nacional;23 años;Tercero;2024;304
Total Nacional;23 años;Tercero;2023;336
Total Nacional;23 años;Tercero;2022;352
Total Nacional;23 años;Tercero;2021;355
Total Nacional;23 años;Tercero;2020;363
Total Nacional;23 años;Tercero;2019;414
Total Nacional;23 años;Tercero;2018;362
Total Nacional;23 años;Tercero;2017;359
Total Nacional;23 años;Tercero;2016;372
Total Nacional;23 años;Tercero;2015;349
Total Nacional;23 años;Cuarto;2024;46
Total Nacional;23 años;Cuarto;2023;65
Total Nacional;23 años;Cuarto;2022;67
Total Nacional;23 años;Cuarto;2021;63
Total Nacional;23 años;Cuarto;2020;56
Total Nacional;23 años;Cuarto;2019;46
Total Nacional;23 años;Cuarto;2018;57
Total Nacional;23 años;Cuarto;2017;66
Total Nacional;23 años;Cuarto;2016;61
Total Nacional;23 años;Cuarto;2015;53
Total Nacional;23 años;Quinto;2024;14
Total Nacional;23 años;Quinto;2023;10
Total Nacional;23 años;Quinto;2022;7
Total Nacional;23 años;Quinto;2021;11
Total Nacional;23 años;Quinto;2020;8
Total Nacional;23 años;Quinto;2019;9
Total Nacional;23 años;Quinto;2018;9
Total Nacional;23 años;Quinto;2017;7
Total Nacional;23 años;Quinto;2016;8
Total Nacional;23 años;Quinto;2015;16
Total Nacional;23 años;Sexto;2024;1
Total Nacional;23 años;Sexto;2023;1
Total Nacional;23 años;Sexto;2022;1
Total Nacional;23 años;Sexto;2021;0
Total Nacional;23 años;Sexto;2020;0
Total Nacional;23 años;Sexto;2019;2
Total Nacional;23 años;Sexto;2018;1
Total Nacional;23 años;Sexto;2017;2
Total Nacional;23 años;Sexto;2016;0
Total Nacional;23 años;Sexto;2015;0
Total Nacional;23 años;Séptimo;2024;2
Total Nacional;23 años;Séptimo;2023;0
Total Nacional;23 años;Séptimo;2022;0
Total Nacional;23 años;Séptimo;2021;1
Total Nacional;23 años;Séptimo;2020;0
Total Nacional;23 años;Séptimo;2019;0
Total Nacional;23 años;Séptimo;2018;1
Total Nacional;23 años;Séptimo;2017;0
Total Nacional;23 años;Séptimo;2016;0
Total Nacional;23 años;Séptimo;2015;0
Total Nacional;23 años;Octavo;2024;0
Total Nacional;23 años;Octavo;2023;0
Total Nacional;23 años;Octavo;2022;0
Total Nacional;23 años;Octavo;2021;0
Total Nacional;23 años;Octavo;2020;0
Total Nacional;23 años;Octavo;2019;0
Total Nacional;23 años;Octavo;2018;0
Total Nacional;23 años;Octavo;2017;0
Total Nacional;23 años;Octavo;2016;0
Total Nacional;23 años;Octavo;2015;0
Total Nacional;23 años;Noveno;2024;0
Total Nacional;23 años;Noveno;2023;0
Total Nacional;23 años;Noveno;2022;0
Total Nacional;23 años;Noveno;2021;0
Total Nacional;23 años;Noveno;2020;0
Total Nacional;23 años;Noveno;2019;1
Total Nacional;23 años;Noveno;2018;0
Total Nacional;23 años;Noveno;2017;0
Total Nacional;23 años;Noveno;2016;0
Total Nacional;23 años;Noveno;2015;0
Total Nacional;23 años;Décimo y más;2024;0
Total Nacional;23 años;Décimo y más;2023;0
Total Nacional;23 años;Décimo y más;2022;0
Total Nacional;23 años;Décimo y más;2021;0
Total Nacional;23 años;Décimo y más;2020;0
Total Nacional;23 años;Décimo y más;2019;1
Total Nacional;23 años;Décimo y más;2018;0
Total Nacional;23 años;Décimo y más;2017;0
Total Nacional;23 años;Décimo y más;2016;0
Total Nacional;23 años;Décimo y más;2015;0
Total Nacional;24 años;Todos;2024;7.198
Total Nacional;24 años;Todos;2023;6.825
Total Nacional;24 años;Todos;2022;6.427
Total Nacional;24 años;Todos;2021;6.321
Total Nacional;24 años;Todos;2020;6.975
Total Nacional;24 años;Todos;2019;7.408
Total Nacional;24 años;Todos;2018;7.298
Total Nacional;24 años;Todos;2017;7.800
Total Nacional;24 años;Todos;2016;7.975
Total Nacional;24 años;Todos;2015;8.351
Total Nacional;24 años;Primero;2024;4.476
Total Nacional;24 años;Primero;2023;4.160
Total Nacional;24 años;Primero;2022;3.938
Total Nacional;24 años;Primero;2021;3.703
Total Nacional;24 años;Primero;2020;4.259
Total Nacional;24 años;Primero;2019;4.532
Total Nacional;24 años;Primero;2018;4.447
Total Nacional;24 años;Primero;2017;4.765
Total Nacional;24 años;Primero;2016;5.044
Total Nacional;24 años;Primero;2015;5.267
Total Nacional;24 años;Segundo;2024;2.181
Total Nacional;24 años;Segundo;2023;2.088
Total Nacional;24 años;Segundo;2022;1.948
Total Nacional;24 años;Segundo;2021;2.010
Total Nacional;24 años;Segundo;2020;2.107
Total Nacional;24 años;Segundo;2019;2.285
Total Nacional;24 años;Segundo;2018;2.276
Total Nacional;24 años;Segundo;2017;2.361
Total Nacional;24 años;Segundo;2016;2.329
Total Nacional;24 años;Segundo;2015;2.473
Total Nacional;24 años;Tercero;2024;445
Total Nacional;24 años;Tercero;2023;474
Total Nacional;24 años;Tercero;2022;441
Total Nacional;24 años;Tercero;2021;502
Total Nacional;24 años;Tercero;2020;509
Total Nacional;24 años;Tercero;2019;489
Total Nacional;24 años;Tercero;2018;488
Total Nacional;24 años;Tercero;2017;550
Total Nacional;24 años;Tercero;2016;506
Total Nacional;24 años;Tercero;2015;512
Total Nacional;24 años;Cuarto;2024;78
Total Nacional;24 años;Cuarto;2023;85
Total Nacional;24 años;Cuarto;2022;86
Total Nacional;24 años;Cuarto;2021;91
Total Nacional;24 años;Cuarto;2020;87
Total Nacional;24 años;Cuarto;2019;89
Total Nacional;24 años;Cuarto;2018;79
Total Nacional;24 años;Cuarto;2017;101
Total Nacional;24 años;Cuarto;2016;78
Total Nacional;24 años;Cuarto;2015;87
Total Nacional;24 años;Quinto;2024;15
Total Nacional;24 años;Quinto;2023;12
Total Nacional;24 años;Quinto;2022;12
Total Nacional;24 años;Quinto;2021;13
Total Nacional;24 años;Quinto;2020;9
Total Nacional;24 años;Quinto;2019;10
Total Nacional;24 años;Quinto;2018;7
Total Nacional;24 años;Quinto;2017;19
Total Nacional;24 años;Quinto;2016;18
Total Nacional;24 años;Quinto;2015;12
Total Nacional;24 años;Sexto;2024;3
Total Nacional;24 años;Sexto;2023;6
Total Nacional;24 años;Sexto;2022;2
Total Nacional;24 años;Sexto;2021;2
Total Nacional;24 años;Sexto;2020;4
Total Nacional;24 años;Sexto;2019;2
Total Nacional;24 años;Sexto;2018;0
Total Nacional;24 años;Sexto;2017;4
Total Nacional;24 años;Sexto;2016;0
Total Nacional;24 años;Sexto;2015;0
Total Nacional;24 años;Séptimo;2024;0
Total Nacional;24 años;Séptimo;2023;0
Total Nacional;24 años;Séptimo;2022;0
Total Nacional;24 años;Séptimo;2021;0
Total Nacional;24 años;Séptimo;2020;0
Total Nacional;24 años;Séptimo;2019;0
Total Nacional;24 años;Séptimo;2018;1
Total Nacional;24 años;Séptimo;2017;0
Total Nacional;24 años;Séptimo;2016;0
Total Nacional;24 años;Séptimo;2015;0
Total Nacional;24 años;Octavo;2024;0
Total Nacional;24 años;Octavo;2023;0
Total Nacional;24 años;Octavo;2022;0
Total Nacional;24 años;Octavo;2021;0
Total Nacional;24 años;Octavo;2020;0
Total Nacional;24 años;Octavo;2019;0
Total Nacional;24 años;Octavo;2018;0
Total Nacional;24 años;Octavo;2017;0
Total Nacional;24 años;Octavo;2016;0
Total Nacional;24 años;Octavo;2015;0
Total Nacional;24 años;Noveno;2024;0
Total Nacional;24 años;Noveno;2023;0
Total Nacional;24 años;Noveno;2022;0
Total Nacional;24 años;Noveno;2021;0
Total Nacional;24 años;Noveno;2020;0
Total Nacional;24 años;Noveno;2019;0
Total Nacional;24 años;Noveno;2018;0
Total Nacional;24 años;Noveno;2017;0
Total Nacional;24 años;Noveno;2016;0
Total Nacional;24 años;Noveno;2015;0
Total Nacional;24 años;Décimo y más;2024;0
Total Nacional;24 años;Décimo y más;2023;0
Total Nacional;24 años;Décimo y más;2022;0
Total Nacional;24 años;Décimo y más;2021;0
Total Nacional;24 años;Décimo y más;2020;0
Total Nacional;24 años;Décimo y más;2019;1
Total Nacional;24 años;Décimo y más;2018;0
Total Nacional;24 años;Décimo y más;2017;0
Total Nacional;24 años;Décimo y más;2016;0
Total Nacional;24 años;Décimo y más;2015;0
Total Nacional;25 años;Todos;2024;8.036
Total Nacional;25 años;Todos;2023;7.899
Total Nacional;25 años;Todos;2022;7.694
Total Nacional;25 años;Todos;2021;7.766
Total Nacional;25 años;Todos;2020;8.191
Total Nacional;25 años;Todos;2019;8.721
Total Nacional;25 años;Todos;2018;8.887
Total Nacional;25 años;Todos;2017;9.244
Total Nacional;25 años;Todos;2016;9.721
Total Nacional;25 años;Todos;2015;10.080
Total Nacional;25 años;Primero;2024;4.789
Total Nacional;25 años;Primero;2023;4.694
Total Nacional;25 años;Primero;2022;4.570
Total Nacional;25 años;Primero;2021;4.586
Total Nacional;25 años;Primero;2020;4.936
Total Nacional;25 años;Primero;2019;5.179
Total Nacional;25 años;Primero;2018;5.237
Total Nacional;25 años;Primero;2017;5.582
Total Nacional;25 años;Primero;2016;5.869
Total Nacional;25 años;Primero;2015;6.170
Total Nacional;25 años;Segundo;2024;2.444
Total Nacional;25 años;Segundo;2023;2.450
Total Nacional;25 años;Segundo;2022;2.331
Total Nacional;25 años;Segundo;2021;2.394
Total Nacional;25 años;Segundo;2020;2.454
Total Nacional;25 años;Segundo;2019;2.720
Total Nacional;25 años;Segundo;2018;2.817
Total Nacional;25 años;Segundo;2017;2.847
Total Nacional;25 años;Segundo;2016;2.966
Total Nacional;25 años;Segundo;2015;3.058
Total Nacional;25 años;Tercero;2024;642
Total Nacional;25 años;Tercero;2023;618
Total Nacional;25 años;Tercero;2022;628
Total Nacional;25 años;Tercero;2021;630
Total Nacional;25 años;Tercero;2020;638
Total Nacional;25 años;Tercero;2019;672
Total Nacional;25 años;Tercero;2018;677
Total Nacional;25 años;Tercero;2017;682
Total Nacional;25 años;Tercero;2016;730
Total Nacional;25 años;Tercero;2015;695
Total Nacional;25 años;Cuarto;2024;127
Total Nacional;25 años;Cuarto;2023;119
Total Nacional;25 años;Cuarto;2022;132
Total Nacional;25 años;Cuarto;2021;125
Total Nacional;25 años;Cuarto;2020;142
Total Nacional;25 años;Cuarto;2019;117
Total Nacional;25 años;Cuarto;2018;131
Total Nacional;25 años;Cuarto;2017;108
Total Nacional;25 años;Cuarto;2016;129
Total Nacional;25 años;Cuarto;2015;130
Total Nacional;25 años;Quinto;2024;28
Total Nacional;25 años;Quinto;2023;16
Total Nacional;25 años;Quinto;2022;27
Total Nacional;25 años;Quinto;2021;25
Total Nacional;25 años;Quinto;2020;19
Total Nacional;25 años;Quinto;2019;25
Total Nacional;25 años;Quinto;2018;19
Total Nacional;25 años;Quinto;2017;21
Total Nacional;25 años;Quinto;2016;22
Total Nacional;25 años;Quinto;2015;19
Total Nacional;25 años;Sexto;2024;3
Total Nacional;25 años;Sexto;2023;1
Total Nacional;25 años;Sexto;2022;5
Total Nacional;25 años;Sexto;2021;4
Total Nacional;25 años;Sexto;2020;2
Total Nacional;25 años;Sexto;2019;5
Total Nacional;25 años;Sexto;2018;6
Total Nacional;25 años;Sexto;2017;4
Total Nacional;25 años;Sexto;2016;5
Total Nacional;25 años;Sexto;2015;7
Total Nacional;25 años;Séptimo;2024;2
Total Nacional;25 años;Séptimo;2023;1
Total Nacional;25 años;Séptimo;2022;1
Total Nacional;25 años;Séptimo;2021;2
Total Nacional;25 años;Séptimo;2020;0
Total Nacional;25 años;Séptimo;2019;0
Total Nacional;25 años;Séptimo;2018;0
Total Nacional;25 años;Séptimo;2017;0
Total Nacional;25 años;Séptimo;2016;0
Total Nacional;25 años;Séptimo;2015;1
Total Nacional;25 años;Octavo;2024;1
Total Nacional;25 años;Octavo;2023;0
Total Nacional;25 años;Octavo;2022;0
Total Nacional;25 años;Octavo;2021;0
Total Nacional;25 años;Octavo;2020;0
Total Nacional;25 años;Octavo;2019;1
Total Nacional;25 años;Octavo;2018;0
Total Nacional;25 años;Octavo;2017;0
Total Nacional;25 años;Octavo;2016;0
Total Nacional;25 años;Octavo;2015;0
Total Nacional;25 años;Noveno;2024;0
Total Nacional;25 años;Noveno;2023;0
Total Nacional;25 años;Noveno;2022;0
Total Nacional;25 años;Noveno;2021;0
Total Nacional;25 años;Noveno;2020;0
Total Nacional;25 años;Noveno;2019;1
Total Nacional;25 años;Noveno;2018;0
Total Nacional;25 años;Noveno;2017;0
Total Nacional;25 años;Noveno;2016;0
Total Nacional;25 años;Noveno;2015;0
Total Nacional;25 años;Décimo y más;2024;0
Total Nacional;25 años;Décimo y más;2023;0
Total Nacional;25 años;Décimo y más;2022;0
Total Nacional;25 años;Décimo y más;2021;0
Total Nacional;25 años;Décimo y más;2020;0
Total Nacional;25 años;Décimo y más;2019;1
Total Nacional;25 años;Décimo y más;2018;0
Total Nacional;25 años;Décimo y más;2017;0
Total Nacional;25 años;Décimo y más;2016;0
Total Nacional;25 años;Décimo y más;2015;0
Total Nacional;26 años;Todos;2024;9.184
Total Nacional;26 años;Todos;2023;9.271
Total Nacional;26 años;Todos;2022;9.200
Total Nacional;26 años;Todos;2021;8.914
Total Nacional;26 años;Todos;2020;9.720
Total Nacional;26 años;Todos;2019;10.396
Total Nacional;26 años;Todos;2018;10.515
Total Nacional;26 años;Todos;2017;11.202
Total Nacional;26 años;Todos;2016;11.945
Total Nacional;26 años;Todos;2015;12.047
Total Nacional;26 años;Primero;2024;5.364
Total Nacional;26 años;Primero;2023;5.462
Total Nacional;26 años;Primero;2022;5.275
Total Nacional;26 años;Primero;2021;5.194
Total Nacional;26 años;Primero;2020;5.760
Total Nacional;26 años;Primero;2019;6.045
Total Nacional;26 años;Primero;2018;6.236
Total Nacional;26 años;Primero;2017;6.653
Total Nacional;26 años;Primero;2016;7.112
Total Nacional;26 años;Primero;2015;7.316
Total Nacional;26 años;Segundo;2024;2.876
Total Nacional;26 años;Segundo;2023;2.862
Total Nacional;26 años;Segundo;2022;2.856
Total Nacional;26 años;Segundo;2021;2.707
Total Nacional;26 años;Segundo;2020;2.930
Total Nacional;26 años;Segundo;2019;3.166
Total Nacional;26 años;Segundo;2018;3.256
Total Nacional;26 años;Segundo;2017;3.434
Total Nacional;26 años;Segundo;2016;3.665
Total Nacional;26 años;Segundo;2015;3.608
Total Nacional;26 años;Tercero;2024;754
Total Nacional;26 años;Tercero;2023;764
Total Nacional;26 años;Tercero;2022;857
Total Nacional;26 años;Tercero;2021;799
Total Nacional;26 años;Tercero;2020;830
Total Nacional;26 años;Tercero;2019;990
Total Nacional;26 años;Tercero;2018;813
Total Nacional;26 años;Tercero;2017;906
Total Nacional;26 años;Tercero;2016;913
Total Nacional;26 años;Tercero;2015;925
Total Nacional;26 años;Cuarto;2024;153
Total Nacional;26 años;Cuarto;2023;138
Total Nacional;26 años;Cuarto;2022;174
Total Nacional;26 años;Cuarto;2021;174
Total Nacional;26 años;Cuarto;2020;157
Total Nacional;26 años;Cuarto;2019;162
Total Nacional;26 años;Cuarto;2018;173
Total Nacional;26 años;Cuarto;2017;158
Total Nacional;26 años;Cuarto;2016;201
Total Nacional;26 años;Cuarto;2015;165
Total Nacional;26 años;Quinto;2024;32
Total Nacional;26 años;Quinto;2023;31
Total Nacional;26 años;Quinto;2022;28
Total Nacional;26 años;Quinto;2021;30
Total Nacional;26 años;Quinto;2020;37
Total Nacional;26 años;Quinto;2019;21
Total Nacional;26 años;Quinto;2018;26
Total Nacional;26 años;Quinto;2017;38
Total Nacional;26 años;Quinto;2016;44
Total Nacional;26 años;Quinto;2015;30
Total Nacional;26 años;Sexto;2024;5
Total Nacional;26 años;Sexto;2023;11
Total Nacional;26 años;Sexto;2022;9
Total Nacional;26 años;Sexto;2021;7
Total Nacional;26 años;Sexto;2020;4
Total Nacional;26 años;Sexto;2019;8
Total Nacional;26 años;Sexto;2018;10
Total Nacional;26 años;Sexto;2017;12
Total Nacional;26 años;Sexto;2016;6
Total Nacional;26 años;Sexto;2015;2
Total Nacional;26 años;Séptimo;2024;0
Total Nacional;26 años;Séptimo;2023;2
Total Nacional;26 años;Séptimo;2022;1
Total Nacional;26 años;Séptimo;2021;2
Total Nacional;26 años;Séptimo;2020;2
Total Nacional;26 años;Séptimo;2019;2
Total Nacional;26 años;Séptimo;2018;1
Total Nacional;26 años;Séptimo;2017;1
Total Nacional;26 años;Séptimo;2016;4
Total Nacional;26 años;Séptimo;2015;1
Total Nacional;26 años;Octavo;2024;0
Total Nacional;26 años;Octavo;2023;1
Total Nacional;26 años;Octavo;2022;0
Total Nacional;26 años;Octavo;2021;0
Total Nacional;26 años;Octavo;2020;0
Total Nacional;26 años;Octavo;2019;0
Total Nacional;26 años;Octavo;2018;0
Total Nacional;26 años;Octavo;2017;0
Total Nacional;26 años;Octavo;2016;0
Total Nacional;26 años;Octavo;2015;0
Total Nacional;26 años;Noveno;2024;0
Total Nacional;26 años;Noveno;2023;0
Total Nacional;26 años;Noveno;2022;0
Total Nacional;26 años;Noveno;2021;0
Total Nacional;26 años;Noveno;2020;0
Total Nacional;26 años;Noveno;2019;0
Total Nacional;26 años;Noveno;2018;0
Total Nacional;26 años;Noveno;2017;0
Total Nacional;26 años;Noveno;2016;0
Total Nacional;26 años;Noveno;2015;0
Total Nacional;26 años;Décimo y más;2024;0
Total Nacional;26 años;Décimo y más;2023;0
Total Nacional;26 años;Décimo y más;2022;0
Total Nacional;26 años;Décimo y más;2021;1
Total Nacional;26 años;Décimo y más;2020;0
Total Nacional;26 años;Décimo y más;2019;2
Total Nacional;26 años;Décimo y más;2018;0
Total Nacional;26 años;Décimo y más;2017;0
Total Nacional;26 años;Décimo y más;2016;0
Total Nacional;26 años;Décimo y más;2015;0
Total Nacional;27 años;Todos;2024;10.973
Total Nacional;27 años;Todos;2023;10.864
Total Nacional;27 años;Todos;2022;10.815
Total Nacional;27 años;Todos;2021;10.873
Total Nacional;27 años;Todos;2020;11.867
Total Nacional;27 años;Todos;2019;12.152
Total Nacional;27 años;Todos;2018;12.725
Total Nacional;27 años;Todos;2017;13.387
Total Nacional;27 años;Todos;2016;14.018
Total Nacional;27 años;Todos;2015;14.685
Total Nacional;27 años;Primero;2024;6.293
Total Nacional;27 años;Primero;2023;6.171
Total Nacional;27 años;Primero;2022;6.187
Total Nacional;27 años;Primero;2021;6.333
Total Nacional;27 años;Primero;2020;7.064
Total Nacional;27 años;Primero;2019;7.035
Total Nacional;27 años;Primero;2018;7.394
Total Nacional;27 años;Primero;2017;7.730
Total Nacional;27 años;Primero;2016;8.329
Total Nacional;27 años;Primero;2015;8.905
Total Nacional;27 años;Segundo;2024;3.444
Total Nacional;27 años;Segundo;2023;3.405
Total Nacional;27 años;Segundo;2022;3.352
Total Nacional;27 años;Segundo;2021;3.289
Total Nacional;27 años;Segundo;2020;3.437
Total Nacional;27 años;Segundo;2019;3.687
Total Nacional;27 años;Segundo;2018;3.892
Total Nacional;27 años;Segundo;2017;4.216
Total Nacional;27 años;Segundo;2016;4.220
Total Nacional;27 años;Segundo;2015;4.366
Total Nacional;27 años;Tercero;2024;949
Total Nacional;27 años;Tercero;2023;1.011
Total Nacional;27 años;Tercero;2022;1.005
Total Nacional;27 años;Tercero;2021;981
Total Nacional;27 años;Tercero;2020;1.075
Total Nacional;27 años;Tercero;2019;1.101
Total Nacional;27 años;Tercero;2018;1.156
Total Nacional;27 años;Tercero;2017;1.135
Total Nacional;27 años;Tercero;2016;1.163
Total Nacional;27 años;Tercero;2015;1.109
Total Nacional;27 años;Cuarto;2024;231
Total Nacional;27 años;Cuarto;2023;209
Total Nacional;27 años;Cuarto;2022;220
Total Nacional;27 años;Cuarto;2021;203
Total Nacional;27 años;Cuarto;2020;235
Total Nacional;27 años;Cuarto;2019;263
Total Nacional;27 años;Cuarto;2018;231
Total Nacional;27 años;Cuarto;2017;248
Total Nacional;27 años;Cuarto;2016;242
Total Nacional;27 años;Cuarto;2015;224
Total Nacional;27 años;Quinto;2024;48
Total Nacional;27 años;Quinto;2023;57
Total Nacional;27 años;Quinto;2022;40
Total Nacional;27 años;Quinto;2021;54
Total Nacional;27 años;Quinto;2020;45
Total Nacional;27 años;Quinto;2019;45
Total Nacional;27 años;Quinto;2018;40
Total Nacional;27 años;Quinto;2017;38
Total Nacional;27 años;Quinto;2016;48
Total Nacional;27 años;Quinto;2015;65
Total Nacional;27 años;Sexto;2024;7
Total Nacional;27 años;Sexto;2023;9
Total Nacional;27 años;Sexto;2022;9
Total Nacional;27 años;Sexto;2021;10
Total Nacional;27 años;Sexto;2020;7
Total Nacional;27 años;Sexto;2019;15
Total Nacional;27 años;Sexto;2018;8
Total Nacional;27 años;Sexto;2017;19
Total Nacional;27 años;Sexto;2016;10
Total Nacional;27 años;Sexto;2015;8
Total Nacional;27 años;Séptimo;2024;1
Total Nacional;27 años;Séptimo;2023;2
Total Nacional;27 años;Séptimo;2022;2
Total Nacional;27 años;Séptimo;2021;1
Total Nacional;27 años;Séptimo;2020;3
Total Nacional;27 años;Séptimo;2019;3
Total Nacional;27 años;Séptimo;2018;3
Total Nacional;27 años;Séptimo;2017;1
Total Nacional;27 años;Séptimo;2016;6
Total Nacional;27 años;Séptimo;2015;7
Total Nacional;27 años;Octavo;2024;0
Total Nacional;27 años;Octavo;2023;0
Total Nacional;27 años;Octavo;2022;0
Total Nacional;27 años;Octavo;2021;1
Total Nacional;27 años;Octavo;2020;1
Total Nacional;27 años;Octavo;2019;2
Total Nacional;27 años;Octavo;2018;1
Total Nacional;27 años;Octavo;2017;0
Total Nacional;27 años;Octavo;2016;0
Total Nacional;27 años;Octavo;2015;1
Total Nacional;27 años;Noveno;2024;0
Total Nacional;27 años;Noveno;2023;0
Total Nacional;27 años;Noveno;2022;0
Total Nacional;27 años;Noveno;2021;0
Total Nacional;27 años;Noveno;2020;0
Total Nacional;27 años;Noveno;2019;0
Total Nacional;27 años;Noveno;2018;0
Total Nacional;27 años;Noveno;2017;0
Total Nacional;27 años;Noveno;2016;0
Total Nacional;27 años;Noveno;2015;0
Total Nacional;27 años;Décimo y más;2024;0
Total Nacional;27 años;Décimo y más;2023;0
Total Nacional;27 años;Décimo y más;2022;0
Total Nacional;27 años;Décimo y más;2021;1
Total Nacional;27 años;Décimo y más;2020;0
Total Nacional;27 años;Décimo y más;2019;1
Total Nacional;27 años;Décimo y más;2018;0
Total Nacional;27 años;Décimo y más;2017;0
Total Nacional;27 años;Décimo y más;2016;0
Total Nacional;27 años;Décimo y más;2015;0
Total Nacional;28 años;Todos;2024;12.632
Total Nacional;28 años;Todos;2023;12.674
Total Nacional;28 años;Todos;2022;12.834
Total Nacional;28 años;Todos;2021;13.259
Total Nacional;28 años;Todos;2020;13.854
Total Nacional;28 años;Todos;2019;14.549
Total Nacional;28 años;Todos;2018;15.312
Total Nacional;28 años;Todos;2017;16.043
Total Nacional;28 años;Todos;2016;16.885
Total Nacional;28 años;Todos;2015;17.580
Total Nacional;28 años;Primero;2024;7.085
Total Nacional;28 años;Primero;2023;7.250
Total Nacional;28 años;Primero;2022;7.428
Total Nacional;28 años;Primero;2021;7.742
Total Nacional;28 años;Primero;2020;8.164
Total Nacional;28 años;Primero;2019;8.390
Total Nacional;28 años;Primero;2018;8.807
Total Nacional;28 años;Primero;2017;9.505
Total Nacional;28 años;Primero;2016;10.092
Total Nacional;28 años;Primero;2015;10.890
Total Nacional;28 años;Segundo;2024;4.035
Total Nacional;28 años;Segundo;2023;3.932
Total Nacional;28 años;Segundo;2022;3.818
Total Nacional;28 años;Segundo;2021;3.903
Total Nacional;28 años;Segundo;2020;4.048
Total Nacional;28 años;Segundo;2019;4.447
Total Nacional;28 años;Segundo;2018;4.759
Total Nacional;28 años;Segundo;2017;4.847
Total Nacional;28 años;Segundo;2016;5.116
Total Nacional;28 años;Segundo;2015;5.113
Total Nacional;28 años;Tercero;2024;1.181
Total Nacional;28 años;Tercero;2023;1.148
Total Nacional;28 años;Tercero;2022;1.237
Total Nacional;28 años;Tercero;2021;1.233
Total Nacional;28 años;Tercero;2020;1.271
Total Nacional;28 años;Tercero;2019;1.287
Total Nacional;28 años;Tercero;2018;1.329
Total Nacional;28 años;Tercero;2017;1.320
Total Nacional;28 años;Tercero;2016;1.308
Total Nacional;28 años;Tercero;2015;1.210
Total Nacional;28 años;Cuarto;2024;257
Total Nacional;28 años;Cuarto;2023;276
Total Nacional;28 años;Cuarto;2022;275
Total Nacional;28 años;Cuarto;2021;303
Total Nacional;28 años;Cuarto;2020;288
Total Nacional;28 años;Cuarto;2019;339
Total Nacional;28 años;Cuarto;2018;326
Total Nacional;28 años;Cuarto;2017;296
Total Nacional;28 años;Cuarto;2016;292
Total Nacional;28 años;Cuarto;2015;289
Total Nacional;28 años;Quinto;2024;52
Total Nacional;28 años;Quinto;2023;45
Total Nacional;28 años;Quinto;2022;61
Total Nacional;28 años;Quinto;2021;57
Total Nacional;28 años;Quinto;2020;65
Total Nacional;28 años;Quinto;2019;64
Total Nacional;28 años;Quinto;2018;69
Total Nacional;28 años;Quinto;2017;58
Total Nacional;28 años;Quinto;2016;63
Total Nacional;28 años;Quinto;2015;64
Total Nacional;28 años;Sexto;2024;15
Total Nacional;28 años;Sexto;2023;17
Total Nacional;28 años;Sexto;2022;12
Total Nacional;28 años;Sexto;2021;14
Total Nacional;28 años;Sexto;2020;12
Total Nacional;28 años;Sexto;2019;18
Total Nacional;28 años;Sexto;2018;18
Total Nacional;28 años;Sexto;2017;12
Total Nacional;28 años;Sexto;2016;10
Total Nacional;28 años;Sexto;2015;11
Total Nacional;28 años;Séptimo;2024;5
Total Nacional;28 años;Séptimo;2023;6
Total Nacional;28 años;Séptimo;2022;2
Total Nacional;28 años;Séptimo;2021;7
Total Nacional;28 años;Séptimo;2020;4
Total Nacional;28 años;Séptimo;2019;2
Total Nacional;28 años;Séptimo;2018;3
Total Nacional;28 años;Séptimo;2017;2
Total Nacional;28 años;Séptimo;2016;3
Total Nacional;28 años;Séptimo;2015;1
Total Nacional;28 años;Octavo;2024;1
Total Nacional;28 años;Octavo;2023;0
Total Nacional;28 años;Octavo;2022;1
Total Nacional;28 años;Octavo;2021;0
Total Nacional;28 años;Octavo;2020;2
Total Nacional;28 años;Octavo;2019;0
Total Nacional;28 años;Octavo;2018;1
Total Nacional;28 años;Octavo;2017;3
Total Nacional;28 años;Octavo;2016;1
Total Nacional;28 años;Octavo;2015;2
Total Nacional;28 años;Noveno;2024;0
Total Nacional;28 años;Noveno;2023;0
Total Nacional;28 años;Noveno;2022;0
Total Nacional;28 años;Noveno;2021;0
Total Nacional;28 años;Noveno;2020;0
Total Nacional;28 años;Noveno;2019;0
Total Nacional;28 años;Noveno;2018;0
Total Nacional;28 años;Noveno;2017;0
Total Nacional;28 años;Noveno;2016;0
Total Nacional;28 años;Noveno;2015;0
Total Nacional;28 años;Décimo y más;2024;1
Total Nacional;28 años;Décimo y más;2023;0
Total Nacional;28 años;Décimo y más;2022;0
Total Nacional;28 años;Décimo y más;2021;0
Total Nacional;28 años;Décimo y más;2020;0
Total Nacional;28 años;Décimo y más;2019;2
Total Nacional;28 años;Décimo y más;2018;0
Total Nacional;28 años;Décimo y más;2017;0
Total Nacional;28 años;Décimo y más;2016;0
Total Nacional;28 años;Décimo y más;2015;0
Total Nacional;29 años;Todos;2024;14.840
Total Nacional;29 años;Todos;2023;14.904
Total Nacional;29 años;Todos;2022;15.530
Total Nacional;29 años;Todos;2021;16.104
Total Nacional;29 años;Todos;2020;16.394
Total Nacional;29 años;Todos;2019;17.112
Total Nacional;29 años;Todos;2018;17.680
Total Nacional;29 años;Todos;2017;19.048
Total Nacional;29 años;Todos;2016;20.232
Total Nacional;29 años;Todos;2015;20.766
Total Nacional;29 años;Primero;2024;8.271
Total Nacional;29 años;Primero;2023;8.501
Total Nacional;29 años;Primero;2022;8.989
Total Nacional;29 años;Primero;2021;9.321
Total Nacional;29 años;Primero;2020;9.524
Total Nacional;29 años;Primero;2019;9.766
Total Nacional;29 años;Primero;2018;10.114
Total Nacional;29 años;Primero;2017;11.147
Total Nacional;29 años;Primero;2016;12.003
Total Nacional;29 años;Primero;2015;12.597
Total Nacional;29 años;Segundo;2024;4.793
Total Nacional;29 años;Segundo;2023;4.684
Total Nacional;29 años;Segundo;2022;4.616
Total Nacional;29 años;Segundo;2021;4.855
Total Nacional;29 años;Segundo;2020;4.914
Total Nacional;29 años;Segundo;2019;5.226
Total Nacional;29 años;Segundo;2018;5.518
Total Nacional;29 años;Segundo;2017;5.874
Total Nacional;29 años;Segundo;2016;6.214
Total Nacional;29 años;Segundo;2015;6.290
Total Nacional;29 años;Tercero;2024;1.345
Total Nacional;29 años;Tercero;2023;1.300
Total Nacional;29 años;Tercero;2022;1.454
Total Nacional;29 años;Tercero;2021;1.469
Total Nacional;29 años;Tercero;2020;1.495
Total Nacional;29 años;Tercero;2019;1.600
Total Nacional;29 años;Tercero;2018;1.559
Total Nacional;29 años;Tercero;2017;1.556
Total Nacional;29 años;Tercero;2016;1.540
Total Nacional;29 años;Tercero;2015;1.425
Total Nacional;29 años;Cuarto;2024;348
Total Nacional;29 años;Cuarto;2023;326
Total Nacional;29 años;Cuarto;2022;366
Total Nacional;29 años;Cuarto;2021;356
Total Nacional;29 años;Cuarto;2020;363
Total Nacional;29 años;Cuarto;2019;391
Total Nacional;29 años;Cuarto;2018;376
Total Nacional;29 años;Cuarto;2017;367
Total Nacional;29 años;Cuarto;2016;371
Total Nacional;29 años;Cuarto;2015;336
Total Nacional;29 años;Quinto;2024;64
Total Nacional;29 años;Quinto;2023;69
Total Nacional;29 años;Quinto;2022;80
Total Nacional;29 años;Quinto;2021;73
Total Nacional;29 años;Quinto;2020;72
Total Nacional;29 años;Quinto;2019;102
Total Nacional;29 años;Quinto;2018;81
Total Nacional;29 años;Quinto;2017;72
Total Nacional;29 años;Quinto;2016;80
Total Nacional;29 años;Quinto;2015;87
Total Nacional;29 años;Sexto;2024;10
Total Nacional;29 años;Sexto;2023;21
Total Nacional;29 años;Sexto;2022;16
Total Nacional;29 años;Sexto;2021;21
Total Nacional;29 años;Sexto;2020;22
Total Nacional;29 años;Sexto;2019;13
Total Nacional;29 años;Sexto;2018;23
Total Nacional;29 años;Sexto;2017;25
Total Nacional;29 años;Sexto;2016;17
Total Nacional;29 años;Sexto;2015;23
Total Nacional;29 años;Séptimo;2024;8
Total Nacional;29 años;Séptimo;2023;3
Total Nacional;29 años;Séptimo;2022;7
Total Nacional;29 años;Séptimo;2021;7
Total Nacional;29 años;Séptimo;2020;2
Total Nacional;29 años;Séptimo;2019;7
Total Nacional;29 años;Séptimo;2018;6
Total Nacional;29 años;Séptimo;2017;6
Total Nacional;29 años;Séptimo;2016;5
Total Nacional;29 años;Séptimo;2015;6
Total Nacional;29 años;Octavo;2024;1
Total Nacional;29 años;Octavo;2023;0
Total Nacional;29 años;Octavo;2022;2
Total Nacional;29 años;Octavo;2021;1
Total Nacional;29 años;Octavo;2020;2
Total Nacional;29 años;Octavo;2019;0
Total Nacional;29 años;Octavo;2018;2
Total Nacional;29 años;Octavo;2017;1
Total Nacional;29 años;Octavo;2016;2
Total Nacional;29 años;Octavo;2015;1
Total Nacional;29 años;Noveno;2024;0
Total Nacional;29 años;Noveno;2023;0
Total Nacional;29 años;Noveno;2022;0
Total Nacional;29 años;Noveno;2021;1
Total Nacional;29 años;Noveno;2020;0
Total Nacional;29 años;Noveno;2019;1
Total Nacional;29 años;Noveno;2018;1
Total Nacional;29 años;Noveno;2017;0
Total Nacional;29 años;Noveno;2016;0
Total Nacional;29 años;Noveno;2015;1
Total Nacional;29 años;Décimo y más;2024;0
Total Nacional;29 años;Décimo y más;2023;0
Total Nacional;29 años;Décimo y más;2022;0
Total Nacional;29 años;Décimo y más;2021;0
Total Nacional;29 años;Décimo y más;2020;0
Total Nacional;29 años;Décimo y más;2019;6
Total Nacional;29 años;Décimo y más;2018;0
Total Nacional;29 años;Décimo y más;2017;0
Total Nacional;29 años;Décimo y más;2016;0
Total Nacional;29 años;Décimo y más;2015;0
Total Nacional;30 años;Todos;2024;17.073
Total Nacional;30 años;Todos;2023;17.915
Total Nacional;30 años;Todos;2022;18.223
Total Nacional;30 años;Todos;2021;18.824
Total Nacional;30 años;Todos;2020;18.796
Total Nacional;30 años;Todos;2019;20.018
Total Nacional;30 años;Todos;2018;20.690
Total Nacional;30 años;Todos;2017;22.373
Total Nacional;30 años;Todos;2016;23.629
Total Nacional;30 años;Todos;2015;24.754
Total Nacional;30 años;Primero;2024;9.729
Total Nacional;30 años;Primero;2023;10.190
Total Nacional;30 años;Primero;2022;10.529
Total Nacional;30 años;Primero;2021;10.838
Total Nacional;30 años;Primero;2020;10.891
Total Nacional;30 años;Primero;2019;11.132
Total Nacional;30 años;Primero;2018;11.623
Total Nacional;30 años;Primero;2017;12.724
Total Nacional;30 años;Primero;2016;13.796
Total Nacional;30 años;Primero;2015;14.788
Total Nacional;30 años;Segundo;2024;5.346
Total Nacional;30 años;Segundo;2023;5.646
Total Nacional;30 años;Segundo;2022;5.515
Total Nacional;30 años;Segundo;2021;5.725
Total Nacional;30 años;Segundo;2020;5.611
Total Nacional;30 años;Segundo;2019;6.411
Total Nacional;30 años;Segundo;2018;6.682
Total Nacional;30 años;Segundo;2017;7.261
Total Nacional;30 años;Segundo;2016;7.478
Total Nacional;30 años;Segundo;2015;7.823
Total Nacional;30 años;Tercero;2024;1.490
Total Nacional;30 años;Tercero;2023;1.548
Total Nacional;30 años;Tercero;2022;1.606
Total Nacional;30 años;Tercero;2021;1.678
Total Nacional;30 años;Tercero;2020;1.689
Total Nacional;30 años;Tercero;2019;1.814
Total Nacional;30 años;Tercero;2018;1.768
Total Nacional;30 años;Tercero;2017;1.825
Total Nacional;30 años;Tercero;2016;1.760
Total Nacional;30 años;Tercero;2015;1.631
Total Nacional;30 años;Cuarto;2024;372
Total Nacional;30 años;Cuarto;2023;422
Total Nacional;30 años;Cuarto;2022;437
Total Nacional;30 años;Cuarto;2021;440
Total Nacional;30 años;Cuarto;2020;466
Total Nacional;30 años;Cuarto;2019;517
Total Nacional;30 años;Cuarto;2018;460
Total Nacional;30 años;Cuarto;2017;413
Total Nacional;30 años;Cuarto;2016;452
Total Nacional;30 años;Cuarto;2015;396
Total Nacional;30 años;Quinto;2024;103
Total Nacional;30 años;Quinto;2023;87
Total Nacional;30 años;Quinto;2022;105
Total Nacional;30 años;Quinto;2021;104
Total Nacional;30 años;Quinto;2020;103
Total Nacional;30 años;Quinto;2019;102
Total Nacional;30 años;Quinto;2018;121
Total Nacional;30 años;Quinto;2017;110
Total Nacional;30 años;Quinto;2016;104
Total Nacional;30 años;Quinto;2015;82
Total Nacional;30 años;Sexto;2024;26
Total Nacional;30 años;Sexto;2023;13
Total Nacional;30 años;Sexto;2022;20
Total Nacional;30 años;Sexto;2021;32
Total Nacional;30 años;Sexto;2020;29
Total Nacional;30 años;Sexto;2019;27
Total Nacional;30 años;Sexto;2018;26
Total Nacional;30 años;Sexto;2017;33
Total Nacional;30 años;Sexto;2016;31
Total Nacional;30 años;Sexto;2015;23
Total Nacional;30 años;Séptimo;2024;4
Total Nacional;30 años;Séptimo;2023;8
Total Nacional;30 años;Séptimo;2022;7
Total Nacional;30 años;Séptimo;2021;7
Total Nacional;30 años;Séptimo;2020;4
Total Nacional;30 años;Séptimo;2019;9
Total Nacional;30 años;Séptimo;2018;4
Total Nacional;30 años;Séptimo;2017;5
Total Nacional;30 años;Séptimo;2016;5
Total Nacional;30 años;Séptimo;2015;8
Total Nacional;30 años;Octavo;2024;2
Total Nacional;30 años;Octavo;2023;0
Total Nacional;30 años;Octavo;2022;4
Total Nacional;30 años;Octavo;2021;0
Total Nacional;30 años;Octavo;2020;2
Total Nacional;30 años;Octavo;2019;1
Total Nacional;30 años;Octavo;2018;4
Total Nacional;30 años;Octavo;2017;2
Total Nacional;30 años;Octavo;2016;3
Total Nacional;30 años;Octavo;2015;3
Total Nacional;30 años;Noveno;2024;0
Total Nacional;30 años;Noveno;2023;1
Total Nacional;30 años;Noveno;2022;0
Total Nacional;30 años;Noveno;2021;0
Total Nacional;30 años;Noveno;2020;1
Total Nacional;30 años;Noveno;2019;0
Total Nacional;30 años;Noveno;2018;1
Total Nacional;30 años;Noveno;2017;0
Total Nacional;30 años;Noveno;2016;0
Total Nacional;30 años;Noveno;2015;0
Total Nacional;30 años;Décimo y más;2024;1
Total Nacional;30 años;Décimo y más;2023;0
Total Nacional;30 años;Décimo y más;2022;0
Total Nacional;30 años;Décimo y más;2021;0
Total Nacional;30 años;Décimo y más;2020;0
Total Nacional;30 años;Décimo y más;2019;5
Total Nacional;30 años;Décimo y más;2018;1
Total Nacional;30 años;Décimo y más;2017;0
Total Nacional;30 años;Décimo y más;2016;0
Total Nacional;30 años;Décimo y más;2015;0
Total Nacional;31 años;Todos;2024;19.905
Total Nacional;31 años;Todos;2023;19.816
Total Nacional;31 años;Todos;2022;20.282
Total Nacional;31 años;Todos;2021;21.147
Total Nacional;31 años;Todos;2020;21.285
Total Nacional;31 años;Todos;2019;22.489
Total Nacional;31 años;Todos;2018;23.504
Total Nacional;31 años;Todos;2017;24.991
Total Nacional;31 años;Todos;2016;26.817
Total Nacional;31 años;Todos;2015;27.782
Total Nacional;31 años;Primero;2024;11.109
Total Nacional;31 años;Primero;2023;10.953
Total Nacional;31 años;Primero;2022;11.265
Total Nacional;31 años;Primero;2021;11.817
Total Nacional;31 años;Primero;2020;11.879
Total Nacional;31 años;Primero;2019;12.271
Total Nacional;31 años;Primero;2018;12.842
Total Nacional;31 años;Primero;2017;13.809
Total Nacional;31 años;Primero;2016;15.078
Total Nacional;31 años;Primero;2015;15.822
Total Nacional;31 años;Segundo;2024;6.504
Total Nacional;31 años;Segundo;2023;6.499
Total Nacional;31 años;Segundo;2022;6.468
Total Nacional;31 años;Segundo;2021;6.712
Total Nacional;31 años;Segundo;2020;6.866
Total Nacional;31 años;Segundo;2019;7.533
Total Nacional;31 años;Segundo;2018;8.062
Total Nacional;31 años;Segundo;2017;8.503
Total Nacional;31 años;Segundo;2016;9.165
Total Nacional;31 años;Segundo;2015;9.457
Total Nacional;31 años;Tercero;2024;1.654
Total Nacional;31 años;Tercero;2023;1.704
Total Nacional;31 años;Tercero;2022;1.876
Total Nacional;31 años;Tercero;2021;1.855
Total Nacional;31 años;Tercero;2020;1.827
Total Nacional;31 años;Tercero;2019;1.964
Total Nacional;31 años;Tercero;2018;1.922
Total Nacional;31 años;Tercero;2017;1.989
Total Nacional;31 años;Tercero;2016;1.933
Total Nacional;31 años;Tercero;2015;1.854
Total Nacional;31 años;Cuarto;2024;470
Total Nacional;31 años;Cuarto;2023;481
Total Nacional;31 años;Cuarto;2022;513
Total Nacional;31 años;Cuarto;2021;552
Total Nacional;31 años;Cuarto;2020;516
Total Nacional;31 años;Cuarto;2019;517
Total Nacional;31 años;Cuarto;2018;504
Total Nacional;31 años;Cuarto;2017;519
Total Nacional;31 años;Cuarto;2016;477
Total Nacional;31 años;Cuarto;2015;482
Total Nacional;31 años;Quinto;2024;128
Total Nacional;31 años;Quinto;2023;113
Total Nacional;31 años;Quinto;2022;122
Total Nacional;31 años;Quinto;2021;154
Total Nacional;31 años;Quinto;2020;141
Total Nacional;31 años;Quinto;2019;141
Total Nacional;31 años;Quinto;2018;137
Total Nacional;31 años;Quinto;2017;124
Total Nacional;31 años;Quinto;2016;117
Total Nacional;31 años;Quinto;2015;122
Total Nacional;31 años;Sexto;2024;30
Total Nacional;31 años;Sexto;2023;46
Total Nacional;31 años;Sexto;2022;28
Total Nacional;31 años;Sexto;2021;35
Total Nacional;31 años;Sexto;2020;41
Total Nacional;31 años;Sexto;2019;37
Total Nacional;31 años;Sexto;2018;27
Total Nacional;31 años;Sexto;2017;29
Total Nacional;31 años;Sexto;2016;30
Total Nacional;31 años;Sexto;2015;33
Total Nacional;31 años;Séptimo;2024;6
Total Nacional;31 años;Séptimo;2023;13
Total Nacional;31 años;Séptimo;2022;9
Total Nacional;31 años;Séptimo;2021;17
Total Nacional;31 años;Séptimo;2020;8
Total Nacional;31 años;Séptimo;2019;10
Total Nacional;31 años;Séptimo;2018;8
Total Nacional;31 años;Séptimo;2017;13
Total Nacional;31 años;Séptimo;2016;12
Total Nacional;31 años;Séptimo;2015;10
Total Nacional;31 años;Octavo;2024;4
Total Nacional;31 años;Octavo;2023;4
Total Nacional;31 años;Octavo;2022;1
Total Nacional;31 años;Octavo;2021;4
Total Nacional;31 años;Octavo;2020;1
Total Nacional;31 años;Octavo;2019;5
Total Nacional;31 años;Octavo;2018;1
Total Nacional;31 años;Octavo;2017;5
Total Nacional;31 años;Octavo;2016;4
Total Nacional;31 años;Octavo;2015;2
Total Nacional;31 años;Noveno;2024;0
Total Nacional;31 años;Noveno;2023;3
Total Nacional;31 años;Noveno;2022;0
Total Nacional;31 años;Noveno;2021;1
Total Nacional;31 años;Noveno;2020;0
Total Nacional;31 años;Noveno;2019;0
Total Nacional;31 años;Noveno;2018;1
Total Nacional;31 años;Noveno;2017;0
Total Nacional;31 años;Noveno;2016;1
Total Nacional;31 años;Noveno;2015;0
Total Nacional;31 años;Décimo y más;2024;0
Total Nacional;31 años;Décimo y más;2023;0
Total Nacional;31 años;Décimo y más;2022;0
Total Nacional;31 años;Décimo y más;2021;0
Total Nacional;31 años;Décimo y más;2020;6
Total Nacional;31 años;Décimo y más;2019;11
Total Nacional;31 años;Décimo y más;2018;0
Total Nacional;31 años;Décimo y más;2017;0
Total Nacional;31 años;Décimo y más;2016;0
Total Nacional;31 años;Décimo y más;2015;0
Total Nacional;32 años;Todos;2024;21.807
Total Nacional;32 años;Todos;2023;21.923
Total Nacional;32 años;Todos;2022;22.290
Total Nacional;32 años;Todos;2021;23.030
Total Nacional;32 años;Todos;2020;22.895
Total Nacional;32 años;Todos;2019;24.137
Total Nacional;32 años;Todos;2018;25.033
Total Nacional;32 años;Todos;2017;27.310
Total Nacional;32 años;Todos;2016;28.932
Total Nacional;32 años;Todos;2015;30.531
Total Nacional;32 años;Primero;2024;11.772
Total Nacional;32 años;Primero;2023;11.645
Total Nacional;32 años;Primero;2022;11.993
Total Nacional;32 años;Primero;2021;12.382
Total Nacional;32 años;Primero;2020;12.097
Total Nacional;32 años;Primero;2019;12.471
Total Nacional;32 años;Primero;2018;12.776
Total Nacional;32 años;Primero;2017;14.209
Total Nacional;32 años;Primero;2016;15.220
Total Nacional;32 años;Primero;2015;16.422
Total Nacional;32 años;Segundo;2024;7.307
Total Nacional;32 años;Segundo;2023;7.521
Total Nacional;32 años;Segundo;2022;7.498
Total Nacional;32 años;Segundo;2021;7.822
Total Nacional;32 años;Segundo;2020;7.861
Total Nacional;32 años;Segundo;2019;8.775
Total Nacional;32 años;Segundo;2018;9.373
Total Nacional;32 años;Segundo;2017;10.177
Total Nacional;32 años;Segundo;2016;10.808
Total Nacional;32 años;Segundo;2015;11.391
Total Nacional;32 años;Tercero;2024;1.959
Total Nacional;32 años;Tercero;2023;1.946
Total Nacional;32 años;Tercero;2022;2.014
Total Nacional;32 años;Tercero;2021;2.006
Total Nacional;32 años;Tercero;2020;2.113
Total Nacional;32 años;Tercero;2019;2.087
Total Nacional;32 años;Tercero;2018;2.124
Total Nacional;32 años;Tercero;2017;2.144
Total Nacional;32 años;Tercero;2016;2.166
Total Nacional;32 años;Tercero;2015;2.075
Total Nacional;32 años;Cuarto;2024;553
Total Nacional;32 años;Cuarto;2023;584
Total Nacional;32 años;Cuarto;2022;592
Total Nacional;32 años;Cuarto;2021;600
Total Nacional;32 años;Cuarto;2020;620
Total Nacional;32 años;Cuarto;2019;592
Total Nacional;32 años;Cuarto;2018;555
Total Nacional;32 años;Cuarto;2017;560
Total Nacional;32 años;Cuarto;2016;543
Total Nacional;32 años;Cuarto;2015;474
Total Nacional;32 años;Quinto;2024;158
Total Nacional;32 años;Quinto;2023;172
Total Nacional;32 años;Quinto;2022;114
Total Nacional;32 años;Quinto;2021;164
Total Nacional;32 años;Quinto;2020;142
Total Nacional;32 años;Quinto;2019;146
Total Nacional;32 años;Quinto;2018;156
Total Nacional;32 años;Quinto;2017;165
Total Nacional;32 años;Quinto;2016;135
Total Nacional;32 años;Quinto;2015;120
Total Nacional;32 años;Sexto;2024;39
Total Nacional;32 años;Sexto;2023;39
Total Nacional;32 años;Sexto;2022;52
Total Nacional;32 años;Sexto;2021;40
Total Nacional;32 años;Sexto;2020;43
Total Nacional;32 años;Sexto;2019;47
Total Nacional;32 años;Sexto;2018;31
Total Nacional;32 años;Sexto;2017;31
Total Nacional;32 años;Sexto;2016;31
Total Nacional;32 años;Sexto;2015;30
Total Nacional;32 años;Séptimo;2024;14
Total Nacional;32 años;Séptimo;2023;12
Total Nacional;32 años;Séptimo;2022;17
Total Nacional;32 años;Séptimo;2021;10
Total Nacional;32 años;Séptimo;2020;12
Total Nacional;32 años;Séptimo;2019;8
Total Nacional;32 años;Séptimo;2018;12
Total Nacional;32 años;Séptimo;2017;16
Total Nacional;32 años;Séptimo;2016;21
Total Nacional;32 años;Séptimo;2015;11
Total Nacional;32 años;Octavo;2024;4
Total Nacional;32 años;Octavo;2023;4
Total Nacional;32 años;Octavo;2022;6
Total Nacional;32 años;Octavo;2021;5
Total Nacional;32 años;Octavo;2020;6
Total Nacional;32 años;Octavo;2019;2
Total Nacional;32 años;Octavo;2018;5
Total Nacional;32 años;Octavo;2017;7
Total Nacional;32 años;Octavo;2016;6
Total Nacional;32 años;Octavo;2015;7
Total Nacional;32 años;Noveno;2024;1
Total Nacional;32 años;Noveno;2023;0
Total Nacional;32 años;Noveno;2022;1
Total Nacional;32 años;Noveno;2021;1
Total Nacional;32 años;Noveno;2020;1
Total Nacional;32 años;Noveno;2019;3
Total Nacional;32 años;Noveno;2018;1
Total Nacional;32 años;Noveno;2017;0
Total Nacional;32 años;Noveno;2016;1
Total Nacional;32 años;Noveno;2015;1
Total Nacional;32 años;Décimo y más;2024;0
Total Nacional;32 años;Décimo y más;2023;0
Total Nacional;32 años;Décimo y más;2022;3
Total Nacional;32 años;Décimo y más;2021;0
Total Nacional;32 años;Décimo y más;2020;0
Total Nacional;32 años;Décimo y más;2019;6
Total Nacional;32 años;Décimo y más;2018;0
Total Nacional;32 años;Décimo y más;2017;1
Total Nacional;32 años;Décimo y más;2016;1
Total Nacional;32 años;Décimo y más;2015;0
Total Nacional;33 años;Todos;2024;22.696
Total Nacional;33 años;Todos;2023;22.974
Total Nacional;33 años;Todos;2022;23.305
Total Nacional;33 años;Todos;2021;24.366
Total Nacional;33 años;Todos;2020;24.266
Total Nacional;33 años;Todos;2019;25.364
Total Nacional;33 años;Todos;2018;27.154
Total Nacional;33 años;Todos;2017;28.890
Total Nacional;33 años;Todos;2016;30.797
Total Nacional;33 años;Todos;2015;32.492
Total Nacional;33 años;Primero;2024;11.674
Total Nacional;33 años;Primero;2023;11.581
Total Nacional;33 años;Primero;2022;11.768
Total Nacional;33 años;Primero;2021;12.210
Total Nacional;33 años;Primero;2020;12.235
Total Nacional;33 años;Primero;2019;12.415
Total Nacional;33 años;Primero;2018;12.954
Total Nacional;33 años;Primero;2017;14.092
Total Nacional;33 años;Primero;2016;15.082
Total Nacional;33 años;Primero;2015;16.419
Total Nacional;33 años;Segundo;2024;8.104
Total Nacional;33 años;Segundo;2023;8.339
Total Nacional;33 años;Segundo;2022;8.433
Total Nacional;33 años;Segundo;2021;9.053
Total Nacional;33 años;Segundo;2020;8.887
Total Nacional;33 años;Segundo;2019;9.806
Total Nacional;33 años;Segundo;2018;10.940
Total Nacional;33 años;Segundo;2017;11.566
Total Nacional;33 años;Segundo;2016;12.535
Total Nacional;33 años;Segundo;2015;12.973
Total Nacional;33 años;Tercero;2024;2.068
Total Nacional;33 años;Tercero;2023;2.189
Total Nacional;33 años;Tercero;2022;2.211
Total Nacional;33 años;Tercero;2021;2.235
Total Nacional;33 años;Tercero;2020;2.261
Total Nacional;33 años;Tercero;2019;2.253
Total Nacional;33 años;Tercero;2018;2.429
Total Nacional;33 años;Tercero;2017;2.422
Total Nacional;33 años;Tercero;2016;2.356
Total Nacional;33 años;Tercero;2015;2.369
Total Nacional;33 años;Cuarto;2024;611
Total Nacional;33 años;Cuarto;2023;619
Total Nacional;33 años;Cuarto;2022;627
Total Nacional;33 años;Cuarto;2021;640
Total Nacional;33 años;Cuarto;2020;619
Total Nacional;33 años;Cuarto;2019;623
Total Nacional;33 años;Cuarto;2018;597
Total Nacional;33 años;Cuarto;2017;573
Total Nacional;33 años;Cuarto;2016;584
Total Nacional;33 años;Cuarto;2015;510
Total Nacional;33 años;Quinto;2024;176
Total Nacional;33 años;Quinto;2023;189
Total Nacional;33 años;Quinto;2022;185
Total Nacional;33 años;Quinto;2021;150
Total Nacional;33 años;Quinto;2020;182
Total Nacional;33 años;Quinto;2019;181
Total Nacional;33 años;Quinto;2018;175
Total Nacional;33 años;Quinto;2017;175
Total Nacional;33 años;Quinto;2016;164
Total Nacional;33 años;Quinto;2015;162
Total Nacional;33 años;Sexto;2024;46
Total Nacional;33 años;Sexto;2023;37
Total Nacional;33 años;Sexto;2022;53
Total Nacional;33 años;Sexto;2021;57
Total Nacional;33 años;Sexto;2020;58
Total Nacional;33 años;Sexto;2019;51
Total Nacional;33 años;Sexto;2018;42
Total Nacional;33 años;Sexto;2017;39
Total Nacional;33 años;Sexto;2016;50
Total Nacional;33 años;Sexto;2015;43
Total Nacional;33 años;Séptimo;2024;6
Total Nacional;33 años;Séptimo;2023;16
Total Nacional;33 años;Séptimo;2022;19
Total Nacional;33 años;Séptimo;2021;12
Total Nacional;33 años;Séptimo;2020;18
Total Nacional;33 años;Séptimo;2019;17
Total Nacional;33 años;Séptimo;2018;8
Total Nacional;33 años;Séptimo;2017;13
Total Nacional;33 años;Séptimo;2016;18
Total Nacional;33 años;Séptimo;2015;11
Total Nacional;33 años;Octavo;2024;8
Total Nacional;33 años;Octavo;2023;3
Total Nacional;33 años;Octavo;2022;7
Total Nacional;33 años;Octavo;2021;1
Total Nacional;33 años;Octavo;2020;5
Total Nacional;33 años;Octavo;2019;4
Total Nacional;33 años;Octavo;2018;6
Total Nacional;33 años;Octavo;2017;3
Total Nacional;33 años;Octavo;2016;3
Total Nacional;33 años;Octavo;2015;4
Total Nacional;33 años;Noveno;2024;2
Total Nacional;33 años;Noveno;2023;1
Total Nacional;33 años;Noveno;2022;1
Total Nacional;33 años;Noveno;2021;6
Total Nacional;33 años;Noveno;2020;0
Total Nacional;33 años;Noveno;2019;4
Total Nacional;33 años;Noveno;2018;3
Total Nacional;33 años;Noveno;2017;4
Total Nacional;33 años;Noveno;2016;4
Total Nacional;33 años;Noveno;2015;0
Total Nacional;33 años;Décimo y más;2024;1
Total Nacional;33 años;Décimo y más;2023;0
Total Nacional;33 años;Décimo y más;2022;1
Total Nacional;33 años;Décimo y más;2021;2
Total Nacional;33 años;Décimo y más;2020;1
Total Nacional;33 años;Décimo y más;2019;10
Total Nacional;33 años;Décimo y más;2018;0
Total Nacional;33 años;Décimo y más;2017;3
Total Nacional;33 años;Décimo y más;2016;1
Total Nacional;33 años;Décimo y más;2015;1
Total Nacional;34 años;Todos;2024;23.424
Total Nacional;34 años;Todos;2023;23.094
Total Nacional;34 años;Todos;2022;23.887
Total Nacional;34 años;Todos;2021;25.507
Total Nacional;34 años;Todos;2020;24.453
Total Nacional;34 años;Todos;2019;26.439
Total Nacional;34 años;Todos;2018;27.526
Total Nacional;34 años;Todos;2017;29.412
Total Nacional;34 años;Todos;2016;31.835
Total Nacional;34 años;Todos;2015;33.194
Total Nacional;34 años;Primero;2024;11.178
Total Nacional;34 años;Primero;2023;10.873
Total Nacional;34 años;Primero;2022;11.404
Total Nacional;34 años;Primero;2021;12.041
Total Nacional;34 años;Primero;2020;11.503
Total Nacional;34 años;Primero;2019;12.063
Total Nacional;34 años;Primero;2018;12.302
Total Nacional;34 años;Primero;2017;13.294
Total Nacional;34 años;Primero;2016;14.640
Total Nacional;34 años;Primero;2015;15.470
Total Nacional;34 años;Segundo;2024;9.062
Total Nacional;34 años;Segundo;2023;9.055
Total Nacional;34 años;Segundo;2022;9.154
Total Nacional;34 años;Segundo;2021;9.977
Total Nacional;34 años;Segundo;2020;9.724
Total Nacional;34 años;Segundo;2019;10.934
Total Nacional;34 años;Segundo;2018;11.743
Total Nacional;34 años;Segundo;2017;12.640
Total Nacional;34 años;Segundo;2016;13.785
Total Nacional;34 años;Segundo;2015;14.307
Total Nacional;34 años;Tercero;2024;2.222
Total Nacional;34 años;Tercero;2023;2.227
Total Nacional;34 años;Tercero;2022;2.377
Total Nacional;34 años;Tercero;2021;2.503
Total Nacional;34 años;Tercero;2020;2.379
Total Nacional;34 años;Tercero;2019;2.492
Total Nacional;34 años;Tercero;2018;2.549
Total Nacional;34 años;Tercero;2017;2.641
Total Nacional;34 años;Tercero;2016;2.572
Total Nacional;34 años;Tercero;2015;2.583
Total Nacional;34 años;Cuarto;2024;691
Total Nacional;34 años;Cuarto;2023;640
Total Nacional;34 años;Cuarto;2022;639
Total Nacional;34 años;Cuarto;2021;704
Total Nacional;34 años;Cuarto;2020;591
Total Nacional;34 años;Cuarto;2019;654
Total Nacional;34 años;Cuarto;2018;627
Total Nacional;34 años;Cuarto;2017;585
Total Nacional;34 años;Cuarto;2016;615
Total Nacional;34 años;Cuarto;2015;569
Total Nacional;34 años;Quinto;2024;182
Total Nacional;34 años;Quinto;2023;217
Total Nacional;34 años;Quinto;2022;218
Total Nacional;34 años;Quinto;2021;187
Total Nacional;34 años;Quinto;2020;182
Total Nacional;34 años;Quinto;2019;209
Total Nacional;34 años;Quinto;2018;208
Total Nacional;34 años;Quinto;2017;181
Total Nacional;34 años;Quinto;2016;158
Total Nacional;34 años;Quinto;2015;172
Total Nacional;34 años;Sexto;2024;67
Total Nacional;34 años;Sexto;2023;54
Total Nacional;34 años;Sexto;2022;70
Total Nacional;34 años;Sexto;2021;74
Total Nacional;34 años;Sexto;2020;56
Total Nacional;34 años;Sexto;2019;49
Total Nacional;34 años;Sexto;2018;67
Total Nacional;34 años;Sexto;2017;47
Total Nacional;34 años;Sexto;2016;38
Total Nacional;34 años;Sexto;2015;69
Total Nacional;34 años;Séptimo;2024;11
Total Nacional;34 años;Séptimo;2023;13
Total Nacional;34 años;Séptimo;2022;18
Total Nacional;34 años;Séptimo;2021;12
Total Nacional;34 años;Séptimo;2020;10
Total Nacional;34 años;Séptimo;2019;19
Total Nacional;34 años;Séptimo;2018;17
Total Nacional;34 años;Séptimo;2017;15
Total Nacional;34 años;Séptimo;2016;15
Total Nacional;34 años;Séptimo;2015;19
Total Nacional;34 años;Octavo;2024;7
Total Nacional;34 años;Octavo;2023;8
Total Nacional;34 años;Octavo;2022;5
Total Nacional;34 años;Octavo;2021;6
Total Nacional;34 años;Octavo;2020;5
Total Nacional;34 años;Octavo;2019;9
Total Nacional;34 años;Octavo;2018;9
Total Nacional;34 años;Octavo;2017;6
Total Nacional;34 años;Octavo;2016;8
Total Nacional;34 años;Octavo;2015;4
Total Nacional;34 años;Noveno;2024;2
Total Nacional;34 años;Noveno;2023;5
Total Nacional;34 años;Noveno;2022;1
Total Nacional;34 años;Noveno;2021;2
Total Nacional;34 años;Noveno;2020;2
Total Nacional;34 años;Noveno;2019;3
Total Nacional;34 años;Noveno;2018;3
Total Nacional;34 años;Noveno;2017;1
Total Nacional;34 años;Noveno;2016;2
Total Nacional;34 años;Noveno;2015;0
Total Nacional;34 años;Décimo y más;2024;2
Total Nacional;34 años;Décimo y más;2023;2
Total Nacional;34 años;Décimo y más;2022;1
Total Nacional;34 años;Décimo y más;2021;1
Total Nacional;34 años;Décimo y más;2020;1
Total Nacional;34 años;Décimo y más;2019;7
Total Nacional;34 años;Décimo y más;2018;1
Total Nacional;34 años;Décimo y más;2017;2
Total Nacional;34 años;Décimo y más;2016;2
Total Nacional;34 años;Décimo y más;2015;1
Total Nacional;35 años;Todos;2024;22.966
Total Nacional;35 años;Todos;2023;23.193
Total Nacional;35 años;Todos;2022;23.919
Total Nacional;35 años;Todos;2021;24.467
Total Nacional;35 años;Todos;2020;24.286
Total Nacional;35 años;Todos;2019;26.188
Total Nacional;35 años;Todos;2018;27.408
Total Nacional;35 años;Todos;2017;29.624
Total Nacional;35 años;Todos;2016;31.376
Total Nacional;35 años;Todos;2015;32.115
Total Nacional;35 años;Primero;2024;10.287
Total Nacional;35 años;Primero;2023;10.327
Total Nacional;35 años;Primero;2022;10.890
Total Nacional;35 años;Primero;2021;10.940
Total Nacional;35 años;Primero;2020;10.847
Total Nacional;35 años;Primero;2019;11.313
Total Nacional;35 años;Primero;2018;11.484
Total Nacional;35 años;Primero;2017;12.514
Total Nacional;35 años;Primero;2016;13.482
Total Nacional;35 años;Primero;2015;13.803
Total Nacional;35 años;Segundo;2024;9.288
Total Nacional;35 años;Segundo;2023;9.492
Total Nacional;35 años;Segundo;2022;9.550
Total Nacional;35 años;Segundo;2021;9.997
Total Nacional;35 años;Segundo;2020;10.026
Total Nacional;35 años;Segundo;2019;11.127
Total Nacional;35 años;Segundo;2018;12.265
Total Nacional;35 años;Segundo;2017;13.450
Total Nacional;35 años;Segundo;2016;14.118
Total Nacional;35 años;Segundo;2015;14.629
Total Nacional;35 años;Tercero;2024;2.380
Total Nacional;35 años;Tercero;2023;2.374
Total Nacional;35 años;Tercero;2022;2.454
Total Nacional;35 años;Tercero;2021;2.594
Total Nacional;35 años;Tercero;2020;2.499
Total Nacional;35 años;Tercero;2019;2.742
Total Nacional;35 años;Tercero;2018;2.722
Total Nacional;35 años;Tercero;2017;2.777
Total Nacional;35 años;Tercero;2016;2.881
Total Nacional;35 años;Tercero;2015;2.839
Total Nacional;35 años;Cuarto;2024;698
Total Nacional;35 años;Cuarto;2023;712
Total Nacional;35 años;Cuarto;2022;697
Total Nacional;35 años;Cuarto;2021;672
Total Nacional;35 años;Cuarto;2020;604
Total Nacional;35 años;Cuarto;2019;707
Total Nacional;35 años;Cuarto;2018;633
Total Nacional;35 años;Cuarto;2017;619
Total Nacional;35 años;Cuarto;2016;637
Total Nacional;35 años;Cuarto;2015;568
Total Nacional;35 años;Quinto;2024;212
Total Nacional;35 años;Quinto;2023;193
Total Nacional;35 años;Quinto;2022;227
Total Nacional;35 años;Quinto;2021;169
Total Nacional;35 años;Quinto;2020;216
Total Nacional;35 años;Quinto;2019;183
Total Nacional;35 años;Quinto;2018;216
Total Nacional;35 años;Quinto;2017;164
Total Nacional;35 años;Quinto;2016;172
Total Nacional;35 años;Quinto;2015;176
Total Nacional;35 años;Sexto;2024;57
Total Nacional;35 años;Sexto;2023;63
Total Nacional;35 años;Sexto;2022;63
Total Nacional;35 años;Sexto;2021;70
Total Nacional;35 años;Sexto;2020;58
Total Nacional;35 años;Sexto;2019;81
Total Nacional;35 años;Sexto;2018;61
Total Nacional;35 años;Sexto;2017;59
Total Nacional;35 años;Sexto;2016;51
Total Nacional;35 años;Sexto;2015;64
Total Nacional;35 años;Séptimo;2024;30
Total Nacional;35 años;Séptimo;2023;23
Total Nacional;35 años;Séptimo;2022;27
Total Nacional;35 años;Séptimo;2021;14
Total Nacional;35 años;Séptimo;2020;19
Total Nacional;35 años;Séptimo;2019;16
Total Nacional;35 años;Séptimo;2018;18
Total Nacional;35 años;Séptimo;2017;24
Total Nacional;35 años;Séptimo;2016;17
Total Nacional;35 años;Séptimo;2015;21
Total Nacional;35 años;Octavo;2024;5
Total Nacional;35 años;Octavo;2023;6
Total Nacional;35 años;Octavo;2022;5
Total Nacional;35 años;Octavo;2021;3
Total Nacional;35 años;Octavo;2020;10
Total Nacional;35 años;Octavo;2019;9
Total Nacional;35 años;Octavo;2018;4
Total Nacional;35 años;Octavo;2017;6
Total Nacional;35 años;Octavo;2016;14
Total Nacional;35 años;Octavo;2015;9
Total Nacional;35 años;Noveno;2024;4
Total Nacional;35 años;Noveno;2023;2
Total Nacional;35 años;Noveno;2022;3
Total Nacional;35 años;Noveno;2021;4
Total Nacional;35 años;Noveno;2020;4
Total Nacional;35 años;Noveno;2019;2
Total Nacional;35 años;Noveno;2018;3
Total Nacional;35 años;Noveno;2017;9
Total Nacional;35 años;Noveno;2016;1
Total Nacional;35 años;Noveno;2015;3
Total Nacional;35 años;Décimo y más;2024;5
Total Nacional;35 años;Décimo y más;2023;1
Total Nacional;35 años;Décimo y más;2022;3
Total Nacional;35 años;Décimo y más;2021;4
Total Nacional;35 años;Décimo y más;2020;3
Total Nacional;35 años;Décimo y más;2019;8
Total Nacional;35 años;Décimo y más;2018;2
Total Nacional;35 años;Décimo y más;2017;2
Total Nacional;35 años;Décimo y más;2016;3
Total Nacional;35 años;Décimo y más;2015;3
Total Nacional;36 años;Todos;2024;21.441
Total Nacional;36 años;Todos;2023;21.334
Total Nacional;36 años;Todos;2022;22.299
Total Nacional;36 años;Todos;2021;23.604
Total Nacional;36 años;Todos;2020;23.107
Total Nacional;36 años;Todos;2019;24.663
Total Nacional;36 años;Todos;2018;26.205
Total Nacional;36 años;Todos;2017;27.745
Total Nacional;36 años;Todos;2016;28.997
Total Nacional;36 años;Todos;2015;29.648
Total Nacional;36 años;Primero;2024;9.088
Total Nacional;36 años;Primero;2023;9.021
Total Nacional;36 años;Primero;2022;9.363
Total Nacional;36 años;Primero;2021;9.822
Total Nacional;36 años;Primero;2020;9.651
Total Nacional;36 años;Primero;2019;9.981
Total Nacional;36 años;Primero;2018;10.387
Total Nacional;36 años;Primero;2017;11.017
Total Nacional;36 años;Primero;2016;11.700
Total Nacional;36 años;Primero;2015;11.946
Total Nacional;36 años;Segundo;2024;9.061
Total Nacional;36 años;Segundo;2023;8.990
Total Nacional;36 años;Segundo;2022;9.261
Total Nacional;36 años;Segundo;2021;10.077
Total Nacional;36 años;Segundo;2020;9.879
Total Nacional;36 años;Segundo;2019;10.868
Total Nacional;36 años;Segundo;2018;12.033
Total Nacional;36 años;Segundo;2017;12.859
Total Nacional;36 años;Segundo;2016;13.479
Total Nacional;36 años;Segundo;2015;13.946
Total Nacional;36 años;Tercero;2024;2.249
Total Nacional;36 años;Tercero;2023;2.339
Total Nacional;36 años;Tercero;2022;2.618
Total Nacional;36 años;Tercero;2021;2.659
Total Nacional;36 años;Tercero;2020;2.566
Total Nacional;36 años;Tercero;2019;2.825
Total Nacional;36 años;Tercero;2018;2.804
Total Nacional;36 años;Tercero;2017;2.901
Total Nacional;36 años;Tercero;2016;2.880
Total Nacional;36 años;Tercero;2015;2.890
Total Nacional;36 años;Cuarto;2024;690
Total Nacional;36 años;Cuarto;2023;652
Total Nacional;36 años;Cuarto;2022;723
Total Nacional;36 años;Cuarto;2021;700
Total Nacional;36 años;Cuarto;2020;691
Total Nacional;36 años;Cuarto;2019;680
Total Nacional;36 años;Cuarto;2018;659
Total Nacional;36 años;Cuarto;2017;643
Total Nacional;36 años;Cuarto;2016;634
Total Nacional;36 años;Cuarto;2015;584
Total Nacional;36 años;Quinto;2024;252
Total Nacional;36 años;Quinto;2023;225
Total Nacional;36 años;Quinto;2022;212
Total Nacional;36 años;Quinto;2021;214
Total Nacional;36 años;Quinto;2020;207
Total Nacional;36 años;Quinto;2019;192
Total Nacional;36 años;Quinto;2018;204
Total Nacional;36 años;Quinto;2017;230
Total Nacional;36 años;Quinto;2016;187
Total Nacional;36 años;Quinto;2015;193
Total Nacional;36 años;Sexto;2024;67
Total Nacional;36 años;Sexto;2023;74
Total Nacional;36 años;Sexto;2022;72
Total Nacional;36 años;Sexto;2021;90
Total Nacional;36 años;Sexto;2020;69
Total Nacional;36 años;Sexto;2019;69
Total Nacional;36 años;Sexto;2018;71
Total Nacional;36 años;Sexto;2017;61
Total Nacional;36 años;Sexto;2016;64
Total Nacional;36 años;Sexto;2015;56
Total Nacional;36 años;Séptimo;2024;19
Total Nacional;36 años;Séptimo;2023;21
Total Nacional;36 años;Séptimo;2022;28
Total Nacional;36 años;Séptimo;2021;20
Total Nacional;36 años;Séptimo;2020;26
Total Nacional;36 años;Séptimo;2019;24
Total Nacional;36 años;Séptimo;2018;25
Total Nacional;36 años;Séptimo;2017;15
Total Nacional;36 años;Séptimo;2016;26
Total Nacional;36 años;Séptimo;2015;18
Total Nacional;36 años;Octavo;2024;8
Total Nacional;36 años;Octavo;2023;9
Total Nacional;36 años;Octavo;2022;13
Total Nacional;36 años;Octavo;2021;15
Total Nacional;36 años;Octavo;2020;11
Total Nacional;36 años;Octavo;2019;7
Total Nacional;36 años;Octavo;2018;16
Total Nacional;36 años;Octavo;2017;9
Total Nacional;36 años;Octavo;2016;13
Total Nacional;36 años;Octavo;2015;6
Total Nacional;36 años;Noveno;2024;5
Total Nacional;36 años;Noveno;2023;1
Total Nacional;36 años;Noveno;2022;2
Total Nacional;36 años;Noveno;2021;1
Total Nacional;36 años;Noveno;2020;4
Total Nacional;36 años;Noveno;2019;7
Total Nacional;36 años;Noveno;2018;5
Total Nacional;36 años;Noveno;2017;7
Total Nacional;36 años;Noveno;2016;5
Total Nacional;36 años;Noveno;2015;6
Total Nacional;36 años;Décimo y más;2024;2
Total Nacional;36 años;Décimo y más;2023;2
Total Nacional;36 años;Décimo y más;2022;7
Total Nacional;36 años;Décimo y más;2021;6
Total Nacional;36 años;Décimo y más;2020;3
Total Nacional;36 años;Décimo y más;2019;10
Total Nacional;36 años;Décimo y más;2018;1
Total Nacional;36 años;Décimo y más;2017;3
Total Nacional;36 años;Décimo y más;2016;9
Total Nacional;36 años;Décimo y más;2015;3
Total Nacional;37 años;Todos;2024;19.008
Total Nacional;37 años;Todos;2023;19.136
Total Nacional;37 años;Todos;2022;20.140
Total Nacional;37 años;Todos;2021;20.774
Total Nacional;37 años;Todos;2020;20.977
Total Nacional;37 años;Todos;2019;22.524
Total Nacional;37 años;Todos;2018;23.349
Total Nacional;37 años;Todos;2017;24.443
Total Nacional;37 años;Todos;2016;25.342
Total Nacional;37 años;Todos;2015;25.659
Total Nacional;37 años;Primero;2024;7.565
Total Nacional;37 años;Primero;2023;7.540
Total Nacional;37 años;Primero;2022;7.959
Total Nacional;37 años;Primero;2021;8.051
Total Nacional;37 años;Primero;2020;8.151
Total Nacional;37 años;Primero;2019;8.548
Total Nacional;37 años;Primero;2018;8.755
Total Nacional;37 años;Primero;2017;9.263
Total Nacional;37 años;Primero;2016;9.602
Total Nacional;37 años;Primero;2015;9.778
Total Nacional;37 años;Segundo;2024;8.178
Total Nacional;37 años;Segundo;2023;8.355
Total Nacional;37 años;Segundo;2022;8.702
Total Nacional;37 años;Segundo;2021;9.053
Total Nacional;37 años;Segundo;2020;9.258
Total Nacional;37 años;Segundo;2019;10.203
Total Nacional;37 años;Segundo;2018;10.830
Total Nacional;37 años;Segundo;2017;11.475
Total Nacional;37 años;Segundo;2016;12.057
Total Nacional;37 años;Segundo;2015;12.229
Total Nacional;37 años;Tercero;2024;2.240
Total Nacional;37 años;Tercero;2023;2.267
Total Nacional;37 años;Tercero;2022;2.461
Total Nacional;37 años;Tercero;2021;2.640
Total Nacional;37 años;Tercero;2020;2.591
Total Nacional;37 años;Tercero;2019;2.758
Total Nacional;37 años;Tercero;2018;2.771
Total Nacional;37 años;Tercero;2017;2.778
Total Nacional;37 años;Tercero;2016;2.831
Total Nacional;37 años;Tercero;2015;2.788
Total Nacional;37 años;Cuarto;2024;674
Total Nacional;37 años;Cuarto;2023;653
Total Nacional;37 años;Cuarto;2022;662
Total Nacional;37 años;Cuarto;2021;690
Total Nacional;37 años;Cuarto;2020;674
Total Nacional;37 años;Cuarto;2019;705
Total Nacional;37 años;Cuarto;2018;693
Total Nacional;37 años;Cuarto;2017;623
Total Nacional;37 años;Cuarto;2016;593
Total Nacional;37 años;Cuarto;2015;584
Total Nacional;37 años;Quinto;2024;230
Total Nacional;37 años;Quinto;2023;206
Total Nacional;37 años;Quinto;2022;235
Total Nacional;37 años;Quinto;2021;222
Total Nacional;37 años;Quinto;2020;198
Total Nacional;37 años;Quinto;2019;205
Total Nacional;37 años;Quinto;2018;205
Total Nacional;37 años;Quinto;2017;188
Total Nacional;37 años;Quinto;2016;174
Total Nacional;37 años;Quinto;2015;184
Total Nacional;37 años;Sexto;2024;77
Total Nacional;37 años;Sexto;2023;66
Total Nacional;37 años;Sexto;2022;71
Total Nacional;37 años;Sexto;2021;78
Total Nacional;37 años;Sexto;2020;71
Total Nacional;37 años;Sexto;2019;68
Total Nacional;37 años;Sexto;2018;63
Total Nacional;37 años;Sexto;2017;66
Total Nacional;37 años;Sexto;2016;54
Total Nacional;37 años;Sexto;2015;61
Total Nacional;37 años;Séptimo;2024;26
Total Nacional;37 años;Séptimo;2023;27
Total Nacional;37 años;Séptimo;2022;33
Total Nacional;37 años;Séptimo;2021;22
Total Nacional;37 años;Séptimo;2020;23
Total Nacional;37 años;Séptimo;2019;22
Total Nacional;37 años;Séptimo;2018;19
Total Nacional;37 años;Séptimo;2017;30
Total Nacional;37 años;Séptimo;2016;16
Total Nacional;37 años;Séptimo;2015;20
Total Nacional;37 años;Octavo;2024;13
Total Nacional;37 años;Octavo;2023;11
Total Nacional;37 años;Octavo;2022;8
Total Nacional;37 años;Octavo;2021;9
Total Nacional;37 años;Octavo;2020;7
Total Nacional;37 años;Octavo;2019;4
Total Nacional;37 años;Octavo;2018;7
Total Nacional;37 años;Octavo;2017;14
Total Nacional;37 años;Octavo;2016;7
Total Nacional;37 años;Octavo;2015;7
Total Nacional;37 años;Noveno;2024;5
Total Nacional;37 años;Noveno;2023;7
Total Nacional;37 años;Noveno;2022;7
Total Nacional;37 años;Noveno;2021;4
Total Nacional;37 años;Noveno;2020;0
Total Nacional;37 años;Noveno;2019;6
Total Nacional;37 años;Noveno;2018;2
Total Nacional;37 años;Noveno;2017;4
Total Nacional;37 años;Noveno;2016;4
Total Nacional;37 años;Noveno;2015;4
Total Nacional;37 años;Décimo y más;2024;0
Total Nacional;37 años;Décimo y más;2023;4
Total Nacional;37 años;Décimo y más;2022;2
Total Nacional;37 años;Décimo y más;2021;5
Total Nacional;37 años;Décimo y más;2020;4
Total Nacional;37 años;Décimo y más;2019;5
Total Nacional;37 años;Décimo y más;2018;4
Total Nacional;37 años;Décimo y más;2017;2
Total Nacional;37 años;Décimo y más;2016;4
Total Nacional;37 años;Décimo y más;2015;4
Total Nacional;38 años;Todos;2024;16.073
Total Nacional;38 años;Todos;2023;16.378
Total Nacional;38 años;Todos;2022;17.640
Total Nacional;38 años;Todos;2021;18.061
Total Nacional;38 años;Todos;2020;18.329
Total Nacional;38 años;Todos;2019;19.537
Total Nacional;38 años;Todos;2018;20.064
Total Nacional;38 años;Todos;2017;20.897
Total Nacional;38 años;Todos;2016;21.408
Total Nacional;38 años;Todos;2015;21.318
Total Nacional;38 años;Primero;2024;6.066
Total Nacional;38 años;Primero;2023;6.118
Total Nacional;38 años;Primero;2022;6.698
Total Nacional;38 años;Primero;2021;6.671
Total Nacional;38 años;Primero;2020;7.006
Total Nacional;38 años;Primero;2019;7.152
Total Nacional;38 años;Primero;2018;7.302
Total Nacional;38 años;Primero;2017;7.684
Total Nacional;38 años;Primero;2016;7.917
Total Nacional;38 años;Primero;2015;7.888
Total Nacional;38 años;Segundo;2024;7.150
Total Nacional;38 años;Segundo;2023;7.284
Total Nacional;38 años;Segundo;2022;7.740
Total Nacional;38 años;Segundo;2021;8.093
Total Nacional;38 años;Segundo;2020;8.067
Total Nacional;38 años;Segundo;2019;8.904
Total Nacional;38 años;Segundo;2018;9.260
Total Nacional;38 años;Segundo;2017;9.693
Total Nacional;38 años;Segundo;2016;10.110
Total Nacional;38 años;Segundo;2015;10.091
Total Nacional;38 años;Tercero;2024;1.903
Total Nacional;38 años;Tercero;2023;2.060
Total Nacional;38 años;Tercero;2022;2.257
Total Nacional;38 años;Tercero;2021;2.352
Total Nacional;38 años;Tercero;2020;2.319
Total Nacional;38 años;Tercero;2019;2.522
Total Nacional;38 años;Tercero;2018;2.551
Total Nacional;38 años;Tercero;2017;2.672
Total Nacional;38 años;Tercero;2016;2.540
Total Nacional;38 años;Tercero;2015;2.547
Total Nacional;38 años;Cuarto;2024;647
Total Nacional;38 años;Cuarto;2023;624
Total Nacional;38 años;Cuarto;2022;605
Total Nacional;38 años;Cuarto;2021;622
Total Nacional;38 años;Cuarto;2020;632
Total Nacional;38 años;Cuarto;2019;628
Total Nacional;38 años;Cuarto;2018;627
Total Nacional;38 años;Cuarto;2017;566
Total Nacional;38 años;Cuarto;2016;557
Total Nacional;38 años;Cuarto;2015;528
Total Nacional;38 años;Quinto;2024;191
Total Nacional;38 años;Quinto;2023;189
Total Nacional;38 años;Quinto;2022;200
Total Nacional;38 años;Quinto;2021;182
Total Nacional;38 años;Quinto;2020;198
Total Nacional;38 años;Quinto;2019;195
Total Nacional;38 años;Quinto;2018;191
Total Nacional;38 años;Quinto;2017;186
Total Nacional;38 años;Quinto;2016;178
Total Nacional;38 años;Quinto;2015;157
Total Nacional;38 años;Sexto;2024;61
Total Nacional;38 años;Sexto;2023;61
Total Nacional;38 años;Sexto;2022;72
Total Nacional;38 años;Sexto;2021;83
Total Nacional;38 años;Sexto;2020;58
Total Nacional;38 años;Sexto;2019;75
Total Nacional;38 años;Sexto;2018;84
Total Nacional;38 años;Sexto;2017;54
Total Nacional;38 años;Sexto;2016;62
Total Nacional;38 años;Sexto;2015;65
Total Nacional;38 años;Séptimo;2024;29
Total Nacional;38 años;Séptimo;2023;32
Total Nacional;38 años;Séptimo;2022;39
Total Nacional;38 años;Séptimo;2021;34
Total Nacional;38 años;Séptimo;2020;26
Total Nacional;38 años;Séptimo;2019;35
Total Nacional;38 años;Séptimo;2018;27
Total Nacional;38 años;Séptimo;2017;24
Total Nacional;38 años;Séptimo;2016;27
Total Nacional;38 años;Séptimo;2015;24
Total Nacional;38 años;Octavo;2024;20
Total Nacional;38 años;Octavo;2023;7
Total Nacional;38 años;Octavo;2022;16
Total Nacional;38 años;Octavo;2021;10
Total Nacional;38 años;Octavo;2020;10
Total Nacional;38 años;Octavo;2019;15
Total Nacional;38 años;Octavo;2018;10
Total Nacional;38 años;Octavo;2017;10
Total Nacional;38 años;Octavo;2016;9
Total Nacional;38 años;Octavo;2015;14
Total Nacional;38 años;Noveno;2024;4
Total Nacional;38 años;Noveno;2023;3
Total Nacional;38 años;Noveno;2022;5
Total Nacional;38 años;Noveno;2021;7
Total Nacional;38 años;Noveno;2020;5
Total Nacional;38 años;Noveno;2019;3
Total Nacional;38 años;Noveno;2018;6
Total Nacional;38 años;Noveno;2017;0
Total Nacional;38 años;Noveno;2016;4
Total Nacional;38 años;Noveno;2015;2
Total Nacional;38 años;Décimo y más;2024;2
Total Nacional;38 años;Décimo y más;2023;0
Total Nacional;38 años;Décimo y más;2022;8
Total Nacional;38 años;Décimo y más;2021;7
Total Nacional;38 años;Décimo y más;2020;8
Total Nacional;38 años;Décimo y más;2019;8
Total Nacional;38 años;Décimo y más;2018;6
Total Nacional;38 años;Décimo y más;2017;8
Total Nacional;38 años;Décimo y más;2016;4
Total Nacional;38 años;Décimo y más;2015;2
Total Nacional;39 años;Todos;2024;13.567
Total Nacional;39 años;Todos;2023;14.097
Total Nacional;39 años;Todos;2022;14.862
Total Nacional;39 años;Todos;2021;15.223
Total Nacional;39 años;Todos;2020;15.455
Total Nacional;39 años;Todos;2019;15.980
Total Nacional;39 años;Todos;2018;16.087
Total Nacional;39 años;Todos;2017;16.826
Total Nacional;39 años;Todos;2016;17.282
Total Nacional;39 años;Todos;2015;16.769
Total Nacional;39 años;Primero;2024;4.996
Total Nacional;39 años;Primero;2023;5.136
Total Nacional;39 años;Primero;2022;5.537
Total Nacional;39 años;Primero;2021;5.556
Total Nacional;39 años;Primero;2020;5.888
Total Nacional;39 años;Primero;2019;5.834
Total Nacional;39 años;Primero;2018;5.798
Total Nacional;39 años;Primero;2017;6.068
Total Nacional;39 años;Primero;2016;6.301
Total Nacional;39 años;Primero;2015;6.212
Total Nacional;39 años;Segundo;2024;5.942
Total Nacional;39 años;Segundo;2023;6.188
Total Nacional;39 años;Segundo;2022;6.454
Total Nacional;39 años;Segundo;2021;6.766
Total Nacional;39 años;Segundo;2020;6.692
Total Nacional;39 años;Segundo;2019;7.114
Total Nacional;39 años;Segundo;2018;7.309
Total Nacional;39 años;Segundo;2017;7.786
Total Nacional;39 años;Segundo;2016;8.001
Total Nacional;39 años;Segundo;2015;7.775
Total Nacional;39 años;Tercero;2024;1.770
Total Nacional;39 años;Tercero;2023;1.876
Total Nacional;39 años;Tercero;2022;1.992
Total Nacional;39 años;Tercero;2021;2.078
Total Nacional;39 años;Tercero;2020;2.066
Total Nacional;39 años;Tercero;2019;2.177
Total Nacional;39 años;Tercero;2018;2.143
Total Nacional;39 años;Tercero;2017;2.254
Total Nacional;39 años;Tercero;2016;2.272
Total Nacional;39 años;Tercero;2015;2.099
Total Nacional;39 años;Cuarto;2024;528
Total Nacional;39 años;Cuarto;2023;574
Total Nacional;39 años;Cuarto;2022;576
Total Nacional;39 años;Cuarto;2021;551
Total Nacional;39 años;Cuarto;2020;534
Total Nacional;39 años;Cuarto;2019;533
Total Nacional;39 años;Cuarto;2018;551
Total Nacional;39 años;Cuarto;2017;468
Total Nacional;39 años;Cuarto;2016;464
Total Nacional;39 años;Cuarto;2015;415
Total Nacional;39 años;Quinto;2024;212
Total Nacional;39 años;Quinto;2023;190
Total Nacional;39 años;Quinto;2022;188
Total Nacional;39 años;Quinto;2021;165
Total Nacional;39 años;Quinto;2020;172
Total Nacional;39 años;Quinto;2019;195
Total Nacional;39 años;Quinto;2018;176
Total Nacional;39 años;Quinto;2017;145
Total Nacional;39 años;Quinto;2016;135
Total Nacional;39 años;Quinto;2015;140
Total Nacional;39 años;Sexto;2024;78
Total Nacional;39 años;Sexto;2023;70
Total Nacional;39 años;Sexto;2022;67
Total Nacional;39 años;Sexto;2021;64
Total Nacional;39 años;Sexto;2020;54
Total Nacional;39 años;Sexto;2019;79
Total Nacional;39 años;Sexto;2018;64
Total Nacional;39 años;Sexto;2017;57
Total Nacional;39 años;Sexto;2016;56
Total Nacional;39 años;Sexto;2015;69
Total Nacional;39 años;Séptimo;2024;22
Total Nacional;39 años;Séptimo;2023;32
Total Nacional;39 años;Séptimo;2022;31
Total Nacional;39 años;Séptimo;2021;21
Total Nacional;39 años;Séptimo;2020;21
Total Nacional;39 años;Séptimo;2019;23
Total Nacional;39 años;Séptimo;2018;26
Total Nacional;39 años;Séptimo;2017;20
Total Nacional;39 años;Séptimo;2016;30
Total Nacional;39 años;Séptimo;2015;33
Total Nacional;39 años;Octavo;2024;9
Total Nacional;39 años;Octavo;2023;12
Total Nacional;39 años;Octavo;2022;9
Total Nacional;39 años;Octavo;2021;11
Total Nacional;39 años;Octavo;2020;13
Total Nacional;39 años;Octavo;2019;12
Total Nacional;39 años;Octavo;2018;10
Total Nacional;39 años;Octavo;2017;14
Total Nacional;39 años;Octavo;2016;14
Total Nacional;39 años;Octavo;2015;12
Total Nacional;39 años;Noveno;2024;5
Total Nacional;39 años;Noveno;2023;11
Total Nacional;39 años;Noveno;2022;3
Total Nacional;39 años;Noveno;2021;6
Total Nacional;39 años;Noveno;2020;5
Total Nacional;39 años;Noveno;2019;8
Total Nacional;39 años;Noveno;2018;8
Total Nacional;39 años;Noveno;2017;9
Total Nacional;39 años;Noveno;2016;3
Total Nacional;39 años;Noveno;2015;7
Total Nacional;39 años;Décimo y más;2024;5
Total Nacional;39 años;Décimo y más;2023;8
Total Nacional;39 años;Décimo y más;2022;5
Total Nacional;39 años;Décimo y más;2021;5
Total Nacional;39 años;Décimo y más;2020;10
Total Nacional;39 años;Décimo y más;2019;5
Total Nacional;39 años;Décimo y más;2018;2
Total Nacional;39 años;Décimo y más;2017;5
Total Nacional;39 años;Décimo y más;2016;6
Total Nacional;39 años;Décimo y más;2015;7
Total Nacional;40 años;Todos;2024;10.783
Total Nacional;40 años;Todos;2023;11.352
Total Nacional;40 años;Todos;2022;12.065
Total Nacional;40 años;Todos;2021;12.225
Total Nacional;40 años;Todos;2020;12.137
Total Nacional;40 años;Todos;2019;12.287
Total Nacional;40 años;Todos;2018;12.999
Total Nacional;40 años;Todos;2017;12.993
Total Nacional;40 años;Todos;2016;12.835
Total Nacional;40 años;Todos;2015;12.129
Total Nacional;40 años;Primero;2024;4.077
Total Nacional;40 años;Primero;2023;4.242
Total Nacional;40 años;Primero;2022;4.657
Total Nacional;40 años;Primero;2021;4.565
Total Nacional;40 años;Primero;2020;4.721
Total Nacional;40 años;Primero;2019;4.682
Total Nacional;40 años;Primero;2018;4.857
Total Nacional;40 años;Primero;2017;4.832
Total Nacional;40 años;Primero;2016;4.738
Total Nacional;40 años;Primero;2015;4.503
Total Nacional;40 años;Segundo;2024;4.534
Total Nacional;40 años;Segundo;2023;4.871
Total Nacional;40 años;Segundo;2022;4.954
Total Nacional;40 años;Segundo;2021;5.156
Total Nacional;40 años;Segundo;2020;5.071
Total Nacional;40 años;Segundo;2019;5.240
Total Nacional;40 años;Segundo;2018;5.643
Total Nacional;40 años;Segundo;2017;5.807
Total Nacional;40 años;Segundo;2016;5.760
Total Nacional;40 años;Segundo;2015;5.412
Total Nacional;40 años;Tercero;2024;1.408
Total Nacional;40 años;Tercero;2023;1.500
Total Nacional;40 años;Tercero;2022;1.675
Total Nacional;40 años;Tercero;2021;1.716
Total Nacional;40 años;Tercero;2020;1.604
Total Nacional;40 años;Tercero;2019;1.675
Total Nacional;40 años;Tercero;2018;1.779
Total Nacional;40 años;Tercero;2017;1.689
Total Nacional;40 años;Tercero;2016;1.695
Total Nacional;40 años;Tercero;2015;1.591
Total Nacional;40 años;Cuarto;2024;482
Total Nacional;40 años;Cuarto;2023;471
Total Nacional;40 años;Cuarto;2022;490
Total Nacional;40 años;Cuarto;2021;503
Total Nacional;40 años;Cuarto;2020;448
Total Nacional;40 años;Cuarto;2019;417
Total Nacional;40 años;Cuarto;2018;451
Total Nacional;40 años;Cuarto;2017;404
Total Nacional;40 años;Cuarto;2016;420
Total Nacional;40 años;Cuarto;2015;369
Total Nacional;40 años;Quinto;2024;169
Total Nacional;40 años;Quinto;2023;158
Total Nacional;40 años;Quinto;2022;172
Total Nacional;40 años;Quinto;2021;184
Total Nacional;40 años;Quinto;2020;181
Total Nacional;40 años;Quinto;2019;174
Total Nacional;40 años;Quinto;2018;155
Total Nacional;40 años;Quinto;2017;158
Total Nacional;40 años;Quinto;2016;125
Total Nacional;40 años;Quinto;2015;144
Total Nacional;40 años;Sexto;2024;61
Total Nacional;40 años;Sexto;2023;59
Total Nacional;40 años;Sexto;2022;70
Total Nacional;40 años;Sexto;2021;57
Total Nacional;40 años;Sexto;2020;72
Total Nacional;40 años;Sexto;2019;57
Total Nacional;40 años;Sexto;2018;75
Total Nacional;40 años;Sexto;2017;55
Total Nacional;40 años;Sexto;2016;47
Total Nacional;40 años;Sexto;2015;69
Total Nacional;40 años;Séptimo;2024;39
Total Nacional;40 años;Séptimo;2023;29
Total Nacional;40 años;Séptimo;2022;21
Total Nacional;40 años;Séptimo;2021;20
Total Nacional;40 años;Séptimo;2020;23
Total Nacional;40 años;Séptimo;2019;18
Total Nacional;40 años;Séptimo;2018;13
Total Nacional;40 años;Séptimo;2017;26
Total Nacional;40 años;Séptimo;2016;29
Total Nacional;40 años;Séptimo;2015;19
Total Nacional;40 años;Octavo;2024;10
Total Nacional;40 años;Octavo;2023;12
Total Nacional;40 años;Octavo;2022;13
Total Nacional;40 años;Octavo;2021;15
Total Nacional;40 años;Octavo;2020;6
Total Nacional;40 años;Octavo;2019;11
Total Nacional;40 años;Octavo;2018;14
Total Nacional;40 años;Octavo;2017;15
Total Nacional;40 años;Octavo;2016;8
Total Nacional;40 años;Octavo;2015;11
Total Nacional;40 años;Noveno;2024;3
Total Nacional;40 años;Noveno;2023;6
Total Nacional;40 años;Noveno;2022;4
Total Nacional;40 años;Noveno;2021;6
Total Nacional;40 años;Noveno;2020;4
Total Nacional;40 años;Noveno;2019;6
Total Nacional;40 años;Noveno;2018;9
Total Nacional;40 años;Noveno;2017;4
Total Nacional;40 años;Noveno;2016;5
Total Nacional;40 años;Noveno;2015;5
Total Nacional;40 años;Décimo y más;2024;0
Total Nacional;40 años;Décimo y más;2023;4
Total Nacional;40 años;Décimo y más;2022;9
Total Nacional;40 años;Décimo y más;2021;3
Total Nacional;40 años;Décimo y más;2020;7
Total Nacional;40 años;Décimo y más;2019;7
Total Nacional;40 años;Décimo y más;2018;3
Total Nacional;40 años;Décimo y más;2017;3
Total Nacional;40 años;Décimo y más;2016;8
Total Nacional;40 años;Décimo y más;2015;6
Total Nacional;41 años;Todos;2024;7.820
Total Nacional;41 años;Todos;2023;8.204
Total Nacional;41 años;Todos;2022;8.664
Total Nacional;41 años;Todos;2021;8.784
Total Nacional;41 años;Todos;2020;8.441
Total Nacional;41 años;Todos;2019;8.878
Total Nacional;41 años;Todos;2018;8.847
Total Nacional;41 años;Todos;2017;8.763
Total Nacional;41 años;Todos;2016;8.548
Total Nacional;41 años;Todos;2015;8.270
Total Nacional;41 años;Primero;2024;2.966
Total Nacional;41 años;Primero;2023;3.164
Total Nacional;41 años;Primero;2022;3.421
Total Nacional;41 años;Primero;2021;3.343
Total Nacional;41 años;Primero;2020;3.248
Total Nacional;41 años;Primero;2019;3.430
Total Nacional;41 años;Primero;2018;3.367
Total Nacional;41 años;Primero;2017;3.437
Total Nacional;41 años;Primero;2016;3.252
Total Nacional;41 años;Primero;2015;3.214
Total Nacional;41 años;Segundo;2024;3.193
Total Nacional;41 años;Segundo;2023;3.302
Total Nacional;41 años;Segundo;2022;3.419
Total Nacional;41 años;Segundo;2021;3.530
Total Nacional;41 años;Segundo;2020;3.443
Total Nacional;41 años;Segundo;2019;3.619
Total Nacional;41 años;Segundo;2018;3.692
Total Nacional;41 años;Segundo;2017;3.654
Total Nacional;41 años;Segundo;2016;3.665
Total Nacional;41 años;Segundo;2015;3.450
Total Nacional;41 años;Tercero;2024;1.060
Total Nacional;41 años;Tercero;2023;1.107
Total Nacional;41 años;Tercero;2022;1.224
Total Nacional;41 años;Tercero;2021;1.266
Total Nacional;41 años;Tercero;2020;1.175
Total Nacional;41 años;Tercero;2019;1.266
Total Nacional;41 años;Tercero;2018;1.263
Total Nacional;41 años;Tercero;2017;1.147
Total Nacional;41 años;Tercero;2016;1.137
Total Nacional;41 años;Tercero;2015;1.111
Total Nacional;41 años;Cuarto;2024;337
Total Nacional;41 años;Cuarto;2023;362
Total Nacional;41 años;Cuarto;2022;363
Total Nacional;41 años;Cuarto;2021;406
Total Nacional;41 años;Cuarto;2020;365
Total Nacional;41 años;Cuarto;2019;347
Total Nacional;41 años;Cuarto;2018;323
Total Nacional;41 años;Cuarto;2017;347
Total Nacional;41 años;Cuarto;2016;289
Total Nacional;41 años;Cuarto;2015;297
Total Nacional;41 años;Quinto;2024;149
Total Nacional;41 años;Quinto;2023;149
Total Nacional;41 años;Quinto;2022;138
Total Nacional;41 años;Quinto;2021;144
Total Nacional;41 años;Quinto;2020;115
Total Nacional;41 años;Quinto;2019;131
Total Nacional;41 años;Quinto;2018;125
Total Nacional;41 años;Quinto;2017;89
Total Nacional;41 años;Quinto;2016;117
Total Nacional;41 años;Quinto;2015;103
Total Nacional;41 años;Sexto;2024;66
Total Nacional;41 años;Sexto;2023;53
Total Nacional;41 años;Sexto;2022;62
Total Nacional;41 años;Sexto;2021;54
Total Nacional;41 años;Sexto;2020;57
Total Nacional;41 años;Sexto;2019;44
Total Nacional;41 años;Sexto;2018;41
Total Nacional;41 años;Sexto;2017;46
Total Nacional;41 años;Sexto;2016;49
Total Nacional;41 años;Sexto;2015;49
Total Nacional;41 años;Séptimo;2024;22
Total Nacional;41 años;Séptimo;2023;30
Total Nacional;41 años;Séptimo;2022;15
Total Nacional;41 años;Séptimo;2021;21
Total Nacional;41 años;Séptimo;2020;21
Total Nacional;41 años;Séptimo;2019;23
Total Nacional;41 años;Séptimo;2018;23
Total Nacional;41 años;Séptimo;2017;25
Total Nacional;41 años;Séptimo;2016;19
Total Nacional;41 años;Séptimo;2015;24
Total Nacional;41 años;Octavo;2024;12
Total Nacional;41 años;Octavo;2023;18
Total Nacional;41 años;Octavo;2022;7
Total Nacional;41 años;Octavo;2021;9
Total Nacional;41 años;Octavo;2020;8
Total Nacional;41 años;Octavo;2019;6
Total Nacional;41 años;Octavo;2018;6
Total Nacional;41 años;Octavo;2017;7
Total Nacional;41 años;Octavo;2016;15
Total Nacional;41 años;Octavo;2015;10
Total Nacional;41 años;Noveno;2024;6
Total Nacional;41 años;Noveno;2023;12
Total Nacional;41 años;Noveno;2022;6
Total Nacional;41 años;Noveno;2021;5
Total Nacional;41 años;Noveno;2020;4
Total Nacional;41 años;Noveno;2019;4
Total Nacional;41 años;Noveno;2018;3
Total Nacional;41 años;Noveno;2017;6
Total Nacional;41 años;Noveno;2016;3
Total Nacional;41 años;Noveno;2015;7
Total Nacional;41 años;Décimo y más;2024;9
Total Nacional;41 años;Décimo y más;2023;7
Total Nacional;41 años;Décimo y más;2022;9
Total Nacional;41 años;Décimo y más;2021;6
Total Nacional;41 años;Décimo y más;2020;5
Total Nacional;41 años;Décimo y más;2019;8
Total Nacional;41 años;Décimo y más;2018;4
Total Nacional;41 años;Décimo y más;2017;5
Total Nacional;41 años;Décimo y más;2016;2
Total Nacional;41 años;Décimo y más;2015;5
Total Nacional;42 años;Todos;2024;5.430
Total Nacional;42 años;Todos;2023;5.803
Total Nacional;42 años;Todos;2022;5.811
Total Nacional;42 años;Todos;2021;5.793
Total Nacional;42 años;Todos;2020;5.710
Total Nacional;42 años;Todos;2019;5.892
Total Nacional;42 años;Todos;2018;5.809
Total Nacional;42 años;Todos;2017;5.642
Total Nacional;42 años;Todos;2016;5.359
Total Nacional;42 años;Todos;2015;5.191
Total Nacional;42 años;Primero;2024;2.179
Total Nacional;42 años;Primero;2023;2.288
Total Nacional;42 años;Primero;2022;2.385
Total Nacional;42 años;Primero;2021;2.256
Total Nacional;42 años;Primero;2020;2.327
Total Nacional;42 años;Primero;2019;2.322
Total Nacional;42 años;Primero;2018;2.333
Total Nacional;42 años;Primero;2017;2.258
Total Nacional;42 años;Primero;2016;2.080
Total Nacional;42 años;Primero;2015;2.033
Total Nacional;42 años;Segundo;2024;2.110
Total Nacional;42 años;Segundo;2023;2.284
Total Nacional;42 años;Segundo;2022;2.191
Total Nacional;42 años;Segundo;2021;2.314
Total Nacional;42 años;Segundo;2020;2.180
Total Nacional;42 años;Segundo;2019;2.407
Total Nacional;42 años;Segundo;2018;2.308
Total Nacional;42 años;Segundo;2017;2.222
Total Nacional;42 años;Segundo;2016;2.141
Total Nacional;42 años;Segundo;2015;2.080
Total Nacional;42 años;Tercero;2024;710
Total Nacional;42 años;Tercero;2023;782
Total Nacional;42 años;Tercero;2022;739
Total Nacional;42 años;Tercero;2021;782
Total Nacional;42 años;Tercero;2020;782
Total Nacional;42 años;Tercero;2019;751
Total Nacional;42 años;Tercero;2018;792
Total Nacional;42 años;Tercero;2017;776
Total Nacional;42 años;Tercero;2016;776
Total Nacional;42 años;Tercero;2015;736
Total Nacional;42 años;Cuarto;2024;262
Total Nacional;42 años;Cuarto;2023;262
Total Nacional;42 años;Cuarto;2022;306
Total Nacional;42 años;Cuarto;2021;282
Total Nacional;42 años;Cuarto;2020;253
Total Nacional;42 años;Cuarto;2019;253
Total Nacional;42 años;Cuarto;2018;222
Total Nacional;42 años;Cuarto;2017;241
Total Nacional;42 años;Cuarto;2016;210
Total Nacional;42 años;Cuarto;2015;213
Total Nacional;42 años;Quinto;2024;99
Total Nacional;42 años;Quinto;2023;113
Total Nacional;42 años;Quinto;2022;115
Total Nacional;42 años;Quinto;2021;87
Total Nacional;42 años;Quinto;2020;107
Total Nacional;42 años;Quinto;2019;90
Total Nacional;42 años;Quinto;2018;85
Total Nacional;42 años;Quinto;2017;83
Total Nacional;42 años;Quinto;2016;78
Total Nacional;42 años;Quinto;2015;81
Total Nacional;42 años;Sexto;2024;40
Total Nacional;42 años;Sexto;2023;38
Total Nacional;42 años;Sexto;2022;41
Total Nacional;42 años;Sexto;2021;41
Total Nacional;42 años;Sexto;2020;27
Total Nacional;42 años;Sexto;2019;37
Total Nacional;42 años;Sexto;2018;33
Total Nacional;42 años;Sexto;2017;33
Total Nacional;42 años;Sexto;2016;35
Total Nacional;42 años;Sexto;2015;23
Total Nacional;42 años;Séptimo;2024;14
Total Nacional;42 años;Séptimo;2023;16
Total Nacional;42 años;Séptimo;2022;13
Total Nacional;42 años;Séptimo;2021;19
Total Nacional;42 años;Séptimo;2020;21
Total Nacional;42 años;Séptimo;2019;17
Total Nacional;42 años;Séptimo;2018;21
Total Nacional;42 años;Séptimo;2017;13
Total Nacional;42 años;Séptimo;2016;16
Total Nacional;42 años;Séptimo;2015;13
Total Nacional;42 años;Octavo;2024;6
Total Nacional;42 años;Octavo;2023;10
Total Nacional;42 años;Octavo;2022;9
Total Nacional;42 años;Octavo;2021;2
Total Nacional;42 años;Octavo;2020;6
Total Nacional;42 años;Octavo;2019;3
Total Nacional;42 años;Octavo;2018;7
Total Nacional;42 años;Octavo;2017;9
Total Nacional;42 años;Octavo;2016;10
Total Nacional;42 años;Octavo;2015;6
Total Nacional;42 años;Noveno;2024;3
Total Nacional;42 años;Noveno;2023;5
Total Nacional;42 años;Noveno;2022;9
Total Nacional;42 años;Noveno;2021;5
Total Nacional;42 años;Noveno;2020;3
Total Nacional;42 años;Noveno;2019;7
Total Nacional;42 años;Noveno;2018;4
Total Nacional;42 años;Noveno;2017;5
Total Nacional;42 años;Noveno;2016;7
Total Nacional;42 años;Noveno;2015;3
Total Nacional;42 años;Décimo y más;2024;7
Total Nacional;42 años;Décimo y más;2023;5
Total Nacional;42 años;Décimo y más;2022;3
Total Nacional;42 años;Décimo y más;2021;5
Total Nacional;42 años;Décimo y más;2020;4
Total Nacional;42 años;Décimo y más;2019;5
Total Nacional;42 años;Décimo y más;2018;4
Total Nacional;42 años;Décimo y más;2017;2
Total Nacional;42 años;Décimo y más;2016;6
Total Nacional;42 años;Décimo y más;2015;3
Total Nacional;43 años;Todos;2024;3.528
Total Nacional;43 años;Todos;2023;3.529
Total Nacional;43 años;Todos;2022;3.638
Total Nacional;43 años;Todos;2021;3.705
Total Nacional;43 años;Todos;2020;3.537
Total Nacional;43 años;Todos;2019;3.540
Total Nacional;43 años;Todos;2018;3.627
Total Nacional;43 años;Todos;2017;3.496
Total Nacional;43 años;Todos;2016;3.194
Total Nacional;43 años;Todos;2015;3.076
Total Nacional;43 años;Primero;2024;1.439
Total Nacional;43 años;Primero;2023;1.469
Total Nacional;43 años;Primero;2022;1.587
Total Nacional;43 años;Primero;2021;1.494
Total Nacional;43 años;Primero;2020;1.531
Total Nacional;43 años;Primero;2019;1.479
Total Nacional;43 años;Primero;2018;1.561
Total Nacional;43 años;Primero;2017;1.480
Total Nacional;43 años;Primero;2016;1.322
Total Nacional;43 años;Primero;2015;1.283
Total Nacional;43 años;Segundo;2024;1.365
Total Nacional;43 años;Segundo;2023;1.291
Total Nacional;43 años;Segundo;2022;1.291
Total Nacional;43 años;Segundo;2021;1.430
Total Nacional;43 años;Segundo;2020;1.268
Total Nacional;43 años;Segundo;2019;1.336
Total Nacional;43 años;Segundo;2018;1.334
Total Nacional;43 años;Segundo;2017;1.300
Total Nacional;43 años;Segundo;2016;1.253
Total Nacional;43 años;Segundo;2015;1.128
Total Nacional;43 años;Tercero;2024;421
Total Nacional;43 años;Tercero;2023;487
Total Nacional;43 años;Tercero;2022;481
Total Nacional;43 años;Tercero;2021;502
Total Nacional;43 años;Tercero;2020;461
Total Nacional;43 años;Tercero;2019;474
Total Nacional;43 años;Tercero;2018;457
Total Nacional;43 años;Tercero;2017;454
Total Nacional;43 años;Tercero;2016;408
Total Nacional;43 años;Tercero;2015;417
Total Nacional;43 años;Cuarto;2024;183
Total Nacional;43 años;Cuarto;2023;153
Total Nacional;43 años;Cuarto;2022;165
Total Nacional;43 años;Cuarto;2021;153
Total Nacional;43 años;Cuarto;2020;171
Total Nacional;43 años;Cuarto;2019;144
Total Nacional;43 años;Cuarto;2018;161
Total Nacional;43 años;Cuarto;2017;155
Total Nacional;43 años;Cuarto;2016;120
Total Nacional;43 años;Cuarto;2015;137
Total Nacional;43 años;Quinto;2024;66
Total Nacional;43 años;Quinto;2023;71
Total Nacional;43 años;Quinto;2022;63
Total Nacional;43 años;Quinto;2021;60
Total Nacional;43 años;Quinto;2020;59
Total Nacional;43 años;Quinto;2019;48
Total Nacional;43 años;Quinto;2018;67
Total Nacional;43 años;Quinto;2017;53
Total Nacional;43 años;Quinto;2016;52
Total Nacional;43 años;Quinto;2015;59
Total Nacional;43 años;Sexto;2024;26
Total Nacional;43 años;Sexto;2023;24
Total Nacional;43 años;Sexto;2022;24
Total Nacional;43 años;Sexto;2021;40
Total Nacional;43 años;Sexto;2020;18
Total Nacional;43 años;Sexto;2019;26
Total Nacional;43 años;Sexto;2018;30
Total Nacional;43 años;Sexto;2017;24
Total Nacional;43 años;Sexto;2016;24
Total Nacional;43 años;Sexto;2015;24
Total Nacional;43 años;Séptimo;2024;11
Total Nacional;43 años;Séptimo;2023;22
Total Nacional;43 años;Séptimo;2022;15
Total Nacional;43 años;Séptimo;2021;13
Total Nacional;43 años;Séptimo;2020;14
Total Nacional;43 años;Séptimo;2019;16
Total Nacional;43 años;Séptimo;2018;8
Total Nacional;43 años;Séptimo;2017;12
Total Nacional;43 años;Séptimo;2016;10
Total Nacional;43 años;Séptimo;2015;7
Total Nacional;43 años;Octavo;2024;7
Total Nacional;43 años;Octavo;2023;4
Total Nacional;43 años;Octavo;2022;4
Total Nacional;43 años;Octavo;2021;5
Total Nacional;43 años;Octavo;2020;7
Total Nacional;43 años;Octavo;2019;6
Total Nacional;43 años;Octavo;2018;4
Total Nacional;43 años;Octavo;2017;8
Total Nacional;43 años;Octavo;2016;1
Total Nacional;43 años;Octavo;2015;10
Total Nacional;43 años;Noveno;2024;3
Total Nacional;43 años;Noveno;2023;5
Total Nacional;43 años;Noveno;2022;4
Total Nacional;43 años;Noveno;2021;3
Total Nacional;43 años;Noveno;2020;4
Total Nacional;43 años;Noveno;2019;3
Total Nacional;43 años;Noveno;2018;4
Total Nacional;43 años;Noveno;2017;2
Total Nacional;43 años;Noveno;2016;2
Total Nacional;43 años;Noveno;2015;6
Total Nacional;43 años;Décimo y más;2024;7
Total Nacional;43 años;Décimo y más;2023;3
Total Nacional;43 años;Décimo y más;2022;4
Total Nacional;43 años;Décimo y más;2021;5
Total Nacional;43 años;Décimo y más;2020;4
Total Nacional;43 años;Décimo y más;2019;8
Total Nacional;43 años;Décimo y más;2018;1
Total Nacional;43 años;Décimo y más;2017;8
Total Nacional;43 años;Décimo y más;2016;2
Total Nacional;43 años;Décimo y más;2015;5
Total Nacional;44 años;Todos;2024;2.160
Total Nacional;44 años;Todos;2023;2.237
Total Nacional;44 años;Todos;2022;2.276
Total Nacional;44 años;Todos;2021;2.325
Total Nacional;44 años;Todos;2020;2.075
Total Nacional;44 años;Todos;2019;2.285
Total Nacional;44 años;Todos;2018;2.080
Total Nacional;44 años;Todos;2017;1.995
Total Nacional;44 años;Todos;2016;2.025
Total Nacional;44 años;Todos;2015;1.919
Total Nacional;44 años;Primero;2024;975
Total Nacional;44 años;Primero;2023;1.002
Total Nacional;44 años;Primero;2022;1.041
Total Nacional;44 años;Primero;2021;1.082
Total Nacional;44 años;Primero;2020;994
Total Nacional;44 años;Primero;2019;1.055
Total Nacional;44 años;Primero;2018;950
Total Nacional;44 años;Primero;2017;927
Total Nacional;44 años;Primero;2016;893
Total Nacional;44 años;Primero;2015;864
Total Nacional;44 años;Segundo;2024;749
Total Nacional;44 años;Segundo;2023;808
Total Nacional;44 años;Segundo;2022;801
Total Nacional;44 años;Segundo;2021;785
Total Nacional;44 años;Segundo;2020;672
Total Nacional;44 años;Segundo;2019;765
Total Nacional;44 años;Segundo;2018;711
Total Nacional;44 años;Segundo;2017;691
Total Nacional;44 años;Segundo;2016;699
Total Nacional;44 años;Segundo;2015;679
Total Nacional;44 años;Tercero;2024;249
Total Nacional;44 años;Tercero;2023;251
Total Nacional;44 años;Tercero;2022;260
Total Nacional;44 años;Tercero;2021;285
Total Nacional;44 años;Tercero;2020;243
Total Nacional;44 años;Tercero;2019;301
Total Nacional;44 años;Tercero;2018;269
Total Nacional;44 años;Tercero;2017;256
Total Nacional;44 años;Tercero;2016;274
Total Nacional;44 años;Tercero;2015;247
Total Nacional;44 años;Cuarto;2024;96
Total Nacional;44 años;Cuarto;2023;93
Total Nacional;44 años;Cuarto;2022;94
Total Nacional;44 años;Cuarto;2021;93
Total Nacional;44 años;Cuarto;2020;87
Total Nacional;44 años;Cuarto;2019;86
Total Nacional;44 años;Cuarto;2018;81
Total Nacional;44 años;Cuarto;2017;80
Total Nacional;44 años;Cuarto;2016;84
Total Nacional;44 años;Cuarto;2015;67
Total Nacional;44 años;Quinto;2024;48
Total Nacional;44 años;Quinto;2023;52
Total Nacional;44 años;Quinto;2022;45
Total Nacional;44 años;Quinto;2021;38
Total Nacional;44 años;Quinto;2020;40
Total Nacional;44 años;Quinto;2019;31
Total Nacional;44 años;Quinto;2018;36
Total Nacional;44 años;Quinto;2017;19
Total Nacional;44 años;Quinto;2016;34
Total Nacional;44 años;Quinto;2015;34
Total Nacional;44 años;Sexto;2024;15
Total Nacional;44 años;Sexto;2023;14
Total Nacional;44 años;Sexto;2022;18
Total Nacional;44 años;Sexto;2021;23
Total Nacional;44 años;Sexto;2020;20
Total Nacional;44 años;Sexto;2019;23
Total Nacional;44 años;Sexto;2018;19
Total Nacional;44 años;Sexto;2017;8
Total Nacional;44 años;Sexto;2016;18
Total Nacional;44 años;Sexto;2015;14
Total Nacional;44 años;Séptimo;2024;13
Total Nacional;44 años;Séptimo;2023;10
Total Nacional;44 años;Séptimo;2022;5
Total Nacional;44 años;Séptimo;2021;7
Total Nacional;44 años;Séptimo;2020;10
Total Nacional;44 años;Séptimo;2019;10
Total Nacional;44 años;Séptimo;2018;8
Total Nacional;44 años;Séptimo;2017;6
Total Nacional;44 años;Séptimo;2016;11
Total Nacional;44 años;Séptimo;2015;6
Total Nacional;44 años;Octavo;2024;6
Total Nacional;44 años;Octavo;2023;3
Total Nacional;44 años;Octavo;2022;5
Total Nacional;44 años;Octavo;2021;7
Total Nacional;44 años;Octavo;2020;3
Total Nacional;44 años;Octavo;2019;3
Total Nacional;44 años;Octavo;2018;2
Total Nacional;44 años;Octavo;2017;2
Total Nacional;44 años;Octavo;2016;3
Total Nacional;44 años;Octavo;2015;2
Total Nacional;44 años;Noveno;2024;7
Total Nacional;44 años;Noveno;2023;1
Total Nacional;44 años;Noveno;2022;4
Total Nacional;44 años;Noveno;2021;3
Total Nacional;44 años;Noveno;2020;0
Total Nacional;44 años;Noveno;2019;6
Total Nacional;44 años;Noveno;2018;3
Total Nacional;44 años;Noveno;2017;1
Total Nacional;44 años;Noveno;2016;5
Total Nacional;44 años;Noveno;2015;2
Total Nacional;44 años;Décimo y más;2024;2
Total Nacional;44 años;Décimo y más;2023;3
Total Nacional;44 años;Décimo y más;2022;3
Total Nacional;44 años;Décimo y más;2021;2
Total Nacional;44 años;Décimo y más;2020;6
Total Nacional;44 años;Décimo y más;2019;5
Total Nacional;44 años;Décimo y más;2018;1
Total Nacional;44 años;Décimo y más;2017;5
Total Nacional;44 años;Décimo y más;2016;4
Total Nacional;44 años;Décimo y más;2015;4
Total Nacional;45 años;Todos;2024;1.400
Total Nacional;45 años;Todos;2023;1.410
Total Nacional;45 años;Todos;2022;1.473
Total Nacional;45 años;Todos;2021;1.376
Total Nacional;45 años;Todos;2020;1.268
Total Nacional;45 años;Todos;2019;1.329
Total Nacional;45 años;Todos;2018;1.260
Total Nacional;45 años;Todos;2017;1.206
Total Nacional;45 años;Todos;2016;1.214
Total Nacional;45 años;Todos;2015;1.012
Total Nacional;45 años;Primero;2024;710
Total Nacional;45 años;Primero;2023;715
Total Nacional;45 años;Primero;2022;753
Total Nacional;45 años;Primero;2021;725
Total Nacional;45 años;Primero;2020;631
Total Nacional;45 años;Primero;2019;658
Total Nacional;45 años;Primero;2018;657
Total Nacional;45 años;Primero;2017;614
Total Nacional;45 años;Primero;2016;578
Total Nacional;45 años;Primero;2015;479
Total Nacional;45 años;Segundo;2024;482
Total Nacional;45 años;Segundo;2023;444
Total Nacional;45 años;Segundo;2022;480
Total Nacional;45 años;Segundo;2021;415
Total Nacional;45 años;Segundo;2020;392
Total Nacional;45 años;Segundo;2019;421
Total Nacional;45 años;Segundo;2018;382
Total Nacional;45 años;Segundo;2017;405
Total Nacional;45 años;Segundo;2016;378
Total Nacional;45 años;Segundo;2015;327
Total Nacional;45 años;Tercero;2024;112
Total Nacional;45 años;Tercero;2023;146
Total Nacional;45 años;Tercero;2022;141
Total Nacional;45 años;Tercero;2021;139
Total Nacional;45 años;Tercero;2020;153
Total Nacional;45 años;Tercero;2019;165
Total Nacional;45 años;Tercero;2018;137
Total Nacional;45 años;Tercero;2017;125
Total Nacional;45 años;Tercero;2016;147
Total Nacional;45 años;Tercero;2015;127
Total Nacional;45 años;Cuarto;2024;48
Total Nacional;45 años;Cuarto;2023;56
Total Nacional;45 años;Cuarto;2022;53
Total Nacional;45 años;Cuarto;2021;59
Total Nacional;45 años;Cuarto;2020;51
Total Nacional;45 años;Cuarto;2019;52
Total Nacional;45 años;Cuarto;2018;49
Total Nacional;45 años;Cuarto;2017;27
Total Nacional;45 años;Cuarto;2016;63
Total Nacional;45 años;Cuarto;2015;44
Total Nacional;45 años;Quinto;2024;26
Total Nacional;45 años;Quinto;2023;19
Total Nacional;45 años;Quinto;2022;25
Total Nacional;45 años;Quinto;2021;21
Total Nacional;45 años;Quinto;2020;21
Total Nacional;45 años;Quinto;2019;20
Total Nacional;45 años;Quinto;2018;18
Total Nacional;45 años;Quinto;2017;19
Total Nacional;45 años;Quinto;2016;23
Total Nacional;45 años;Quinto;2015;15
Total Nacional;45 años;Sexto;2024;14
Total Nacional;45 años;Sexto;2023;19
Total Nacional;45 años;Sexto;2022;13
Total Nacional;45 años;Sexto;2021;8
Total Nacional;45 años;Sexto;2020;7
Total Nacional;45 años;Sexto;2019;8
Total Nacional;45 años;Sexto;2018;10
Total Nacional;45 años;Sexto;2017;7
Total Nacional;45 años;Sexto;2016;11
Total Nacional;45 años;Sexto;2015;14
Total Nacional;45 años;Séptimo;2024;3
Total Nacional;45 años;Séptimo;2023;5
Total Nacional;45 años;Séptimo;2022;4
Total Nacional;45 años;Séptimo;2021;3
Total Nacional;45 años;Séptimo;2020;3
Total Nacional;45 años;Séptimo;2019;1
Total Nacional;45 años;Séptimo;2018;3
Total Nacional;45 años;Séptimo;2017;0
Total Nacional;45 años;Séptimo;2016;6
Total Nacional;45 años;Séptimo;2015;2
Total Nacional;45 años;Octavo;2024;4
Total Nacional;45 años;Octavo;2023;2
Total Nacional;45 años;Octavo;2022;1
Total Nacional;45 años;Octavo;2021;4
Total Nacional;45 años;Octavo;2020;5
Total Nacional;45 años;Octavo;2019;2
Total Nacional;45 años;Octavo;2018;2
Total Nacional;45 años;Octavo;2017;3
Total Nacional;45 años;Octavo;2016;4
Total Nacional;45 años;Octavo;2015;2
Total Nacional;45 años;Noveno;2024;1
Total Nacional;45 años;Noveno;2023;1
Total Nacional;45 años;Noveno;2022;0
Total Nacional;45 años;Noveno;2021;0
Total Nacional;45 años;Noveno;2020;0
Total Nacional;45 años;Noveno;2019;1
Total Nacional;45 años;Noveno;2018;1
Total Nacional;45 años;Noveno;2017;2
Total Nacional;45 años;Noveno;2016;2
Total Nacional;45 años;Noveno;2015;0
Total Nacional;45 años;Décimo y más;2024;0
Total Nacional;45 años;Décimo y más;2023;3
Total Nacional;45 años;Décimo y más;2022;3
Total Nacional;45 años;Décimo y más;2021;2
Total Nacional;45 años;Décimo y más;2020;5
Total Nacional;45 años;Décimo y más;2019;1
Total Nacional;45 años;Décimo y más;2018;1
Total Nacional;45 años;Décimo y más;2017;4
Total Nacional;45 años;Décimo y más;2016;2
Total Nacional;45 años;Décimo y más;2015;2
Total Nacional;46 años;Todos;2024;818
Total Nacional;46 años;Todos;2023;867
Total Nacional;46 años;Todos;2022;923
Total Nacional;46 años;Todos;2021;843
Total Nacional;46 años;Todos;2020;716
Total Nacional;46 años;Todos;2019;709
Total Nacional;46 años;Todos;2018;768
Total Nacional;46 años;Todos;2017;687
Total Nacional;46 años;Todos;2016;561
Total Nacional;46 años;Todos;2015;490
Total Nacional;46 años;Primero;2024;437
Total Nacional;46 años;Primero;2023;453
Total Nacional;46 años;Primero;2022;523
Total Nacional;46 años;Primero;2021;481
Total Nacional;46 años;Primero;2020;414
Total Nacional;46 años;Primero;2019;388
Total Nacional;46 años;Primero;2018;401
Total Nacional;46 años;Primero;2017;360
Total Nacional;46 años;Primero;2016;301
Total Nacional;46 años;Primero;2015;239
Total Nacional;46 años;Segundo;2024;247
Total Nacional;46 años;Segundo;2023;298
Total Nacional;46 años;Segundo;2022;268
Total Nacional;46 años;Segundo;2021;239
Total Nacional;46 años;Segundo;2020;194
Total Nacional;46 años;Segundo;2019;211
Total Nacional;46 años;Segundo;2018;228
Total Nacional;46 años;Segundo;2017;213
Total Nacional;46 años;Segundo;2016;158
Total Nacional;46 años;Segundo;2015;164
Total Nacional;46 años;Tercero;2024;69
Total Nacional;46 años;Tercero;2023;70
Total Nacional;46 años;Tercero;2022;75
Total Nacional;46 años;Tercero;2021;75
Total Nacional;46 años;Tercero;2020;62
Total Nacional;46 años;Tercero;2019;65
Total Nacional;46 años;Tercero;2018;85
Total Nacional;46 años;Tercero;2017;69
Total Nacional;46 años;Tercero;2016;62
Total Nacional;46 años;Tercero;2015;45
Total Nacional;46 años;Cuarto;2024;36
Total Nacional;46 años;Cuarto;2023;22
Total Nacional;46 años;Cuarto;2022;30
Total Nacional;46 años;Cuarto;2021;29
Total Nacional;46 años;Cuarto;2020;20
Total Nacional;46 años;Cuarto;2019;19
Total Nacional;46 años;Cuarto;2018;26
Total Nacional;46 años;Cuarto;2017;21
Total Nacional;46 años;Cuarto;2016;21
Total Nacional;46 años;Cuarto;2015;17
Total Nacional;46 años;Quinto;2024;13
Total Nacional;46 años;Quinto;2023;14
Total Nacional;46 años;Quinto;2022;17
Total Nacional;46 años;Quinto;2021;9
Total Nacional;46 años;Quinto;2020;17
Total Nacional;46 años;Quinto;2019;10
Total Nacional;46 años;Quinto;2018;14
Total Nacional;46 años;Quinto;2017;10
Total Nacional;46 años;Quinto;2016;6
Total Nacional;46 años;Quinto;2015;12
Total Nacional;46 años;Sexto;2024;6
Total Nacional;46 años;Sexto;2023;1
Total Nacional;46 años;Sexto;2022;7
Total Nacional;46 años;Sexto;2021;4
Total Nacional;46 años;Sexto;2020;6
Total Nacional;46 años;Sexto;2019;9
Total Nacional;46 años;Sexto;2018;7
Total Nacional;46 años;Sexto;2017;6
Total Nacional;46 años;Sexto;2016;5
Total Nacional;46 años;Sexto;2015;9
Total Nacional;46 años;Séptimo;2024;4
Total Nacional;46 años;Séptimo;2023;6
Total Nacional;46 años;Séptimo;2022;1
Total Nacional;46 años;Séptimo;2021;2
Total Nacional;46 años;Séptimo;2020;1
Total Nacional;46 años;Séptimo;2019;3
Total Nacional;46 años;Séptimo;2018;2
Total Nacional;46 años;Séptimo;2017;3
Total Nacional;46 años;Séptimo;2016;4
Total Nacional;46 años;Séptimo;2015;3
Total Nacional;46 años;Octavo;2024;1
Total Nacional;46 años;Octavo;2023;1
Total Nacional;46 años;Octavo;2022;0
Total Nacional;46 años;Octavo;2021;0
Total Nacional;46 años;Octavo;2020;1
Total Nacional;46 años;Octavo;2019;3
Total Nacional;46 años;Octavo;2018;2
Total Nacional;46 años;Octavo;2017;3
Total Nacional;46 años;Octavo;2016;1
Total Nacional;46 años;Octavo;2015;0
Total Nacional;46 años;Noveno;2024;4
Total Nacional;46 años;Noveno;2023;0
Total Nacional;46 años;Noveno;2022;1
Total Nacional;46 años;Noveno;2021;1
Total Nacional;46 años;Noveno;2020;0
Total Nacional;46 años;Noveno;2019;0
Total Nacional;46 años;Noveno;2018;0
Total Nacional;46 años;Noveno;2017;2
Total Nacional;46 años;Noveno;2016;0
Total Nacional;46 años;Noveno;2015;0
Total Nacional;46 años;Décimo y más;2024;1
Total Nacional;46 años;Décimo y más;2023;2
Total Nacional;46 años;Décimo y más;2022;1
Total Nacional;46 años;Décimo y más;2021;3
Total Nacional;46 años;Décimo y más;2020;1
Total Nacional;46 años;Décimo y más;2019;1
Total Nacional;46 años;Décimo y más;2018;3
Total Nacional;46 años;Décimo y más;2017;0
Total Nacional;46 años;Décimo y más;2016;3
Total Nacional;46 años;Décimo y más;2015;1
Total Nacional;47 años;Todos;2024;485
Total Nacional;47 años;Todos;2023;488
Total Nacional;47 años;Todos;2022;541
Total Nacional;47 años;Todos;2021;416
Total Nacional;47 años;Todos;2020;404
Total Nacional;47 años;Todos;2019;412
Total Nacional;47 años;Todos;2018;431
Total Nacional;47 años;Todos;2017;430
Total Nacional;47 años;Todos;2016;275
Total Nacional;47 años;Todos;2015;278
Total Nacional;47 años;Primero;2024;283
Total Nacional;47 años;Primero;2023;272
Total Nacional;47 años;Primero;2022;296
Total Nacional;47 años;Primero;2021;251
Total Nacional;47 años;Primero;2020;213
Total Nacional;47 años;Primero;2019;232
Total Nacional;47 años;Primero;2018;242
Total Nacional;47 años;Primero;2017;233
Total Nacional;47 años;Primero;2016;147
Total Nacional;47 años;Primero;2015;152
Total Nacional;47 años;Segundo;2024;145
Total Nacional;47 años;Segundo;2023;151
Total Nacional;47 años;Segundo;2022;168
Total Nacional;47 años;Segundo;2021;106
Total Nacional;47 años;Segundo;2020;123
Total Nacional;47 años;Segundo;2019;113
Total Nacional;47 años;Segundo;2018;111
Total Nacional;47 años;Segundo;2017;126
Total Nacional;47 años;Segundo;2016;76
Total Nacional;47 años;Segundo;2015;84
Total Nacional;47 años;Tercero;2024;37
Total Nacional;47 años;Tercero;2023;45
Total Nacional;47 años;Tercero;2022;46
Total Nacional;47 años;Tercero;2021;34
Total Nacional;47 años;Tercero;2020;35
Total Nacional;47 años;Tercero;2019;38
Total Nacional;47 años;Tercero;2018;44
Total Nacional;47 años;Tercero;2017;43
Total Nacional;47 años;Tercero;2016;32
Total Nacional;47 años;Tercero;2015;26
Total Nacional;47 años;Cuarto;2024;8
Total Nacional;47 años;Cuarto;2023;12
Total Nacional;47 años;Cuarto;2022;13
Total Nacional;47 años;Cuarto;2021;15
Total Nacional;47 años;Cuarto;2020;17
Total Nacional;47 años;Cuarto;2019;11
Total Nacional;47 años;Cuarto;2018;16
Total Nacional;47 años;Cuarto;2017;15
Total Nacional;47 años;Cuarto;2016;8
Total Nacional;47 años;Cuarto;2015;9
Total Nacional;47 años;Quinto;2024;6
Total Nacional;47 años;Quinto;2023;6
Total Nacional;47 años;Quinto;2022;10
Total Nacional;47 años;Quinto;2021;6
Total Nacional;47 años;Quinto;2020;7
Total Nacional;47 años;Quinto;2019;8
Total Nacional;47 años;Quinto;2018;8
Total Nacional;47 años;Quinto;2017;5
Total Nacional;47 años;Quinto;2016;3
Total Nacional;47 años;Quinto;2015;1
Total Nacional;47 años;Sexto;2024;3
Total Nacional;47 años;Sexto;2023;2
Total Nacional;47 años;Sexto;2022;5
Total Nacional;47 años;Sexto;2021;1
Total Nacional;47 años;Sexto;2020;5
Total Nacional;47 años;Sexto;2019;2
Total Nacional;47 años;Sexto;2018;5
Total Nacional;47 años;Sexto;2017;3
Total Nacional;47 años;Sexto;2016;2
Total Nacional;47 años;Sexto;2015;3
Total Nacional;47 años;Séptimo;2024;2
Total Nacional;47 años;Séptimo;2023;0
Total Nacional;47 años;Séptimo;2022;1
Total Nacional;47 años;Séptimo;2021;0
Total Nacional;47 años;Séptimo;2020;1
Total Nacional;47 años;Séptimo;2019;2
Total Nacional;47 años;Séptimo;2018;4
Total Nacional;47 años;Séptimo;2017;2
Total Nacional;47 años;Séptimo;2016;4
Total Nacional;47 años;Séptimo;2015;2
Total Nacional;47 años;Octavo;2024;0
Total Nacional;47 años;Octavo;2023;0
Total Nacional;47 años;Octavo;2022;1
Total Nacional;47 años;Octavo;2021;1
Total Nacional;47 años;Octavo;2020;1
Total Nacional;47 años;Octavo;2019;2
Total Nacional;47 años;Octavo;2018;1
Total Nacional;47 años;Octavo;2017;0
Total Nacional;47 años;Octavo;2016;0
Total Nacional;47 años;Octavo;2015;0
Total Nacional;47 años;Noveno;2024;1
Total Nacional;47 años;Noveno;2023;0
Total Nacional;47 años;Noveno;2022;1
Total Nacional;47 años;Noveno;2021;0
Total Nacional;47 años;Noveno;2020;0
Total Nacional;47 años;Noveno;2019;3
Total Nacional;47 años;Noveno;2018;0
Total Nacional;47 años;Noveno;2017;0
Total Nacional;47 años;Noveno;2016;2
Total Nacional;47 años;Noveno;2015;0
Total Nacional;47 años;Décimo y más;2024;0
Total Nacional;47 años;Décimo y más;2023;0
Total Nacional;47 años;Décimo y más;2022;0
Total Nacional;47 años;Décimo y más;2021;2
Total Nacional;47 años;Décimo y más;2020;2
Total Nacional;47 años;Décimo y más;2019;1
Total Nacional;47 años;Décimo y más;2018;0
Total Nacional;47 años;Décimo y más;2017;3
Total Nacional;47 años;Décimo y más;2016;1
Total Nacional;47 años;Décimo y más;2015;1
Total Nacional;48 años;Todos;2024;296
Total Nacional;48 años;Todos;2023;291
Total Nacional;48 años;Todos;2022;324
Total Nacional;48 años;Todos;2021;277
Total Nacional;48 años;Todos;2020;249
Total Nacional;48 años;Todos;2019;253
Total Nacional;48 años;Todos;2018;218
Total Nacional;48 años;Todos;2017;193
Total Nacional;48 años;Todos;2016;195
Total Nacional;48 años;Todos;2015;140
Total Nacional;48 años;Primero;2024;161
Total Nacional;48 años;Primero;2023;173
Total Nacional;48 años;Primero;2022;185
Total Nacional;48 años;Primero;2021;164
Total Nacional;48 años;Primero;2020;148
Total Nacional;48 años;Primero;2019;152
Total Nacional;48 años;Primero;2018;128
Total Nacional;48 años;Primero;2017;116
Total Nacional;48 años;Primero;2016;94
Total Nacional;48 años;Primero;2015;79
Total Nacional;48 años;Segundo;2024;102
Total Nacional;48 años;Segundo;2023;84
Total Nacional;48 años;Segundo;2022;84
Total Nacional;48 años;Segundo;2021;75
Total Nacional;48 años;Segundo;2020;54
Total Nacional;48 años;Segundo;2019;64
Total Nacional;48 años;Segundo;2018;55
Total Nacional;48 años;Segundo;2017;47
Total Nacional;48 años;Segundo;2016;62
Total Nacional;48 años;Segundo;2015;42
Total Nacional;48 años;Tercero;2024;15
Total Nacional;48 años;Tercero;2023;20
Total Nacional;48 años;Tercero;2022;30
Total Nacional;48 años;Tercero;2021;17
Total Nacional;48 años;Tercero;2020;34
Total Nacional;48 años;Tercero;2019;21
Total Nacional;48 años;Tercero;2018;21
Total Nacional;48 años;Tercero;2017;18
Total Nacional;48 años;Tercero;2016;22
Total Nacional;48 años;Tercero;2015;14
Total Nacional;48 años;Cuarto;2024;13
Total Nacional;48 años;Cuarto;2023;6
Total Nacional;48 años;Cuarto;2022;13
Total Nacional;48 años;Cuarto;2021;10
Total Nacional;48 años;Cuarto;2020;7
Total Nacional;48 años;Cuarto;2019;6
Total Nacional;48 años;Cuarto;2018;6
Total Nacional;48 años;Cuarto;2017;5
Total Nacional;48 años;Cuarto;2016;8
Total Nacional;48 años;Cuarto;2015;3
Total Nacional;48 años;Quinto;2024;2
Total Nacional;48 años;Quinto;2023;5
Total Nacional;48 años;Quinto;2022;7
Total Nacional;48 años;Quinto;2021;4
Total Nacional;48 años;Quinto;2020;3
Total Nacional;48 años;Quinto;2019;3
Total Nacional;48 años;Quinto;2018;3
Total Nacional;48 años;Quinto;2017;1
Total Nacional;48 años;Quinto;2016;2
Total Nacional;48 años;Quinto;2015;0
Total Nacional;48 años;Sexto;2024;2
Total Nacional;48 años;Sexto;2023;3
Total Nacional;48 años;Sexto;2022;3
Total Nacional;48 años;Sexto;2021;2
Total Nacional;48 años;Sexto;2020;3
Total Nacional;48 años;Sexto;2019;3
Total Nacional;48 años;Sexto;2018;3
Total Nacional;48 años;Sexto;2017;4
Total Nacional;48 años;Sexto;2016;1
Total Nacional;48 años;Sexto;2015;0
Total Nacional;48 años;Séptimo;2024;1
Total Nacional;48 años;Séptimo;2023;0
Total Nacional;48 años;Séptimo;2022;1
Total Nacional;48 años;Séptimo;2021;2
Total Nacional;48 años;Séptimo;2020;0
Total Nacional;48 años;Séptimo;2019;1
Total Nacional;48 años;Séptimo;2018;1
Total Nacional;48 años;Séptimo;2017;1
Total Nacional;48 años;Séptimo;2016;3
Total Nacional;48 años;Séptimo;2015;1
Total Nacional;48 años;Octavo;2024;0
Total Nacional;48 años;Octavo;2023;0
Total Nacional;48 años;Octavo;2022;0
Total Nacional;48 años;Octavo;2021;0
Total Nacional;48 años;Octavo;2020;0
Total Nacional;48 años;Octavo;2019;3
Total Nacional;48 años;Octavo;2018;1
Total Nacional;48 años;Octavo;2017;0
Total Nacional;48 años;Octavo;2016;2
Total Nacional;48 años;Octavo;2015;0
Total Nacional;48 años;Noveno;2024;0
Total Nacional;48 años;Noveno;2023;0
Total Nacional;48 años;Noveno;2022;0
Total Nacional;48 años;Noveno;2021;2
Total Nacional;48 años;Noveno;2020;0
Total Nacional;48 años;Noveno;2019;0
Total Nacional;48 años;Noveno;2018;0
Total Nacional;48 años;Noveno;2017;0
Total Nacional;48 años;Noveno;2016;1
Total Nacional;48 años;Noveno;2015;0
Total Nacional;48 años;Décimo y más;2024;0
Total Nacional;48 años;Décimo y más;2023;0
Total Nacional;48 años;Décimo y más;2022;1
Total Nacional;48 años;Décimo y más;2021;1
Total Nacional;48 años;Décimo y más;2020;0
Total Nacional;48 años;Décimo y más;2019;0
Total Nacional;48 años;Décimo y más;2018;0
Total Nacional;48 años;Décimo y más;2017;1
Total Nacional;48 años;Décimo y más;2016;0
Total Nacional;48 años;Décimo y más;2015;1
Total Nacional;49 años;Todos;2024;203
Total Nacional;49 años;Todos;2023;187
Total Nacional;49 años;Todos;2022;210
Total Nacional;49 años;Todos;2021;182
Total Nacional;49 años;Todos;2020;143
Total Nacional;49 años;Todos;2019;146
Total Nacional;49 años;Todos;2018;130
Total Nacional;49 años;Todos;2017;139
Total Nacional;49 años;Todos;2016;113
Total Nacional;49 años;Todos;2015;104
Total Nacional;49 años;Primero;2024;129
Total Nacional;49 años;Primero;2023;122
Total Nacional;49 años;Primero;2022;135
Total Nacional;49 años;Primero;2021;100
Total Nacional;49 años;Primero;2020;81
Total Nacional;49 años;Primero;2019;76
Total Nacional;49 años;Primero;2018;82
Total Nacional;49 años;Primero;2017;89
Total Nacional;49 años;Primero;2016;68
Total Nacional;49 años;Primero;2015;59
Total Nacional;49 años;Segundo;2024;54
Total Nacional;49 años;Segundo;2023;46
Total Nacional;49 años;Segundo;2022;49
Total Nacional;49 años;Segundo;2021;50
Total Nacional;49 años;Segundo;2020;39
Total Nacional;49 años;Segundo;2019;43
Total Nacional;49 años;Segundo;2018;29
Total Nacional;49 años;Segundo;2017;29
Total Nacional;49 años;Segundo;2016;27
Total Nacional;49 años;Segundo;2015;27
Total Nacional;49 años;Tercero;2024;16
Total Nacional;49 años;Tercero;2023;15
Total Nacional;49 años;Tercero;2022;16
Total Nacional;49 años;Tercero;2021;23
Total Nacional;49 años;Tercero;2020;14
Total Nacional;49 años;Tercero;2019;15
Total Nacional;49 años;Tercero;2018;17
Total Nacional;49 años;Tercero;2017;11
Total Nacional;49 años;Tercero;2016;10
Total Nacional;49 años;Tercero;2015;13
Total Nacional;49 años;Cuarto;2024;0
Total Nacional;49 años;Cuarto;2023;3
Total Nacional;49 años;Cuarto;2022;7
Total Nacional;49 años;Cuarto;2021;4
Total Nacional;49 años;Cuarto;2020;6
Total Nacional;49 años;Cuarto;2019;9
Total Nacional;49 años;Cuarto;2018;2
Total Nacional;49 años;Cuarto;2017;5
Total Nacional;49 años;Cuarto;2016;5
Total Nacional;49 años;Cuarto;2015;2
Total Nacional;49 años;Quinto;2024;1
Total Nacional;49 años;Quinto;2023;1
Total Nacional;49 años;Quinto;2022;2
Total Nacional;49 años;Quinto;2021;3
Total Nacional;49 años;Quinto;2020;2
Total Nacional;49 años;Quinto;2019;2
Total Nacional;49 años;Quinto;2018;0
Total Nacional;49 años;Quinto;2017;3
Total Nacional;49 años;Quinto;2016;2
Total Nacional;49 años;Quinto;2015;1
Total Nacional;49 años;Sexto;2024;0
Total Nacional;49 años;Sexto;2023;0
Total Nacional;49 años;Sexto;2022;1
Total Nacional;49 años;Sexto;2021;2
Total Nacional;49 años;Sexto;2020;0
Total Nacional;49 años;Sexto;2019;0
Total Nacional;49 años;Sexto;2018;0
Total Nacional;49 años;Sexto;2017;2
Total Nacional;49 años;Sexto;2016;0
Total Nacional;49 años;Sexto;2015;0
Total Nacional;49 años;Séptimo;2024;2
Total Nacional;49 años;Séptimo;2023;0
Total Nacional;49 años;Séptimo;2022;0
Total Nacional;49 años;Séptimo;2021;0
Total Nacional;49 años;Séptimo;2020;0
Total Nacional;49 años;Séptimo;2019;0
Total Nacional;49 años;Séptimo;2018;0
Total Nacional;49 años;Séptimo;2017;0
Total Nacional;49 años;Séptimo;2016;0
Total Nacional;49 años;Séptimo;2015;2
Total Nacional;49 años;Octavo;2024;1
Total Nacional;49 años;Octavo;2023;0
Total Nacional;49 años;Octavo;2022;0
Total Nacional;49 años;Octavo;2021;0
Total Nacional;49 años;Octavo;2020;1
Total Nacional;49 años;Octavo;2019;0
Total Nacional;49 años;Octavo;2018;0
Total Nacional;49 años;Octavo;2017;0
Total Nacional;49 años;Octavo;2016;0
Total Nacional;49 años;Octavo;2015;0
Total Nacional;49 años;Noveno;2024;0
Total Nacional;49 años;Noveno;2023;0
Total Nacional;49 años;Noveno;2022;0
Total Nacional;49 años;Noveno;2021;0
Total Nacional;49 años;Noveno;2020;0
Total Nacional;49 años;Noveno;2019;0
Total Nacional;49 años;Noveno;2018;0
Total Nacional;49 años;Noveno;2017;0
Total Nacional;49 años;Noveno;2016;0
Total Nacional;49 años;Noveno;2015;0
Total Nacional;49 años;Décimo y más;2024;0
Total Nacional;49 años;Décimo y más;2023;0
Total Nacional;49 años;Décimo y más;2022;0
Total Nacional;49 años;Décimo y más;2021;0
Total Nacional;49 años;Décimo y más;2020;0
Total Nacional;49 años;Décimo y más;2019;1
Total Nacional;49 años;Décimo y más;2018;0
Total Nacional;49 años;Décimo y más;2017;0
Total Nacional;49 años;Décimo y más;2016;1
Total Nacional;49 años;Décimo y más;2015;0
Total Nacional;50 y más años;Todos;2024;288
Total Nacional;50 y más años;Todos;2023;236
Total Nacional;50 y más años;Todos;2022;258
Total Nacional;50 y más años;Todos;2021;222
Total Nacional;50 y más años;Todos;2020;178
Total Nacional;50 y más años;Todos;2019;185
Total Nacional;50 y más años;Todos;2018;184
Total Nacional;50 y más años;Todos;2017;164
Total Nacional;50 y más años;Todos;2016;133
Total Nacional;50 y más años;Todos;2015;120
Total Nacional;50 y más años;Primero;2024;163
Total Nacional;50 y más años;Primero;2023;126
Total Nacional;50 y más años;Primero;2022;147
Total Nacional;50 y más años;Primero;2021;131
Total Nacional;50 y más años;Primero;2020;101
Total Nacional;50 y más años;Primero;2019;112
Total Nacional;50 y más años;Primero;2018;97
Total Nacional;50 y más años;Primero;2017;98
Total Nacional;50 y más años;Primero;2016;65
Total Nacional;50 y más años;Primero;2015;70
Total Nacional;50 y más años;Segundo;2024;88
Total Nacional;50 y más años;Segundo;2023;64
Total Nacional;50 y más años;Segundo;2022;81
Total Nacional;50 y más años;Segundo;2021;63
Total Nacional;50 y más años;Segundo;2020;44
Total Nacional;50 y más años;Segundo;2019;37
Total Nacional;50 y más años;Segundo;2018;52
Total Nacional;50 y más años;Segundo;2017;41
Total Nacional;50 y más años;Segundo;2016;39
Total Nacional;50 y más años;Segundo;2015;26
Total Nacional;50 y más años;Tercero;2024;25
Total Nacional;50 y más años;Tercero;2023;22
Total Nacional;50 y más años;Tercero;2022;17
Total Nacional;50 y más años;Tercero;2021;20
Total Nacional;50 y más años;Tercero;2020;20
Total Nacional;50 y más años;Tercero;2019;23
Total Nacional;50 y más años;Tercero;2018;17
Total Nacional;50 y más años;Tercero;2017;9
Total Nacional;50 y más años;Tercero;2016;17
Total Nacional;50 y más años;Tercero;2015;14
Total Nacional;50 y más años;Cuarto;2024;3
Total Nacional;50 y más años;Cuarto;2023;12
Total Nacional;50 y más años;Cuarto;2022;10
Total Nacional;50 y más años;Cuarto;2021;6
Total Nacional;50 y más años;Cuarto;2020;8
Total Nacional;50 y más años;Cuarto;2019;6
Total Nacional;50 y más años;Cuarto;2018;10
Total Nacional;50 y más años;Cuarto;2017;10
Total Nacional;50 y más años;Cuarto;2016;5
Total Nacional;50 y más años;Cuarto;2015;6
Total Nacional;50 y más años;Quinto;2024;1
Total Nacional;50 y más años;Quinto;2023;3
Total Nacional;50 y más años;Quinto;2022;2
Total Nacional;50 y más años;Quinto;2021;2
Total Nacional;50 y más años;Quinto;2020;1
Total Nacional;50 y más años;Quinto;2019;3
Total Nacional;50 y más años;Quinto;2018;4
Total Nacional;50 y más años;Quinto;2017;5
Total Nacional;50 y más años;Quinto;2016;3
Total Nacional;50 y más años;Quinto;2015;3
Total Nacional;50 y más años;Sexto;2024;5
Total Nacional;50 y más años;Sexto;2023;4
Total Nacional;50 y más años;Sexto;2022;1
Total Nacional;50 y más años;Sexto;2021;0
Total Nacional;50 y más años;Sexto;2020;1
Total Nacional;50 y más años;Sexto;2019;1
Total Nacional;50 y más años;Sexto;2018;2
Total Nacional;50 y más años;Sexto;2017;1
Total Nacional;50 y más años;Sexto;2016;2
Total Nacional;50 y más años;Sexto;2015;0
Total Nacional;50 y más años;Séptimo;2024;1
Total Nacional;50 y más años;Séptimo;2023;4
Total Nacional;50 y más años;Séptimo;2022;0
Total Nacional;50 y más años;Séptimo;2021;0
Total Nacional;50 y más años;Séptimo;2020;0
Total Nacional;50 y más años;Séptimo;2019;2
Total Nacional;50 y más años;Séptimo;2018;1
Total Nacional;50 y más años;Séptimo;2017;0
Total Nacional;50 y más años;Séptimo;2016;1
Total Nacional;50 y más años;Séptimo;2015;1
Total Nacional;50 y más años;Octavo;2024;1
Total Nacional;50 y más años;Octavo;2023;1
Total Nacional;50 y más años;Octavo;2022;0
Total Nacional;50 y más años;Octavo;2021;0
Total Nacional;50 y más años;Octavo;2020;2
Total Nacional;50 y más años;Octavo;2019;0
Total Nacional;50 y más años;Octavo;2018;1
Total Nacional;50 y más años;Octavo;2017;0
Total Nacional;50 y más años;Octavo;2016;0
Total Nacional;50 y más años;Octavo;2015;0
Total Nacional;50 y más años;Noveno;2024;0
Total Nacional;50 y más años;Noveno;2023;0
Total Nacional;50 y más años;Noveno;2022;0
Total Nacional;50 y más años;Noveno;2021;0
Total Nacional;50 y más años;Noveno;2020;1
Total Nacional;50 y más años;Noveno;2019;0
Total Nacional;50 y más años;Noveno;2018;0
Total Nacional;50 y más años;Noveno;2017;0
Total Nacional;50 y más años;Noveno;2016;0
Total Nacional;50 y más años;Noveno;2015;0
Total Nacional;50 y más años;Décimo y más;2024;1
Total Nacional;50 y más años;Décimo y más;2023;0
Total Nacional;50 y más años;Décimo y más;2022;0
Total Nacional;50 y más años;Décimo y más;2021;0
Total Nacional;50 y más años;Décimo y más;2020;0
Total Nacional;50 y más años;Décimo y más;2019;1
Total Nacional;50 y más años;Décimo y más;2018;0
Total Nacional;50 y más años;Décimo y más;2017;0
Total Nacional;50 y más años;Décimo y más;2016;1
Total Nacional;50 y más años;Décimo y más;2015;0
